  0
SECTION
  2
HEADER
  9
$ANGBASE
  50
0.0
  9
$ANGDIR
  70
1
  9
$MEASUREMENT
  70
0
  0
ENDSEC
  0
SECTION
  2
TABLES
  0
TABLE
  2
LTYPE
  70
4
  0
LTYPE
  5
40F
  2
CONTINUOUS
  70
0
  3
Solid line
  72
65
  73
0
  40
0.0
  0
LTYPE
  5
410
  2
DASHDOT
 70
0
  3
Dash Dot ____ _ ____ _
 72
65
 73
4
 40
2.0
 49
1.25
 49
-0.25
 49
0.25
 49
-0.25
  0
LTYPE
  5
411
  2
DASHED
 70
0
  3
Dashed __ __ __ __ __
 72
65
 73
2
 40
0.75
 49
0.5
 49
-0.25
  0
LTYPE
  5
43B
  2
DOTTED
 70
0
  3
Dotted .  .  .  .
 72
65
 73
2
 40
0.2
 49
0.0
 49
-0.2
  0
ENDTAB
  0
TABLE
  2
STYLE
  70
4
  0
STYLE
  2
KICAD
  70
0
  40
0
  41
1
  42
1
  50
0
  71
0
  3
isocp.shx
  0
STYLE
  2
KICADB
  70
0
  40
0
  41
1
  42
1
  50
0
  71
0
  3
isocp.shx
  0
STYLE
  2
KICADI
  70
0
  40
0
  41
1
  42
1
  50
15
  71
0
  3
isocp.shx
  0
STYLE
  2
KICADBI
  70
0
  40
0
  41
1
  42
1
  50
15
  71
0
  3
isocp.shx
  0
ENDTAB
  0
TABLE
  2
LAYER
  70
1
  0
LAYER
  2
BLACK
  70
0
  62
7
  6
CONTINUOUS
  0
ENDTAB
  0
ENDSEC
  0
SECTION
  2
ENTITIES
0
LINE
8
BLACK
6
CONTINUOUS
10
4.952100748031496
20
-4.6513798031496059
11
4.9650136614173226
21
-4.654327086614173
0
LINE
8
BLACK
6
CONTINUOUS
10
4.9650136614173226
20
-4.654327086614173
11
4.9775153543307082
21
-4.6587016141732285
0
LINE
8
BLACK
6
CONTINUOUS
10
4.9775153543307082
20
-4.6587016141732285
11
4.9894487007874018
21
-4.6644484251968503
0
LINE
8
BLACK
6
CONTINUOUS
10
4.9894487007874018
20
-4.6644484251968503
11
5.0006635433070867
21
-4.6714951574803152
0
LINE
8
BLACK
6
CONTINUOUS
10
5.0006635433070867
20
-4.6714951574803152
11
5.0110188976377952
21
-4.6797533070866137
0
LINE
8
BLACK
6
CONTINUOUS
10
5.0110188976377952
20
-4.6797533070866137
11
5.0203844881889763
21
-4.6891188976377949
0
LINE
8
BLACK
6
CONTINUOUS
10
5.0203844881889763
20
-4.6891188976377949
11
5.0286426377952758
21
-4.6994742519685042
0
LINE
8
BLACK
6
CONTINUOUS
10
5.0286426377952758
20
-4.6994742519685042
11
5.0356893700787397
21
-4.7106890944881892
0
LINE
8
BLACK
6
CONTINUOUS
10
5.0356893700787397
20
-4.7106890944881892
11
5.0414361811023625
21
-4.7226224409448818
0
LINE
8
BLACK
6
CONTINUOUS
10
5.0414361811023625
20
-4.7226224409448818
11
5.045810708661417
21
-4.7351241338582675
0
LINE
8
BLACK
6
CONTINUOUS
10
5.045810708661417
20
-4.7351241338582675
11
5.0487579921259842
21
-4.748037047244094
0
LINE
8
BLACK
6
CONTINUOUS
10
5.0487579921259842
20
-4.748037047244094
11
5.0502409448818897
21
-4.7611987795275592
0
LINE
8
BLACK
6
CONTINUOUS
10
5.0502409448818897
20
-4.7611987795275592
11
5.0502409448818897
21
-4.77444374015748
0
LINE
8
BLACK
6
CONTINUOUS
10
5.0502409448818897
20
-4.77444374015748
11
5.0487579921259842
21
-4.7876054724409451
0
LINE
8
BLACK
6
CONTINUOUS
10
5.0487579921259842
20
-4.7876054724409451
11
5.045810708661417
21
-4.8005183858267717
0
LINE
8
BLACK
6
CONTINUOUS
10
5.045810708661417
20
-4.8005183858267717
11
5.0414361811023625
21
-4.8130200787401574
0
LINE
8
BLACK
6
CONTINUOUS
10
5.0414361811023625
20
-4.8130200787401574
11
5.0356893700787397
21
-4.82495342519685
0
LINE
8
BLACK
6
CONTINUOUS
10
5.0356893700787397
20
-4.82495342519685
11
5.0286426377952758
21
-4.836168267716535
0
LINE
8
BLACK
6
CONTINUOUS
10
5.0286426377952758
20
-4.836168267716535
11
5.0203844881889763
21
-4.8465236220472443
0
LINE
8
BLACK
6
CONTINUOUS
10
5.0203844881889763
20
-4.8465236220472443
11
5.0110188976377952
21
-4.8558892125984254
0
LINE
8
BLACK
6
CONTINUOUS
10
5.0110188976377952
20
-4.8558892125984254
11
5.0006635433070867
21
-4.864147362204724
0
LINE
8
BLACK
6
CONTINUOUS
10
5.0006635433070867
20
-4.864147362204724
11
4.9894487007874018
21
-4.8711940944881889
0
LINE
8
BLACK
6
CONTINUOUS
10
4.9894487007874018
20
-4.8711940944881889
11
4.9775153543307082
21
-4.8769409055118107
0
LINE
8
BLACK
6
CONTINUOUS
10
4.9775153543307082
20
-4.8769409055118107
11
4.9650136614173226
21
-4.8813154330708661
0
LINE
8
BLACK
6
CONTINUOUS
10
4.9650136614173226
20
-4.8813154330708661
11
4.952100748031496
21
-4.8842627165354333
0
LINE
8
BLACK
6
CONTINUOUS
10
4.952100748031496
20
-4.8842627165354333
11
4.9389390157480317
21
-4.8857456692913388
0
LINE
8
BLACK
6
CONTINUOUS
10
4.9389390157480317
20
-4.8857456692913388
11
4.9256940551181101
21
-4.8857456692913388
0
LINE
8
BLACK
6
CONTINUOUS
10
4.9256940551181101
20
-4.8857456692913388
11
4.9125323228346458
21
-4.8842627165354333
0
LINE
8
BLACK
6
CONTINUOUS
10
4.9125323228346458
20
-4.8842627165354333
11
4.8996194094488184
21
-4.8813154330708661
0
LINE
8
BLACK
6
CONTINUOUS
10
4.8996194094488184
20
-4.8813154330708661
11
4.8871177165354327
21
-4.8769409055118107
0
LINE
8
BLACK
6
CONTINUOUS
10
4.8871177165354327
20
-4.8769409055118107
11
4.8751843700787401
21
-4.8711940944881889
0
LINE
8
BLACK
6
CONTINUOUS
10
4.8751843700787401
20
-4.8711940944881889
11
4.8639695275590551
21
-4.864147362204724
0
LINE
8
BLACK
6
CONTINUOUS
10
4.8639695275590551
20
-4.864147362204724
11
4.8536141732283467
21
-4.8558892125984254
0
LINE
8
BLACK
6
CONTINUOUS
10
4.8536141732283467
20
-4.8558892125984254
11
4.8442485826771655
21
-4.8465236220472443
0
LINE
8
BLACK
6
CONTINUOUS
10
4.8442485826771655
20
-4.8465236220472443
11
4.8359904330708661
21
-4.836168267716535
0
LINE
8
BLACK
6
CONTINUOUS
10
4.8359904330708661
20
-4.836168267716535
11
4.8289437007874012
21
-4.82495342519685
0
LINE
8
BLACK
6
CONTINUOUS
10
4.8289437007874012
20
-4.82495342519685
11
4.8231968897637794
21
-4.8130200787401574
0
LINE
8
BLACK
6
CONTINUOUS
10
4.8231968897637794
20
-4.8130200787401574
11
4.8188223622047239
21
-4.8005183858267717
0
LINE
8
BLACK
6
CONTINUOUS
10
4.8188223622047239
20
-4.8005183858267717
11
4.8158750787401576
21
-4.7876054724409451
0
LINE
8
BLACK
6
CONTINUOUS
10
4.8158750787401576
20
-4.7876054724409451
11
4.8143921259842521
21
-4.77444374015748
0
LINE
8
BLACK
6
CONTINUOUS
10
4.8143921259842521
20
-4.77444374015748
11
4.8143921259842521
21
-4.7611987795275592
0
LINE
8
BLACK
6
CONTINUOUS
10
4.8143921259842521
20
-4.7611987795275592
11
4.8158750787401576
21
-4.748037047244094
0
LINE
8
BLACK
6
CONTINUOUS
10
4.8158750787401576
20
-4.748037047244094
11
4.8188223622047239
21
-4.7351241338582675
0
LINE
8
BLACK
6
CONTINUOUS
10
4.8188223622047239
20
-4.7351241338582675
11
4.8231968897637794
21
-4.7226224409448818
0
LINE
8
BLACK
6
CONTINUOUS
10
4.8231968897637794
20
-4.7226224409448818
11
4.8289437007874012
21
-4.7106890944881892
0
LINE
8
BLACK
6
CONTINUOUS
10
4.8289437007874012
20
-4.7106890944881892
11
4.8359904330708661
21
-4.6994742519685042
0
LINE
8
BLACK
6
CONTINUOUS
10
4.8359904330708661
20
-4.6994742519685042
11
4.8442485826771655
21
-4.6891188976377949
0
LINE
8
BLACK
6
CONTINUOUS
10
4.8442485826771655
20
-4.6891188976377949
11
4.8536141732283467
21
-4.6797533070866137
0
LINE
8
BLACK
6
CONTINUOUS
10
4.8536141732283467
20
-4.6797533070866137
11
4.8639695275590551
21
-4.6714951574803152
0
LINE
8
BLACK
6
CONTINUOUS
10
4.8639695275590551
20
-4.6714951574803152
11
4.8751843700787401
21
-4.6644484251968503
0
LINE
8
BLACK
6
CONTINUOUS
10
4.8751843700787401
20
-4.6644484251968503
11
4.8871177165354327
21
-4.6587016141732285
0
LINE
8
BLACK
6
CONTINUOUS
10
4.8871177165354327
20
-4.6587016141732285
11
4.8996194094488184
21
-4.654327086614173
0
LINE
8
BLACK
6
CONTINUOUS
10
4.8996194094488184
20
-4.654327086614173
11
4.9125323228346458
21
-4.6513798031496059
0
LINE
8
BLACK
6
CONTINUOUS
10
4.9125323228346458
20
-4.6513798031496059
11
4.9256940551181101
21
-4.6498968503937004
0
LINE
8
BLACK
6
CONTINUOUS
10
4.9256940551181101
20
-4.6498968503937004
11
4.9389390157480317
21
-4.6498968503937004
0
LINE
8
BLACK
6
CONTINUOUS
10
4.9389390157480317
20
-4.6498968503937004
11
4.952100748031496
21
-4.6513798031496059
0
LINE
8
BLACK
6
CONTINUOUS
10
5.1323702362204724
20
-4.8401388582677161
11
5.1352440551181102
21
-4.8420590944881887
0
LINE
8
BLACK
6
CONTINUOUS
10
5.1352440551181102
20
-4.8420590944881887
11
5.1371642913385829
21
-4.8449329133858265
0
LINE
8
BLACK
6
CONTINUOUS
10
5.1371642913385829
20
-4.8449329133858265
11
5.1378385826771655
21
-4.8483228346456695
0
LINE
8
BLACK
6
CONTINUOUS
10
5.1378385826771655
20
-4.8483228346456695
11
5.1378385826771655
21
-4.8680078740157482
0
LINE
8
BLACK
6
CONTINUOUS
10
5.1378385826771655
20
-4.8680078740157482
11
5.1371642913385829
21
-4.8713977952755902
0
LINE
8
BLACK
6
CONTINUOUS
10
5.1371642913385829
20
-4.8713977952755902
11
5.1352440551181102
21
-4.8742716141732281
0
LINE
8
BLACK
6
CONTINUOUS
10
5.1352440551181102
20
-4.8742716141732281
11
5.1323702362204724
21
-4.8761918503937007
0
LINE
8
BLACK
6
CONTINUOUS
10
5.1323702362204724
20
-4.8761918503937007
11
5.1289803149606294
21
-4.8768661417322834
0
LINE
8
BLACK
6
CONTINUOUS
10
5.1289803149606294
20
-4.8768661417322834
11
5.1112637795275591
21
-4.8768661417322834
0
LINE
8
BLACK
6
CONTINUOUS
10
5.1112637795275591
20
-4.8768661417322834
11
5.1078738582677161
21
-4.8761918503937007
0
LINE
8
BLACK
6
CONTINUOUS
10
5.1078738582677161
20
-4.8761918503937007
11
5.1050000393700783
21
-4.8742716141732281
0
LINE
8
BLACK
6
CONTINUOUS
10
5.1050000393700783
20
-4.8742716141732281
11
5.1030798031496065
21
-4.8713977952755902
0
LINE
8
BLACK
6
CONTINUOUS
10
5.1030798031496065
20
-4.8713977952755902
11
5.1024055118110239
21
-4.8680078740157482
0
LINE
8
BLACK
6
CONTINUOUS
10
5.1024055118110239
20
-4.8680078740157482
11
5.1024055118110239
21
-4.8483228346456695
0
LINE
8
BLACK
6
CONTINUOUS
10
5.1024055118110239
20
-4.8483228346456695
11
5.1030798031496065
21
-4.8449329133858265
0
LINE
8
BLACK
6
CONTINUOUS
10
5.1030798031496065
20
-4.8449329133858265
11
5.1050000393700783
21
-4.8420590944881887
0
LINE
8
BLACK
6
CONTINUOUS
10
5.1050000393700783
20
-4.8420590944881887
11
5.1078738582677161
21
-4.8401388582677161
0
LINE
8
BLACK
6
CONTINUOUS
10
5.1078738582677161
20
-4.8401388582677161
11
5.1112637795275591
21
-4.8394645669291334
0
LINE
8
BLACK
6
CONTINUOUS
10
5.1112637795275591
20
-4.8394645669291334
11
5.1289803149606294
21
-4.8394645669291334
0
LINE
8
BLACK
6
CONTINUOUS
10
5.1289803149606294
20
-4.8394645669291334
11
5.1323702362204724
21
-4.8401388582677161
0
LINE
8
BLACK
6
CONTINUOUS
10
5.1933938582677168
20
-4.8401388582677161
11
5.1962676771653546
21
-4.8420590944881887
0
LINE
8
BLACK
6
CONTINUOUS
10
5.1962676771653546
20
-4.8420590944881887
11
5.1981879133858264
21
-4.8449329133858265
0
LINE
8
BLACK
6
CONTINUOUS
10
5.1981879133858264
20
-4.8449329133858265
11
5.1988622047244091
21
-4.8483228346456695
0
LINE
8
BLACK
6
CONTINUOUS
10
5.1988622047244091
20
-4.8483228346456695
11
5.1988622047244091
21
-4.8680078740157482
0
LINE
8
BLACK
6
CONTINUOUS
10
5.1988622047244091
20
-4.8680078740157482
11
5.1981879133858264
21
-4.8713977952755902
0
LINE
8
BLACK
6
CONTINUOUS
10
5.1981879133858264
20
-4.8713977952755902
11
5.1962676771653546
21
-4.8742716141732281
0
LINE
8
BLACK
6
CONTINUOUS
10
5.1962676771653546
20
-4.8742716141732281
11
5.1933938582677168
21
-4.8761918503937007
0
LINE
8
BLACK
6
CONTINUOUS
10
5.1933938582677168
20
-4.8761918503937007
11
5.1900039370078739
21
-4.8768661417322834
0
LINE
8
BLACK
6
CONTINUOUS
10
5.1900039370078739
20
-4.8768661417322834
11
5.1722874015748026
21
-4.8768661417322834
0
LINE
8
BLACK
6
CONTINUOUS
10
5.1722874015748026
20
-4.8768661417322834
11
5.1688974803149605
21
-4.8761918503937007
0
LINE
8
BLACK
6
CONTINUOUS
10
5.1688974803149605
20
-4.8761918503937007
11
5.1660236614173227
21
-4.8742716141732281
0
LINE
8
BLACK
6
CONTINUOUS
10
5.1660236614173227
20
-4.8742716141732281
11
5.1641034251968501
21
-4.8713977952755902
0
LINE
8
BLACK
6
CONTINUOUS
10
5.1641034251968501
20
-4.8713977952755902
11
5.1634291338582674
21
-4.8680078740157482
0
LINE
8
BLACK
6
CONTINUOUS
10
5.1634291338582674
20
-4.8680078740157482
11
5.1634291338582674
21
-4.8483228346456695
0
LINE
8
BLACK
6
CONTINUOUS
10
5.1634291338582674
20
-4.8483228346456695
11
5.1641034251968501
21
-4.8449329133858265
0
LINE
8
BLACK
6
CONTINUOUS
10
5.1641034251968501
20
-4.8449329133858265
11
5.1660236614173227
21
-4.8420590944881887
0
LINE
8
BLACK
6
CONTINUOUS
10
5.1660236614173227
20
-4.8420590944881887
11
5.1688974803149605
21
-4.8401388582677161
0
LINE
8
BLACK
6
CONTINUOUS
10
5.1688974803149605
20
-4.8401388582677161
11
5.1722874015748026
21
-4.8394645669291334
0
LINE
8
BLACK
6
CONTINUOUS
10
5.1722874015748026
20
-4.8394645669291334
11
5.1900039370078739
21
-4.8394645669291334
0
LINE
8
BLACK
6
CONTINUOUS
10
5.1900039370078739
20
-4.8394645669291334
11
5.1933938582677168
21
-4.8401388582677161
0
LINE
8
BLACK
6
CONTINUOUS
10
5.2902442519685042
20
-4.8401388582677161
11
5.2931180708661421
21
-4.8420590944881887
0
LINE
8
BLACK
6
CONTINUOUS
10
5.2931180708661421
20
-4.8420590944881887
11
5.2950383070866138
21
-4.8449329133858265
0
LINE
8
BLACK
6
CONTINUOUS
10
5.2950383070866138
20
-4.8449329133858265
11
5.2957125984251965
21
-4.8483228346456695
0
LINE
8
BLACK
6
CONTINUOUS
10
5.2957125984251965
20
-4.8483228346456695
11
5.2957125984251965
21
-4.8680078740157482
0
LINE
8
BLACK
6
CONTINUOUS
10
5.2957125984251965
20
-4.8680078740157482
11
5.2950383070866138
21
-4.8713977952755902
0
LINE
8
BLACK
6
CONTINUOUS
10
5.2950383070866138
20
-4.8713977952755902
11
5.2931180708661421
21
-4.8742716141732281
0
LINE
8
BLACK
6
CONTINUOUS
10
5.2931180708661421
20
-4.8742716141732281
11
5.2902442519685042
21
-4.8761918503937007
0
LINE
8
BLACK
6
CONTINUOUS
10
5.2902442519685042
20
-4.8761918503937007
11
5.2868543307086613
21
-4.8768661417322834
0
LINE
8
BLACK
6
CONTINUOUS
10
5.2868543307086613
20
-4.8768661417322834
11
5.26913779527559
21
-4.8768661417322834
0
LINE
8
BLACK
6
CONTINUOUS
10
5.26913779527559
20
-4.8768661417322834
11
5.265747874015748
21
-4.8761918503937007
0
LINE
8
BLACK
6
CONTINUOUS
10
5.265747874015748
20
-4.8761918503937007
11
5.2628740551181101
21
-4.8742716141732281
0
LINE
8
BLACK
6
CONTINUOUS
10
5.2628740551181101
20
-4.8742716141732281
11
5.2609538188976375
21
-4.8713977952755902
0
LINE
8
BLACK
6
CONTINUOUS
10
5.2609538188976375
20
-4.8713977952755902
11
5.2602795275590548
21
-4.8680078740157482
0
LINE
8
BLACK
6
CONTINUOUS
10
5.2602795275590548
20
-4.8680078740157482
11
5.2602795275590548
21
-4.8483228346456695
0
LINE
8
BLACK
6
CONTINUOUS
10
5.2602795275590548
20
-4.8483228346456695
11
5.2609538188976375
21
-4.8449329133858265
0
LINE
8
BLACK
6
CONTINUOUS
10
5.2609538188976375
20
-4.8449329133858265
11
5.2628740551181101
21
-4.8420590944881887
0
LINE
8
BLACK
6
CONTINUOUS
10
5.2628740551181101
20
-4.8420590944881887
11
5.265747874015748
21
-4.8401388582677161
0
LINE
8
BLACK
6
CONTINUOUS
10
5.265747874015748
20
-4.8401388582677161
11
5.26913779527559
21
-4.8394645669291334
0
LINE
8
BLACK
6
CONTINUOUS
10
5.26913779527559
20
-4.8394645669291334
11
5.2868543307086613
21
-4.8394645669291334
0
LINE
8
BLACK
6
CONTINUOUS
10
5.2868543307086613
20
-4.8394645669291334
11
5.2902442519685042
21
-4.8401388582677161
0
LINE
8
BLACK
6
CONTINUOUS
10
5.3512678740157478
20
-4.8401388582677161
11
5.3541416929133856
21
-4.8420590944881887
0
LINE
8
BLACK
6
CONTINUOUS
10
5.3541416929133856
20
-4.8420590944881887
11
5.3560619291338583
21
-4.8449329133858265
0
LINE
8
BLACK
6
CONTINUOUS
10
5.3560619291338583
20
-4.8449329133858265
11
5.3567362204724409
21
-4.8483228346456695
0
LINE
8
BLACK
6
CONTINUOUS
10
5.3567362204724409
20
-4.8483228346456695
11
5.3567362204724409
21
-4.8680078740157482
0
LINE
8
BLACK
6
CONTINUOUS
10
5.3567362204724409
20
-4.8680078740157482
11
5.3560619291338583
21
-4.8713977952755902
0
LINE
8
BLACK
6
CONTINUOUS
10
5.3560619291338583
20
-4.8713977952755902
11
5.3541416929133856
21
-4.8742716141732281
0
LINE
8
BLACK
6
CONTINUOUS
10
5.3541416929133856
20
-4.8742716141732281
11
5.3512678740157478
21
-4.8761918503937007
0
LINE
8
BLACK
6
CONTINUOUS
10
5.3512678740157478
20
-4.8761918503937007
11
5.3478779527559057
21
-4.8768661417322834
0
LINE
8
BLACK
6
CONTINUOUS
10
5.3478779527559057
20
-4.8768661417322834
11
5.3301614173228344
21
-4.8768661417322834
0
LINE
8
BLACK
6
CONTINUOUS
10
5.3301614173228344
20
-4.8768661417322834
11
5.3267714960629924
21
-4.8761918503937007
0
LINE
8
BLACK
6
CONTINUOUS
10
5.3267714960629924
20
-4.8761918503937007
11
5.3238976771653546
21
-4.8742716141732281
0
LINE
8
BLACK
6
CONTINUOUS
10
5.3238976771653546
20
-4.8742716141732281
11
5.3219774409448819
21
-4.8713977952755902
0
LINE
8
BLACK
6
CONTINUOUS
10
5.3219774409448819
20
-4.8713977952755902
11
5.3213031496062992
21
-4.8680078740157482
0
LINE
8
BLACK
6
CONTINUOUS
10
5.3213031496062992
20
-4.8680078740157482
11
5.3213031496062992
21
-4.8483228346456695
0
LINE
8
BLACK
6
CONTINUOUS
10
5.3213031496062992
20
-4.8483228346456695
11
5.3219774409448819
21
-4.8449329133858265
0
LINE
8
BLACK
6
CONTINUOUS
10
5.3219774409448819
20
-4.8449329133858265
11
5.3238976771653546
21
-4.8420590944881887
0
LINE
8
BLACK
6
CONTINUOUS
10
5.3238976771653546
20
-4.8420590944881887
11
5.3267714960629924
21
-4.8401388582677161
0
LINE
8
BLACK
6
CONTINUOUS
10
5.3267714960629924
20
-4.8401388582677161
11
5.3301614173228344
21
-4.8394645669291334
0
LINE
8
BLACK
6
CONTINUOUS
10
5.3301614173228344
20
-4.8394645669291334
11
5.3478779527559057
21
-4.8394645669291334
0
LINE
8
BLACK
6
CONTINUOUS
10
5.3478779527559057
20
-4.8394645669291334
11
5.3512678740157478
21
-4.8401388582677161
0
LINE
8
BLACK
6
CONTINUOUS
10
5.4481182677165352
20
-4.8401388582677161
11
5.450992086614173
21
-4.8420590944881887
0
LINE
8
BLACK
6
CONTINUOUS
10
5.450992086614173
20
-4.8420590944881887
11
5.4529123228346457
21
-4.8449329133858265
0
LINE
8
BLACK
6
CONTINUOUS
10
5.4529123228346457
20
-4.8449329133858265
11
5.4535866141732283
21
-4.8483228346456695
0
LINE
8
BLACK
6
CONTINUOUS
10
5.4535866141732283
20
-4.8483228346456695
11
5.4535866141732283
21
-4.8680078740157482
0
LINE
8
BLACK
6
CONTINUOUS
10
5.4535866141732283
20
-4.8680078740157482
11
5.4529123228346457
21
-4.8713977952755902
0
LINE
8
BLACK
6
CONTINUOUS
10
5.4529123228346457
20
-4.8713977952755902
11
5.450992086614173
21
-4.8742716141732281
0
LINE
8
BLACK
6
CONTINUOUS
10
5.450992086614173
20
-4.8742716141732281
11
5.4481182677165352
21
-4.8761918503937007
0
LINE
8
BLACK
6
CONTINUOUS
10
5.4481182677165352
20
-4.8761918503937007
11
5.4447283464566931
21
-4.8768661417322834
0
LINE
8
BLACK
6
CONTINUOUS
10
5.4447283464566931
20
-4.8768661417322834
11
5.4270118110236218
21
-4.8768661417322834
0
LINE
8
BLACK
6
CONTINUOUS
10
5.4270118110236218
20
-4.8768661417322834
11
5.4236218897637798
21
-4.8761918503937007
0
LINE
8
BLACK
6
CONTINUOUS
10
5.4236218897637798
20
-4.8761918503937007
11
5.420748070866142
21
-4.8742716141732281
0
LINE
8
BLACK
6
CONTINUOUS
10
5.420748070866142
20
-4.8742716141732281
11
5.4188278346456693
21
-4.8713977952755902
0
LINE
8
BLACK
6
CONTINUOUS
10
5.4188278346456693
20
-4.8713977952755902
11
5.4181535433070867
21
-4.8680078740157482
0
LINE
8
BLACK
6
CONTINUOUS
10
5.4181535433070867
20
-4.8680078740157482
11
5.4181535433070867
21
-4.8483228346456695
0
LINE
8
BLACK
6
CONTINUOUS
10
5.4181535433070867
20
-4.8483228346456695
11
5.4188278346456693
21
-4.8449329133858265
0
LINE
8
BLACK
6
CONTINUOUS
10
5.4188278346456693
20
-4.8449329133858265
11
5.420748070866142
21
-4.8420590944881887
0
LINE
8
BLACK
6
CONTINUOUS
10
5.420748070866142
20
-4.8420590944881887
11
5.4236218897637798
21
-4.8401388582677161
0
LINE
8
BLACK
6
CONTINUOUS
10
5.4236218897637798
20
-4.8401388582677161
11
5.4270118110236218
21
-4.8394645669291334
0
LINE
8
BLACK
6
CONTINUOUS
10
5.4270118110236218
20
-4.8394645669291334
11
5.4447283464566931
21
-4.8394645669291334
0
LINE
8
BLACK
6
CONTINUOUS
10
5.4447283464566931
20
-4.8394645669291334
11
5.4481182677165352
21
-4.8401388582677161
0
LINE
8
BLACK
6
CONTINUOUS
10
5.5091418897637796
20
-4.8401388582677161
11
5.5120157086614174
21
-4.8420590944881887
0
LINE
8
BLACK
6
CONTINUOUS
10
5.5120157086614174
20
-4.8420590944881887
11
5.5139359448818892
21
-4.8449329133858265
0
LINE
8
BLACK
6
CONTINUOUS
10
5.5139359448818892
20
-4.8449329133858265
11
5.5146102362204727
21
-4.8483228346456695
0
LINE
8
BLACK
6
CONTINUOUS
10
5.5146102362204727
20
-4.8483228346456695
11
5.5146102362204727
21
-4.8680078740157482
0
LINE
8
BLACK
6
CONTINUOUS
10
5.5146102362204727
20
-4.8680078740157482
11
5.5139359448818892
21
-4.8713977952755902
0
LINE
8
BLACK
6
CONTINUOUS
10
5.5139359448818892
20
-4.8713977952755902
11
5.5120157086614174
21
-4.8742716141732281
0
LINE
8
BLACK
6
CONTINUOUS
10
5.5120157086614174
20
-4.8742716141732281
11
5.5091418897637796
21
-4.8761918503937007
0
LINE
8
BLACK
6
CONTINUOUS
10
5.5091418897637796
20
-4.8761918503937007
11
5.5057519685039367
21
-4.8768661417322834
0
LINE
8
BLACK
6
CONTINUOUS
10
5.5057519685039367
20
-4.8768661417322834
11
5.4880354330708663
21
-4.8768661417322834
0
LINE
8
BLACK
6
CONTINUOUS
10
5.4880354330708663
20
-4.8768661417322834
11
5.4846455118110233
21
-4.8761918503937007
0
LINE
8
BLACK
6
CONTINUOUS
10
5.4846455118110233
20
-4.8761918503937007
11
5.4817716929133855
21
-4.8742716141732281
0
LINE
8
BLACK
6
CONTINUOUS
10
5.4817716929133855
20
-4.8742716141732281
11
5.4798514566929128
21
-4.8713977952755902
0
LINE
8
BLACK
6
CONTINUOUS
10
5.4798514566929128
20
-4.8713977952755902
11
5.4791771653543302
21
-4.8680078740157482
0
LINE
8
BLACK
6
CONTINUOUS
10
5.4791771653543302
20
-4.8680078740157482
11
5.4791771653543302
21
-4.8483228346456695
0
LINE
8
BLACK
6
CONTINUOUS
10
5.4791771653543302
20
-4.8483228346456695
11
5.4798514566929128
21
-4.8449329133858265
0
LINE
8
BLACK
6
CONTINUOUS
10
5.4798514566929128
20
-4.8449329133858265
11
5.4817716929133855
21
-4.8420590944881887
0
LINE
8
BLACK
6
CONTINUOUS
10
5.4817716929133855
20
-4.8420590944881887
11
5.4846455118110233
21
-4.8401388582677161
0
LINE
8
BLACK
6
CONTINUOUS
10
5.4846455118110233
20
-4.8401388582677161
11
5.4880354330708663
21
-4.8394645669291334
0
LINE
8
BLACK
6
CONTINUOUS
10
5.4880354330708663
20
-4.8394645669291334
11
5.5057519685039367
21
-4.8394645669291334
0
LINE
8
BLACK
6
CONTINUOUS
10
5.5057519685039367
20
-4.8394645669291334
11
5.5091418897637796
21
-4.8401388582677161
0
LINE
8
BLACK
6
CONTINUOUS
10
5.6965434645669291
20
-4.8401388582677161
11
5.6994172834645669
21
-4.8420590944881887
0
LINE
8
BLACK
6
CONTINUOUS
10
5.6994172834645669
20
-4.8420590944881887
11
5.7013375196850395
21
-4.8449329133858265
0
LINE
8
BLACK
6
CONTINUOUS
10
5.7013375196850395
20
-4.8449329133858265
11
5.7020118110236222
21
-4.8483228346456695
0
LINE
8
BLACK
6
CONTINUOUS
10
5.7020118110236222
20
-4.8483228346456695
11
5.7020118110236222
21
-4.8680078740157482
0
LINE
8
BLACK
6
CONTINUOUS
10
5.7020118110236222
20
-4.8680078740157482
11
5.7013375196850395
21
-4.8713977952755902
0
LINE
8
BLACK
6
CONTINUOUS
10
5.7013375196850395
20
-4.8713977952755902
11
5.6994172834645669
21
-4.8742716141732281
0
LINE
8
BLACK
6
CONTINUOUS
10
5.6994172834645669
20
-4.8742716141732281
11
5.6965434645669291
21
-4.8761918503937007
0
LINE
8
BLACK
6
CONTINUOUS
10
5.6965434645669291
20
-4.8761918503937007
11
5.6931535433070861
21
-4.8768661417322834
0
LINE
8
BLACK
6
CONTINUOUS
10
5.6931535433070861
20
-4.8768661417322834
11
5.6754370078740157
21
-4.8768661417322834
0
LINE
8
BLACK
6
CONTINUOUS
10
5.6754370078740157
20
-4.8768661417322834
11
5.6720470866141728
21
-4.8761918503937007
0
LINE
8
BLACK
6
CONTINUOUS
10
5.6720470866141728
20
-4.8761918503937007
11
5.669173267716535
21
-4.8742716141732281
0
LINE
8
BLACK
6
CONTINUOUS
10
5.669173267716535
20
-4.8742716141732281
11
5.6672530314960632
21
-4.8713977952755902
0
LINE
8
BLACK
6
CONTINUOUS
10
5.6672530314960632
20
-4.8713977952755902
11
5.6665787401574805
21
-4.8680078740157482
0
LINE
8
BLACK
6
CONTINUOUS
10
5.6665787401574805
20
-4.8680078740157482
11
5.6665787401574805
21
-4.8483228346456695
0
LINE
8
BLACK
6
CONTINUOUS
10
5.6665787401574805
20
-4.8483228346456695
11
5.6672530314960632
21
-4.8449329133858265
0
LINE
8
BLACK
6
CONTINUOUS
10
5.6672530314960632
20
-4.8449329133858265
11
5.669173267716535
21
-4.8420590944881887
0
LINE
8
BLACK
6
CONTINUOUS
10
5.669173267716535
20
-4.8420590944881887
11
5.6720470866141728
21
-4.8401388582677161
0
LINE
8
BLACK
6
CONTINUOUS
10
5.6720470866141728
20
-4.8401388582677161
11
5.6754370078740157
21
-4.8394645669291334
0
LINE
8
BLACK
6
CONTINUOUS
10
5.6754370078740157
20
-4.8394645669291334
11
5.6931535433070861
21
-4.8394645669291334
0
LINE
8
BLACK
6
CONTINUOUS
10
5.6931535433070861
20
-4.8394645669291334
11
5.6965434645669291
21
-4.8401388582677161
0
LINE
8
BLACK
6
CONTINUOUS
10
5.7575670866141735
20
-4.8401388582677161
11
5.7604409055118113
21
-4.8420590944881887
0
LINE
8
BLACK
6
CONTINUOUS
10
5.7604409055118113
20
-4.8420590944881887
11
5.7623611417322831
21
-4.8449329133858265
0
LINE
8
BLACK
6
CONTINUOUS
10
5.7623611417322831
20
-4.8449329133858265
11
5.7630354330708657
21
-4.8483228346456695
0
LINE
8
BLACK
6
CONTINUOUS
10
5.7630354330708657
20
-4.8483228346456695
11
5.7630354330708657
21
-4.8680078740157482
0
LINE
8
BLACK
6
CONTINUOUS
10
5.7630354330708657
20
-4.8680078740157482
11
5.7623611417322831
21
-4.8713977952755902
0
LINE
8
BLACK
6
CONTINUOUS
10
5.7623611417322831
20
-4.8713977952755902
11
5.7604409055118113
21
-4.8742716141732281
0
LINE
8
BLACK
6
CONTINUOUS
10
5.7604409055118113
20
-4.8742716141732281
11
5.7575670866141735
21
-4.8761918503937007
0
LINE
8
BLACK
6
CONTINUOUS
10
5.7575670866141735
20
-4.8761918503937007
11
5.7541771653543305
21
-4.8768661417322834
0
LINE
8
BLACK
6
CONTINUOUS
10
5.7541771653543305
20
-4.8768661417322834
11
5.7364606299212593
21
-4.8768661417322834
0
LINE
8
BLACK
6
CONTINUOUS
10
5.7364606299212593
20
-4.8768661417322834
11
5.7330707086614172
21
-4.8761918503937007
0
LINE
8
BLACK
6
CONTINUOUS
10
5.7330707086614172
20
-4.8761918503937007
11
5.7301968897637794
21
-4.8742716141732281
0
LINE
8
BLACK
6
CONTINUOUS
10
5.7301968897637794
20
-4.8742716141732281
11
5.7282766535433067
21
-4.8713977952755902
0
LINE
8
BLACK
6
CONTINUOUS
10
5.7282766535433067
20
-4.8713977952755902
11
5.7276023622047241
21
-4.8680078740157482
0
LINE
8
BLACK
6
CONTINUOUS
10
5.7276023622047241
20
-4.8680078740157482
11
5.7276023622047241
21
-4.8483228346456695
0
LINE
8
BLACK
6
CONTINUOUS
10
5.7276023622047241
20
-4.8483228346456695
11
5.7282766535433067
21
-4.8449329133858265
0
LINE
8
BLACK
6
CONTINUOUS
10
5.7282766535433067
20
-4.8449329133858265
11
5.7301968897637794
21
-4.8420590944881887
0
LINE
8
BLACK
6
CONTINUOUS
10
5.7301968897637794
20
-4.8420590944881887
11
5.7330707086614172
21
-4.8401388582677161
0
LINE
8
BLACK
6
CONTINUOUS
10
5.7330707086614172
20
-4.8401388582677161
11
5.7364606299212593
21
-4.8394645669291334
0
LINE
8
BLACK
6
CONTINUOUS
10
5.7364606299212593
20
-4.8394645669291334
11
5.7541771653543305
21
-4.8394645669291334
0
LINE
8
BLACK
6
CONTINUOUS
10
5.7541771653543305
20
-4.8394645669291334
11
5.7575670866141735
21
-4.8401388582677161
0
LINE
8
BLACK
6
CONTINUOUS
10
5.896381889763779
20
-4.8649370078740155
11
5.8363818897637794
21
-4.8649370078740155
0
LINE
8
BLACK
6
CONTINUOUS
10
5.8363818897637794
20
-4.8649370078740155
11
5.8363818897637794
21
-4.8049370078740159
0
LINE
8
BLACK
6
CONTINUOUS
10
5.8363818897637794
20
-4.8049370078740159
11
5.896381889763779
21
-4.8049370078740159
0
LINE
8
BLACK
6
CONTINUOUS
10
5.896381889763779
20
-4.8049370078740159
11
5.896381889763779
21
-4.8649370078740155
0
LINE
8
BLACK
6
CONTINUOUS
10
5.9963818897637795
20
-4.8649370078740155
11
5.936381889763779
21
-4.8649370078740155
0
LINE
8
BLACK
6
CONTINUOUS
10
5.936381889763779
20
-4.8649370078740155
11
5.936381889763779
21
-4.8049370078740159
0
LINE
8
BLACK
6
CONTINUOUS
10
5.936381889763779
20
-4.8049370078740159
11
5.9963818897637795
21
-4.8049370078740159
0
LINE
8
BLACK
6
CONTINUOUS
10
5.9963818897637795
20
-4.8049370078740159
11
5.9963818897637795
21
-4.8649370078740155
0
LINE
8
BLACK
6
CONTINUOUS
10
6.4861456692913384
20
-4.8649370078740155
11
6.4261456692913388
21
-4.8649370078740155
0
LINE
8
BLACK
6
CONTINUOUS
10
6.4261456692913388
20
-4.8649370078740155
11
6.4261456692913388
21
-4.8049370078740159
0
LINE
8
BLACK
6
CONTINUOUS
10
6.4261456692913388
20
-4.8049370078740159
11
6.4861456692913384
21
-4.8049370078740159
0
LINE
8
BLACK
6
CONTINUOUS
10
6.4861456692913384
20
-4.8049370078740159
11
6.4861456692913384
21
-4.8649370078740155
0
LINE
8
BLACK
6
CONTINUOUS
10
6.586145669291338
20
-4.8649370078740155
11
6.5261456692913384
21
-4.8649370078740155
0
LINE
8
BLACK
6
CONTINUOUS
10
6.5261456692913384
20
-4.8649370078740155
11
6.5261456692913384
21
-4.8049370078740159
0
LINE
8
BLACK
6
CONTINUOUS
10
6.5261456692913384
20
-4.8049370078740159
11
6.586145669291338
21
-4.8049370078740159
0
LINE
8
BLACK
6
CONTINUOUS
10
6.586145669291338
20
-4.8049370078740159
11
6.586145669291338
21
-4.8649370078740155
0
LINE
8
BLACK
6
CONTINUOUS
10
6.1251719685039365
20
-4.8413390551181097
11
6.1264492519685039
21
-4.8421924803149601
0
LINE
8
BLACK
6
CONTINUOUS
10
6.1264492519685039
20
-4.8421924803149601
11
6.1273026771653543
21
-4.8434697637795274
0
LINE
8
BLACK
6
CONTINUOUS
10
6.1273026771653543
20
-4.8434697637795274
11
6.1276023622047244
21
-4.8449763779527562
0
LINE
8
BLACK
6
CONTINUOUS
10
6.1276023622047244
20
-4.8449763779527562
11
6.1276023622047244
21
-4.8528503937007876
0
LINE
8
BLACK
6
CONTINUOUS
10
6.1276023622047244
20
-4.8528503937007876
11
6.1273026771653543
21
-4.8543570078740155
0
LINE
8
BLACK
6
CONTINUOUS
10
6.1273026771653543
20
-4.8543570078740155
11
6.1264492519685039
21
-4.8556342913385828
0
LINE
8
BLACK
6
CONTINUOUS
10
6.1264492519685039
20
-4.8556342913385828
11
6.1251719685039365
21
-4.8564877165354332
0
LINE
8
BLACK
6
CONTINUOUS
10
6.1251719685039365
20
-4.8564877165354332
11
6.1236653543307087
21
-4.8567874015748034
0
LINE
8
BLACK
6
CONTINUOUS
10
6.1236653543307087
20
-4.8567874015748034
11
6.0734685039370078
21
-4.8567874015748034
0
LINE
8
BLACK
6
CONTINUOUS
10
6.0734685039370078
20
-4.8567874015748034
11
6.071961889763779
21
-4.8564877165354332
0
LINE
8
BLACK
6
CONTINUOUS
10
6.071961889763779
20
-4.8564877165354332
11
6.0706846062992126
21
-4.8556342913385828
0
LINE
8
BLACK
6
CONTINUOUS
10
6.0706846062992126
20
-4.8556342913385828
11
6.0698311811023622
21
-4.8543570078740155
0
LINE
8
BLACK
6
CONTINUOUS
10
6.0698311811023622
20
-4.8543570078740155
11
6.069531496062992
21
-4.8528503937007876
0
LINE
8
BLACK
6
CONTINUOUS
10
6.069531496062992
20
-4.8528503937007876
11
6.069531496062992
21
-4.8449763779527562
0
LINE
8
BLACK
6
CONTINUOUS
10
6.069531496062992
20
-4.8449763779527562
11
6.0698311811023622
21
-4.8434697637795274
0
LINE
8
BLACK
6
CONTINUOUS
10
6.0698311811023622
20
-4.8434697637795274
11
6.0706846062992126
21
-4.8421924803149601
0
LINE
8
BLACK
6
CONTINUOUS
10
6.0706846062992126
20
-4.8421924803149601
11
6.071961889763779
21
-4.8413390551181097
0
LINE
8
BLACK
6
CONTINUOUS
10
6.071961889763779
20
-4.8413390551181097
11
6.0734685039370078
21
-4.8410393700787404
0
LINE
8
BLACK
6
CONTINUOUS
10
6.0734685039370078
20
-4.8410393700787404
11
6.1236653543307087
21
-4.8410393700787404
0
LINE
8
BLACK
6
CONTINUOUS
10
6.1236653543307087
20
-4.8410393700787404
11
6.1251719685039365
21
-4.8413390551181097
0
LINE
8
BLACK
6
CONTINUOUS
10
6.3505656692913384
20
-4.8413390551181097
11
6.3518429527559057
21
-4.8421924803149601
0
LINE
8
BLACK
6
CONTINUOUS
10
6.3518429527559057
20
-4.8421924803149601
11
6.3526963779527561
21
-4.8434697637795274
0
LINE
8
BLACK
6
CONTINUOUS
10
6.3526963779527561
20
-4.8434697637795274
11
6.3529960629921263
21
-4.8449763779527562
0
LINE
8
BLACK
6
CONTINUOUS
10
6.3529960629921263
20
-4.8449763779527562
11
6.3529960629921263
21
-4.8528503937007876
0
LINE
8
BLACK
6
CONTINUOUS
10
6.3529960629921263
20
-4.8528503937007876
11
6.3526963779527561
21
-4.8543570078740155
0
LINE
8
BLACK
6
CONTINUOUS
10
6.3526963779527561
20
-4.8543570078740155
11
6.3518429527559057
21
-4.8556342913385828
0
LINE
8
BLACK
6
CONTINUOUS
10
6.3518429527559057
20
-4.8556342913385828
11
6.3505656692913384
21
-4.8564877165354332
0
LINE
8
BLACK
6
CONTINUOUS
10
6.3505656692913384
20
-4.8564877165354332
11
6.3490590551181105
21
-4.8567874015748034
0
LINE
8
BLACK
6
CONTINUOUS
10
6.3490590551181105
20
-4.8567874015748034
11
6.2988622047244096
21
-4.8567874015748034
0
LINE
8
BLACK
6
CONTINUOUS
10
6.2988622047244096
20
-4.8567874015748034
11
6.2973555905511809
21
-4.8564877165354332
0
LINE
8
BLACK
6
CONTINUOUS
10
6.2973555905511809
20
-4.8564877165354332
11
6.2960783070866144
21
-4.8556342913385828
0
LINE
8
BLACK
6
CONTINUOUS
10
6.2960783070866144
20
-4.8556342913385828
11
6.295224881889764
21
-4.8543570078740155
0
LINE
8
BLACK
6
CONTINUOUS
10
6.295224881889764
20
-4.8543570078740155
11
6.2949251968503939
21
-4.8528503937007876
0
LINE
8
BLACK
6
CONTINUOUS
10
6.2949251968503939
20
-4.8528503937007876
11
6.2949251968503939
21
-4.8449763779527562
0
LINE
8
BLACK
6
CONTINUOUS
10
6.2949251968503939
20
-4.8449763779527562
11
6.295224881889764
21
-4.8434697637795274
0
LINE
8
BLACK
6
CONTINUOUS
10
6.295224881889764
20
-4.8434697637795274
11
6.2960783070866144
21
-4.8421924803149601
0
LINE
8
BLACK
6
CONTINUOUS
10
6.2960783070866144
20
-4.8421924803149601
11
6.2973555905511809
21
-4.8413390551181097
0
LINE
8
BLACK
6
CONTINUOUS
10
6.2973555905511809
20
-4.8413390551181097
11
6.2988622047244096
21
-4.8410393700787404
0
LINE
8
BLACK
6
CONTINUOUS
10
6.2988622047244096
20
-4.8410393700787404
11
6.3490590551181105
21
-4.8410393700787404
0
LINE
8
BLACK
6
CONTINUOUS
10
6.3490590551181105
20
-4.8410393700787404
11
6.3505656692913384
21
-4.8413390551181097
0
LINE
8
BLACK
6
CONTINUOUS
10
6.1251719685039365
20
-4.8157485039370078
11
6.1264492519685039
21
-4.8166019291338582
0
LINE
8
BLACK
6
CONTINUOUS
10
6.1264492519685039
20
-4.8166019291338582
11
6.1273026771653543
21
-4.8178792125984247
0
LINE
8
BLACK
6
CONTINUOUS
10
6.1273026771653543
20
-4.8178792125984247
11
6.1276023622047244
21
-4.8193858267716534
0
LINE
8
BLACK
6
CONTINUOUS
10
6.1276023622047244
20
-4.8193858267716534
11
6.1276023622047244
21
-4.8272598425196849
0
LINE
8
BLACK
6
CONTINUOUS
10
6.1276023622047244
20
-4.8272598425196849
11
6.1273026771653543
21
-4.8287664566929136
0
LINE
8
BLACK
6
CONTINUOUS
10
6.1273026771653543
20
-4.8287664566929136
11
6.1264492519685039
21
-4.8300437401574801
0
LINE
8
BLACK
6
CONTINUOUS
10
6.1264492519685039
20
-4.8300437401574801
11
6.1251719685039365
21
-4.8308971653543304
0
LINE
8
BLACK
6
CONTINUOUS
10
6.1251719685039365
20
-4.8308971653543304
11
6.1236653543307087
21
-4.8311968503937006
0
LINE
8
BLACK
6
CONTINUOUS
10
6.1236653543307087
20
-4.8311968503937006
11
6.0734685039370078
21
-4.8311968503937006
0
LINE
8
BLACK
6
CONTINUOUS
10
6.0734685039370078
20
-4.8311968503937006
11
6.071961889763779
21
-4.8308971653543304
0
LINE
8
BLACK
6
CONTINUOUS
10
6.071961889763779
20
-4.8308971653543304
11
6.0706846062992126
21
-4.8300437401574801
0
LINE
8
BLACK
6
CONTINUOUS
10
6.0706846062992126
20
-4.8300437401574801
11
6.0698311811023622
21
-4.8287664566929136
0
LINE
8
BLACK
6
CONTINUOUS
10
6.0698311811023622
20
-4.8287664566929136
11
6.069531496062992
21
-4.8272598425196849
0
LINE
8
BLACK
6
CONTINUOUS
10
6.069531496062992
20
-4.8272598425196849
11
6.069531496062992
21
-4.8193858267716534
0
LINE
8
BLACK
6
CONTINUOUS
10
6.069531496062992
20
-4.8193858267716534
11
6.0698311811023622
21
-4.8178792125984247
0
LINE
8
BLACK
6
CONTINUOUS
10
6.0698311811023622
20
-4.8178792125984247
11
6.0706846062992126
21
-4.8166019291338582
0
LINE
8
BLACK
6
CONTINUOUS
10
6.0706846062992126
20
-4.8166019291338582
11
6.071961889763779
21
-4.8157485039370078
0
LINE
8
BLACK
6
CONTINUOUS
10
6.071961889763779
20
-4.8157485039370078
11
6.0734685039370078
21
-4.8154488188976377
0
LINE
8
BLACK
6
CONTINUOUS
10
6.0734685039370078
20
-4.8154488188976377
11
6.1236653543307087
21
-4.8154488188976377
0
LINE
8
BLACK
6
CONTINUOUS
10
6.1236653543307087
20
-4.8154488188976377
11
6.1251719685039365
21
-4.8157485039370078
0
LINE
8
BLACK
6
CONTINUOUS
10
6.3505656692913384
20
-4.8157485039370078
11
6.3518429527559057
21
-4.8166019291338582
0
LINE
8
BLACK
6
CONTINUOUS
10
6.3518429527559057
20
-4.8166019291338582
11
6.3526963779527561
21
-4.8178792125984247
0
LINE
8
BLACK
6
CONTINUOUS
10
6.3526963779527561
20
-4.8178792125984247
11
6.3529960629921263
21
-4.8193858267716534
0
LINE
8
BLACK
6
CONTINUOUS
10
6.3529960629921263
20
-4.8193858267716534
11
6.3529960629921263
21
-4.8272598425196849
0
LINE
8
BLACK
6
CONTINUOUS
10
6.3529960629921263
20
-4.8272598425196849
11
6.3526963779527561
21
-4.8287664566929136
0
LINE
8
BLACK
6
CONTINUOUS
10
6.3526963779527561
20
-4.8287664566929136
11
6.3518429527559057
21
-4.8300437401574801
0
LINE
8
BLACK
6
CONTINUOUS
10
6.3518429527559057
20
-4.8300437401574801
11
6.3505656692913384
21
-4.8308971653543304
0
LINE
8
BLACK
6
CONTINUOUS
10
6.3505656692913384
20
-4.8308971653543304
11
6.3490590551181105
21
-4.8311968503937006
0
LINE
8
BLACK
6
CONTINUOUS
10
6.3490590551181105
20
-4.8311968503937006
11
6.2988622047244096
21
-4.8311968503937006
0
LINE
8
BLACK
6
CONTINUOUS
10
6.2988622047244096
20
-4.8311968503937006
11
6.2973555905511809
21
-4.8308971653543304
0
LINE
8
BLACK
6
CONTINUOUS
10
6.2973555905511809
20
-4.8308971653543304
11
6.2960783070866144
21
-4.8300437401574801
0
LINE
8
BLACK
6
CONTINUOUS
10
6.2960783070866144
20
-4.8300437401574801
11
6.295224881889764
21
-4.8287664566929136
0
LINE
8
BLACK
6
CONTINUOUS
10
6.295224881889764
20
-4.8287664566929136
11
6.2949251968503939
21
-4.8272598425196849
0
LINE
8
BLACK
6
CONTINUOUS
10
6.2949251968503939
20
-4.8272598425196849
11
6.2949251968503939
21
-4.8193858267716534
0
LINE
8
BLACK
6
CONTINUOUS
10
6.2949251968503939
20
-4.8193858267716534
11
6.295224881889764
21
-4.8178792125984247
0
LINE
8
BLACK
6
CONTINUOUS
10
6.295224881889764
20
-4.8178792125984247
11
6.2960783070866144
21
-4.8166019291338582
0
LINE
8
BLACK
6
CONTINUOUS
10
6.2960783070866144
20
-4.8166019291338582
11
6.2973555905511809
21
-4.8157485039370078
0
LINE
8
BLACK
6
CONTINUOUS
10
6.2973555905511809
20
-4.8157485039370078
11
6.2988622047244096
21
-4.8154488188976377
0
LINE
8
BLACK
6
CONTINUOUS
10
6.2988622047244096
20
-4.8154488188976377
11
6.3490590551181105
21
-4.8154488188976377
0
LINE
8
BLACK
6
CONTINUOUS
10
6.3490590551181105
20
-4.8154488188976377
11
6.3505656692913384
21
-4.8157485039370078
0
LINE
8
BLACK
6
CONTINUOUS
10
6.1251719685039365
20
-4.7901579527559051
11
6.1264492519685039
21
-4.7910113779527554
0
LINE
8
BLACK
6
CONTINUOUS
10
6.1264492519685039
20
-4.7910113779527554
11
6.1273026771653543
21
-4.7922886614173228
0
LINE
8
BLACK
6
CONTINUOUS
10
6.1273026771653543
20
-4.7922886614173228
11
6.1276023622047244
21
-4.7937952755905506
0
LINE
8
BLACK
6
CONTINUOUS
10
6.1276023622047244
20
-4.7937952755905506
11
6.1276023622047244
21
-4.801669291338583
0
LINE
8
BLACK
6
CONTINUOUS
10
6.1276023622047244
20
-4.801669291338583
11
6.1273026771653543
21
-4.8031759055118108
0
LINE
8
BLACK
6
CONTINUOUS
10
6.1273026771653543
20
-4.8031759055118108
11
6.1264492519685039
21
-4.8044531889763782
0
LINE
8
BLACK
6
CONTINUOUS
10
6.1264492519685039
20
-4.8044531889763782
11
6.1251719685039365
21
-4.8053066141732286
0
LINE
8
BLACK
6
CONTINUOUS
10
6.1251719685039365
20
-4.8053066141732286
11
6.1236653543307087
21
-4.8056062992125987
0
LINE
8
BLACK
6
CONTINUOUS
10
6.1236653543307087
20
-4.8056062992125987
11
6.0734685039370078
21
-4.8056062992125987
0
LINE
8
BLACK
6
CONTINUOUS
10
6.0734685039370078
20
-4.8056062992125987
11
6.071961889763779
21
-4.8053066141732286
0
LINE
8
BLACK
6
CONTINUOUS
10
6.071961889763779
20
-4.8053066141732286
11
6.0706846062992126
21
-4.8044531889763782
0
LINE
8
BLACK
6
CONTINUOUS
10
6.0706846062992126
20
-4.8044531889763782
11
6.0698311811023622
21
-4.8031759055118108
0
LINE
8
BLACK
6
CONTINUOUS
10
6.0698311811023622
20
-4.8031759055118108
11
6.069531496062992
21
-4.801669291338583
0
LINE
8
BLACK
6
CONTINUOUS
10
6.069531496062992
20
-4.801669291338583
11
6.069531496062992
21
-4.7937952755905506
0
LINE
8
BLACK
6
CONTINUOUS
10
6.069531496062992
20
-4.7937952755905506
11
6.0698311811023622
21
-4.7922886614173228
0
LINE
8
BLACK
6
CONTINUOUS
10
6.0698311811023622
20
-4.7922886614173228
11
6.0706846062992126
21
-4.7910113779527554
0
LINE
8
BLACK
6
CONTINUOUS
10
6.0706846062992126
20
-4.7910113779527554
11
6.071961889763779
21
-4.7901579527559051
0
LINE
8
BLACK
6
CONTINUOUS
10
6.071961889763779
20
-4.7901579527559051
11
6.0734685039370078
21
-4.7898582677165349
0
LINE
8
BLACK
6
CONTINUOUS
10
6.0734685039370078
20
-4.7898582677165349
11
6.1236653543307087
21
-4.7898582677165349
0
LINE
8
BLACK
6
CONTINUOUS
10
6.1236653543307087
20
-4.7898582677165349
11
6.1251719685039365
21
-4.7901579527559051
0
LINE
8
BLACK
6
CONTINUOUS
10
6.3505656692913384
20
-4.7901579527559051
11
6.3518429527559057
21
-4.7910113779527554
0
LINE
8
BLACK
6
CONTINUOUS
10
6.3518429527559057
20
-4.7910113779527554
11
6.3526963779527561
21
-4.7922886614173228
0
LINE
8
BLACK
6
CONTINUOUS
10
6.3526963779527561
20
-4.7922886614173228
11
6.3529960629921263
21
-4.7937952755905506
0
LINE
8
BLACK
6
CONTINUOUS
10
6.3529960629921263
20
-4.7937952755905506
11
6.3529960629921263
21
-4.801669291338583
0
LINE
8
BLACK
6
CONTINUOUS
10
6.3529960629921263
20
-4.801669291338583
11
6.3526963779527561
21
-4.8031759055118108
0
LINE
8
BLACK
6
CONTINUOUS
10
6.3526963779527561
20
-4.8031759055118108
11
6.3518429527559057
21
-4.8044531889763782
0
LINE
8
BLACK
6
CONTINUOUS
10
6.3518429527559057
20
-4.8044531889763782
11
6.3505656692913384
21
-4.8053066141732286
0
LINE
8
BLACK
6
CONTINUOUS
10
6.3505656692913384
20
-4.8053066141732286
11
6.3490590551181105
21
-4.8056062992125987
0
LINE
8
BLACK
6
CONTINUOUS
10
6.3490590551181105
20
-4.8056062992125987
11
6.2988622047244096
21
-4.8056062992125987
0
LINE
8
BLACK
6
CONTINUOUS
10
6.2988622047244096
20
-4.8056062992125987
11
6.2973555905511809
21
-4.8053066141732286
0
LINE
8
BLACK
6
CONTINUOUS
10
6.2973555905511809
20
-4.8053066141732286
11
6.2960783070866144
21
-4.8044531889763782
0
LINE
8
BLACK
6
CONTINUOUS
10
6.2960783070866144
20
-4.8044531889763782
11
6.295224881889764
21
-4.8031759055118108
0
LINE
8
BLACK
6
CONTINUOUS
10
6.295224881889764
20
-4.8031759055118108
11
6.2949251968503939
21
-4.801669291338583
0
LINE
8
BLACK
6
CONTINUOUS
10
6.2949251968503939
20
-4.801669291338583
11
6.2949251968503939
21
-4.7937952755905506
0
LINE
8
BLACK
6
CONTINUOUS
10
6.2949251968503939
20
-4.7937952755905506
11
6.295224881889764
21
-4.7922886614173228
0
LINE
8
BLACK
6
CONTINUOUS
10
6.295224881889764
20
-4.7922886614173228
11
6.2960783070866144
21
-4.7910113779527554
0
LINE
8
BLACK
6
CONTINUOUS
10
6.2960783070866144
20
-4.7910113779527554
11
6.2973555905511809
21
-4.7901579527559051
0
LINE
8
BLACK
6
CONTINUOUS
10
6.2973555905511809
20
-4.7901579527559051
11
6.2988622047244096
21
-4.7898582677165349
0
LINE
8
BLACK
6
CONTINUOUS
10
6.2988622047244096
20
-4.7898582677165349
11
6.3490590551181105
21
-4.7898582677165349
0
LINE
8
BLACK
6
CONTINUOUS
10
6.3490590551181105
20
-4.7898582677165349
11
6.3505656692913384
21
-4.7901579527559051
0
LINE
8
BLACK
6
CONTINUOUS
10
6.1251719685039365
20
-4.7645674015748032
11
6.1264492519685039
21
-4.7654208267716536
0
LINE
8
BLACK
6
CONTINUOUS
10
6.1264492519685039
20
-4.7654208267716536
11
6.1273026771653543
21
-4.76669811023622
0
LINE
8
BLACK
6
CONTINUOUS
10
6.1273026771653543
20
-4.76669811023622
11
6.1276023622047244
21
-4.7682047244094488
0
LINE
8
BLACK
6
CONTINUOUS
10
6.1276023622047244
20
-4.7682047244094488
11
6.1276023622047244
21
-4.7760787401574802
0
LINE
8
BLACK
6
CONTINUOUS
10
6.1276023622047244
20
-4.7760787401574802
11
6.1273026771653543
21
-4.777585354330709
0
LINE
8
BLACK
6
CONTINUOUS
10
6.1273026771653543
20
-4.777585354330709
11
6.1264492519685039
21
-4.7788626377952754
0
LINE
8
BLACK
6
CONTINUOUS
10
6.1264492519685039
20
-4.7788626377952754
11
6.1251719685039365
21
-4.7797160629921258
0
LINE
8
BLACK
6
CONTINUOUS
10
6.1251719685039365
20
-4.7797160629921258
11
6.1236653543307087
21
-4.780015748031496
0
LINE
8
BLACK
6
CONTINUOUS
10
6.1236653543307087
20
-4.780015748031496
11
6.0734685039370078
21
-4.780015748031496
0
LINE
8
BLACK
6
CONTINUOUS
10
6.0734685039370078
20
-4.780015748031496
11
6.071961889763779
21
-4.7797160629921258
0
LINE
8
BLACK
6
CONTINUOUS
10
6.071961889763779
20
-4.7797160629921258
11
6.0706846062992126
21
-4.7788626377952754
0
LINE
8
BLACK
6
CONTINUOUS
10
6.0706846062992126
20
-4.7788626377952754
11
6.0698311811023622
21
-4.777585354330709
0
LINE
8
BLACK
6
CONTINUOUS
10
6.0698311811023622
20
-4.777585354330709
11
6.069531496062992
21
-4.7760787401574802
0
LINE
8
BLACK
6
CONTINUOUS
10
6.069531496062992
20
-4.7760787401574802
11
6.069531496062992
21
-4.7682047244094488
0
LINE
8
BLACK
6
CONTINUOUS
10
6.069531496062992
20
-4.7682047244094488
11
6.0698311811023622
21
-4.76669811023622
0
LINE
8
BLACK
6
CONTINUOUS
10
6.0698311811023622
20
-4.76669811023622
11
6.0706846062992126
21
-4.7654208267716536
0
LINE
8
BLACK
6
CONTINUOUS
10
6.0706846062992126
20
-4.7654208267716536
11
6.071961889763779
21
-4.7645674015748032
0
LINE
8
BLACK
6
CONTINUOUS
10
6.071961889763779
20
-4.7645674015748032
11
6.0734685039370078
21
-4.764267716535433
0
LINE
8
BLACK
6
CONTINUOUS
10
6.0734685039370078
20
-4.764267716535433
11
6.1236653543307087
21
-4.764267716535433
0
LINE
8
BLACK
6
CONTINUOUS
10
6.1236653543307087
20
-4.764267716535433
11
6.1251719685039365
21
-4.7645674015748032
0
LINE
8
BLACK
6
CONTINUOUS
10
6.3505656692913384
20
-4.7645674015748032
11
6.3518429527559057
21
-4.7654208267716536
0
LINE
8
BLACK
6
CONTINUOUS
10
6.3518429527559057
20
-4.7654208267716536
11
6.3526963779527561
21
-4.76669811023622
0
LINE
8
BLACK
6
CONTINUOUS
10
6.3526963779527561
20
-4.76669811023622
11
6.3529960629921263
21
-4.7682047244094488
0
LINE
8
BLACK
6
CONTINUOUS
10
6.3529960629921263
20
-4.7682047244094488
11
6.3529960629921263
21
-4.7760787401574802
0
LINE
8
BLACK
6
CONTINUOUS
10
6.3529960629921263
20
-4.7760787401574802
11
6.3526963779527561
21
-4.777585354330709
0
LINE
8
BLACK
6
CONTINUOUS
10
6.3526963779527561
20
-4.777585354330709
11
6.3518429527559057
21
-4.7788626377952754
0
LINE
8
BLACK
6
CONTINUOUS
10
6.3518429527559057
20
-4.7788626377952754
11
6.3505656692913384
21
-4.7797160629921258
0
LINE
8
BLACK
6
CONTINUOUS
10
6.3505656692913384
20
-4.7797160629921258
11
6.3490590551181105
21
-4.780015748031496
0
LINE
8
BLACK
6
CONTINUOUS
10
6.3490590551181105
20
-4.780015748031496
11
6.2988622047244096
21
-4.780015748031496
0
LINE
8
BLACK
6
CONTINUOUS
10
6.2988622047244096
20
-4.780015748031496
11
6.2973555905511809
21
-4.7797160629921258
0
LINE
8
BLACK
6
CONTINUOUS
10
6.2973555905511809
20
-4.7797160629921258
11
6.2960783070866144
21
-4.7788626377952754
0
LINE
8
BLACK
6
CONTINUOUS
10
6.2960783070866144
20
-4.7788626377952754
11
6.295224881889764
21
-4.777585354330709
0
LINE
8
BLACK
6
CONTINUOUS
10
6.295224881889764
20
-4.777585354330709
11
6.2949251968503939
21
-4.7760787401574802
0
LINE
8
BLACK
6
CONTINUOUS
10
6.2949251968503939
20
-4.7760787401574802
11
6.2949251968503939
21
-4.7682047244094488
0
LINE
8
BLACK
6
CONTINUOUS
10
6.2949251968503939
20
-4.7682047244094488
11
6.295224881889764
21
-4.76669811023622
0
LINE
8
BLACK
6
CONTINUOUS
10
6.295224881889764
20
-4.76669811023622
11
6.2960783070866144
21
-4.7654208267716536
0
LINE
8
BLACK
6
CONTINUOUS
10
6.2960783070866144
20
-4.7654208267716536
11
6.2973555905511809
21
-4.7645674015748032
0
LINE
8
BLACK
6
CONTINUOUS
10
6.2973555905511809
20
-4.7645674015748032
11
6.2988622047244096
21
-4.764267716535433
0
LINE
8
BLACK
6
CONTINUOUS
10
6.2988622047244096
20
-4.764267716535433
11
6.3490590551181105
21
-4.764267716535433
0
LINE
8
BLACK
6
CONTINUOUS
10
6.3490590551181105
20
-4.764267716535433
11
6.3505656692913384
21
-4.7645674015748032
0
LINE
8
BLACK
6
CONTINUOUS
10
5.1323702362204724
20
-4.7413199606299212
11
5.1352440551181102
21
-4.7432401968503939
0
LINE
8
BLACK
6
CONTINUOUS
10
5.1352440551181102
20
-4.7432401968503939
11
5.1371642913385829
21
-4.7461140157480317
0
LINE
8
BLACK
6
CONTINUOUS
10
5.1371642913385829
20
-4.7461140157480317
11
5.1378385826771655
21
-4.7495039370078738
0
LINE
8
BLACK
6
CONTINUOUS
10
5.1378385826771655
20
-4.7495039370078738
11
5.1378385826771655
21
-4.7691889763779525
0
LINE
8
BLACK
6
CONTINUOUS
10
5.1378385826771655
20
-4.7691889763779525
11
5.1371642913385829
21
-4.7725788976377954
0
LINE
8
BLACK
6
CONTINUOUS
10
5.1371642913385829
20
-4.7725788976377954
11
5.1352440551181102
21
-4.7754527165354332
0
LINE
8
BLACK
6
CONTINUOUS
10
5.1352440551181102
20
-4.7754527165354332
11
5.1323702362204724
21
-4.777372952755905
0
LINE
8
BLACK
6
CONTINUOUS
10
5.1323702362204724
20
-4.777372952755905
11
5.1289803149606294
21
-4.7780472440944877
0
LINE
8
BLACK
6
CONTINUOUS
10
5.1289803149606294
20
-4.7780472440944877
11
5.1112637795275591
21
-4.7780472440944877
0
LINE
8
BLACK
6
CONTINUOUS
10
5.1112637795275591
20
-4.7780472440944877
11
5.1078738582677161
21
-4.777372952755905
0
LINE
8
BLACK
6
CONTINUOUS
10
5.1078738582677161
20
-4.777372952755905
11
5.1050000393700783
21
-4.7754527165354332
0
LINE
8
BLACK
6
CONTINUOUS
10
5.1050000393700783
20
-4.7754527165354332
11
5.1030798031496065
21
-4.7725788976377954
0
LINE
8
BLACK
6
CONTINUOUS
10
5.1030798031496065
20
-4.7725788976377954
11
5.1024055118110239
21
-4.7691889763779525
0
LINE
8
BLACK
6
CONTINUOUS
10
5.1024055118110239
20
-4.7691889763779525
11
5.1024055118110239
21
-4.7495039370078738
0
LINE
8
BLACK
6
CONTINUOUS
10
5.1024055118110239
20
-4.7495039370078738
11
5.1030798031496065
21
-4.7461140157480317
0
LINE
8
BLACK
6
CONTINUOUS
10
5.1030798031496065
20
-4.7461140157480317
11
5.1050000393700783
21
-4.7432401968503939
0
LINE
8
BLACK
6
CONTINUOUS
10
5.1050000393700783
20
-4.7432401968503939
11
5.1078738582677161
21
-4.7413199606299212
0
LINE
8
BLACK
6
CONTINUOUS
10
5.1078738582677161
20
-4.7413199606299212
11
5.1112637795275591
21
-4.7406456692913386
0
LINE
8
BLACK
6
CONTINUOUS
10
5.1112637795275591
20
-4.7406456692913386
11
5.1289803149606294
21
-4.7406456692913386
0
LINE
8
BLACK
6
CONTINUOUS
10
5.1289803149606294
20
-4.7406456692913386
11
5.1323702362204724
21
-4.7413199606299212
0
LINE
8
BLACK
6
CONTINUOUS
10
5.1933938582677168
20
-4.7413199606299212
11
5.1962676771653546
21
-4.7432401968503939
0
LINE
8
BLACK
6
CONTINUOUS
10
5.1962676771653546
20
-4.7432401968503939
11
5.1981879133858264
21
-4.7461140157480317
0
LINE
8
BLACK
6
CONTINUOUS
10
5.1981879133858264
20
-4.7461140157480317
11
5.1988622047244091
21
-4.7495039370078738
0
LINE
8
BLACK
6
CONTINUOUS
10
5.1988622047244091
20
-4.7495039370078738
11
5.1988622047244091
21
-4.7691889763779525
0
LINE
8
BLACK
6
CONTINUOUS
10
5.1988622047244091
20
-4.7691889763779525
11
5.1981879133858264
21
-4.7725788976377954
0
LINE
8
BLACK
6
CONTINUOUS
10
5.1981879133858264
20
-4.7725788976377954
11
5.1962676771653546
21
-4.7754527165354332
0
LINE
8
BLACK
6
CONTINUOUS
10
5.1962676771653546
20
-4.7754527165354332
11
5.1933938582677168
21
-4.777372952755905
0
LINE
8
BLACK
6
CONTINUOUS
10
5.1933938582677168
20
-4.777372952755905
11
5.1900039370078739
21
-4.7780472440944877
0
LINE
8
BLACK
6
CONTINUOUS
10
5.1900039370078739
20
-4.7780472440944877
11
5.1722874015748026
21
-4.7780472440944877
0
LINE
8
BLACK
6
CONTINUOUS
10
5.1722874015748026
20
-4.7780472440944877
11
5.1688974803149605
21
-4.777372952755905
0
LINE
8
BLACK
6
CONTINUOUS
10
5.1688974803149605
20
-4.777372952755905
11
5.1660236614173227
21
-4.7754527165354332
0
LINE
8
BLACK
6
CONTINUOUS
10
5.1660236614173227
20
-4.7754527165354332
11
5.1641034251968501
21
-4.7725788976377954
0
LINE
8
BLACK
6
CONTINUOUS
10
5.1641034251968501
20
-4.7725788976377954
11
5.1634291338582674
21
-4.7691889763779525
0
LINE
8
BLACK
6
CONTINUOUS
10
5.1634291338582674
20
-4.7691889763779525
11
5.1634291338582674
21
-4.7495039370078738
0
LINE
8
BLACK
6
CONTINUOUS
10
5.1634291338582674
20
-4.7495039370078738
11
5.1641034251968501
21
-4.7461140157480317
0
LINE
8
BLACK
6
CONTINUOUS
10
5.1641034251968501
20
-4.7461140157480317
11
5.1660236614173227
21
-4.7432401968503939
0
LINE
8
BLACK
6
CONTINUOUS
10
5.1660236614173227
20
-4.7432401968503939
11
5.1688974803149605
21
-4.7413199606299212
0
LINE
8
BLACK
6
CONTINUOUS
10
5.1688974803149605
20
-4.7413199606299212
11
5.1722874015748026
21
-4.7406456692913386
0
LINE
8
BLACK
6
CONTINUOUS
10
5.1722874015748026
20
-4.7406456692913386
11
5.1900039370078739
21
-4.7406456692913386
0
LINE
8
BLACK
6
CONTINUOUS
10
5.1900039370078739
20
-4.7406456692913386
11
5.1933938582677168
21
-4.7413199606299212
0
LINE
8
BLACK
6
CONTINUOUS
10
5.2902442519685042
20
-4.7413199606299212
11
5.2931180708661421
21
-4.7432401968503939
0
LINE
8
BLACK
6
CONTINUOUS
10
5.2931180708661421
20
-4.7432401968503939
11
5.2950383070866138
21
-4.7461140157480317
0
LINE
8
BLACK
6
CONTINUOUS
10
5.2950383070866138
20
-4.7461140157480317
11
5.2957125984251965
21
-4.7495039370078738
0
LINE
8
BLACK
6
CONTINUOUS
10
5.2957125984251965
20
-4.7495039370078738
11
5.2957125984251965
21
-4.7691889763779525
0
LINE
8
BLACK
6
CONTINUOUS
10
5.2957125984251965
20
-4.7691889763779525
11
5.2950383070866138
21
-4.7725788976377954
0
LINE
8
BLACK
6
CONTINUOUS
10
5.2950383070866138
20
-4.7725788976377954
11
5.2931180708661421
21
-4.7754527165354332
0
LINE
8
BLACK
6
CONTINUOUS
10
5.2931180708661421
20
-4.7754527165354332
11
5.2902442519685042
21
-4.777372952755905
0
LINE
8
BLACK
6
CONTINUOUS
10
5.2902442519685042
20
-4.777372952755905
11
5.2868543307086613
21
-4.7780472440944877
0
LINE
8
BLACK
6
CONTINUOUS
10
5.2868543307086613
20
-4.7780472440944877
11
5.26913779527559
21
-4.7780472440944877
0
LINE
8
BLACK
6
CONTINUOUS
10
5.26913779527559
20
-4.7780472440944877
11
5.265747874015748
21
-4.777372952755905
0
LINE
8
BLACK
6
CONTINUOUS
10
5.265747874015748
20
-4.777372952755905
11
5.2628740551181101
21
-4.7754527165354332
0
LINE
8
BLACK
6
CONTINUOUS
10
5.2628740551181101
20
-4.7754527165354332
11
5.2609538188976375
21
-4.7725788976377954
0
LINE
8
BLACK
6
CONTINUOUS
10
5.2609538188976375
20
-4.7725788976377954
11
5.2602795275590548
21
-4.7691889763779525
0
LINE
8
BLACK
6
CONTINUOUS
10
5.2602795275590548
20
-4.7691889763779525
11
5.2602795275590548
21
-4.7495039370078738
0
LINE
8
BLACK
6
CONTINUOUS
10
5.2602795275590548
20
-4.7495039370078738
11
5.2609538188976375
21
-4.7461140157480317
0
LINE
8
BLACK
6
CONTINUOUS
10
5.2609538188976375
20
-4.7461140157480317
11
5.2628740551181101
21
-4.7432401968503939
0
LINE
8
BLACK
6
CONTINUOUS
10
5.2628740551181101
20
-4.7432401968503939
11
5.265747874015748
21
-4.7413199606299212
0
LINE
8
BLACK
6
CONTINUOUS
10
5.265747874015748
20
-4.7413199606299212
11
5.26913779527559
21
-4.7406456692913386
0
LINE
8
BLACK
6
CONTINUOUS
10
5.26913779527559
20
-4.7406456692913386
11
5.2868543307086613
21
-4.7406456692913386
0
LINE
8
BLACK
6
CONTINUOUS
10
5.2868543307086613
20
-4.7406456692913386
11
5.2902442519685042
21
-4.7413199606299212
0
LINE
8
BLACK
6
CONTINUOUS
10
5.3512678740157478
20
-4.7413199606299212
11
5.3541416929133856
21
-4.7432401968503939
0
LINE
8
BLACK
6
CONTINUOUS
10
5.3541416929133856
20
-4.7432401968503939
11
5.3560619291338583
21
-4.7461140157480317
0
LINE
8
BLACK
6
CONTINUOUS
10
5.3560619291338583
20
-4.7461140157480317
11
5.3567362204724409
21
-4.7495039370078738
0
LINE
8
BLACK
6
CONTINUOUS
10
5.3567362204724409
20
-4.7495039370078738
11
5.3567362204724409
21
-4.7691889763779525
0
LINE
8
BLACK
6
CONTINUOUS
10
5.3567362204724409
20
-4.7691889763779525
11
5.3560619291338583
21
-4.7725788976377954
0
LINE
8
BLACK
6
CONTINUOUS
10
5.3560619291338583
20
-4.7725788976377954
11
5.3541416929133856
21
-4.7754527165354332
0
LINE
8
BLACK
6
CONTINUOUS
10
5.3541416929133856
20
-4.7754527165354332
11
5.3512678740157478
21
-4.777372952755905
0
LINE
8
BLACK
6
CONTINUOUS
10
5.3512678740157478
20
-4.777372952755905
11
5.3478779527559057
21
-4.7780472440944877
0
LINE
8
BLACK
6
CONTINUOUS
10
5.3478779527559057
20
-4.7780472440944877
11
5.3301614173228344
21
-4.7780472440944877
0
LINE
8
BLACK
6
CONTINUOUS
10
5.3301614173228344
20
-4.7780472440944877
11
5.3267714960629924
21
-4.777372952755905
0
LINE
8
BLACK
6
CONTINUOUS
10
5.3267714960629924
20
-4.777372952755905
11
5.3238976771653546
21
-4.7754527165354332
0
LINE
8
BLACK
6
CONTINUOUS
10
5.3238976771653546
20
-4.7754527165354332
11
5.3219774409448819
21
-4.7725788976377954
0
LINE
8
BLACK
6
CONTINUOUS
10
5.3219774409448819
20
-4.7725788976377954
11
5.3213031496062992
21
-4.7691889763779525
0
LINE
8
BLACK
6
CONTINUOUS
10
5.3213031496062992
20
-4.7691889763779525
11
5.3213031496062992
21
-4.7495039370078738
0
LINE
8
BLACK
6
CONTINUOUS
10
5.3213031496062992
20
-4.7495039370078738
11
5.3219774409448819
21
-4.7461140157480317
0
LINE
8
BLACK
6
CONTINUOUS
10
5.3219774409448819
20
-4.7461140157480317
11
5.3238976771653546
21
-4.7432401968503939
0
LINE
8
BLACK
6
CONTINUOUS
10
5.3238976771653546
20
-4.7432401968503939
11
5.3267714960629924
21
-4.7413199606299212
0
LINE
8
BLACK
6
CONTINUOUS
10
5.3267714960629924
20
-4.7413199606299212
11
5.3301614173228344
21
-4.7406456692913386
0
LINE
8
BLACK
6
CONTINUOUS
10
5.3301614173228344
20
-4.7406456692913386
11
5.3478779527559057
21
-4.7406456692913386
0
LINE
8
BLACK
6
CONTINUOUS
10
5.3478779527559057
20
-4.7406456692913386
11
5.3512678740157478
21
-4.7413199606299212
0
LINE
8
BLACK
6
CONTINUOUS
10
5.4481182677165352
20
-4.7413199606299212
11
5.450992086614173
21
-4.7432401968503939
0
LINE
8
BLACK
6
CONTINUOUS
10
5.450992086614173
20
-4.7432401968503939
11
5.4529123228346457
21
-4.7461140157480317
0
LINE
8
BLACK
6
CONTINUOUS
10
5.4529123228346457
20
-4.7461140157480317
11
5.4535866141732283
21
-4.7495039370078738
0
LINE
8
BLACK
6
CONTINUOUS
10
5.4535866141732283
20
-4.7495039370078738
11
5.4535866141732283
21
-4.7691889763779525
0
LINE
8
BLACK
6
CONTINUOUS
10
5.4535866141732283
20
-4.7691889763779525
11
5.4529123228346457
21
-4.7725788976377954
0
LINE
8
BLACK
6
CONTINUOUS
10
5.4529123228346457
20
-4.7725788976377954
11
5.450992086614173
21
-4.7754527165354332
0
LINE
8
BLACK
6
CONTINUOUS
10
5.450992086614173
20
-4.7754527165354332
11
5.4481182677165352
21
-4.777372952755905
0
LINE
8
BLACK
6
CONTINUOUS
10
5.4481182677165352
20
-4.777372952755905
11
5.4447283464566931
21
-4.7780472440944877
0
LINE
8
BLACK
6
CONTINUOUS
10
5.4447283464566931
20
-4.7780472440944877
11
5.4270118110236218
21
-4.7780472440944877
0
LINE
8
BLACK
6
CONTINUOUS
10
5.4270118110236218
20
-4.7780472440944877
11
5.4236218897637798
21
-4.777372952755905
0
LINE
8
BLACK
6
CONTINUOUS
10
5.4236218897637798
20
-4.777372952755905
11
5.420748070866142
21
-4.7754527165354332
0
LINE
8
BLACK
6
CONTINUOUS
10
5.420748070866142
20
-4.7754527165354332
11
5.4188278346456693
21
-4.7725788976377954
0
LINE
8
BLACK
6
CONTINUOUS
10
5.4188278346456693
20
-4.7725788976377954
11
5.4181535433070867
21
-4.7691889763779525
0
LINE
8
BLACK
6
CONTINUOUS
10
5.4181535433070867
20
-4.7691889763779525
11
5.4181535433070867
21
-4.7495039370078738
0
LINE
8
BLACK
6
CONTINUOUS
10
5.4181535433070867
20
-4.7495039370078738
11
5.4188278346456693
21
-4.7461140157480317
0
LINE
8
BLACK
6
CONTINUOUS
10
5.4188278346456693
20
-4.7461140157480317
11
5.420748070866142
21
-4.7432401968503939
0
LINE
8
BLACK
6
CONTINUOUS
10
5.420748070866142
20
-4.7432401968503939
11
5.4236218897637798
21
-4.7413199606299212
0
LINE
8
BLACK
6
CONTINUOUS
10
5.4236218897637798
20
-4.7413199606299212
11
5.4270118110236218
21
-4.7406456692913386
0
LINE
8
BLACK
6
CONTINUOUS
10
5.4270118110236218
20
-4.7406456692913386
11
5.4447283464566931
21
-4.7406456692913386
0
LINE
8
BLACK
6
CONTINUOUS
10
5.4447283464566931
20
-4.7406456692913386
11
5.4481182677165352
21
-4.7413199606299212
0
LINE
8
BLACK
6
CONTINUOUS
10
5.5091418897637796
20
-4.7413199606299212
11
5.5120157086614174
21
-4.7432401968503939
0
LINE
8
BLACK
6
CONTINUOUS
10
5.5120157086614174
20
-4.7432401968503939
11
5.5139359448818892
21
-4.7461140157480317
0
LINE
8
BLACK
6
CONTINUOUS
10
5.5139359448818892
20
-4.7461140157480317
11
5.5146102362204727
21
-4.7495039370078738
0
LINE
8
BLACK
6
CONTINUOUS
10
5.5146102362204727
20
-4.7495039370078738
11
5.5146102362204727
21
-4.7691889763779525
0
LINE
8
BLACK
6
CONTINUOUS
10
5.5146102362204727
20
-4.7691889763779525
11
5.5139359448818892
21
-4.7725788976377954
0
LINE
8
BLACK
6
CONTINUOUS
10
5.5139359448818892
20
-4.7725788976377954
11
5.5120157086614174
21
-4.7754527165354332
0
LINE
8
BLACK
6
CONTINUOUS
10
5.5120157086614174
20
-4.7754527165354332
11
5.5091418897637796
21
-4.777372952755905
0
LINE
8
BLACK
6
CONTINUOUS
10
5.5091418897637796
20
-4.777372952755905
11
5.5057519685039367
21
-4.7780472440944877
0
LINE
8
BLACK
6
CONTINUOUS
10
5.5057519685039367
20
-4.7780472440944877
11
5.4880354330708663
21
-4.7780472440944877
0
LINE
8
BLACK
6
CONTINUOUS
10
5.4880354330708663
20
-4.7780472440944877
11
5.4846455118110233
21
-4.777372952755905
0
LINE
8
BLACK
6
CONTINUOUS
10
5.4846455118110233
20
-4.777372952755905
11
5.4817716929133855
21
-4.7754527165354332
0
LINE
8
BLACK
6
CONTINUOUS
10
5.4817716929133855
20
-4.7754527165354332
11
5.4798514566929128
21
-4.7725788976377954
0
LINE
8
BLACK
6
CONTINUOUS
10
5.4798514566929128
20
-4.7725788976377954
11
5.4791771653543302
21
-4.7691889763779525
0
LINE
8
BLACK
6
CONTINUOUS
10
5.4791771653543302
20
-4.7691889763779525
11
5.4791771653543302
21
-4.7495039370078738
0
LINE
8
BLACK
6
CONTINUOUS
10
5.4791771653543302
20
-4.7495039370078738
11
5.4798514566929128
21
-4.7461140157480317
0
LINE
8
BLACK
6
CONTINUOUS
10
5.4798514566929128
20
-4.7461140157480317
11
5.4817716929133855
21
-4.7432401968503939
0
LINE
8
BLACK
6
CONTINUOUS
10
5.4817716929133855
20
-4.7432401968503939
11
5.4846455118110233
21
-4.7413199606299212
0
LINE
8
BLACK
6
CONTINUOUS
10
5.4846455118110233
20
-4.7413199606299212
11
5.4880354330708663
21
-4.7406456692913386
0
LINE
8
BLACK
6
CONTINUOUS
10
5.4880354330708663
20
-4.7406456692913386
11
5.5057519685039367
21
-4.7406456692913386
0
LINE
8
BLACK
6
CONTINUOUS
10
5.5057519685039367
20
-4.7406456692913386
11
5.5091418897637796
21
-4.7413199606299212
0
LINE
8
BLACK
6
CONTINUOUS
10
5.6965434645669291
20
-4.7413199606299212
11
5.6994172834645669
21
-4.7432401968503939
0
LINE
8
BLACK
6
CONTINUOUS
10
5.6994172834645669
20
-4.7432401968503939
11
5.7013375196850395
21
-4.7461140157480317
0
LINE
8
BLACK
6
CONTINUOUS
10
5.7013375196850395
20
-4.7461140157480317
11
5.7020118110236222
21
-4.7495039370078738
0
LINE
8
BLACK
6
CONTINUOUS
10
5.7020118110236222
20
-4.7495039370078738
11
5.7020118110236222
21
-4.7691889763779525
0
LINE
8
BLACK
6
CONTINUOUS
10
5.7020118110236222
20
-4.7691889763779525
11
5.7013375196850395
21
-4.7725788976377954
0
LINE
8
BLACK
6
CONTINUOUS
10
5.7013375196850395
20
-4.7725788976377954
11
5.6994172834645669
21
-4.7754527165354332
0
LINE
8
BLACK
6
CONTINUOUS
10
5.6994172834645669
20
-4.7754527165354332
11
5.6965434645669291
21
-4.777372952755905
0
LINE
8
BLACK
6
CONTINUOUS
10
5.6965434645669291
20
-4.777372952755905
11
5.6931535433070861
21
-4.7780472440944877
0
LINE
8
BLACK
6
CONTINUOUS
10
5.6931535433070861
20
-4.7780472440944877
11
5.6754370078740157
21
-4.7780472440944877
0
LINE
8
BLACK
6
CONTINUOUS
10
5.6754370078740157
20
-4.7780472440944877
11
5.6720470866141728
21
-4.777372952755905
0
LINE
8
BLACK
6
CONTINUOUS
10
5.6720470866141728
20
-4.777372952755905
11
5.669173267716535
21
-4.7754527165354332
0
LINE
8
BLACK
6
CONTINUOUS
10
5.669173267716535
20
-4.7754527165354332
11
5.6672530314960632
21
-4.7725788976377954
0
LINE
8
BLACK
6
CONTINUOUS
10
5.6672530314960632
20
-4.7725788976377954
11
5.6665787401574805
21
-4.7691889763779525
0
LINE
8
BLACK
6
CONTINUOUS
10
5.6665787401574805
20
-4.7691889763779525
11
5.6665787401574805
21
-4.7495039370078738
0
LINE
8
BLACK
6
CONTINUOUS
10
5.6665787401574805
20
-4.7495039370078738
11
5.6672530314960632
21
-4.7461140157480317
0
LINE
8
BLACK
6
CONTINUOUS
10
5.6672530314960632
20
-4.7461140157480317
11
5.669173267716535
21
-4.7432401968503939
0
LINE
8
BLACK
6
CONTINUOUS
10
5.669173267716535
20
-4.7432401968503939
11
5.6720470866141728
21
-4.7413199606299212
0
LINE
8
BLACK
6
CONTINUOUS
10
5.6720470866141728
20
-4.7413199606299212
11
5.6754370078740157
21
-4.7406456692913386
0
LINE
8
BLACK
6
CONTINUOUS
10
5.6754370078740157
20
-4.7406456692913386
11
5.6931535433070861
21
-4.7406456692913386
0
LINE
8
BLACK
6
CONTINUOUS
10
5.6931535433070861
20
-4.7406456692913386
11
5.6965434645669291
21
-4.7413199606299212
0
LINE
8
BLACK
6
CONTINUOUS
10
5.7575670866141735
20
-4.7413199606299212
11
5.7604409055118113
21
-4.7432401968503939
0
LINE
8
BLACK
6
CONTINUOUS
10
5.7604409055118113
20
-4.7432401968503939
11
5.7623611417322831
21
-4.7461140157480317
0
LINE
8
BLACK
6
CONTINUOUS
10
5.7623611417322831
20
-4.7461140157480317
11
5.7630354330708657
21
-4.7495039370078738
0
LINE
8
BLACK
6
CONTINUOUS
10
5.7630354330708657
20
-4.7495039370078738
11
5.7630354330708657
21
-4.7691889763779525
0
LINE
8
BLACK
6
CONTINUOUS
10
5.7630354330708657
20
-4.7691889763779525
11
5.7623611417322831
21
-4.7725788976377954
0
LINE
8
BLACK
6
CONTINUOUS
10
5.7623611417322831
20
-4.7725788976377954
11
5.7604409055118113
21
-4.7754527165354332
0
LINE
8
BLACK
6
CONTINUOUS
10
5.7604409055118113
20
-4.7754527165354332
11
5.7575670866141735
21
-4.777372952755905
0
LINE
8
BLACK
6
CONTINUOUS
10
5.7575670866141735
20
-4.777372952755905
11
5.7541771653543305
21
-4.7780472440944877
0
LINE
8
BLACK
6
CONTINUOUS
10
5.7541771653543305
20
-4.7780472440944877
11
5.7364606299212593
21
-4.7780472440944877
0
LINE
8
BLACK
6
CONTINUOUS
10
5.7364606299212593
20
-4.7780472440944877
11
5.7330707086614172
21
-4.777372952755905
0
LINE
8
BLACK
6
CONTINUOUS
10
5.7330707086614172
20
-4.777372952755905
11
5.7301968897637794
21
-4.7754527165354332
0
LINE
8
BLACK
6
CONTINUOUS
10
5.7301968897637794
20
-4.7754527165354332
11
5.7282766535433067
21
-4.7725788976377954
0
LINE
8
BLACK
6
CONTINUOUS
10
5.7282766535433067
20
-4.7725788976377954
11
5.7276023622047241
21
-4.7691889763779525
0
LINE
8
BLACK
6
CONTINUOUS
10
5.7276023622047241
20
-4.7691889763779525
11
5.7276023622047241
21
-4.7495039370078738
0
LINE
8
BLACK
6
CONTINUOUS
10
5.7276023622047241
20
-4.7495039370078738
11
5.7282766535433067
21
-4.7461140157480317
0
LINE
8
BLACK
6
CONTINUOUS
10
5.7282766535433067
20
-4.7461140157480317
11
5.7301968897637794
21
-4.7432401968503939
0
LINE
8
BLACK
6
CONTINUOUS
10
5.7301968897637794
20
-4.7432401968503939
11
5.7330707086614172
21
-4.7413199606299212
0
LINE
8
BLACK
6
CONTINUOUS
10
5.7330707086614172
20
-4.7413199606299212
11
5.7364606299212593
21
-4.7406456692913386
0
LINE
8
BLACK
6
CONTINUOUS
10
5.7364606299212593
20
-4.7406456692913386
11
5.7541771653543305
21
-4.7406456692913386
0
LINE
8
BLACK
6
CONTINUOUS
10
5.7541771653543305
20
-4.7406456692913386
11
5.7575670866141735
21
-4.7413199606299212
0
LINE
8
BLACK
6
CONTINUOUS
10
5.896381889763779
20
-4.7649370078740159
11
5.8363818897637794
21
-4.7649370078740159
0
LINE
8
BLACK
6
CONTINUOUS
10
5.8363818897637794
20
-4.7649370078740159
11
5.8363818897637794
21
-4.7049370078740154
0
LINE
8
BLACK
6
CONTINUOUS
10
5.8363818897637794
20
-4.7049370078740154
11
5.896381889763779
21
-4.7049370078740154
0
LINE
8
BLACK
6
CONTINUOUS
10
5.896381889763779
20
-4.7049370078740154
11
5.896381889763779
21
-4.7649370078740159
0
LINE
8
BLACK
6
CONTINUOUS
10
5.9963818897637795
20
-4.7649370078740159
11
5.936381889763779
21
-4.7649370078740159
0
LINE
8
BLACK
6
CONTINUOUS
10
5.936381889763779
20
-4.7649370078740159
11
5.936381889763779
21
-4.7049370078740154
0
LINE
8
BLACK
6
CONTINUOUS
10
5.936381889763779
20
-4.7049370078740154
11
5.9963818897637795
21
-4.7049370078740154
0
LINE
8
BLACK
6
CONTINUOUS
10
5.9963818897637795
20
-4.7049370078740154
11
5.9963818897637795
21
-4.7649370078740159
0
LINE
8
BLACK
6
CONTINUOUS
10
6.4861456692913384
20
-4.7649370078740159
11
6.4261456692913388
21
-4.7649370078740159
0
LINE
8
BLACK
6
CONTINUOUS
10
6.4261456692913388
20
-4.7649370078740159
11
6.4261456692913388
21
-4.7049370078740154
0
LINE
8
BLACK
6
CONTINUOUS
10
6.4261456692913388
20
-4.7049370078740154
11
6.4861456692913384
21
-4.7049370078740154
0
LINE
8
BLACK
6
CONTINUOUS
10
6.4861456692913384
20
-4.7049370078740154
11
6.4861456692913384
21
-4.7649370078740159
0
LINE
8
BLACK
6
CONTINUOUS
10
6.586145669291338
20
-4.7649370078740159
11
6.5261456692913384
21
-4.7649370078740159
0
LINE
8
BLACK
6
CONTINUOUS
10
6.5261456692913384
20
-4.7649370078740159
11
6.5261456692913384
21
-4.7049370078740154
0
LINE
8
BLACK
6
CONTINUOUS
10
6.5261456692913384
20
-4.7049370078740154
11
6.586145669291338
21
-4.7049370078740154
0
LINE
8
BLACK
6
CONTINUOUS
10
6.586145669291338
20
-4.7049370078740154
11
6.586145669291338
21
-4.7649370078740159
0
LINE
8
BLACK
6
CONTINUOUS
10
6.1251719685039365
20
-4.7389768503937004
11
6.1264492519685039
21
-4.7398302755905508
0
LINE
8
BLACK
6
CONTINUOUS
10
6.1264492519685039
20
-4.7398302755905508
11
6.1273026771653543
21
-4.7411075590551182
0
LINE
8
BLACK
6
CONTINUOUS
10
6.1273026771653543
20
-4.7411075590551182
11
6.1276023622047244
21
-4.742614173228346
0
LINE
8
BLACK
6
CONTINUOUS
10
6.1276023622047244
20
-4.742614173228346
11
6.1276023622047244
21
-4.7504881889763775
0
LINE
8
BLACK
6
CONTINUOUS
10
6.1276023622047244
20
-4.7504881889763775
11
6.1273026771653543
21
-4.7519948031496062
0
LINE
8
BLACK
6
CONTINUOUS
10
6.1273026771653543
20
-4.7519948031496062
11
6.1264492519685039
21
-4.7532720866141736
0
LINE
8
BLACK
6
CONTINUOUS
10
6.1264492519685039
20
-4.7532720866141736
11
6.1251719685039365
21
-4.7541255118110239
0
LINE
8
BLACK
6
CONTINUOUS
10
6.1251719685039365
20
-4.7541255118110239
11
6.1236653543307087
21
-4.7544251968503932
0
LINE
8
BLACK
6
CONTINUOUS
10
6.1236653543307087
20
-4.7544251968503932
11
6.0734685039370078
21
-4.7544251968503932
0
LINE
8
BLACK
6
CONTINUOUS
10
6.0734685039370078
20
-4.7544251968503932
11
6.071961889763779
21
-4.7541255118110239
0
LINE
8
BLACK
6
CONTINUOUS
10
6.071961889763779
20
-4.7541255118110239
11
6.0706846062992126
21
-4.7532720866141736
0
LINE
8
BLACK
6
CONTINUOUS
10
6.0706846062992126
20
-4.7532720866141736
11
6.0698311811023622
21
-4.7519948031496062
0
LINE
8
BLACK
6
CONTINUOUS
10
6.0698311811023622
20
-4.7519948031496062
11
6.069531496062992
21
-4.7504881889763775
0
LINE
8
BLACK
6
CONTINUOUS
10
6.069531496062992
20
-4.7504881889763775
11
6.069531496062992
21
-4.742614173228346
0
LINE
8
BLACK
6
CONTINUOUS
10
6.069531496062992
20
-4.742614173228346
11
6.0698311811023622
21
-4.7411075590551182
0
LINE
8
BLACK
6
CONTINUOUS
10
6.0698311811023622
20
-4.7411075590551182
11
6.0706846062992126
21
-4.7398302755905508
0
LINE
8
BLACK
6
CONTINUOUS
10
6.0706846062992126
20
-4.7398302755905508
11
6.071961889763779
21
-4.7389768503937004
0
LINE
8
BLACK
6
CONTINUOUS
10
6.071961889763779
20
-4.7389768503937004
11
6.0734685039370078
21
-4.7386771653543303
0
LINE
8
BLACK
6
CONTINUOUS
10
6.0734685039370078
20
-4.7386771653543303
11
6.1236653543307087
21
-4.7386771653543303
0
LINE
8
BLACK
6
CONTINUOUS
10
6.1236653543307087
20
-4.7386771653543303
11
6.1251719685039365
21
-4.7389768503937004
0
LINE
8
BLACK
6
CONTINUOUS
10
6.3505656692913384
20
-4.7389768503937004
11
6.3518429527559057
21
-4.7398302755905508
0
LINE
8
BLACK
6
CONTINUOUS
10
6.3518429527559057
20
-4.7398302755905508
11
6.3526963779527561
21
-4.7411075590551182
0
LINE
8
BLACK
6
CONTINUOUS
10
6.3526963779527561
20
-4.7411075590551182
11
6.3529960629921263
21
-4.742614173228346
0
LINE
8
BLACK
6
CONTINUOUS
10
6.3529960629921263
20
-4.742614173228346
11
6.3529960629921263
21
-4.7504881889763775
0
LINE
8
BLACK
6
CONTINUOUS
10
6.3529960629921263
20
-4.7504881889763775
11
6.3526963779527561
21
-4.7519948031496062
0
LINE
8
BLACK
6
CONTINUOUS
10
6.3526963779527561
20
-4.7519948031496062
11
6.3518429527559057
21
-4.7532720866141736
0
LINE
8
BLACK
6
CONTINUOUS
10
6.3518429527559057
20
-4.7532720866141736
11
6.3505656692913384
21
-4.7541255118110239
0
LINE
8
BLACK
6
CONTINUOUS
10
6.3505656692913384
20
-4.7541255118110239
11
6.3490590551181105
21
-4.7544251968503932
0
LINE
8
BLACK
6
CONTINUOUS
10
6.3490590551181105
20
-4.7544251968503932
11
6.2988622047244096
21
-4.7544251968503932
0
LINE
8
BLACK
6
CONTINUOUS
10
6.2988622047244096
20
-4.7544251968503932
11
6.2973555905511809
21
-4.7541255118110239
0
LINE
8
BLACK
6
CONTINUOUS
10
6.2973555905511809
20
-4.7541255118110239
11
6.2960783070866144
21
-4.7532720866141736
0
LINE
8
BLACK
6
CONTINUOUS
10
6.2960783070866144
20
-4.7532720866141736
11
6.295224881889764
21
-4.7519948031496062
0
LINE
8
BLACK
6
CONTINUOUS
10
6.295224881889764
20
-4.7519948031496062
11
6.2949251968503939
21
-4.7504881889763775
0
LINE
8
BLACK
6
CONTINUOUS
10
6.2949251968503939
20
-4.7504881889763775
11
6.2949251968503939
21
-4.742614173228346
0
LINE
8
BLACK
6
CONTINUOUS
10
6.2949251968503939
20
-4.742614173228346
11
6.295224881889764
21
-4.7411075590551182
0
LINE
8
BLACK
6
CONTINUOUS
10
6.295224881889764
20
-4.7411075590551182
11
6.2960783070866144
21
-4.7398302755905508
0
LINE
8
BLACK
6
CONTINUOUS
10
6.2960783070866144
20
-4.7398302755905508
11
6.2973555905511809
21
-4.7389768503937004
0
LINE
8
BLACK
6
CONTINUOUS
10
6.2973555905511809
20
-4.7389768503937004
11
6.2988622047244096
21
-4.7386771653543303
0
LINE
8
BLACK
6
CONTINUOUS
10
6.2988622047244096
20
-4.7386771653543303
11
6.3490590551181105
21
-4.7386771653543303
0
LINE
8
BLACK
6
CONTINUOUS
10
6.3490590551181105
20
-4.7386771653543303
11
6.3505656692913384
21
-4.7389768503937004
0
LINE
8
BLACK
6
CONTINUOUS
10
6.1251719685039365
20
-4.7133862992125986
11
6.1264492519685039
21
-4.7142397244094489
0
LINE
8
BLACK
6
CONTINUOUS
10
6.1264492519685039
20
-4.7142397244094489
11
6.1273026771653543
21
-4.7155170078740154
0
LINE
8
BLACK
6
CONTINUOUS
10
6.1273026771653543
20
-4.7155170078740154
11
6.1276023622047244
21
-4.7170236220472441
0
LINE
8
BLACK
6
CONTINUOUS
10
6.1276023622047244
20
-4.7170236220472441
11
6.1276023622047244
21
-4.7248976377952756
0
LINE
8
BLACK
6
CONTINUOUS
10
6.1276023622047244
20
-4.7248976377952756
11
6.1273026771653543
21
-4.7264042519685034
0
LINE
8
BLACK
6
CONTINUOUS
10
6.1273026771653543
20
-4.7264042519685034
11
6.1264492519685039
21
-4.7276815354330708
0
LINE
8
BLACK
6
CONTINUOUS
10
6.1264492519685039
20
-4.7276815354330708
11
6.1251719685039365
21
-4.7285349606299212
0
LINE
8
BLACK
6
CONTINUOUS
10
6.1251719685039365
20
-4.7285349606299212
11
6.1236653543307087
21
-4.7288346456692913
0
LINE
8
BLACK
6
CONTINUOUS
10
6.1236653543307087
20
-4.7288346456692913
11
6.0734685039370078
21
-4.7288346456692913
0
LINE
8
BLACK
6
CONTINUOUS
10
6.0734685039370078
20
-4.7288346456692913
11
6.071961889763779
21
-4.7285349606299212
0
LINE
8
BLACK
6
CONTINUOUS
10
6.071961889763779
20
-4.7285349606299212
11
6.0706846062992126
21
-4.7276815354330708
0
LINE
8
BLACK
6
CONTINUOUS
10
6.0706846062992126
20
-4.7276815354330708
11
6.0698311811023622
21
-4.7264042519685034
0
LINE
8
BLACK
6
CONTINUOUS
10
6.0698311811023622
20
-4.7264042519685034
11
6.069531496062992
21
-4.7248976377952756
0
LINE
8
BLACK
6
CONTINUOUS
10
6.069531496062992
20
-4.7248976377952756
11
6.069531496062992
21
-4.7170236220472441
0
LINE
8
BLACK
6
CONTINUOUS
10
6.069531496062992
20
-4.7170236220472441
11
6.0698311811023622
21
-4.7155170078740154
0
LINE
8
BLACK
6
CONTINUOUS
10
6.0698311811023622
20
-4.7155170078740154
11
6.0706846062992126
21
-4.7142397244094489
0
LINE
8
BLACK
6
CONTINUOUS
10
6.0706846062992126
20
-4.7142397244094489
11
6.071961889763779
21
-4.7133862992125986
0
LINE
8
BLACK
6
CONTINUOUS
10
6.071961889763779
20
-4.7133862992125986
11
6.0734685039370078
21
-4.7130866141732284
0
LINE
8
BLACK
6
CONTINUOUS
10
6.0734685039370078
20
-4.7130866141732284
11
6.1236653543307087
21
-4.7130866141732284
0
LINE
8
BLACK
6
CONTINUOUS
10
6.1236653543307087
20
-4.7130866141732284
11
6.1251719685039365
21
-4.7133862992125986
0
LINE
8
BLACK
6
CONTINUOUS
10
6.3505656692913384
20
-4.7133862992125986
11
6.3518429527559057
21
-4.7142397244094489
0
LINE
8
BLACK
6
CONTINUOUS
10
6.3518429527559057
20
-4.7142397244094489
11
6.3526963779527561
21
-4.7155170078740154
0
LINE
8
BLACK
6
CONTINUOUS
10
6.3526963779527561
20
-4.7155170078740154
11
6.3529960629921263
21
-4.7170236220472441
0
LINE
8
BLACK
6
CONTINUOUS
10
6.3529960629921263
20
-4.7170236220472441
11
6.3529960629921263
21
-4.7248976377952756
0
LINE
8
BLACK
6
CONTINUOUS
10
6.3529960629921263
20
-4.7248976377952756
11
6.3526963779527561
21
-4.7264042519685034
0
LINE
8
BLACK
6
CONTINUOUS
10
6.3526963779527561
20
-4.7264042519685034
11
6.3518429527559057
21
-4.7276815354330708
0
LINE
8
BLACK
6
CONTINUOUS
10
6.3518429527559057
20
-4.7276815354330708
11
6.3505656692913384
21
-4.7285349606299212
0
LINE
8
BLACK
6
CONTINUOUS
10
6.3505656692913384
20
-4.7285349606299212
11
6.3490590551181105
21
-4.7288346456692913
0
LINE
8
BLACK
6
CONTINUOUS
10
6.3490590551181105
20
-4.7288346456692913
11
6.2988622047244096
21
-4.7288346456692913
0
LINE
8
BLACK
6
CONTINUOUS
10
6.2988622047244096
20
-4.7288346456692913
11
6.2973555905511809
21
-4.7285349606299212
0
LINE
8
BLACK
6
CONTINUOUS
10
6.2973555905511809
20
-4.7285349606299212
11
6.2960783070866144
21
-4.7276815354330708
0
LINE
8
BLACK
6
CONTINUOUS
10
6.2960783070866144
20
-4.7276815354330708
11
6.295224881889764
21
-4.7264042519685034
0
LINE
8
BLACK
6
CONTINUOUS
10
6.295224881889764
20
-4.7264042519685034
11
6.2949251968503939
21
-4.7248976377952756
0
LINE
8
BLACK
6
CONTINUOUS
10
6.2949251968503939
20
-4.7248976377952756
11
6.2949251968503939
21
-4.7170236220472441
0
LINE
8
BLACK
6
CONTINUOUS
10
6.2949251968503939
20
-4.7170236220472441
11
6.295224881889764
21
-4.7155170078740154
0
LINE
8
BLACK
6
CONTINUOUS
10
6.295224881889764
20
-4.7155170078740154
11
6.2960783070866144
21
-4.7142397244094489
0
LINE
8
BLACK
6
CONTINUOUS
10
6.2960783070866144
20
-4.7142397244094489
11
6.2973555905511809
21
-4.7133862992125986
0
LINE
8
BLACK
6
CONTINUOUS
10
6.2973555905511809
20
-4.7133862992125986
11
6.2988622047244096
21
-4.7130866141732284
0
LINE
8
BLACK
6
CONTINUOUS
10
6.2988622047244096
20
-4.7130866141732284
11
6.3490590551181105
21
-4.7130866141732284
0
LINE
8
BLACK
6
CONTINUOUS
10
6.3490590551181105
20
-4.7130866141732284
11
6.3505656692913384
21
-4.7133862992125986
0
LINE
8
BLACK
6
CONTINUOUS
10
6.1251719685039365
20
-4.6877957480314958
11
6.1264492519685039
21
-4.6886491732283462
0
LINE
8
BLACK
6
CONTINUOUS
10
6.1264492519685039
20
-4.6886491732283462
11
6.1273026771653543
21
-4.6899264566929135
0
LINE
8
BLACK
6
CONTINUOUS
10
6.1273026771653543
20
-4.6899264566929135
11
6.1276023622047244
21
-4.6914330708661414
0
LINE
8
BLACK
6
CONTINUOUS
10
6.1276023622047244
20
-4.6914330708661414
11
6.1276023622047244
21
-4.6993070866141728
0
LINE
8
BLACK
6
CONTINUOUS
10
6.1276023622047244
20
-4.6993070866141728
11
6.1273026771653543
21
-4.7008137007874016
0
LINE
8
BLACK
6
CONTINUOUS
10
6.1273026771653543
20
-4.7008137007874016
11
6.1264492519685039
21
-4.702090984251968
0
LINE
8
BLACK
6
CONTINUOUS
10
6.1264492519685039
20
-4.702090984251968
11
6.1251719685039365
21
-4.7029444094488184
0
LINE
8
BLACK
6
CONTINUOUS
10
6.1251719685039365
20
-4.7029444094488184
11
6.1236653543307087
21
-4.7032440944881886
0
LINE
8
BLACK
6
CONTINUOUS
10
6.1236653543307087
20
-4.7032440944881886
11
6.0734685039370078
21
-4.7032440944881886
0
LINE
8
BLACK
6
CONTINUOUS
10
6.0734685039370078
20
-4.7032440944881886
11
6.071961889763779
21
-4.7029444094488184
0
LINE
8
BLACK
6
CONTINUOUS
10
6.071961889763779
20
-4.7029444094488184
11
6.0706846062992126
21
-4.702090984251968
0
LINE
8
BLACK
6
CONTINUOUS
10
6.0706846062992126
20
-4.702090984251968
11
6.0698311811023622
21
-4.7008137007874016
0
LINE
8
BLACK
6
CONTINUOUS
10
6.0698311811023622
20
-4.7008137007874016
11
6.069531496062992
21
-4.6993070866141728
0
LINE
8
BLACK
6
CONTINUOUS
10
6.069531496062992
20
-4.6993070866141728
11
6.069531496062992
21
-4.6914330708661414
0
LINE
8
BLACK
6
CONTINUOUS
10
6.069531496062992
20
-4.6914330708661414
11
6.0698311811023622
21
-4.6899264566929135
0
LINE
8
BLACK
6
CONTINUOUS
10
6.0698311811023622
20
-4.6899264566929135
11
6.0706846062992126
21
-4.6886491732283462
0
LINE
8
BLACK
6
CONTINUOUS
10
6.0706846062992126
20
-4.6886491732283462
11
6.071961889763779
21
-4.6877957480314958
0
LINE
8
BLACK
6
CONTINUOUS
10
6.071961889763779
20
-4.6877957480314958
11
6.0734685039370078
21
-4.6874960629921256
0
LINE
8
BLACK
6
CONTINUOUS
10
6.0734685039370078
20
-4.6874960629921256
11
6.1236653543307087
21
-4.6874960629921256
0
LINE
8
BLACK
6
CONTINUOUS
10
6.1236653543307087
20
-4.6874960629921256
11
6.1251719685039365
21
-4.6877957480314958
0
LINE
8
BLACK
6
CONTINUOUS
10
6.3505656692913384
20
-4.6877957480314958
11
6.3518429527559057
21
-4.6886491732283462
0
LINE
8
BLACK
6
CONTINUOUS
10
6.3518429527559057
20
-4.6886491732283462
11
6.3526963779527561
21
-4.6899264566929135
0
LINE
8
BLACK
6
CONTINUOUS
10
6.3526963779527561
20
-4.6899264566929135
11
6.3529960629921263
21
-4.6914330708661414
0
LINE
8
BLACK
6
CONTINUOUS
10
6.3529960629921263
20
-4.6914330708661414
11
6.3529960629921263
21
-4.6993070866141728
0
LINE
8
BLACK
6
CONTINUOUS
10
6.3529960629921263
20
-4.6993070866141728
11
6.3526963779527561
21
-4.7008137007874016
0
LINE
8
BLACK
6
CONTINUOUS
10
6.3526963779527561
20
-4.7008137007874016
11
6.3518429527559057
21
-4.702090984251968
0
LINE
8
BLACK
6
CONTINUOUS
10
6.3518429527559057
20
-4.702090984251968
11
6.3505656692913384
21
-4.7029444094488184
0
LINE
8
BLACK
6
CONTINUOUS
10
6.3505656692913384
20
-4.7029444094488184
11
6.3490590551181105
21
-4.7032440944881886
0
LINE
8
BLACK
6
CONTINUOUS
10
6.3490590551181105
20
-4.7032440944881886
11
6.2988622047244096
21
-4.7032440944881886
0
LINE
8
BLACK
6
CONTINUOUS
10
6.2988622047244096
20
-4.7032440944881886
11
6.2973555905511809
21
-4.7029444094488184
0
LINE
8
BLACK
6
CONTINUOUS
10
6.2973555905511809
20
-4.7029444094488184
11
6.2960783070866144
21
-4.702090984251968
0
LINE
8
BLACK
6
CONTINUOUS
10
6.2960783070866144
20
-4.702090984251968
11
6.295224881889764
21
-4.7008137007874016
0
LINE
8
BLACK
6
CONTINUOUS
10
6.295224881889764
20
-4.7008137007874016
11
6.2949251968503939
21
-4.6993070866141728
0
LINE
8
BLACK
6
CONTINUOUS
10
6.2949251968503939
20
-4.6993070866141728
11
6.2949251968503939
21
-4.6914330708661414
0
LINE
8
BLACK
6
CONTINUOUS
10
6.2949251968503939
20
-4.6914330708661414
11
6.295224881889764
21
-4.6899264566929135
0
LINE
8
BLACK
6
CONTINUOUS
10
6.295224881889764
20
-4.6899264566929135
11
6.2960783070866144
21
-4.6886491732283462
0
LINE
8
BLACK
6
CONTINUOUS
10
6.2960783070866144
20
-4.6886491732283462
11
6.2973555905511809
21
-4.6877957480314958
0
LINE
8
BLACK
6
CONTINUOUS
10
6.2973555905511809
20
-4.6877957480314958
11
6.2988622047244096
21
-4.6874960629921256
0
LINE
8
BLACK
6
CONTINUOUS
10
6.2988622047244096
20
-4.6874960629921256
11
6.3490590551181105
21
-4.6874960629921256
0
LINE
8
BLACK
6
CONTINUOUS
10
6.3490590551181105
20
-4.6874960629921256
11
6.3505656692913384
21
-4.6877957480314958
0
LINE
8
BLACK
6
CONTINUOUS
10
5.1323702362204724
20
-4.6425010629921255
11
5.1352440551181102
21
-4.6444212992125982
0
LINE
8
BLACK
6
CONTINUOUS
10
5.1352440551181102
20
-4.6444212992125982
11
5.1371642913385829
21
-4.647295118110236
0
LINE
8
BLACK
6
CONTINUOUS
10
5.1371642913385829
20
-4.647295118110236
11
5.1378385826771655
21
-4.6506850393700789
0
LINE
8
BLACK
6
CONTINUOUS
10
5.1378385826771655
20
-4.6506850393700789
11
5.1378385826771655
21
-4.6703700787401576
0
LINE
8
BLACK
6
CONTINUOUS
10
5.1378385826771655
20
-4.6703700787401576
11
5.1371642913385829
21
-4.6737599999999997
0
LINE
8
BLACK
6
CONTINUOUS
10
5.1371642913385829
20
-4.6737599999999997
11
5.1352440551181102
21
-4.6766338188976375
0
LINE
8
BLACK
6
CONTINUOUS
10
5.1352440551181102
20
-4.6766338188976375
11
5.1323702362204724
21
-4.6785540551181102
0
LINE
8
BLACK
6
CONTINUOUS
10
5.1323702362204724
20
-4.6785540551181102
11
5.1289803149606294
21
-4.6792283464566928
0
LINE
8
BLACK
6
CONTINUOUS
10
5.1289803149606294
20
-4.6792283464566928
11
5.1112637795275591
21
-4.6792283464566928
0
LINE
8
BLACK
6
CONTINUOUS
10
5.1112637795275591
20
-4.6792283464566928
11
5.1078738582677161
21
-4.6785540551181102
0
LINE
8
BLACK
6
CONTINUOUS
10
5.1078738582677161
20
-4.6785540551181102
11
5.1050000393700783
21
-4.6766338188976375
0
LINE
8
BLACK
6
CONTINUOUS
10
5.1050000393700783
20
-4.6766338188976375
11
5.1030798031496065
21
-4.6737599999999997
0
LINE
8
BLACK
6
CONTINUOUS
10
5.1030798031496065
20
-4.6737599999999997
11
5.1024055118110239
21
-4.6703700787401576
0
LINE
8
BLACK
6
CONTINUOUS
10
5.1024055118110239
20
-4.6703700787401576
11
5.1024055118110239
21
-4.6506850393700789
0
LINE
8
BLACK
6
CONTINUOUS
10
5.1024055118110239
20
-4.6506850393700789
11
5.1030798031496065
21
-4.647295118110236
0
LINE
8
BLACK
6
CONTINUOUS
10
5.1030798031496065
20
-4.647295118110236
11
5.1050000393700783
21
-4.6444212992125982
0
LINE
8
BLACK
6
CONTINUOUS
10
5.1050000393700783
20
-4.6444212992125982
11
5.1078738582677161
21
-4.6425010629921255
0
LINE
8
BLACK
6
CONTINUOUS
10
5.1078738582677161
20
-4.6425010629921255
11
5.1112637795275591
21
-4.6418267716535428
0
LINE
8
BLACK
6
CONTINUOUS
10
5.1112637795275591
20
-4.6418267716535428
11
5.1289803149606294
21
-4.6418267716535428
0
LINE
8
BLACK
6
CONTINUOUS
10
5.1289803149606294
20
-4.6418267716535428
11
5.1323702362204724
21
-4.6425010629921255
0
LINE
8
BLACK
6
CONTINUOUS
10
5.1933938582677168
20
-4.6425010629921255
11
5.1962676771653546
21
-4.6444212992125982
0
LINE
8
BLACK
6
CONTINUOUS
10
5.1962676771653546
20
-4.6444212992125982
11
5.1981879133858264
21
-4.647295118110236
0
LINE
8
BLACK
6
CONTINUOUS
10
5.1981879133858264
20
-4.647295118110236
11
5.1988622047244091
21
-4.6506850393700789
0
LINE
8
BLACK
6
CONTINUOUS
10
5.1988622047244091
20
-4.6506850393700789
11
5.1988622047244091
21
-4.6703700787401576
0
LINE
8
BLACK
6
CONTINUOUS
10
5.1988622047244091
20
-4.6703700787401576
11
5.1981879133858264
21
-4.6737599999999997
0
LINE
8
BLACK
6
CONTINUOUS
10
5.1981879133858264
20
-4.6737599999999997
11
5.1962676771653546
21
-4.6766338188976375
0
LINE
8
BLACK
6
CONTINUOUS
10
5.1962676771653546
20
-4.6766338188976375
11
5.1933938582677168
21
-4.6785540551181102
0
LINE
8
BLACK
6
CONTINUOUS
10
5.1933938582677168
20
-4.6785540551181102
11
5.1900039370078739
21
-4.6792283464566928
0
LINE
8
BLACK
6
CONTINUOUS
10
5.1900039370078739
20
-4.6792283464566928
11
5.1722874015748026
21
-4.6792283464566928
0
LINE
8
BLACK
6
CONTINUOUS
10
5.1722874015748026
20
-4.6792283464566928
11
5.1688974803149605
21
-4.6785540551181102
0
LINE
8
BLACK
6
CONTINUOUS
10
5.1688974803149605
20
-4.6785540551181102
11
5.1660236614173227
21
-4.6766338188976375
0
LINE
8
BLACK
6
CONTINUOUS
10
5.1660236614173227
20
-4.6766338188976375
11
5.1641034251968501
21
-4.6737599999999997
0
LINE
8
BLACK
6
CONTINUOUS
10
5.1641034251968501
20
-4.6737599999999997
11
5.1634291338582674
21
-4.6703700787401576
0
LINE
8
BLACK
6
CONTINUOUS
10
5.1634291338582674
20
-4.6703700787401576
11
5.1634291338582674
21
-4.6506850393700789
0
LINE
8
BLACK
6
CONTINUOUS
10
5.1634291338582674
20
-4.6506850393700789
11
5.1641034251968501
21
-4.647295118110236
0
LINE
8
BLACK
6
CONTINUOUS
10
5.1641034251968501
20
-4.647295118110236
11
5.1660236614173227
21
-4.6444212992125982
0
LINE
8
BLACK
6
CONTINUOUS
10
5.1660236614173227
20
-4.6444212992125982
11
5.1688974803149605
21
-4.6425010629921255
0
LINE
8
BLACK
6
CONTINUOUS
10
5.1688974803149605
20
-4.6425010629921255
11
5.1722874015748026
21
-4.6418267716535428
0
LINE
8
BLACK
6
CONTINUOUS
10
5.1722874015748026
20
-4.6418267716535428
11
5.1900039370078739
21
-4.6418267716535428
0
LINE
8
BLACK
6
CONTINUOUS
10
5.1900039370078739
20
-4.6418267716535428
11
5.1933938582677168
21
-4.6425010629921255
0
LINE
8
BLACK
6
CONTINUOUS
10
5.2902442519685042
20
-4.6425010629921255
11
5.2931180708661421
21
-4.6444212992125982
0
LINE
8
BLACK
6
CONTINUOUS
10
5.2931180708661421
20
-4.6444212992125982
11
5.2950383070866138
21
-4.647295118110236
0
LINE
8
BLACK
6
CONTINUOUS
10
5.2950383070866138
20
-4.647295118110236
11
5.2957125984251965
21
-4.6506850393700789
0
LINE
8
BLACK
6
CONTINUOUS
10
5.2957125984251965
20
-4.6506850393700789
11
5.2957125984251965
21
-4.6703700787401576
0
LINE
8
BLACK
6
CONTINUOUS
10
5.2957125984251965
20
-4.6703700787401576
11
5.2950383070866138
21
-4.6737599999999997
0
LINE
8
BLACK
6
CONTINUOUS
10
5.2950383070866138
20
-4.6737599999999997
11
5.2931180708661421
21
-4.6766338188976375
0
LINE
8
BLACK
6
CONTINUOUS
10
5.2931180708661421
20
-4.6766338188976375
11
5.2902442519685042
21
-4.6785540551181102
0
LINE
8
BLACK
6
CONTINUOUS
10
5.2902442519685042
20
-4.6785540551181102
11
5.2868543307086613
21
-4.6792283464566928
0
LINE
8
BLACK
6
CONTINUOUS
10
5.2868543307086613
20
-4.6792283464566928
11
5.26913779527559
21
-4.6792283464566928
0
LINE
8
BLACK
6
CONTINUOUS
10
5.26913779527559
20
-4.6792283464566928
11
5.265747874015748
21
-4.6785540551181102
0
LINE
8
BLACK
6
CONTINUOUS
10
5.265747874015748
20
-4.6785540551181102
11
5.2628740551181101
21
-4.6766338188976375
0
LINE
8
BLACK
6
CONTINUOUS
10
5.2628740551181101
20
-4.6766338188976375
11
5.2609538188976375
21
-4.6737599999999997
0
LINE
8
BLACK
6
CONTINUOUS
10
5.2609538188976375
20
-4.6737599999999997
11
5.2602795275590548
21
-4.6703700787401576
0
LINE
8
BLACK
6
CONTINUOUS
10
5.2602795275590548
20
-4.6703700787401576
11
5.2602795275590548
21
-4.6506850393700789
0
LINE
8
BLACK
6
CONTINUOUS
10
5.2602795275590548
20
-4.6506850393700789
11
5.2609538188976375
21
-4.647295118110236
0
LINE
8
BLACK
6
CONTINUOUS
10
5.2609538188976375
20
-4.647295118110236
11
5.2628740551181101
21
-4.6444212992125982
0
LINE
8
BLACK
6
CONTINUOUS
10
5.2628740551181101
20
-4.6444212992125982
11
5.265747874015748
21
-4.6425010629921255
0
LINE
8
BLACK
6
CONTINUOUS
10
5.265747874015748
20
-4.6425010629921255
11
5.26913779527559
21
-4.6418267716535428
0
LINE
8
BLACK
6
CONTINUOUS
10
5.26913779527559
20
-4.6418267716535428
11
5.2868543307086613
21
-4.6418267716535428
0
LINE
8
BLACK
6
CONTINUOUS
10
5.2868543307086613
20
-4.6418267716535428
11
5.2902442519685042
21
-4.6425010629921255
0
LINE
8
BLACK
6
CONTINUOUS
10
5.3512678740157478
20
-4.6425010629921255
11
5.3541416929133856
21
-4.6444212992125982
0
LINE
8
BLACK
6
CONTINUOUS
10
5.3541416929133856
20
-4.6444212992125982
11
5.3560619291338583
21
-4.647295118110236
0
LINE
8
BLACK
6
CONTINUOUS
10
5.3560619291338583
20
-4.647295118110236
11
5.3567362204724409
21
-4.6506850393700789
0
LINE
8
BLACK
6
CONTINUOUS
10
5.3567362204724409
20
-4.6506850393700789
11
5.3567362204724409
21
-4.6703700787401576
0
LINE
8
BLACK
6
CONTINUOUS
10
5.3567362204724409
20
-4.6703700787401576
11
5.3560619291338583
21
-4.6737599999999997
0
LINE
8
BLACK
6
CONTINUOUS
10
5.3560619291338583
20
-4.6737599999999997
11
5.3541416929133856
21
-4.6766338188976375
0
LINE
8
BLACK
6
CONTINUOUS
10
5.3541416929133856
20
-4.6766338188976375
11
5.3512678740157478
21
-4.6785540551181102
0
LINE
8
BLACK
6
CONTINUOUS
10
5.3512678740157478
20
-4.6785540551181102
11
5.3478779527559057
21
-4.6792283464566928
0
LINE
8
BLACK
6
CONTINUOUS
10
5.3478779527559057
20
-4.6792283464566928
11
5.3301614173228344
21
-4.6792283464566928
0
LINE
8
BLACK
6
CONTINUOUS
10
5.3301614173228344
20
-4.6792283464566928
11
5.3267714960629924
21
-4.6785540551181102
0
LINE
8
BLACK
6
CONTINUOUS
10
5.3267714960629924
20
-4.6785540551181102
11
5.3238976771653546
21
-4.6766338188976375
0
LINE
8
BLACK
6
CONTINUOUS
10
5.3238976771653546
20
-4.6766338188976375
11
5.3219774409448819
21
-4.6737599999999997
0
LINE
8
BLACK
6
CONTINUOUS
10
5.3219774409448819
20
-4.6737599999999997
11
5.3213031496062992
21
-4.6703700787401576
0
LINE
8
BLACK
6
CONTINUOUS
10
5.3213031496062992
20
-4.6703700787401576
11
5.3213031496062992
21
-4.6506850393700789
0
LINE
8
BLACK
6
CONTINUOUS
10
5.3213031496062992
20
-4.6506850393700789
11
5.3219774409448819
21
-4.647295118110236
0
LINE
8
BLACK
6
CONTINUOUS
10
5.3219774409448819
20
-4.647295118110236
11
5.3238976771653546
21
-4.6444212992125982
0
LINE
8
BLACK
6
CONTINUOUS
10
5.3238976771653546
20
-4.6444212992125982
11
5.3267714960629924
21
-4.6425010629921255
0
LINE
8
BLACK
6
CONTINUOUS
10
5.3267714960629924
20
-4.6425010629921255
11
5.3301614173228344
21
-4.6418267716535428
0
LINE
8
BLACK
6
CONTINUOUS
10
5.3301614173228344
20
-4.6418267716535428
11
5.3478779527559057
21
-4.6418267716535428
0
LINE
8
BLACK
6
CONTINUOUS
10
5.3478779527559057
20
-4.6418267716535428
11
5.3512678740157478
21
-4.6425010629921255
0
LINE
8
BLACK
6
CONTINUOUS
10
5.4447888582677164
20
-4.6424261417322832
11
5.4473433464566927
21
-4.6441330314960627
0
LINE
8
BLACK
6
CONTINUOUS
10
5.4473433464566927
20
-4.6441330314960627
11
5.4490502362204722
21
-4.646687519685039
0
LINE
8
BLACK
6
CONTINUOUS
10
5.4490502362204722
20
-4.646687519685039
11
5.4496496062992126
21
-4.6497007874015743
0
LINE
8
BLACK
6
CONTINUOUS
10
5.4496496062992126
20
-4.6497007874015743
11
5.4496496062992126
21
-4.6713543307086614
0
LINE
8
BLACK
6
CONTINUOUS
10
5.4496496062992126
20
-4.6713543307086614
11
5.4490502362204722
21
-4.6743675984251967
0
LINE
8
BLACK
6
CONTINUOUS
10
5.4490502362204722
20
-4.6743675984251967
11
5.4473433464566927
21
-4.676922086614173
0
LINE
8
BLACK
6
CONTINUOUS
10
5.4473433464566927
20
-4.676922086614173
11
5.4447888582677164
21
-4.6786289763779525
0
LINE
8
BLACK
6
CONTINUOUS
10
5.4447888582677164
20
-4.6786289763779525
11
5.4417755905511811
21
-4.6792283464566928
0
LINE
8
BLACK
6
CONTINUOUS
10
5.4417755905511811
20
-4.6792283464566928
11
5.4260275590551181
21
-4.6792283464566928
0
LINE
8
BLACK
6
CONTINUOUS
10
5.4260275590551181
20
-4.6792283464566928
11
5.4230142913385828
21
-4.6786289763779525
0
LINE
8
BLACK
6
CONTINUOUS
10
5.4230142913385828
20
-4.6786289763779525
11
5.4204598031496065
21
-4.676922086614173
0
LINE
8
BLACK
6
CONTINUOUS
10
5.4204598031496065
20
-4.676922086614173
11
5.418752913385827
21
-4.6743675984251967
0
LINE
8
BLACK
6
CONTINUOUS
10
5.418752913385827
20
-4.6743675984251967
11
5.4181535433070867
21
-4.6713543307086614
0
LINE
8
BLACK
6
CONTINUOUS
10
5.4181535433070867
20
-4.6713543307086614
11
5.4181535433070867
21
-4.6497007874015743
0
LINE
8
BLACK
6
CONTINUOUS
10
5.4181535433070867
20
-4.6497007874015743
11
5.418752913385827
21
-4.646687519685039
0
LINE
8
BLACK
6
CONTINUOUS
10
5.418752913385827
20
-4.646687519685039
11
5.4204598031496065
21
-4.6441330314960627
0
LINE
8
BLACK
6
CONTINUOUS
10
5.4204598031496065
20
-4.6441330314960627
11
5.4230142913385828
21
-4.6424261417322832
0
LINE
8
BLACK
6
CONTINUOUS
10
5.4230142913385828
20
-4.6424261417322832
11
5.4260275590551181
21
-4.6418267716535428
0
LINE
8
BLACK
6
CONTINUOUS
10
5.4260275590551181
20
-4.6418267716535428
11
5.4417755905511811
21
-4.6418267716535428
0
LINE
8
BLACK
6
CONTINUOUS
10
5.4417755905511811
20
-4.6418267716535428
11
5.4447888582677164
21
-4.6424261417322832
0
LINE
8
BLACK
6
CONTINUOUS
10
5.5097494881889766
20
-4.6424261417322832
11
5.5123039763779529
21
-4.6441330314960627
0
LINE
8
BLACK
6
CONTINUOUS
10
5.5123039763779529
20
-4.6441330314960627
11
5.5140108661417324
21
-4.646687519685039
0
LINE
8
BLACK
6
CONTINUOUS
10
5.5140108661417324
20
-4.646687519685039
11
5.5146102362204727
21
-4.6497007874015743
0
LINE
8
BLACK
6
CONTINUOUS
10
5.5146102362204727
20
-4.6497007874015743
11
5.5146102362204727
21
-4.6713543307086614
0
LINE
8
BLACK
6
CONTINUOUS
10
5.5146102362204727
20
-4.6713543307086614
11
5.5140108661417324
21
-4.6743675984251967
0
LINE
8
BLACK
6
CONTINUOUS
10
5.5140108661417324
20
-4.6743675984251967
11
5.5123039763779529
21
-4.676922086614173
0
LINE
8
BLACK
6
CONTINUOUS
10
5.5123039763779529
20
-4.676922086614173
11
5.5097494881889766
21
-4.6786289763779525
0
LINE
8
BLACK
6
CONTINUOUS
10
5.5097494881889766
20
-4.6786289763779525
11
5.5067362204724404
21
-4.6792283464566928
0
LINE
8
BLACK
6
CONTINUOUS
10
5.5067362204724404
20
-4.6792283464566928
11
5.4909881889763774
21
-4.6792283464566928
0
LINE
8
BLACK
6
CONTINUOUS
10
5.4909881889763774
20
-4.6792283464566928
11
5.4879749212598421
21
-4.6786289763779525
0
LINE
8
BLACK
6
CONTINUOUS
10
5.4879749212598421
20
-4.6786289763779525
11
5.4854204330708658
21
-4.676922086614173
0
LINE
8
BLACK
6
CONTINUOUS
10
5.4854204330708658
20
-4.676922086614173
11
5.4837135433070863
21
-4.6743675984251967
0
LINE
8
BLACK
6
CONTINUOUS
10
5.4837135433070863
20
-4.6743675984251967
11
5.4831141732283459
21
-4.6713543307086614
0
LINE
8
BLACK
6
CONTINUOUS
10
5.4831141732283459
20
-4.6713543307086614
11
5.4831141732283459
21
-4.6497007874015743
0
LINE
8
BLACK
6
CONTINUOUS
10
5.4831141732283459
20
-4.6497007874015743
11
5.4837135433070863
21
-4.646687519685039
0
LINE
8
BLACK
6
CONTINUOUS
10
5.4837135433070863
20
-4.646687519685039
11
5.4854204330708658
21
-4.6441330314960627
0
LINE
8
BLACK
6
CONTINUOUS
10
5.4854204330708658
20
-4.6441330314960627
11
5.4879749212598421
21
-4.6424261417322832
0
LINE
8
BLACK
6
CONTINUOUS
10
5.4879749212598421
20
-4.6424261417322832
11
5.4909881889763774
21
-4.6418267716535428
0
LINE
8
BLACK
6
CONTINUOUS
10
5.4909881889763774
20
-4.6418267716535428
11
5.5067362204724404
21
-4.6418267716535428
0
LINE
8
BLACK
6
CONTINUOUS
10
5.5067362204724404
20
-4.6418267716535428
11
5.5097494881889766
21
-4.6424261417322832
0
LINE
8
BLACK
6
CONTINUOUS
10
5.6957111023622042
20
-4.6424823228346455
11
5.6985051181102362
21
-4.6443492125984251
0
LINE
8
BLACK
6
CONTINUOUS
10
5.6985051181102362
20
-4.6443492125984251
11
5.7003720078740159
21
-4.6471432283464562
0
LINE
8
BLACK
6
CONTINUOUS
10
5.7003720078740159
20
-4.6471432283464562
11
5.7010275590551176
21
-4.650438976377953
0
LINE
8
BLACK
6
CONTINUOUS
10
5.7010275590551176
20
-4.650438976377953
11
5.7010275590551176
21
-4.6706161417322836
0
LINE
8
BLACK
6
CONTINUOUS
10
5.7010275590551176
20
-4.6706161417322836
11
5.7003720078740159
21
-4.6739118897637795
0
LINE
8
BLACK
6
CONTINUOUS
10
5.7003720078740159
20
-4.6739118897637795
11
5.6985051181102362
21
-4.6767059055118105
0
LINE
8
BLACK
6
CONTINUOUS
10
5.6985051181102362
20
-4.6767059055118105
11
5.6957111023622042
21
-4.6785727952755902
0
LINE
8
BLACK
6
CONTINUOUS
10
5.6957111023622042
20
-4.6785727952755902
11
5.6924153543307083
21
-4.6792283464566928
0
LINE
8
BLACK
6
CONTINUOUS
10
5.6924153543307083
20
-4.6792283464566928
11
5.6751909448818898
21
-4.6792283464566928
0
LINE
8
BLACK
6
CONTINUOUS
10
5.6751909448818898
20
-4.6792283464566928
11
5.6718951968503939
21
-4.6785727952755902
0
LINE
8
BLACK
6
CONTINUOUS
10
5.6718951968503939
20
-4.6785727952755902
11
5.6691011811023619
21
-4.6767059055118105
0
LINE
8
BLACK
6
CONTINUOUS
10
5.6691011811023619
20
-4.6767059055118105
11
5.6672342913385823
21
-4.6739118897637795
0
LINE
8
BLACK
6
CONTINUOUS
10
5.6672342913385823
20
-4.6739118897637795
11
5.6665787401574805
21
-4.6706161417322836
0
LINE
8
BLACK
6
CONTINUOUS
10
5.6665787401574805
20
-4.6706161417322836
11
5.6665787401574805
21
-4.650438976377953
0
LINE
8
BLACK
6
CONTINUOUS
10
5.6665787401574805
20
-4.650438976377953
11
5.6672342913385823
21
-4.6471432283464562
0
LINE
8
BLACK
6
CONTINUOUS
10
5.6672342913385823
20
-4.6471432283464562
11
5.6691011811023619
21
-4.6443492125984251
0
LINE
8
BLACK
6
CONTINUOUS
10
5.6691011811023619
20
-4.6443492125984251
11
5.6718951968503939
21
-4.6424823228346455
0
LINE
8
BLACK
6
CONTINUOUS
10
5.6718951968503939
20
-4.6424823228346455
11
5.6751909448818898
21
-4.6418267716535428
0
LINE
8
BLACK
6
CONTINUOUS
10
5.6751909448818898
20
-4.6418267716535428
11
5.6924153543307083
21
-4.6418267716535428
0
LINE
8
BLACK
6
CONTINUOUS
10
5.6924153543307083
20
-4.6418267716535428
11
5.6957111023622042
21
-4.6424823228346455
0
LINE
8
BLACK
6
CONTINUOUS
10
5.7577189763779524
20
-4.6424823228346455
11
5.7605129921259843
21
-4.6443492125984251
0
LINE
8
BLACK
6
CONTINUOUS
10
5.7605129921259843
20
-4.6443492125984251
11
5.762379881889764
21
-4.6471432283464562
0
LINE
8
BLACK
6
CONTINUOUS
10
5.762379881889764
20
-4.6471432283464562
11
5.7630354330708657
21
-4.650438976377953
0
LINE
8
BLACK
6
CONTINUOUS
10
5.7630354330708657
20
-4.650438976377953
11
5.7630354330708657
21
-4.6706161417322836
0
LINE
8
BLACK
6
CONTINUOUS
10
5.7630354330708657
20
-4.6706161417322836
11
5.762379881889764
21
-4.6739118897637795
0
LINE
8
BLACK
6
CONTINUOUS
10
5.762379881889764
20
-4.6739118897637795
11
5.7605129921259843
21
-4.6767059055118105
0
LINE
8
BLACK
6
CONTINUOUS
10
5.7605129921259843
20
-4.6767059055118105
11
5.7577189763779524
21
-4.6785727952755902
0
LINE
8
BLACK
6
CONTINUOUS
10
5.7577189763779524
20
-4.6785727952755902
11
5.7544232283464565
21
-4.6792283464566928
0
LINE
8
BLACK
6
CONTINUOUS
10
5.7544232283464565
20
-4.6792283464566928
11
5.7371988188976379
21
-4.6792283464566928
0
LINE
8
BLACK
6
CONTINUOUS
10
5.7371988188976379
20
-4.6792283464566928
11
5.733903070866142
21
-4.6785727952755902
0
LINE
8
BLACK
6
CONTINUOUS
10
5.733903070866142
20
-4.6785727952755902
11
5.7311090551181101
21
-4.6767059055118105
0
LINE
8
BLACK
6
CONTINUOUS
10
5.7311090551181101
20
-4.6767059055118105
11
5.7292421653543304
21
-4.6739118897637795
0
LINE
8
BLACK
6
CONTINUOUS
10
5.7292421653543304
20
-4.6739118897637795
11
5.7285866141732278
21
-4.6706161417322836
0
LINE
8
BLACK
6
CONTINUOUS
10
5.7285866141732278
20
-4.6706161417322836
11
5.7285866141732278
21
-4.650438976377953
0
LINE
8
BLACK
6
CONTINUOUS
10
5.7285866141732278
20
-4.650438976377953
11
5.7292421653543304
21
-4.6471432283464562
0
LINE
8
BLACK
6
CONTINUOUS
10
5.7292421653543304
20
-4.6471432283464562
11
5.7311090551181101
21
-4.6443492125984251
0
LINE
8
BLACK
6
CONTINUOUS
10
5.7311090551181101
20
-4.6443492125984251
11
5.733903070866142
21
-4.6424823228346455
0
LINE
8
BLACK
6
CONTINUOUS
10
5.733903070866142
20
-4.6424823228346455
11
5.7371988188976379
21
-4.6418267716535428
0
LINE
8
BLACK
6
CONTINUOUS
10
5.7371988188976379
20
-4.6418267716535428
11
5.7544232283464565
21
-4.6418267716535428
0
LINE
8
BLACK
6
CONTINUOUS
10
5.7544232283464565
20
-4.6418267716535428
11
5.7577189763779524
21
-4.6424823228346455
0
LINE
8
BLACK
6
CONTINUOUS
10
5.896381889763779
20
-4.6649370078740153
11
5.8363818897637794
21
-4.6649370078740153
0
LINE
8
BLACK
6
CONTINUOUS
10
5.8363818897637794
20
-4.6649370078740153
11
5.8363818897637794
21
-4.6049370078740157
0
LINE
8
BLACK
6
CONTINUOUS
10
5.8363818897637794
20
-4.6049370078740157
11
5.896381889763779
21
-4.6049370078740157
0
LINE
8
BLACK
6
CONTINUOUS
10
5.896381889763779
20
-4.6049370078740157
11
5.896381889763779
21
-4.6649370078740153
0
LINE
8
BLACK
6
CONTINUOUS
10
5.9963818897637795
20
-4.6649370078740153
11
5.936381889763779
21
-4.6649370078740153
0
LINE
8
BLACK
6
CONTINUOUS
10
5.936381889763779
20
-4.6649370078740153
11
5.936381889763779
21
-4.6049370078740157
0
LINE
8
BLACK
6
CONTINUOUS
10
5.936381889763779
20
-4.6049370078740157
11
5.9963818897637795
21
-4.6049370078740157
0
LINE
8
BLACK
6
CONTINUOUS
10
5.9963818897637795
20
-4.6049370078740157
11
5.9963818897637795
21
-4.6649370078740153
0
LINE
8
BLACK
6
CONTINUOUS
10
6.4861456692913384
20
-4.6649370078740153
11
6.4261456692913388
21
-4.6649370078740153
0
LINE
8
BLACK
6
CONTINUOUS
10
6.4261456692913388
20
-4.6649370078740153
11
6.4261456692913388
21
-4.6049370078740157
0
LINE
8
BLACK
6
CONTINUOUS
10
6.4261456692913388
20
-4.6049370078740157
11
6.4861456692913384
21
-4.6049370078740157
0
LINE
8
BLACK
6
CONTINUOUS
10
6.4861456692913384
20
-4.6049370078740157
11
6.4861456692913384
21
-4.6649370078740153
0
LINE
8
BLACK
6
CONTINUOUS
10
6.586145669291338
20
-4.6649370078740153
11
6.5261456692913384
21
-4.6649370078740153
0
LINE
8
BLACK
6
CONTINUOUS
10
6.5261456692913384
20
-4.6649370078740153
11
6.5261456692913384
21
-4.6049370078740157
0
LINE
8
BLACK
6
CONTINUOUS
10
6.5261456692913384
20
-4.6049370078740157
11
6.586145669291338
21
-4.6049370078740157
0
LINE
8
BLACK
6
CONTINUOUS
10
6.586145669291338
20
-4.6049370078740157
11
6.586145669291338
21
-4.6649370078740153
0
LINE
8
BLACK
6
CONTINUOUS
10
4.952100748031496
20
-4.3718727165354334
11
4.9650136614173226
21
-4.3748199999999997
0
LINE
8
BLACK
6
CONTINUOUS
10
4.9650136614173226
20
-4.3748199999999997
11
4.9775153543307082
21
-4.3791945275590551
0
LINE
8
BLACK
6
CONTINUOUS
10
4.9775153543307082
20
-4.3791945275590551
11
4.9894487007874018
21
-4.384941338582677
0
LINE
8
BLACK
6
CONTINUOUS
10
4.9894487007874018
20
-4.384941338582677
11
5.0006635433070867
21
-4.3919880708661418
0
LINE
8
BLACK
6
CONTINUOUS
10
5.0006635433070867
20
-4.3919880708661418
11
5.0110188976377952
21
-4.4002462204724404
0
LINE
8
BLACK
6
CONTINUOUS
10
5.0110188976377952
20
-4.4002462204724404
11
5.0203844881889763
21
-4.4096118110236215
0
LINE
8
BLACK
6
CONTINUOUS
10
5.0203844881889763
20
-4.4096118110236215
11
5.0286426377952758
21
-4.4199671653543309
0
LINE
8
BLACK
6
CONTINUOUS
10
5.0286426377952758
20
-4.4199671653543309
11
5.0356893700787397
21
-4.4311820078740158
0
LINE
8
BLACK
6
CONTINUOUS
10
5.0356893700787397
20
-4.4311820078740158
11
5.0414361811023625
21
-4.4431153543307085
0
LINE
8
BLACK
6
CONTINUOUS
10
5.0414361811023625
20
-4.4431153543307085
11
5.045810708661417
21
-4.4556170472440941
0
LINE
8
BLACK
6
CONTINUOUS
10
5.045810708661417
20
-4.4556170472440941
11
5.0487579921259842
21
-4.4685299606299216
0
LINE
8
BLACK
6
CONTINUOUS
10
5.0487579921259842
20
-4.4685299606299216
11
5.0502409448818897
21
-4.4816916929133859
0
LINE
8
BLACK
6
CONTINUOUS
10
5.0502409448818897
20
-4.4816916929133859
11
5.0502409448818897
21
-4.4949366535433066
0
LINE
8
BLACK
6
CONTINUOUS
10
5.0502409448818897
20
-4.4949366535433066
11
5.0487579921259842
21
-4.5080983858267718
0
LINE
8
BLACK
6
CONTINUOUS
10
5.0487579921259842
20
-4.5080983858267718
11
5.045810708661417
21
-4.5210112992125984
0
LINE
8
BLACK
6
CONTINUOUS
10
5.045810708661417
20
-4.5210112992125984
11
5.0414361811023625
21
-4.533512992125984
0
LINE
8
BLACK
6
CONTINUOUS
10
5.0414361811023625
20
-4.533512992125984
11
5.0356893700787397
21
-4.5454463385826767
0
LINE
8
BLACK
6
CONTINUOUS
10
5.0356893700787397
20
-4.5454463385826767
11
5.0286426377952758
21
-4.5566611811023625
0
LINE
8
BLACK
6
CONTINUOUS
10
5.0286426377952758
20
-4.5566611811023625
11
5.0203844881889763
21
-4.567016535433071
0
LINE
8
BLACK
6
CONTINUOUS
10
5.0203844881889763
20
-4.567016535433071
11
5.0110188976377952
21
-4.5763821259842521
0
LINE
8
BLACK
6
CONTINUOUS
10
5.0110188976377952
20
-4.5763821259842521
11
5.0006635433070867
21
-4.5846402755905507
0
LINE
8
BLACK
6
CONTINUOUS
10
5.0006635433070867
20
-4.5846402755905507
11
4.9894487007874018
21
-4.5916870078740155
0
LINE
8
BLACK
6
CONTINUOUS
10
4.9894487007874018
20
-4.5916870078740155
11
4.9775153543307082
21
-4.5974338188976374
0
LINE
8
BLACK
6
CONTINUOUS
10
4.9775153543307082
20
-4.5974338188976374
11
4.9650136614173226
21
-4.6018083464566928
0
LINE
8
BLACK
6
CONTINUOUS
10
4.9650136614173226
20
-4.6018083464566928
11
4.952100748031496
21
-4.60475562992126
0
LINE
8
BLACK
6
CONTINUOUS
10
4.952100748031496
20
-4.60475562992126
11
4.9389390157480317
21
-4.6062385826771655
0
LINE
8
BLACK
6
CONTINUOUS
10
4.9389390157480317
20
-4.6062385826771655
11
4.9256940551181101
21
-4.6062385826771655
0
LINE
8
BLACK
6
CONTINUOUS
10
4.9256940551181101
20
-4.6062385826771655
11
4.9125323228346458
21
-4.60475562992126
0
LINE
8
BLACK
6
CONTINUOUS
10
4.9125323228346458
20
-4.60475562992126
11
4.8996194094488184
21
-4.6018083464566928
0
LINE
8
BLACK
6
CONTINUOUS
10
4.8996194094488184
20
-4.6018083464566928
11
4.8871177165354327
21
-4.5974338188976374
0
LINE
8
BLACK
6
CONTINUOUS
10
4.8871177165354327
20
-4.5974338188976374
11
4.8751843700787401
21
-4.5916870078740155
0
LINE
8
BLACK
6
CONTINUOUS
10
4.8751843700787401
20
-4.5916870078740155
11
4.8639695275590551
21
-4.5846402755905507
0
LINE
8
BLACK
6
CONTINUOUS
10
4.8639695275590551
20
-4.5846402755905507
11
4.8536141732283467
21
-4.5763821259842521
0
LINE
8
BLACK
6
CONTINUOUS
10
4.8536141732283467
20
-4.5763821259842521
11
4.8442485826771655
21
-4.567016535433071
0
LINE
8
BLACK
6
CONTINUOUS
10
4.8442485826771655
20
-4.567016535433071
11
4.8359904330708661
21
-4.5566611811023625
0
LINE
8
BLACK
6
CONTINUOUS
10
4.8359904330708661
20
-4.5566611811023625
11
4.8289437007874012
21
-4.5454463385826767
0
LINE
8
BLACK
6
CONTINUOUS
10
4.8289437007874012
20
-4.5454463385826767
11
4.8231968897637794
21
-4.533512992125984
0
LINE
8
BLACK
6
CONTINUOUS
10
4.8231968897637794
20
-4.533512992125984
11
4.8188223622047239
21
-4.5210112992125984
0
LINE
8
BLACK
6
CONTINUOUS
10
4.8188223622047239
20
-4.5210112992125984
11
4.8158750787401576
21
-4.5080983858267718
0
LINE
8
BLACK
6
CONTINUOUS
10
4.8158750787401576
20
-4.5080983858267718
11
4.8143921259842521
21
-4.4949366535433066
0
LINE
8
BLACK
6
CONTINUOUS
10
4.8143921259842521
20
-4.4949366535433066
11
4.8143921259842521
21
-4.4816916929133859
0
LINE
8
BLACK
6
CONTINUOUS
10
4.8143921259842521
20
-4.4816916929133859
11
4.8158750787401576
21
-4.4685299606299216
0
LINE
8
BLACK
6
CONTINUOUS
10
4.8158750787401576
20
-4.4685299606299216
11
4.8188223622047239
21
-4.4556170472440941
0
LINE
8
BLACK
6
CONTINUOUS
10
4.8188223622047239
20
-4.4556170472440941
11
4.8231968897637794
21
-4.4431153543307085
0
LINE
8
BLACK
6
CONTINUOUS
10
4.8231968897637794
20
-4.4431153543307085
11
4.8289437007874012
21
-4.4311820078740158
0
LINE
8
BLACK
6
CONTINUOUS
10
4.8289437007874012
20
-4.4311820078740158
11
4.8359904330708661
21
-4.4199671653543309
0
LINE
8
BLACK
6
CONTINUOUS
10
4.8359904330708661
20
-4.4199671653543309
11
4.8442485826771655
21
-4.4096118110236215
0
LINE
8
BLACK
6
CONTINUOUS
10
4.8442485826771655
20
-4.4096118110236215
11
4.8536141732283467
21
-4.4002462204724404
0
LINE
8
BLACK
6
CONTINUOUS
10
4.8536141732283467
20
-4.4002462204724404
11
4.8639695275590551
21
-4.3919880708661418
0
LINE
8
BLACK
6
CONTINUOUS
10
4.8639695275590551
20
-4.3919880708661418
11
4.8751843700787401
21
-4.384941338582677
0
LINE
8
BLACK
6
CONTINUOUS
10
4.8751843700787401
20
-4.384941338582677
11
4.8871177165354327
21
-4.3791945275590551
0
LINE
8
BLACK
6
CONTINUOUS
10
4.8871177165354327
20
-4.3791945275590551
11
4.8996194094488184
21
-4.3748199999999997
0
LINE
8
BLACK
6
CONTINUOUS
10
4.8996194094488184
20
-4.3748199999999997
11
4.9125323228346458
21
-4.3718727165354334
0
LINE
8
BLACK
6
CONTINUOUS
10
4.9125323228346458
20
-4.3718727165354334
11
4.9256940551181101
21
-4.370389763779527
0
LINE
8
BLACK
6
CONTINUOUS
10
4.9256940551181101
20
-4.370389763779527
11
4.9389390157480317
21
-4.370389763779527
0
LINE
8
BLACK
6
CONTINUOUS
10
4.9389390157480317
20
-4.370389763779527
11
4.952100748031496
21
-4.3718727165354334
0
LINE
8
BLACK
6
CONTINUOUS
10
6.1251719685039365
20
-4.5769689763779526
11
6.1264492519685039
21
-4.577822401574803
0
LINE
8
BLACK
6
CONTINUOUS
10
6.1264492519685039
20
-4.577822401574803
11
6.1273026771653543
21
-4.5790996850393704
0
LINE
8
BLACK
6
CONTINUOUS
10
6.1273026771653543
20
-4.5790996850393704
11
6.1276023622047244
21
-4.5806062992125982
0
LINE
8
BLACK
6
CONTINUOUS
10
6.1276023622047244
20
-4.5806062992125982
11
6.1276023622047244
21
-4.5884803149606297
0
LINE
8
BLACK
6
CONTINUOUS
10
6.1276023622047244
20
-4.5884803149606297
11
6.1273026771653543
21
-4.5899869291338584
0
LINE
8
BLACK
6
CONTINUOUS
10
6.1273026771653543
20
-4.5899869291338584
11
6.1264492519685039
21
-4.5912642125984249
0
LINE
8
BLACK
6
CONTINUOUS
10
6.1264492519685039
20
-4.5912642125984249
11
6.1251719685039365
21
-4.5921176377952753
0
LINE
8
BLACK
6
CONTINUOUS
10
6.1251719685039365
20
-4.5921176377952753
11
6.1236653543307087
21
-4.5924173228346454
0
LINE
8
BLACK
6
CONTINUOUS
10
6.1236653543307087
20
-4.5924173228346454
11
6.0734685039370078
21
-4.5924173228346454
0
LINE
8
BLACK
6
CONTINUOUS
10
6.0734685039370078
20
-4.5924173228346454
11
6.071961889763779
21
-4.5921176377952753
0
LINE
8
BLACK
6
CONTINUOUS
10
6.071961889763779
20
-4.5921176377952753
11
6.0706846062992126
21
-4.5912642125984249
0
LINE
8
BLACK
6
CONTINUOUS
10
6.0706846062992126
20
-4.5912642125984249
11
6.0698311811023622
21
-4.5899869291338584
0
LINE
8
BLACK
6
CONTINUOUS
10
6.0698311811023622
20
-4.5899869291338584
11
6.069531496062992
21
-4.5884803149606297
0
LINE
8
BLACK
6
CONTINUOUS
10
6.069531496062992
20
-4.5884803149606297
11
6.069531496062992
21
-4.5806062992125982
0
LINE
8
BLACK
6
CONTINUOUS
10
6.069531496062992
20
-4.5806062992125982
11
6.0698311811023622
21
-4.5790996850393704
0
LINE
8
BLACK
6
CONTINUOUS
10
6.0698311811023622
20
-4.5790996850393704
11
6.0706846062992126
21
-4.577822401574803
0
LINE
8
BLACK
6
CONTINUOUS
10
6.0706846062992126
20
-4.577822401574803
11
6.071961889763779
21
-4.5769689763779526
0
LINE
8
BLACK
6
CONTINUOUS
10
6.071961889763779
20
-4.5769689763779526
11
6.0734685039370078
21
-4.5766692913385825
0
LINE
8
BLACK
6
CONTINUOUS
10
6.0734685039370078
20
-4.5766692913385825
11
6.1236653543307087
21
-4.5766692913385825
0
LINE
8
BLACK
6
CONTINUOUS
10
6.1236653543307087
20
-4.5766692913385825
11
6.1251719685039365
21
-4.5769689763779526
0
LINE
8
BLACK
6
CONTINUOUS
10
6.3505656692913384
20
-4.5769689763779526
11
6.3518429527559057
21
-4.577822401574803
0
LINE
8
BLACK
6
CONTINUOUS
10
6.3518429527559057
20
-4.577822401574803
11
6.3526963779527561
21
-4.5790996850393704
0
LINE
8
BLACK
6
CONTINUOUS
10
6.3526963779527561
20
-4.5790996850393704
11
6.3529960629921263
21
-4.5806062992125982
0
LINE
8
BLACK
6
CONTINUOUS
10
6.3529960629921263
20
-4.5806062992125982
11
6.3529960629921263
21
-4.5884803149606297
0
LINE
8
BLACK
6
CONTINUOUS
10
6.3529960629921263
20
-4.5884803149606297
11
6.3526963779527561
21
-4.5899869291338584
0
LINE
8
BLACK
6
CONTINUOUS
10
6.3526963779527561
20
-4.5899869291338584
11
6.3518429527559057
21
-4.5912642125984249
0
LINE
8
BLACK
6
CONTINUOUS
10
6.3518429527559057
20
-4.5912642125984249
11
6.3505656692913384
21
-4.5921176377952753
0
LINE
8
BLACK
6
CONTINUOUS
10
6.3505656692913384
20
-4.5921176377952753
11
6.3490590551181105
21
-4.5924173228346454
0
LINE
8
BLACK
6
CONTINUOUS
10
6.3490590551181105
20
-4.5924173228346454
11
6.2988622047244096
21
-4.5924173228346454
0
LINE
8
BLACK
6
CONTINUOUS
10
6.2988622047244096
20
-4.5924173228346454
11
6.2973555905511809
21
-4.5921176377952753
0
LINE
8
BLACK
6
CONTINUOUS
10
6.2973555905511809
20
-4.5921176377952753
11
6.2960783070866144
21
-4.5912642125984249
0
LINE
8
BLACK
6
CONTINUOUS
10
6.2960783070866144
20
-4.5912642125984249
11
6.295224881889764
21
-4.5899869291338584
0
LINE
8
BLACK
6
CONTINUOUS
10
6.295224881889764
20
-4.5899869291338584
11
6.2949251968503939
21
-4.5884803149606297
0
LINE
8
BLACK
6
CONTINUOUS
10
6.2949251968503939
20
-4.5884803149606297
11
6.2949251968503939
21
-4.5806062992125982
0
LINE
8
BLACK
6
CONTINUOUS
10
6.2949251968503939
20
-4.5806062992125982
11
6.295224881889764
21
-4.5790996850393704
0
LINE
8
BLACK
6
CONTINUOUS
10
6.295224881889764
20
-4.5790996850393704
11
6.2960783070866144
21
-4.577822401574803
0
LINE
8
BLACK
6
CONTINUOUS
10
6.2960783070866144
20
-4.577822401574803
11
6.2973555905511809
21
-4.5769689763779526
0
LINE
8
BLACK
6
CONTINUOUS
10
6.2973555905511809
20
-4.5769689763779526
11
6.2988622047244096
21
-4.5766692913385825
0
LINE
8
BLACK
6
CONTINUOUS
10
6.2988622047244096
20
-4.5766692913385825
11
6.3490590551181105
21
-4.5766692913385825
0
LINE
8
BLACK
6
CONTINUOUS
10
6.3490590551181105
20
-4.5766692913385825
11
6.3505656692913384
21
-4.5769689763779526
0
LINE
8
BLACK
6
CONTINUOUS
10
5.1323702362204724
20
-4.5436821653543307
11
5.1352440551181102
21
-4.5456024015748033
0
LINE
8
BLACK
6
CONTINUOUS
10
5.1352440551181102
20
-4.5456024015748033
11
5.1371642913385829
21
-4.5484762204724412
0
LINE
8
BLACK
6
CONTINUOUS
10
5.1371642913385829
20
-4.5484762204724412
11
5.1378385826771655
21
-4.5518661417322832
0
LINE
8
BLACK
6
CONTINUOUS
10
5.1378385826771655
20
-4.5518661417322832
11
5.1378385826771655
21
-4.5715511811023619
0
LINE
8
BLACK
6
CONTINUOUS
10
5.1378385826771655
20
-4.5715511811023619
11
5.1371642913385829
21
-4.5749411023622049
0
LINE
8
BLACK
6
CONTINUOUS
10
5.1371642913385829
20
-4.5749411023622049
11
5.1352440551181102
21
-4.5778149212598427
0
LINE
8
BLACK
6
CONTINUOUS
10
5.1352440551181102
20
-4.5778149212598427
11
5.1323702362204724
21
-4.5797351574803145
0
LINE
8
BLACK
6
CONTINUOUS
10
5.1323702362204724
20
-4.5797351574803145
11
5.1289803149606294
21
-4.5804094488188971
0
LINE
8
BLACK
6
CONTINUOUS
10
5.1289803149606294
20
-4.5804094488188971
11
5.1112637795275591
21
-4.5804094488188971
0
LINE
8
BLACK
6
CONTINUOUS
10
5.1112637795275591
20
-4.5804094488188971
11
5.1078738582677161
21
-4.5797351574803145
0
LINE
8
BLACK
6
CONTINUOUS
10
5.1078738582677161
20
-4.5797351574803145
11
5.1050000393700783
21
-4.5778149212598427
0
LINE
8
BLACK
6
CONTINUOUS
10
5.1050000393700783
20
-4.5778149212598427
11
5.1030798031496065
21
-4.5749411023622049
0
LINE
8
BLACK
6
CONTINUOUS
10
5.1030798031496065
20
-4.5749411023622049
11
5.1024055118110239
21
-4.5715511811023619
0
LINE
8
BLACK
6
CONTINUOUS
10
5.1024055118110239
20
-4.5715511811023619
11
5.1024055118110239
21
-4.5518661417322832
0
LINE
8
BLACK
6
CONTINUOUS
10
5.1024055118110239
20
-4.5518661417322832
11
5.1030798031496065
21
-4.5484762204724412
0
LINE
8
BLACK
6
CONTINUOUS
10
5.1030798031496065
20
-4.5484762204724412
11
5.1050000393700783
21
-4.5456024015748033
0
LINE
8
BLACK
6
CONTINUOUS
10
5.1050000393700783
20
-4.5456024015748033
11
5.1078738582677161
21
-4.5436821653543307
0
LINE
8
BLACK
6
CONTINUOUS
10
5.1078738582677161
20
-4.5436821653543307
11
5.1112637795275591
21
-4.543007874015748
0
LINE
8
BLACK
6
CONTINUOUS
10
5.1112637795275591
20
-4.543007874015748
11
5.1289803149606294
21
-4.543007874015748
0
LINE
8
BLACK
6
CONTINUOUS
10
5.1289803149606294
20
-4.543007874015748
11
5.1323702362204724
21
-4.5436821653543307
0
LINE
8
BLACK
6
CONTINUOUS
10
5.1933938582677168
20
-4.5436821653543307
11
5.1962676771653546
21
-4.5456024015748033
0
LINE
8
BLACK
6
CONTINUOUS
10
5.1962676771653546
20
-4.5456024015748033
11
5.1981879133858264
21
-4.5484762204724412
0
LINE
8
BLACK
6
CONTINUOUS
10
5.1981879133858264
20
-4.5484762204724412
11
5.1988622047244091
21
-4.5518661417322832
0
LINE
8
BLACK
6
CONTINUOUS
10
5.1988622047244091
20
-4.5518661417322832
11
5.1988622047244091
21
-4.5715511811023619
0
LINE
8
BLACK
6
CONTINUOUS
10
5.1988622047244091
20
-4.5715511811023619
11
5.1981879133858264
21
-4.5749411023622049
0
LINE
8
BLACK
6
CONTINUOUS
10
5.1981879133858264
20
-4.5749411023622049
11
5.1962676771653546
21
-4.5778149212598427
0
LINE
8
BLACK
6
CONTINUOUS
10
5.1962676771653546
20
-4.5778149212598427
11
5.1933938582677168
21
-4.5797351574803145
0
LINE
8
BLACK
6
CONTINUOUS
10
5.1933938582677168
20
-4.5797351574803145
11
5.1900039370078739
21
-4.5804094488188971
0
LINE
8
BLACK
6
CONTINUOUS
10
5.1900039370078739
20
-4.5804094488188971
11
5.1722874015748026
21
-4.5804094488188971
0
LINE
8
BLACK
6
CONTINUOUS
10
5.1722874015748026
20
-4.5804094488188971
11
5.1688974803149605
21
-4.5797351574803145
0
LINE
8
BLACK
6
CONTINUOUS
10
5.1688974803149605
20
-4.5797351574803145
11
5.1660236614173227
21
-4.5778149212598427
0
LINE
8
BLACK
6
CONTINUOUS
10
5.1660236614173227
20
-4.5778149212598427
11
5.1641034251968501
21
-4.5749411023622049
0
LINE
8
BLACK
6
CONTINUOUS
10
5.1641034251968501
20
-4.5749411023622049
11
5.1634291338582674
21
-4.5715511811023619
0
LINE
8
BLACK
6
CONTINUOUS
10
5.1634291338582674
20
-4.5715511811023619
11
5.1634291338582674
21
-4.5518661417322832
0
LINE
8
BLACK
6
CONTINUOUS
10
5.1634291338582674
20
-4.5518661417322832
11
5.1641034251968501
21
-4.5484762204724412
0
LINE
8
BLACK
6
CONTINUOUS
10
5.1641034251968501
20
-4.5484762204724412
11
5.1660236614173227
21
-4.5456024015748033
0
LINE
8
BLACK
6
CONTINUOUS
10
5.1660236614173227
20
-4.5456024015748033
11
5.1688974803149605
21
-4.5436821653543307
0
LINE
8
BLACK
6
CONTINUOUS
10
5.1688974803149605
20
-4.5436821653543307
11
5.1722874015748026
21
-4.543007874015748
0
LINE
8
BLACK
6
CONTINUOUS
10
5.1722874015748026
20
-4.543007874015748
11
5.1900039370078739
21
-4.543007874015748
0
LINE
8
BLACK
6
CONTINUOUS
10
5.1900039370078739
20
-4.543007874015748
11
5.1933938582677168
21
-4.5436821653543307
0
LINE
8
BLACK
6
CONTINUOUS
10
5.2902442519685042
20
-4.5436821653543307
11
5.2931180708661421
21
-4.5456024015748033
0
LINE
8
BLACK
6
CONTINUOUS
10
5.2931180708661421
20
-4.5456024015748033
11
5.2950383070866138
21
-4.5484762204724412
0
LINE
8
BLACK
6
CONTINUOUS
10
5.2950383070866138
20
-4.5484762204724412
11
5.2957125984251965
21
-4.5518661417322832
0
LINE
8
BLACK
6
CONTINUOUS
10
5.2957125984251965
20
-4.5518661417322832
11
5.2957125984251965
21
-4.5715511811023619
0
LINE
8
BLACK
6
CONTINUOUS
10
5.2957125984251965
20
-4.5715511811023619
11
5.2950383070866138
21
-4.5749411023622049
0
LINE
8
BLACK
6
CONTINUOUS
10
5.2950383070866138
20
-4.5749411023622049
11
5.2931180708661421
21
-4.5778149212598427
0
LINE
8
BLACK
6
CONTINUOUS
10
5.2931180708661421
20
-4.5778149212598427
11
5.2902442519685042
21
-4.5797351574803145
0
LINE
8
BLACK
6
CONTINUOUS
10
5.2902442519685042
20
-4.5797351574803145
11
5.2868543307086613
21
-4.5804094488188971
0
LINE
8
BLACK
6
CONTINUOUS
10
5.2868543307086613
20
-4.5804094488188971
11
5.26913779527559
21
-4.5804094488188971
0
LINE
8
BLACK
6
CONTINUOUS
10
5.26913779527559
20
-4.5804094488188971
11
5.265747874015748
21
-4.5797351574803145
0
LINE
8
BLACK
6
CONTINUOUS
10
5.265747874015748
20
-4.5797351574803145
11
5.2628740551181101
21
-4.5778149212598427
0
LINE
8
BLACK
6
CONTINUOUS
10
5.2628740551181101
20
-4.5778149212598427
11
5.2609538188976375
21
-4.5749411023622049
0
LINE
8
BLACK
6
CONTINUOUS
10
5.2609538188976375
20
-4.5749411023622049
11
5.2602795275590548
21
-4.5715511811023619
0
LINE
8
BLACK
6
CONTINUOUS
10
5.2602795275590548
20
-4.5715511811023619
11
5.2602795275590548
21
-4.5518661417322832
0
LINE
8
BLACK
6
CONTINUOUS
10
5.2602795275590548
20
-4.5518661417322832
11
5.2609538188976375
21
-4.5484762204724412
0
LINE
8
BLACK
6
CONTINUOUS
10
5.2609538188976375
20
-4.5484762204724412
11
5.2628740551181101
21
-4.5456024015748033
0
LINE
8
BLACK
6
CONTINUOUS
10
5.2628740551181101
20
-4.5456024015748033
11
5.265747874015748
21
-4.5436821653543307
0
LINE
8
BLACK
6
CONTINUOUS
10
5.265747874015748
20
-4.5436821653543307
11
5.26913779527559
21
-4.543007874015748
0
LINE
8
BLACK
6
CONTINUOUS
10
5.26913779527559
20
-4.543007874015748
11
5.2868543307086613
21
-4.543007874015748
0
LINE
8
BLACK
6
CONTINUOUS
10
5.2868543307086613
20
-4.543007874015748
11
5.2902442519685042
21
-4.5436821653543307
0
LINE
8
BLACK
6
CONTINUOUS
10
5.3512678740157478
20
-4.5436821653543307
11
5.3541416929133856
21
-4.5456024015748033
0
LINE
8
BLACK
6
CONTINUOUS
10
5.3541416929133856
20
-4.5456024015748033
11
5.3560619291338583
21
-4.5484762204724412
0
LINE
8
BLACK
6
CONTINUOUS
10
5.3560619291338583
20
-4.5484762204724412
11
5.3567362204724409
21
-4.5518661417322832
0
LINE
8
BLACK
6
CONTINUOUS
10
5.3567362204724409
20
-4.5518661417322832
11
5.3567362204724409
21
-4.5715511811023619
0
LINE
8
BLACK
6
CONTINUOUS
10
5.3567362204724409
20
-4.5715511811023619
11
5.3560619291338583
21
-4.5749411023622049
0
LINE
8
BLACK
6
CONTINUOUS
10
5.3560619291338583
20
-4.5749411023622049
11
5.3541416929133856
21
-4.5778149212598427
0
LINE
8
BLACK
6
CONTINUOUS
10
5.3541416929133856
20
-4.5778149212598427
11
5.3512678740157478
21
-4.5797351574803145
0
LINE
8
BLACK
6
CONTINUOUS
10
5.3512678740157478
20
-4.5797351574803145
11
5.3478779527559057
21
-4.5804094488188971
0
LINE
8
BLACK
6
CONTINUOUS
10
5.3478779527559057
20
-4.5804094488188971
11
5.3301614173228344
21
-4.5804094488188971
0
LINE
8
BLACK
6
CONTINUOUS
10
5.3301614173228344
20
-4.5804094488188971
11
5.3267714960629924
21
-4.5797351574803145
0
LINE
8
BLACK
6
CONTINUOUS
10
5.3267714960629924
20
-4.5797351574803145
11
5.3238976771653546
21
-4.5778149212598427
0
LINE
8
BLACK
6
CONTINUOUS
10
5.3238976771653546
20
-4.5778149212598427
11
5.3219774409448819
21
-4.5749411023622049
0
LINE
8
BLACK
6
CONTINUOUS
10
5.3219774409448819
20
-4.5749411023622049
11
5.3213031496062992
21
-4.5715511811023619
0
LINE
8
BLACK
6
CONTINUOUS
10
5.3213031496062992
20
-4.5715511811023619
11
5.3213031496062992
21
-4.5518661417322832
0
LINE
8
BLACK
6
CONTINUOUS
10
5.3213031496062992
20
-4.5518661417322832
11
5.3219774409448819
21
-4.5484762204724412
0
LINE
8
BLACK
6
CONTINUOUS
10
5.3219774409448819
20
-4.5484762204724412
11
5.3238976771653546
21
-4.5456024015748033
0
LINE
8
BLACK
6
CONTINUOUS
10
5.3238976771653546
20
-4.5456024015748033
11
5.3267714960629924
21
-4.5436821653543307
0
LINE
8
BLACK
6
CONTINUOUS
10
5.3267714960629924
20
-4.5436821653543307
11
5.3301614173228344
21
-4.543007874015748
0
LINE
8
BLACK
6
CONTINUOUS
10
5.3301614173228344
20
-4.543007874015748
11
5.3478779527559057
21
-4.543007874015748
0
LINE
8
BLACK
6
CONTINUOUS
10
5.3478779527559057
20
-4.543007874015748
11
5.3512678740157478
21
-4.5436821653543307
0
LINE
8
BLACK
6
CONTINUOUS
10
5.6932140551181103
20
-4.5436072440944884
11
5.6957685433070866
21
-4.5453141338582679
0
LINE
8
BLACK
6
CONTINUOUS
10
5.6957685433070866
20
-4.5453141338582679
11
5.6974754330708661
21
-4.5478686220472442
0
LINE
8
BLACK
6
CONTINUOUS
10
5.6974754330708661
20
-4.5478686220472442
11
5.6980748031496065
21
-4.5508818897637795
0
LINE
8
BLACK
6
CONTINUOUS
10
5.6980748031496065
20
-4.5508818897637795
11
5.6980748031496065
21
-4.5725354330708656
0
LINE
8
BLACK
6
CONTINUOUS
10
5.6980748031496065
20
-4.5725354330708656
11
5.6974754330708661
21
-4.5755487007874018
0
LINE
8
BLACK
6
CONTINUOUS
10
5.6974754330708661
20
-4.5755487007874018
11
5.6957685433070866
21
-4.5781031889763781
0
LINE
8
BLACK
6
CONTINUOUS
10
5.6957685433070866
20
-4.5781031889763781
11
5.6932140551181103
21
-4.5798100787401577
0
LINE
8
BLACK
6
CONTINUOUS
10
5.6932140551181103
20
-4.5798100787401577
11
5.690200787401575
21
-4.5804094488188971
0
LINE
8
BLACK
6
CONTINUOUS
10
5.690200787401575
20
-4.5804094488188971
11
5.674452755905512
21
-4.5804094488188971
0
LINE
8
BLACK
6
CONTINUOUS
10
5.674452755905512
20
-4.5804094488188971
11
5.6714394881889758
21
-4.5798100787401577
0
LINE
8
BLACK
6
CONTINUOUS
10
5.6714394881889758
20
-4.5798100787401577
11
5.6688849999999995
21
-4.5781031889763781
0
LINE
8
BLACK
6
CONTINUOUS
10
5.6688849999999995
20
-4.5781031889763781
11
5.66717811023622
21
-4.5755487007874018
0
LINE
8
BLACK
6
CONTINUOUS
10
5.66717811023622
20
-4.5755487007874018
11
5.6665787401574805
21
-4.5725354330708656
0
LINE
8
BLACK
6
CONTINUOUS
10
5.6665787401574805
20
-4.5725354330708656
11
5.6665787401574805
21
-4.5508818897637795
0
LINE
8
BLACK
6
CONTINUOUS
10
5.6665787401574805
20
-4.5508818897637795
11
5.66717811023622
21
-4.5478686220472442
0
LINE
8
BLACK
6
CONTINUOUS
10
5.66717811023622
20
-4.5478686220472442
11
5.6688849999999995
21
-4.5453141338582679
0
LINE
8
BLACK
6
CONTINUOUS
10
5.6688849999999995
20
-4.5453141338582679
11
5.6714394881889758
21
-4.5436072440944884
0
LINE
8
BLACK
6
CONTINUOUS
10
5.6714394881889758
20
-4.5436072440944884
11
5.674452755905512
21
-4.543007874015748
0
LINE
8
BLACK
6
CONTINUOUS
10
5.674452755905512
20
-4.543007874015748
11
5.690200787401575
21
-4.543007874015748
0
LINE
8
BLACK
6
CONTINUOUS
10
5.690200787401575
20
-4.543007874015748
11
5.6932140551181103
21
-4.5436072440944884
0
LINE
8
BLACK
6
CONTINUOUS
10
5.7581746850393696
20
-4.5436072440944884
11
5.7607291732283468
21
-4.5453141338582679
0
LINE
8
BLACK
6
CONTINUOUS
10
5.7607291732283468
20
-4.5453141338582679
11
5.7624360629921263
21
-4.5478686220472442
0
LINE
8
BLACK
6
CONTINUOUS
10
5.7624360629921263
20
-4.5478686220472442
11
5.7630354330708657
21
-4.5508818897637795
0
LINE
8
BLACK
6
CONTINUOUS
10
5.7630354330708657
20
-4.5508818897637795
11
5.7630354330708657
21
-4.5725354330708656
0
LINE
8
BLACK
6
CONTINUOUS
10
5.7630354330708657
20
-4.5725354330708656
11
5.7624360629921263
21
-4.5755487007874018
0
LINE
8
BLACK
6
CONTINUOUS
10
5.7624360629921263
20
-4.5755487007874018
11
5.7607291732283468
21
-4.5781031889763781
0
LINE
8
BLACK
6
CONTINUOUS
10
5.7607291732283468
20
-4.5781031889763781
11
5.7581746850393696
21
-4.5798100787401577
0
LINE
8
BLACK
6
CONTINUOUS
10
5.7581746850393696
20
-4.5798100787401577
11
5.7551614173228343
21
-4.5804094488188971
0
LINE
8
BLACK
6
CONTINUOUS
10
5.7551614173228343
20
-4.5804094488188971
11
5.7394133858267713
21
-4.5804094488188971
0
LINE
8
BLACK
6
CONTINUOUS
10
5.7394133858267713
20
-4.5804094488188971
11
5.736400118110236
21
-4.5798100787401577
0
LINE
8
BLACK
6
CONTINUOUS
10
5.736400118110236
20
-4.5798100787401577
11
5.7338456299212597
21
-4.5781031889763781
0
LINE
8
BLACK
6
CONTINUOUS
10
5.7338456299212597
20
-4.5781031889763781
11
5.7321387401574802
21
-4.5755487007874018
0
LINE
8
BLACK
6
CONTINUOUS
10
5.7321387401574802
20
-4.5755487007874018
11
5.7315393700787398
21
-4.5725354330708656
0
LINE
8
BLACK
6
CONTINUOUS
10
5.7315393700787398
20
-4.5725354330708656
11
5.7315393700787398
21
-4.5508818897637795
0
LINE
8
BLACK
6
CONTINUOUS
10
5.7315393700787398
20
-4.5508818897637795
11
5.7321387401574802
21
-4.5478686220472442
0
LINE
8
BLACK
6
CONTINUOUS
10
5.7321387401574802
20
-4.5478686220472442
11
5.7338456299212597
21
-4.5453141338582679
0
LINE
8
BLACK
6
CONTINUOUS
10
5.7338456299212597
20
-4.5453141338582679
11
5.736400118110236
21
-4.5436072440944884
0
LINE
8
BLACK
6
CONTINUOUS
10
5.736400118110236
20
-4.5436072440944884
11
5.7394133858267713
21
-4.543007874015748
0
LINE
8
BLACK
6
CONTINUOUS
10
5.7394133858267713
20
-4.543007874015748
11
5.7551614173228343
21
-4.543007874015748
0
LINE
8
BLACK
6
CONTINUOUS
10
5.7551614173228343
20
-4.543007874015748
11
5.7581746850393696
21
-4.5436072440944884
0
LINE
8
BLACK
6
CONTINUOUS
10
6.1251719685039365
20
-4.5513784251968499
11
6.1264492519685039
21
-4.5522318503937003
0
LINE
8
BLACK
6
CONTINUOUS
10
6.1264492519685039
20
-4.5522318503937003
11
6.1273026771653543
21
-4.5535091338582676
0
LINE
8
BLACK
6
CONTINUOUS
10
6.1273026771653543
20
-4.5535091338582676
11
6.1276023622047244
21
-4.5550157480314963
0
LINE
8
BLACK
6
CONTINUOUS
10
6.1276023622047244
20
-4.5550157480314963
11
6.1276023622047244
21
-4.5628897637795278
0
LINE
8
BLACK
6
CONTINUOUS
10
6.1276023622047244
20
-4.5628897637795278
11
6.1273026771653543
21
-4.5643963779527557
0
LINE
8
BLACK
6
CONTINUOUS
10
6.1273026771653543
20
-4.5643963779527557
11
6.1264492519685039
21
-4.565673661417323
0
LINE
8
BLACK
6
CONTINUOUS
10
6.1264492519685039
20
-4.565673661417323
11
6.1251719685039365
21
-4.5665270866141734
0
LINE
8
BLACK
6
CONTINUOUS
10
6.1251719685039365
20
-4.5665270866141734
11
6.1236653543307087
21
-4.5668267716535436
0
LINE
8
BLACK
6
CONTINUOUS
10
6.1236653543307087
20
-4.5668267716535436
11
6.0734685039370078
21
-4.5668267716535436
0
LINE
8
BLACK
6
CONTINUOUS
10
6.0734685039370078
20
-4.5668267716535436
11
6.071961889763779
21
-4.5665270866141734
0
LINE
8
BLACK
6
CONTINUOUS
10
6.071961889763779
20
-4.5665270866141734
11
6.0706846062992126
21
-4.565673661417323
0
LINE
8
BLACK
6
CONTINUOUS
10
6.0706846062992126
20
-4.565673661417323
11
6.0698311811023622
21
-4.5643963779527557
0
LINE
8
BLACK
6
CONTINUOUS
10
6.0698311811023622
20
-4.5643963779527557
11
6.069531496062992
21
-4.5628897637795278
0
LINE
8
BLACK
6
CONTINUOUS
10
6.069531496062992
20
-4.5628897637795278
11
6.069531496062992
21
-4.5550157480314963
0
LINE
8
BLACK
6
CONTINUOUS
10
6.069531496062992
20
-4.5550157480314963
11
6.0698311811023622
21
-4.5535091338582676
0
LINE
8
BLACK
6
CONTINUOUS
10
6.0698311811023622
20
-4.5535091338582676
11
6.0706846062992126
21
-4.5522318503937003
0
LINE
8
BLACK
6
CONTINUOUS
10
6.0706846062992126
20
-4.5522318503937003
11
6.071961889763779
21
-4.5513784251968499
0
LINE
8
BLACK
6
CONTINUOUS
10
6.071961889763779
20
-4.5513784251968499
11
6.0734685039370078
21
-4.5510787401574806
0
LINE
8
BLACK
6
CONTINUOUS
10
6.0734685039370078
20
-4.5510787401574806
11
6.1236653543307087
21
-4.5510787401574806
0
LINE
8
BLACK
6
CONTINUOUS
10
6.1236653543307087
20
-4.5510787401574806
11
6.1251719685039365
21
-4.5513784251968499
0
LINE
8
BLACK
6
CONTINUOUS
10
6.3505656692913384
20
-4.5513784251968499
11
6.3518429527559057
21
-4.5522318503937003
0
LINE
8
BLACK
6
CONTINUOUS
10
6.3518429527559057
20
-4.5522318503937003
11
6.3526963779527561
21
-4.5535091338582676
0
LINE
8
BLACK
6
CONTINUOUS
10
6.3526963779527561
20
-4.5535091338582676
11
6.3529960629921263
21
-4.5550157480314963
0
LINE
8
BLACK
6
CONTINUOUS
10
6.3529960629921263
20
-4.5550157480314963
11
6.3529960629921263
21
-4.5628897637795278
0
LINE
8
BLACK
6
CONTINUOUS
10
6.3529960629921263
20
-4.5628897637795278
11
6.3526963779527561
21
-4.5643963779527557
0
LINE
8
BLACK
6
CONTINUOUS
10
6.3526963779527561
20
-4.5643963779527557
11
6.3518429527559057
21
-4.565673661417323
0
LINE
8
BLACK
6
CONTINUOUS
10
6.3518429527559057
20
-4.565673661417323
11
6.3505656692913384
21
-4.5665270866141734
0
LINE
8
BLACK
6
CONTINUOUS
10
6.3505656692913384
20
-4.5665270866141734
11
6.3490590551181105
21
-4.5668267716535436
0
LINE
8
BLACK
6
CONTINUOUS
10
6.3490590551181105
20
-4.5668267716535436
11
6.2988622047244096
21
-4.5668267716535436
0
LINE
8
BLACK
6
CONTINUOUS
10
6.2988622047244096
20
-4.5668267716535436
11
6.2973555905511809
21
-4.5665270866141734
0
LINE
8
BLACK
6
CONTINUOUS
10
6.2973555905511809
20
-4.5665270866141734
11
6.2960783070866144
21
-4.565673661417323
0
LINE
8
BLACK
6
CONTINUOUS
10
6.2960783070866144
20
-4.565673661417323
11
6.295224881889764
21
-4.5643963779527557
0
LINE
8
BLACK
6
CONTINUOUS
10
6.295224881889764
20
-4.5643963779527557
11
6.2949251968503939
21
-4.5628897637795278
0
LINE
8
BLACK
6
CONTINUOUS
10
6.2949251968503939
20
-4.5628897637795278
11
6.2949251968503939
21
-4.5550157480314963
0
LINE
8
BLACK
6
CONTINUOUS
10
6.2949251968503939
20
-4.5550157480314963
11
6.295224881889764
21
-4.5535091338582676
0
LINE
8
BLACK
6
CONTINUOUS
10
6.295224881889764
20
-4.5535091338582676
11
6.2960783070866144
21
-4.5522318503937003
0
LINE
8
BLACK
6
CONTINUOUS
10
6.2960783070866144
20
-4.5522318503937003
11
6.2973555905511809
21
-4.5513784251968499
0
LINE
8
BLACK
6
CONTINUOUS
10
6.2973555905511809
20
-4.5513784251968499
11
6.2988622047244096
21
-4.5510787401574806
0
LINE
8
BLACK
6
CONTINUOUS
10
6.2988622047244096
20
-4.5510787401574806
11
6.3490590551181105
21
-4.5510787401574806
0
LINE
8
BLACK
6
CONTINUOUS
10
6.3490590551181105
20
-4.5510787401574806
11
6.3505656692913384
21
-4.5513784251968499
0
LINE
8
BLACK
6
CONTINUOUS
10
5.896381889763779
20
-4.5649370078740157
11
5.8363818897637794
21
-4.5649370078740157
0
LINE
8
BLACK
6
CONTINUOUS
10
5.8363818897637794
20
-4.5649370078740157
11
5.8363818897637794
21
-4.5049370078740161
0
LINE
8
BLACK
6
CONTINUOUS
10
5.8363818897637794
20
-4.5049370078740161
11
5.896381889763779
21
-4.5049370078740161
0
LINE
8
BLACK
6
CONTINUOUS
10
5.896381889763779
20
-4.5049370078740161
11
5.896381889763779
21
-4.5649370078740157
0
LINE
8
BLACK
6
CONTINUOUS
10
5.9963818897637795
20
-4.5649370078740157
11
5.936381889763779
21
-4.5649370078740157
0
LINE
8
BLACK
6
CONTINUOUS
10
5.936381889763779
20
-4.5649370078740157
11
5.936381889763779
21
-4.5049370078740161
0
LINE
8
BLACK
6
CONTINUOUS
10
5.936381889763779
20
-4.5049370078740161
11
5.9963818897637795
21
-4.5049370078740161
0
LINE
8
BLACK
6
CONTINUOUS
10
5.9963818897637795
20
-4.5049370078740161
11
5.9963818897637795
21
-4.5649370078740157
0
LINE
8
BLACK
6
CONTINUOUS
10
6.4861456692913384
20
-4.5649370078740157
11
6.4261456692913388
21
-4.5649370078740157
0
LINE
8
BLACK
6
CONTINUOUS
10
6.4261456692913388
20
-4.5649370078740157
11
6.4261456692913388
21
-4.5049370078740161
0
LINE
8
BLACK
6
CONTINUOUS
10
6.4261456692913388
20
-4.5049370078740161
11
6.4861456692913384
21
-4.5049370078740161
0
LINE
8
BLACK
6
CONTINUOUS
10
6.4861456692913384
20
-4.5049370078740161
11
6.4861456692913384
21
-4.5649370078740157
0
LINE
8
BLACK
6
CONTINUOUS
10
6.586145669291338
20
-4.5649370078740157
11
6.5261456692913384
21
-4.5649370078740157
0
LINE
8
BLACK
6
CONTINUOUS
10
6.5261456692913384
20
-4.5649370078740157
11
6.5261456692913384
21
-4.5049370078740161
0
LINE
8
BLACK
6
CONTINUOUS
10
6.5261456692913384
20
-4.5049370078740161
11
6.586145669291338
21
-4.5049370078740161
0
LINE
8
BLACK
6
CONTINUOUS
10
6.586145669291338
20
-4.5049370078740161
11
6.586145669291338
21
-4.5649370078740157
0
LINE
8
BLACK
6
CONTINUOUS
10
6.1251719685039365
20
-4.525787874015748
11
6.1264492519685039
21
-4.5266412992125984
0
LINE
8
BLACK
6
CONTINUOUS
10
6.1264492519685039
20
-4.5266412992125984
11
6.1273026771653543
21
-4.5279185826771648
0
LINE
8
BLACK
6
CONTINUOUS
10
6.1273026771653543
20
-4.5279185826771648
11
6.1276023622047244
21
-4.5294251968503936
0
LINE
8
BLACK
6
CONTINUOUS
10
6.1276023622047244
20
-4.5294251968503936
11
6.1276023622047244
21
-4.5372992125984251
0
LINE
8
BLACK
6
CONTINUOUS
10
6.1276023622047244
20
-4.5372992125984251
11
6.1273026771653543
21
-4.5388058267716538
0
LINE
8
BLACK
6
CONTINUOUS
10
6.1273026771653543
20
-4.5388058267716538
11
6.1264492519685039
21
-4.5400831102362202
0
LINE
8
BLACK
6
CONTINUOUS
10
6.1264492519685039
20
-4.5400831102362202
11
6.1251719685039365
21
-4.5409365354330706
0
LINE
8
BLACK
6
CONTINUOUS
10
6.1251719685039365
20
-4.5409365354330706
11
6.1236653543307087
21
-4.5412362204724408
0
LINE
8
BLACK
6
CONTINUOUS
10
6.1236653543307087
20
-4.5412362204724408
11
6.0734685039370078
21
-4.5412362204724408
0
LINE
8
BLACK
6
CONTINUOUS
10
6.0734685039370078
20
-4.5412362204724408
11
6.071961889763779
21
-4.5409365354330706
0
LINE
8
BLACK
6
CONTINUOUS
10
6.071961889763779
20
-4.5409365354330706
11
6.0706846062992126
21
-4.5400831102362202
0
LINE
8
BLACK
6
CONTINUOUS
10
6.0706846062992126
20
-4.5400831102362202
11
6.0698311811023622
21
-4.5388058267716538
0
LINE
8
BLACK
6
CONTINUOUS
10
6.0698311811023622
20
-4.5388058267716538
11
6.069531496062992
21
-4.5372992125984251
0
LINE
8
BLACK
6
CONTINUOUS
10
6.069531496062992
20
-4.5372992125984251
11
6.069531496062992
21
-4.5294251968503936
0
LINE
8
BLACK
6
CONTINUOUS
10
6.069531496062992
20
-4.5294251968503936
11
6.0698311811023622
21
-4.5279185826771648
0
LINE
8
BLACK
6
CONTINUOUS
10
6.0698311811023622
20
-4.5279185826771648
11
6.0706846062992126
21
-4.5266412992125984
0
LINE
8
BLACK
6
CONTINUOUS
10
6.0706846062992126
20
-4.5266412992125984
11
6.071961889763779
21
-4.525787874015748
0
LINE
8
BLACK
6
CONTINUOUS
10
6.071961889763779
20
-4.525787874015748
11
6.0734685039370078
21
-4.5254881889763778
0
LINE
8
BLACK
6
CONTINUOUS
10
6.0734685039370078
20
-4.5254881889763778
11
6.1236653543307087
21
-4.5254881889763778
0
LINE
8
BLACK
6
CONTINUOUS
10
6.1236653543307087
20
-4.5254881889763778
11
6.1251719685039365
21
-4.525787874015748
0
LINE
8
BLACK
6
CONTINUOUS
10
6.3505656692913384
20
-4.525787874015748
11
6.3518429527559057
21
-4.5266412992125984
0
LINE
8
BLACK
6
CONTINUOUS
10
6.3518429527559057
20
-4.5266412992125984
11
6.3526963779527561
21
-4.5279185826771648
0
LINE
8
BLACK
6
CONTINUOUS
10
6.3526963779527561
20
-4.5279185826771648
11
6.3529960629921263
21
-4.5294251968503936
0
LINE
8
BLACK
6
CONTINUOUS
10
6.3529960629921263
20
-4.5294251968503936
11
6.3529960629921263
21
-4.5372992125984251
0
LINE
8
BLACK
6
CONTINUOUS
10
6.3529960629921263
20
-4.5372992125984251
11
6.3526963779527561
21
-4.5388058267716538
0
LINE
8
BLACK
6
CONTINUOUS
10
6.3526963779527561
20
-4.5388058267716538
11
6.3518429527559057
21
-4.5400831102362202
0
LINE
8
BLACK
6
CONTINUOUS
10
6.3518429527559057
20
-4.5400831102362202
11
6.3505656692913384
21
-4.5409365354330706
0
LINE
8
BLACK
6
CONTINUOUS
10
6.3505656692913384
20
-4.5409365354330706
11
6.3490590551181105
21
-4.5412362204724408
0
LINE
8
BLACK
6
CONTINUOUS
10
6.3490590551181105
20
-4.5412362204724408
11
6.2988622047244096
21
-4.5412362204724408
0
LINE
8
BLACK
6
CONTINUOUS
10
6.2988622047244096
20
-4.5412362204724408
11
6.2973555905511809
21
-4.5409365354330706
0
LINE
8
BLACK
6
CONTINUOUS
10
6.2973555905511809
20
-4.5409365354330706
11
6.2960783070866144
21
-4.5400831102362202
0
LINE
8
BLACK
6
CONTINUOUS
10
6.2960783070866144
20
-4.5400831102362202
11
6.295224881889764
21
-4.5388058267716538
0
LINE
8
BLACK
6
CONTINUOUS
10
6.295224881889764
20
-4.5388058267716538
11
6.2949251968503939
21
-4.5372992125984251
0
LINE
8
BLACK
6
CONTINUOUS
10
6.2949251968503939
20
-4.5372992125984251
11
6.2949251968503939
21
-4.5294251968503936
0
LINE
8
BLACK
6
CONTINUOUS
10
6.2949251968503939
20
-4.5294251968503936
11
6.295224881889764
21
-4.5279185826771648
0
LINE
8
BLACK
6
CONTINUOUS
10
6.295224881889764
20
-4.5279185826771648
11
6.2960783070866144
21
-4.5266412992125984
0
LINE
8
BLACK
6
CONTINUOUS
10
6.2960783070866144
20
-4.5266412992125984
11
6.2973555905511809
21
-4.525787874015748
0
LINE
8
BLACK
6
CONTINUOUS
10
6.2973555905511809
20
-4.525787874015748
11
6.2988622047244096
21
-4.5254881889763778
0
LINE
8
BLACK
6
CONTINUOUS
10
6.2988622047244096
20
-4.5254881889763778
11
6.3490590551181105
21
-4.5254881889763778
0
LINE
8
BLACK
6
CONTINUOUS
10
6.3490590551181105
20
-4.5254881889763778
11
6.3505656692913384
21
-4.525787874015748
0
LINE
8
BLACK
6
CONTINUOUS
10
6.1251719685039365
20
-4.5001973228346452
11
6.1264492519685039
21
-4.5010507480314956
0
LINE
8
BLACK
6
CONTINUOUS
10
6.1264492519685039
20
-4.5010507480314956
11
6.1273026771653543
21
-4.502328031496063
0
LINE
8
BLACK
6
CONTINUOUS
10
6.1273026771653543
20
-4.502328031496063
11
6.1276023622047244
21
-4.5038346456692908
0
LINE
8
BLACK
6
CONTINUOUS
10
6.1276023622047244
20
-4.5038346456692908
11
6.1276023622047244
21
-4.5117086614173223
0
LINE
8
BLACK
6
CONTINUOUS
10
6.1276023622047244
20
-4.5117086614173223
11
6.1273026771653543
21
-4.513215275590551
0
LINE
8
BLACK
6
CONTINUOUS
10
6.1273026771653543
20
-4.513215275590551
11
6.1264492519685039
21
-4.5144925590551184
0
LINE
8
BLACK
6
CONTINUOUS
10
6.1264492519685039
20
-4.5144925590551184
11
6.1251719685039365
21
-4.5153459842519688
0
LINE
8
BLACK
6
CONTINUOUS
10
6.1251719685039365
20
-4.5153459842519688
11
6.1236653543307087
21
-4.515645669291338
0
LINE
8
BLACK
6
CONTINUOUS
10
6.1236653543307087
20
-4.515645669291338
11
6.0734685039370078
21
-4.515645669291338
0
LINE
8
BLACK
6
CONTINUOUS
10
6.0734685039370078
20
-4.515645669291338
11
6.071961889763779
21
-4.5153459842519688
0
LINE
8
BLACK
6
CONTINUOUS
10
6.071961889763779
20
-4.5153459842519688
11
6.0706846062992126
21
-4.5144925590551184
0
LINE
8
BLACK
6
CONTINUOUS
10
6.0706846062992126
20
-4.5144925590551184
11
6.0698311811023622
21
-4.513215275590551
0
LINE
8
BLACK
6
CONTINUOUS
10
6.0698311811023622
20
-4.513215275590551
11
6.069531496062992
21
-4.5117086614173223
0
LINE
8
BLACK
6
CONTINUOUS
10
6.069531496062992
20
-4.5117086614173223
11
6.069531496062992
21
-4.5038346456692908
0
LINE
8
BLACK
6
CONTINUOUS
10
6.069531496062992
20
-4.5038346456692908
11
6.0698311811023622
21
-4.502328031496063
0
LINE
8
BLACK
6
CONTINUOUS
10
6.0698311811023622
20
-4.502328031496063
11
6.0706846062992126
21
-4.5010507480314956
0
LINE
8
BLACK
6
CONTINUOUS
10
6.0706846062992126
20
-4.5010507480314956
11
6.071961889763779
21
-4.5001973228346452
0
LINE
8
BLACK
6
CONTINUOUS
10
6.071961889763779
20
-4.5001973228346452
11
6.0734685039370078
21
-4.4998976377952751
0
LINE
8
BLACK
6
CONTINUOUS
10
6.0734685039370078
20
-4.4998976377952751
11
6.1236653543307087
21
-4.4998976377952751
0
LINE
8
BLACK
6
CONTINUOUS
10
6.1236653543307087
20
-4.4998976377952751
11
6.1251719685039365
21
-4.5001973228346452
0
LINE
8
BLACK
6
CONTINUOUS
10
6.3505656692913384
20
-4.5001973228346452
11
6.3518429527559057
21
-4.5010507480314956
0
LINE
8
BLACK
6
CONTINUOUS
10
6.3518429527559057
20
-4.5010507480314956
11
6.3526963779527561
21
-4.502328031496063
0
LINE
8
BLACK
6
CONTINUOUS
10
6.3526963779527561
20
-4.502328031496063
11
6.3529960629921263
21
-4.5038346456692908
0
LINE
8
BLACK
6
CONTINUOUS
10
6.3529960629921263
20
-4.5038346456692908
11
6.3529960629921263
21
-4.5117086614173223
0
LINE
8
BLACK
6
CONTINUOUS
10
6.3529960629921263
20
-4.5117086614173223
11
6.3526963779527561
21
-4.513215275590551
0
LINE
8
BLACK
6
CONTINUOUS
10
6.3526963779527561
20
-4.513215275590551
11
6.3518429527559057
21
-4.5144925590551184
0
LINE
8
BLACK
6
CONTINUOUS
10
6.3518429527559057
20
-4.5144925590551184
11
6.3505656692913384
21
-4.5153459842519688
0
LINE
8
BLACK
6
CONTINUOUS
10
6.3505656692913384
20
-4.5153459842519688
11
6.3490590551181105
21
-4.515645669291338
0
LINE
8
BLACK
6
CONTINUOUS
10
6.3490590551181105
20
-4.515645669291338
11
6.2988622047244096
21
-4.515645669291338
0
LINE
8
BLACK
6
CONTINUOUS
10
6.2988622047244096
20
-4.515645669291338
11
6.2973555905511809
21
-4.5153459842519688
0
LINE
8
BLACK
6
CONTINUOUS
10
6.2973555905511809
20
-4.5153459842519688
11
6.2960783070866144
21
-4.5144925590551184
0
LINE
8
BLACK
6
CONTINUOUS
10
6.2960783070866144
20
-4.5144925590551184
11
6.295224881889764
21
-4.513215275590551
0
LINE
8
BLACK
6
CONTINUOUS
10
6.295224881889764
20
-4.513215275590551
11
6.2949251968503939
21
-4.5117086614173223
0
LINE
8
BLACK
6
CONTINUOUS
10
6.2949251968503939
20
-4.5117086614173223
11
6.2949251968503939
21
-4.5038346456692908
0
LINE
8
BLACK
6
CONTINUOUS
10
6.2949251968503939
20
-4.5038346456692908
11
6.295224881889764
21
-4.502328031496063
0
LINE
8
BLACK
6
CONTINUOUS
10
6.295224881889764
20
-4.502328031496063
11
6.2960783070866144
21
-4.5010507480314956
0
LINE
8
BLACK
6
CONTINUOUS
10
6.2960783070866144
20
-4.5010507480314956
11
6.2973555905511809
21
-4.5001973228346452
0
LINE
8
BLACK
6
CONTINUOUS
10
6.2973555905511809
20
-4.5001973228346452
11
6.2988622047244096
21
-4.4998976377952751
0
LINE
8
BLACK
6
CONTINUOUS
10
6.2988622047244096
20
-4.4998976377952751
11
6.3490590551181105
21
-4.4998976377952751
0
LINE
8
BLACK
6
CONTINUOUS
10
6.3490590551181105
20
-4.4998976377952751
11
6.3505656692913384
21
-4.5001973228346452
0
LINE
8
BLACK
6
CONTINUOUS
10
6.1251719685039365
20
-4.4746067716535434
11
6.1264492519685039
21
-4.4754601968503938
0
LINE
8
BLACK
6
CONTINUOUS
10
6.1264492519685039
20
-4.4754601968503938
11
6.1273026771653543
21
-4.4767374803149602
0
LINE
8
BLACK
6
CONTINUOUS
10
6.1273026771653543
20
-4.4767374803149602
11
6.1276023622047244
21
-4.4782440944881889
0
LINE
8
BLACK
6
CONTINUOUS
10
6.1276023622047244
20
-4.4782440944881889
11
6.1276023622047244
21
-4.4861181102362204
0
LINE
8
BLACK
6
CONTINUOUS
10
6.1276023622047244
20
-4.4861181102362204
11
6.1273026771653543
21
-4.4876247244094492
0
LINE
8
BLACK
6
CONTINUOUS
10
6.1273026771653543
20
-4.4876247244094492
11
6.1264492519685039
21
-4.4889020078740156
0
LINE
8
BLACK
6
CONTINUOUS
10
6.1264492519685039
20
-4.4889020078740156
11
6.1251719685039365
21
-4.489755433070866
0
LINE
8
BLACK
6
CONTINUOUS
10
6.1251719685039365
20
-4.489755433070866
11
6.1236653543307087
21
-4.4900551181102362
0
LINE
8
BLACK
6
CONTINUOUS
10
6.1236653543307087
20
-4.4900551181102362
11
6.0734685039370078
21
-4.4900551181102362
0
LINE
8
BLACK
6
CONTINUOUS
10
6.0734685039370078
20
-4.4900551181102362
11
6.071961889763779
21
-4.489755433070866
0
LINE
8
BLACK
6
CONTINUOUS
10
6.071961889763779
20
-4.489755433070866
11
6.0706846062992126
21
-4.4889020078740156
0
LINE
8
BLACK
6
CONTINUOUS
10
6.0706846062992126
20
-4.4889020078740156
11
6.0698311811023622
21
-4.4876247244094492
0
LINE
8
BLACK
6
CONTINUOUS
10
6.0698311811023622
20
-4.4876247244094492
11
6.069531496062992
21
-4.4861181102362204
0
LINE
8
BLACK
6
CONTINUOUS
10
6.069531496062992
20
-4.4861181102362204
11
6.069531496062992
21
-4.4782440944881889
0
LINE
8
BLACK
6
CONTINUOUS
10
6.069531496062992
20
-4.4782440944881889
11
6.0698311811023622
21
-4.4767374803149602
0
LINE
8
BLACK
6
CONTINUOUS
10
6.0698311811023622
20
-4.4767374803149602
11
6.0706846062992126
21
-4.4754601968503938
0
LINE
8
BLACK
6
CONTINUOUS
10
6.0706846062992126
20
-4.4754601968503938
11
6.071961889763779
21
-4.4746067716535434
0
LINE
8
BLACK
6
CONTINUOUS
10
6.071961889763779
20
-4.4746067716535434
11
6.0734685039370078
21
-4.4743070866141732
0
LINE
8
BLACK
6
CONTINUOUS
10
6.0734685039370078
20
-4.4743070866141732
11
6.1236653543307087
21
-4.4743070866141732
0
LINE
8
BLACK
6
CONTINUOUS
10
6.1236653543307087
20
-4.4743070866141732
11
6.1251719685039365
21
-4.4746067716535434
0
LINE
8
BLACK
6
CONTINUOUS
10
6.3505656692913384
20
-4.4746067716535434
11
6.3518429527559057
21
-4.4754601968503938
0
LINE
8
BLACK
6
CONTINUOUS
10
6.3518429527559057
20
-4.4754601968503938
11
6.3526963779527561
21
-4.4767374803149602
0
LINE
8
BLACK
6
CONTINUOUS
10
6.3526963779527561
20
-4.4767374803149602
11
6.3529960629921263
21
-4.4782440944881889
0
LINE
8
BLACK
6
CONTINUOUS
10
6.3529960629921263
20
-4.4782440944881889
11
6.3529960629921263
21
-4.4861181102362204
0
LINE
8
BLACK
6
CONTINUOUS
10
6.3529960629921263
20
-4.4861181102362204
11
6.3526963779527561
21
-4.4876247244094492
0
LINE
8
BLACK
6
CONTINUOUS
10
6.3526963779527561
20
-4.4876247244094492
11
6.3518429527559057
21
-4.4889020078740156
0
LINE
8
BLACK
6
CONTINUOUS
10
6.3518429527559057
20
-4.4889020078740156
11
6.3505656692913384
21
-4.489755433070866
0
LINE
8
BLACK
6
CONTINUOUS
10
6.3505656692913384
20
-4.489755433070866
11
6.3490590551181105
21
-4.4900551181102362
0
LINE
8
BLACK
6
CONTINUOUS
10
6.3490590551181105
20
-4.4900551181102362
11
6.2988622047244096
21
-4.4900551181102362
0
LINE
8
BLACK
6
CONTINUOUS
10
6.2988622047244096
20
-4.4900551181102362
11
6.2973555905511809
21
-4.489755433070866
0
LINE
8
BLACK
6
CONTINUOUS
10
6.2973555905511809
20
-4.489755433070866
11
6.2960783070866144
21
-4.4889020078740156
0
LINE
8
BLACK
6
CONTINUOUS
10
6.2960783070866144
20
-4.4889020078740156
11
6.295224881889764
21
-4.4876247244094492
0
LINE
8
BLACK
6
CONTINUOUS
10
6.295224881889764
20
-4.4876247244094492
11
6.2949251968503939
21
-4.4861181102362204
0
LINE
8
BLACK
6
CONTINUOUS
10
6.2949251968503939
20
-4.4861181102362204
11
6.2949251968503939
21
-4.4782440944881889
0
LINE
8
BLACK
6
CONTINUOUS
10
6.2949251968503939
20
-4.4782440944881889
11
6.295224881889764
21
-4.4767374803149602
0
LINE
8
BLACK
6
CONTINUOUS
10
6.295224881889764
20
-4.4767374803149602
11
6.2960783070866144
21
-4.4754601968503938
0
LINE
8
BLACK
6
CONTINUOUS
10
6.2960783070866144
20
-4.4754601968503938
11
6.2973555905511809
21
-4.4746067716535434
0
LINE
8
BLACK
6
CONTINUOUS
10
6.2973555905511809
20
-4.4746067716535434
11
6.2988622047244096
21
-4.4743070866141732
0
LINE
8
BLACK
6
CONTINUOUS
10
6.2988622047244096
20
-4.4743070866141732
11
6.3490590551181105
21
-4.4743070866141732
0
LINE
8
BLACK
6
CONTINUOUS
10
6.3490590551181105
20
-4.4743070866141732
11
6.3505656692913384
21
-4.4746067716535434
0
LINE
8
BLACK
6
CONTINUOUS
10
5.1323702362204724
20
-4.4448632677165349
11
5.1352440551181102
21
-4.4467835039370076
0
LINE
8
BLACK
6
CONTINUOUS
10
5.1352440551181102
20
-4.4467835039370076
11
5.1371642913385829
21
-4.4496573228346454
0
LINE
8
BLACK
6
CONTINUOUS
10
5.1371642913385829
20
-4.4496573228346454
11
5.1378385826771655
21
-4.4530472440944884
0
LINE
8
BLACK
6
CONTINUOUS
10
5.1378385826771655
20
-4.4530472440944884
11
5.1378385826771655
21
-4.4727322834645671
0
LINE
8
BLACK
6
CONTINUOUS
10
5.1378385826771655
20
-4.4727322834645671
11
5.1371642913385829
21
-4.4761222047244091
0
LINE
8
BLACK
6
CONTINUOUS
10
5.1371642913385829
20
-4.4761222047244091
11
5.1352440551181102
21
-4.478996023622047
0
LINE
8
BLACK
6
CONTINUOUS
10
5.1352440551181102
20
-4.478996023622047
11
5.1323702362204724
21
-4.4809162598425196
0
LINE
8
BLACK
6
CONTINUOUS
10
5.1323702362204724
20
-4.4809162598425196
11
5.1289803149606294
21
-4.4815905511811023
0
LINE
8
BLACK
6
CONTINUOUS
10
5.1289803149606294
20
-4.4815905511811023
11
5.1112637795275591
21
-4.4815905511811023
0
LINE
8
BLACK
6
CONTINUOUS
10
5.1112637795275591
20
-4.4815905511811023
11
5.1078738582677161
21
-4.4809162598425196
0
LINE
8
BLACK
6
CONTINUOUS
10
5.1078738582677161
20
-4.4809162598425196
11
5.1050000393700783
21
-4.478996023622047
0
LINE
8
BLACK
6
CONTINUOUS
10
5.1050000393700783
20
-4.478996023622047
11
5.1030798031496065
21
-4.4761222047244091
0
LINE
8
BLACK
6
CONTINUOUS
10
5.1030798031496065
20
-4.4761222047244091
11
5.1024055118110239
21
-4.4727322834645671
0
LINE
8
BLACK
6
CONTINUOUS
10
5.1024055118110239
20
-4.4727322834645671
11
5.1024055118110239
21
-4.4530472440944884
0
LINE
8
BLACK
6
CONTINUOUS
10
5.1024055118110239
20
-4.4530472440944884
11
5.1030798031496065
21
-4.4496573228346454
0
LINE
8
BLACK
6
CONTINUOUS
10
5.1030798031496065
20
-4.4496573228346454
11
5.1050000393700783
21
-4.4467835039370076
0
LINE
8
BLACK
6
CONTINUOUS
10
5.1050000393700783
20
-4.4467835039370076
11
5.1078738582677161
21
-4.4448632677165349
0
LINE
8
BLACK
6
CONTINUOUS
10
5.1078738582677161
20
-4.4448632677165349
11
5.1112637795275591
21
-4.4441889763779523
0
LINE
8
BLACK
6
CONTINUOUS
10
5.1112637795275591
20
-4.4441889763779523
11
5.1289803149606294
21
-4.4441889763779523
0
LINE
8
BLACK
6
CONTINUOUS
10
5.1289803149606294
20
-4.4441889763779523
11
5.1323702362204724
21
-4.4448632677165349
0
LINE
8
BLACK
6
CONTINUOUS
10
5.1933938582677168
20
-4.4448632677165349
11
5.1962676771653546
21
-4.4467835039370076
0
LINE
8
BLACK
6
CONTINUOUS
10
5.1962676771653546
20
-4.4467835039370076
11
5.1981879133858264
21
-4.4496573228346454
0
LINE
8
BLACK
6
CONTINUOUS
10
5.1981879133858264
20
-4.4496573228346454
11
5.1988622047244091
21
-4.4530472440944884
0
LINE
8
BLACK
6
CONTINUOUS
10
5.1988622047244091
20
-4.4530472440944884
11
5.1988622047244091
21
-4.4727322834645671
0
LINE
8
BLACK
6
CONTINUOUS
10
5.1988622047244091
20
-4.4727322834645671
11
5.1981879133858264
21
-4.4761222047244091
0
LINE
8
BLACK
6
CONTINUOUS
10
5.1981879133858264
20
-4.4761222047244091
11
5.1962676771653546
21
-4.478996023622047
0
LINE
8
BLACK
6
CONTINUOUS
10
5.1962676771653546
20
-4.478996023622047
11
5.1933938582677168
21
-4.4809162598425196
0
LINE
8
BLACK
6
CONTINUOUS
10
5.1933938582677168
20
-4.4809162598425196
11
5.1900039370078739
21
-4.4815905511811023
0
LINE
8
BLACK
6
CONTINUOUS
10
5.1900039370078739
20
-4.4815905511811023
11
5.1722874015748026
21
-4.4815905511811023
0
LINE
8
BLACK
6
CONTINUOUS
10
5.1722874015748026
20
-4.4815905511811023
11
5.1688974803149605
21
-4.4809162598425196
0
LINE
8
BLACK
6
CONTINUOUS
10
5.1688974803149605
20
-4.4809162598425196
11
5.1660236614173227
21
-4.478996023622047
0
LINE
8
BLACK
6
CONTINUOUS
10
5.1660236614173227
20
-4.478996023622047
11
5.1641034251968501
21
-4.4761222047244091
0
LINE
8
BLACK
6
CONTINUOUS
10
5.1641034251968501
20
-4.4761222047244091
11
5.1634291338582674
21
-4.4727322834645671
0
LINE
8
BLACK
6
CONTINUOUS
10
5.1634291338582674
20
-4.4727322834645671
11
5.1634291338582674
21
-4.4530472440944884
0
LINE
8
BLACK
6
CONTINUOUS
10
5.1634291338582674
20
-4.4530472440944884
11
5.1641034251968501
21
-4.4496573228346454
0
LINE
8
BLACK
6
CONTINUOUS
10
5.1641034251968501
20
-4.4496573228346454
11
5.1660236614173227
21
-4.4467835039370076
0
LINE
8
BLACK
6
CONTINUOUS
10
5.1660236614173227
20
-4.4467835039370076
11
5.1688974803149605
21
-4.4448632677165349
0
LINE
8
BLACK
6
CONTINUOUS
10
5.1688974803149605
20
-4.4448632677165349
11
5.1722874015748026
21
-4.4441889763779523
0
LINE
8
BLACK
6
CONTINUOUS
10
5.1722874015748026
20
-4.4441889763779523
11
5.1900039370078739
21
-4.4441889763779523
0
LINE
8
BLACK
6
CONTINUOUS
10
5.1900039370078739
20
-4.4441889763779523
11
5.1933938582677168
21
-4.4448632677165349
0
LINE
8
BLACK
6
CONTINUOUS
10
5.2902442519685042
20
-4.4448632677165349
11
5.2931180708661421
21
-4.4467835039370076
0
LINE
8
BLACK
6
CONTINUOUS
10
5.2931180708661421
20
-4.4467835039370076
11
5.2950383070866138
21
-4.4496573228346454
0
LINE
8
BLACK
6
CONTINUOUS
10
5.2950383070866138
20
-4.4496573228346454
11
5.2957125984251965
21
-4.4530472440944884
0
LINE
8
BLACK
6
CONTINUOUS
10
5.2957125984251965
20
-4.4530472440944884
11
5.2957125984251965
21
-4.4727322834645671
0
LINE
8
BLACK
6
CONTINUOUS
10
5.2957125984251965
20
-4.4727322834645671
11
5.2950383070866138
21
-4.4761222047244091
0
LINE
8
BLACK
6
CONTINUOUS
10
5.2950383070866138
20
-4.4761222047244091
11
5.2931180708661421
21
-4.478996023622047
0
LINE
8
BLACK
6
CONTINUOUS
10
5.2931180708661421
20
-4.478996023622047
11
5.2902442519685042
21
-4.4809162598425196
0
LINE
8
BLACK
6
CONTINUOUS
10
5.2902442519685042
20
-4.4809162598425196
11
5.2868543307086613
21
-4.4815905511811023
0
LINE
8
BLACK
6
CONTINUOUS
10
5.2868543307086613
20
-4.4815905511811023
11
5.26913779527559
21
-4.4815905511811023
0
LINE
8
BLACK
6
CONTINUOUS
10
5.26913779527559
20
-4.4815905511811023
11
5.265747874015748
21
-4.4809162598425196
0
LINE
8
BLACK
6
CONTINUOUS
10
5.265747874015748
20
-4.4809162598425196
11
5.2628740551181101
21
-4.478996023622047
0
LINE
8
BLACK
6
CONTINUOUS
10
5.2628740551181101
20
-4.478996023622047
11
5.2609538188976375
21
-4.4761222047244091
0
LINE
8
BLACK
6
CONTINUOUS
10
5.2609538188976375
20
-4.4761222047244091
11
5.2602795275590548
21
-4.4727322834645671
0
LINE
8
BLACK
6
CONTINUOUS
10
5.2602795275590548
20
-4.4727322834645671
11
5.2602795275590548
21
-4.4530472440944884
0
LINE
8
BLACK
6
CONTINUOUS
10
5.2602795275590548
20
-4.4530472440944884
11
5.2609538188976375
21
-4.4496573228346454
0
LINE
8
BLACK
6
CONTINUOUS
10
5.2609538188976375
20
-4.4496573228346454
11
5.2628740551181101
21
-4.4467835039370076
0
LINE
8
BLACK
6
CONTINUOUS
10
5.2628740551181101
20
-4.4467835039370076
11
5.265747874015748
21
-4.4448632677165349
0
LINE
8
BLACK
6
CONTINUOUS
10
5.265747874015748
20
-4.4448632677165349
11
5.26913779527559
21
-4.4441889763779523
0
LINE
8
BLACK
6
CONTINUOUS
10
5.26913779527559
20
-4.4441889763779523
11
5.2868543307086613
21
-4.4441889763779523
0
LINE
8
BLACK
6
CONTINUOUS
10
5.2868543307086613
20
-4.4441889763779523
11
5.2902442519685042
21
-4.4448632677165349
0
LINE
8
BLACK
6
CONTINUOUS
10
5.3512678740157478
20
-4.4448632677165349
11
5.3541416929133856
21
-4.4467835039370076
0
LINE
8
BLACK
6
CONTINUOUS
10
5.3541416929133856
20
-4.4467835039370076
11
5.3560619291338583
21
-4.4496573228346454
0
LINE
8
BLACK
6
CONTINUOUS
10
5.3560619291338583
20
-4.4496573228346454
11
5.3567362204724409
21
-4.4530472440944884
0
LINE
8
BLACK
6
CONTINUOUS
10
5.3567362204724409
20
-4.4530472440944884
11
5.3567362204724409
21
-4.4727322834645671
0
LINE
8
BLACK
6
CONTINUOUS
10
5.3567362204724409
20
-4.4727322834645671
11
5.3560619291338583
21
-4.4761222047244091
0
LINE
8
BLACK
6
CONTINUOUS
10
5.3560619291338583
20
-4.4761222047244091
11
5.3541416929133856
21
-4.478996023622047
0
LINE
8
BLACK
6
CONTINUOUS
10
5.3541416929133856
20
-4.478996023622047
11
5.3512678740157478
21
-4.4809162598425196
0
LINE
8
BLACK
6
CONTINUOUS
10
5.3512678740157478
20
-4.4809162598425196
11
5.3478779527559057
21
-4.4815905511811023
0
LINE
8
BLACK
6
CONTINUOUS
10
5.3478779527559057
20
-4.4815905511811023
11
5.3301614173228344
21
-4.4815905511811023
0
LINE
8
BLACK
6
CONTINUOUS
10
5.3301614173228344
20
-4.4815905511811023
11
5.3267714960629924
21
-4.4809162598425196
0
LINE
8
BLACK
6
CONTINUOUS
10
5.3267714960629924
20
-4.4809162598425196
11
5.3238976771653546
21
-4.478996023622047
0
LINE
8
BLACK
6
CONTINUOUS
10
5.3238976771653546
20
-4.478996023622047
11
5.3219774409448819
21
-4.4761222047244091
0
LINE
8
BLACK
6
CONTINUOUS
10
5.3219774409448819
20
-4.4761222047244091
11
5.3213031496062992
21
-4.4727322834645671
0
LINE
8
BLACK
6
CONTINUOUS
10
5.3213031496062992
20
-4.4727322834645671
11
5.3213031496062992
21
-4.4530472440944884
0
LINE
8
BLACK
6
CONTINUOUS
10
5.3213031496062992
20
-4.4530472440944884
11
5.3219774409448819
21
-4.4496573228346454
0
LINE
8
BLACK
6
CONTINUOUS
10
5.3219774409448819
20
-4.4496573228346454
11
5.3238976771653546
21
-4.4467835039370076
0
LINE
8
BLACK
6
CONTINUOUS
10
5.3238976771653546
20
-4.4467835039370076
11
5.3267714960629924
21
-4.4448632677165349
0
LINE
8
BLACK
6
CONTINUOUS
10
5.3267714960629924
20
-4.4448632677165349
11
5.3301614173228344
21
-4.4441889763779523
0
LINE
8
BLACK
6
CONTINUOUS
10
5.3301614173228344
20
-4.4441889763779523
11
5.3478779527559057
21
-4.4441889763779523
0
LINE
8
BLACK
6
CONTINUOUS
10
5.3478779527559057
20
-4.4441889763779523
11
5.3512678740157478
21
-4.4448632677165349
0
LINE
8
BLACK
6
CONTINUOUS
10
5.6932140551181103
20
-4.4447883464566926
11
5.6957685433070866
21
-4.4464952362204722
0
LINE
8
BLACK
6
CONTINUOUS
10
5.6957685433070866
20
-4.4464952362204722
11
5.6974754330708661
21
-4.4490497244094485
0
LINE
8
BLACK
6
CONTINUOUS
10
5.6974754330708661
20
-4.4490497244094485
11
5.6980748031496065
21
-4.4520629921259838
0
LINE
8
BLACK
6
CONTINUOUS
10
5.6980748031496065
20
-4.4520629921259838
11
5.6980748031496065
21
-4.4737165354330708
0
LINE
8
BLACK
6
CONTINUOUS
10
5.6980748031496065
20
-4.4737165354330708
11
5.6974754330708661
21
-4.4767298031496061
0
LINE
8
BLACK
6
CONTINUOUS
10
5.6974754330708661
20
-4.4767298031496061
11
5.6957685433070866
21
-4.4792842913385824
0
LINE
8
BLACK
6
CONTINUOUS
10
5.6957685433070866
20
-4.4792842913385824
11
5.6932140551181103
21
-4.4809911811023619
0
LINE
8
BLACK
6
CONTINUOUS
10
5.6932140551181103
20
-4.4809911811023619
11
5.690200787401575
21
-4.4815905511811023
0
LINE
8
BLACK
6
CONTINUOUS
10
5.690200787401575
20
-4.4815905511811023
11
5.674452755905512
21
-4.4815905511811023
0
LINE
8
BLACK
6
CONTINUOUS
10
5.674452755905512
20
-4.4815905511811023
11
5.6714394881889758
21
-4.4809911811023619
0
LINE
8
BLACK
6
CONTINUOUS
10
5.6714394881889758
20
-4.4809911811023619
11
5.6688849999999995
21
-4.4792842913385824
0
LINE
8
BLACK
6
CONTINUOUS
10
5.6688849999999995
20
-4.4792842913385824
11
5.66717811023622
21
-4.4767298031496061
0
LINE
8
BLACK
6
CONTINUOUS
10
5.66717811023622
20
-4.4767298031496061
11
5.6665787401574805
21
-4.4737165354330708
0
LINE
8
BLACK
6
CONTINUOUS
10
5.6665787401574805
20
-4.4737165354330708
11
5.6665787401574805
21
-4.4520629921259838
0
LINE
8
BLACK
6
CONTINUOUS
10
5.6665787401574805
20
-4.4520629921259838
11
5.66717811023622
21
-4.4490497244094485
0
LINE
8
BLACK
6
CONTINUOUS
10
5.66717811023622
20
-4.4490497244094485
11
5.6688849999999995
21
-4.4464952362204722
0
LINE
8
BLACK
6
CONTINUOUS
10
5.6688849999999995
20
-4.4464952362204722
11
5.6714394881889758
21
-4.4447883464566926
0
LINE
8
BLACK
6
CONTINUOUS
10
5.6714394881889758
20
-4.4447883464566926
11
5.674452755905512
21
-4.4441889763779523
0
LINE
8
BLACK
6
CONTINUOUS
10
5.674452755905512
20
-4.4441889763779523
11
5.690200787401575
21
-4.4441889763779523
0
LINE
8
BLACK
6
CONTINUOUS
10
5.690200787401575
20
-4.4441889763779523
11
5.6932140551181103
21
-4.4447883464566926
0
LINE
8
BLACK
6
CONTINUOUS
10
5.7581746850393696
20
-4.4447883464566926
11
5.7607291732283468
21
-4.4464952362204722
0
LINE
8
BLACK
6
CONTINUOUS
10
5.7607291732283468
20
-4.4464952362204722
11
5.7624360629921263
21
-4.4490497244094485
0
LINE
8
BLACK
6
CONTINUOUS
10
5.7624360629921263
20
-4.4490497244094485
11
5.7630354330708657
21
-4.4520629921259838
0
LINE
8
BLACK
6
CONTINUOUS
10
5.7630354330708657
20
-4.4520629921259838
11
5.7630354330708657
21
-4.4737165354330708
0
LINE
8
BLACK
6
CONTINUOUS
10
5.7630354330708657
20
-4.4737165354330708
11
5.7624360629921263
21
-4.4767298031496061
0
LINE
8
BLACK
6
CONTINUOUS
10
5.7624360629921263
20
-4.4767298031496061
11
5.7607291732283468
21
-4.4792842913385824
0
LINE
8
BLACK
6
CONTINUOUS
10
5.7607291732283468
20
-4.4792842913385824
11
5.7581746850393696
21
-4.4809911811023619
0
LINE
8
BLACK
6
CONTINUOUS
10
5.7581746850393696
20
-4.4809911811023619
11
5.7551614173228343
21
-4.4815905511811023
0
LINE
8
BLACK
6
CONTINUOUS
10
5.7551614173228343
20
-4.4815905511811023
11
5.7394133858267713
21
-4.4815905511811023
0
LINE
8
BLACK
6
CONTINUOUS
10
5.7394133858267713
20
-4.4815905511811023
11
5.736400118110236
21
-4.4809911811023619
0
LINE
8
BLACK
6
CONTINUOUS
10
5.736400118110236
20
-4.4809911811023619
11
5.7338456299212597
21
-4.4792842913385824
0
LINE
8
BLACK
6
CONTINUOUS
10
5.7338456299212597
20
-4.4792842913385824
11
5.7321387401574802
21
-4.4767298031496061
0
LINE
8
BLACK
6
CONTINUOUS
10
5.7321387401574802
20
-4.4767298031496061
11
5.7315393700787398
21
-4.4737165354330708
0
LINE
8
BLACK
6
CONTINUOUS
10
5.7315393700787398
20
-4.4737165354330708
11
5.7315393700787398
21
-4.4520629921259838
0
LINE
8
BLACK
6
CONTINUOUS
10
5.7315393700787398
20
-4.4520629921259838
11
5.7321387401574802
21
-4.4490497244094485
0
LINE
8
BLACK
6
CONTINUOUS
10
5.7321387401574802
20
-4.4490497244094485
11
5.7338456299212597
21
-4.4464952362204722
0
LINE
8
BLACK
6
CONTINUOUS
10
5.7338456299212597
20
-4.4464952362204722
11
5.736400118110236
21
-4.4447883464566926
0
LINE
8
BLACK
6
CONTINUOUS
10
5.736400118110236
20
-4.4447883464566926
11
5.7394133858267713
21
-4.4441889763779523
0
LINE
8
BLACK
6
CONTINUOUS
10
5.7394133858267713
20
-4.4441889763779523
11
5.7551614173228343
21
-4.4441889763779523
0
LINE
8
BLACK
6
CONTINUOUS
10
5.7551614173228343
20
-4.4441889763779523
11
5.7581746850393696
21
-4.4447883464566926
0
LINE
8
BLACK
6
CONTINUOUS
10
5.896381889763779
20
-4.464937007874016
11
5.8363818897637794
21
-4.464937007874016
0
LINE
8
BLACK
6
CONTINUOUS
10
5.8363818897637794
20
-4.464937007874016
11
5.8363818897637794
21
-4.4049370078740155
0
LINE
8
BLACK
6
CONTINUOUS
10
5.8363818897637794
20
-4.4049370078740155
11
5.896381889763779
21
-4.4049370078740155
0
LINE
8
BLACK
6
CONTINUOUS
10
5.896381889763779
20
-4.4049370078740155
11
5.896381889763779
21
-4.464937007874016
0
LINE
8
BLACK
6
CONTINUOUS
10
5.9963818897637795
20
-4.464937007874016
11
5.936381889763779
21
-4.464937007874016
0
LINE
8
BLACK
6
CONTINUOUS
10
5.936381889763779
20
-4.464937007874016
11
5.936381889763779
21
-4.4049370078740155
0
LINE
8
BLACK
6
CONTINUOUS
10
5.936381889763779
20
-4.4049370078740155
11
5.9963818897637795
21
-4.4049370078740155
0
LINE
8
BLACK
6
CONTINUOUS
10
5.9963818897637795
20
-4.4049370078740155
11
5.9963818897637795
21
-4.464937007874016
0
LINE
8
BLACK
6
CONTINUOUS
10
6.1251719685039365
20
-4.4490162204724406
11
6.1264492519685039
21
-4.449869645669291
0
LINE
8
BLACK
6
CONTINUOUS
10
6.1264492519685039
20
-4.449869645669291
11
6.1273026771653543
21
-4.4511469291338583
0
LINE
8
BLACK
6
CONTINUOUS
10
6.1273026771653543
20
-4.4511469291338583
11
6.1276023622047244
21
-4.4526535433070862
0
LINE
8
BLACK
6
CONTINUOUS
10
6.1276023622047244
20
-4.4526535433070862
11
6.1276023622047244
21
-4.4605275590551177
0
LINE
8
BLACK
6
CONTINUOUS
10
6.1276023622047244
20
-4.4605275590551177
11
6.1273026771653543
21
-4.4620341732283464
0
LINE
8
BLACK
6
CONTINUOUS
10
6.1273026771653543
20
-4.4620341732283464
11
6.1264492519685039
21
-4.4633114566929128
0
LINE
8
BLACK
6
CONTINUOUS
10
6.1264492519685039
20
-4.4633114566929128
11
6.1251719685039365
21
-4.4641648818897632
0
LINE
8
BLACK
6
CONTINUOUS
10
6.1251719685039365
20
-4.4641648818897632
11
6.1236653543307087
21
-4.4644645669291334
0
LINE
8
BLACK
6
CONTINUOUS
10
6.1236653543307087
20
-4.4644645669291334
11
6.0734685039370078
21
-4.4644645669291334
0
LINE
8
BLACK
6
CONTINUOUS
10
6.0734685039370078
20
-4.4644645669291334
11
6.071961889763779
21
-4.4641648818897632
0
LINE
8
BLACK
6
CONTINUOUS
10
6.071961889763779
20
-4.4641648818897632
11
6.0706846062992126
21
-4.4633114566929128
0
LINE
8
BLACK
6
CONTINUOUS
10
6.0706846062992126
20
-4.4633114566929128
11
6.0698311811023622
21
-4.4620341732283464
0
LINE
8
BLACK
6
CONTINUOUS
10
6.0698311811023622
20
-4.4620341732283464
11
6.069531496062992
21
-4.4605275590551177
0
LINE
8
BLACK
6
CONTINUOUS
10
6.069531496062992
20
-4.4605275590551177
11
6.069531496062992
21
-4.4526535433070862
0
LINE
8
BLACK
6
CONTINUOUS
10
6.069531496062992
20
-4.4526535433070862
11
6.0698311811023622
21
-4.4511469291338583
0
LINE
8
BLACK
6
CONTINUOUS
10
6.0698311811023622
20
-4.4511469291338583
11
6.0706846062992126
21
-4.449869645669291
0
LINE
8
BLACK
6
CONTINUOUS
10
6.0706846062992126
20
-4.449869645669291
11
6.071961889763779
21
-4.4490162204724406
0
LINE
8
BLACK
6
CONTINUOUS
10
6.071961889763779
20
-4.4490162204724406
11
6.0734685039370078
21
-4.4487165354330704
0
LINE
8
BLACK
6
CONTINUOUS
10
6.0734685039370078
20
-4.4487165354330704
11
6.1236653543307087
21
-4.4487165354330704
0
LINE
8
BLACK
6
CONTINUOUS
10
6.1236653543307087
20
-4.4487165354330704
11
6.1251719685039365
21
-4.4490162204724406
0
LINE
8
BLACK
6
CONTINUOUS
10
6.3505656692913384
20
-4.4490162204724406
11
6.3518429527559057
21
-4.449869645669291
0
LINE
8
BLACK
6
CONTINUOUS
10
6.3518429527559057
20
-4.449869645669291
11
6.3526963779527561
21
-4.4511469291338583
0
LINE
8
BLACK
6
CONTINUOUS
10
6.3526963779527561
20
-4.4511469291338583
11
6.3529960629921263
21
-4.4526535433070862
0
LINE
8
BLACK
6
CONTINUOUS
10
6.3529960629921263
20
-4.4526535433070862
11
6.3529960629921263
21
-4.4605275590551177
0
LINE
8
BLACK
6
CONTINUOUS
10
6.3529960629921263
20
-4.4605275590551177
11
6.3526963779527561
21
-4.4620341732283464
0
LINE
8
BLACK
6
CONTINUOUS
10
6.3526963779527561
20
-4.4620341732283464
11
6.3518429527559057
21
-4.4633114566929128
0
LINE
8
BLACK
6
CONTINUOUS
10
6.3518429527559057
20
-4.4633114566929128
11
6.3505656692913384
21
-4.4641648818897632
0
LINE
8
BLACK
6
CONTINUOUS
10
6.3505656692913384
20
-4.4641648818897632
11
6.3490590551181105
21
-4.4644645669291334
0
LINE
8
BLACK
6
CONTINUOUS
10
6.3490590551181105
20
-4.4644645669291334
11
6.2988622047244096
21
-4.4644645669291334
0
LINE
8
BLACK
6
CONTINUOUS
10
6.2988622047244096
20
-4.4644645669291334
11
6.2973555905511809
21
-4.4641648818897632
0
LINE
8
BLACK
6
CONTINUOUS
10
6.2973555905511809
20
-4.4641648818897632
11
6.2960783070866144
21
-4.4633114566929128
0
LINE
8
BLACK
6
CONTINUOUS
10
6.2960783070866144
20
-4.4633114566929128
11
6.295224881889764
21
-4.4620341732283464
0
LINE
8
BLACK
6
CONTINUOUS
10
6.295224881889764
20
-4.4620341732283464
11
6.2949251968503939
21
-4.4605275590551177
0
LINE
8
BLACK
6
CONTINUOUS
10
6.2949251968503939
20
-4.4605275590551177
11
6.2949251968503939
21
-4.4526535433070862
0
LINE
8
BLACK
6
CONTINUOUS
10
6.2949251968503939
20
-4.4526535433070862
11
6.295224881889764
21
-4.4511469291338583
0
LINE
8
BLACK
6
CONTINUOUS
10
6.295224881889764
20
-4.4511469291338583
11
6.2960783070866144
21
-4.449869645669291
0
LINE
8
BLACK
6
CONTINUOUS
10
6.2960783070866144
20
-4.449869645669291
11
6.2973555905511809
21
-4.4490162204724406
0
LINE
8
BLACK
6
CONTINUOUS
10
6.2973555905511809
20
-4.4490162204724406
11
6.2988622047244096
21
-4.4487165354330704
0
LINE
8
BLACK
6
CONTINUOUS
10
6.2988622047244096
20
-4.4487165354330704
11
6.3490590551181105
21
-4.4487165354330704
0
LINE
8
BLACK
6
CONTINUOUS
10
6.3490590551181105
20
-4.4487165354330704
11
6.3505656692913384
21
-4.4490162204724406
0
LINE
8
BLACK
6
CONTINUOUS
10
6.1251719685039365
20
-4.4234256692913387
11
6.1264492519685039
21
-4.4242790944881891
0
LINE
8
BLACK
6
CONTINUOUS
10
6.1264492519685039
20
-4.4242790944881891
11
6.1273026771653543
21
-4.4255563779527556
0
LINE
8
BLACK
6
CONTINUOUS
10
6.1273026771653543
20
-4.4255563779527556
11
6.1276023622047244
21
-4.4270629921259843
0
LINE
8
BLACK
6
CONTINUOUS
10
6.1276023622047244
20
-4.4270629921259843
11
6.1276023622047244
21
-4.4349370078740158
0
LINE
8
BLACK
6
CONTINUOUS
10
6.1276023622047244
20
-4.4349370078740158
11
6.1273026771653543
21
-4.4364436220472436
0
LINE
8
BLACK
6
CONTINUOUS
10
6.1273026771653543
20
-4.4364436220472436
11
6.1264492519685039
21
-4.437720905511811
0
LINE
8
BLACK
6
CONTINUOUS
10
6.1264492519685039
20
-4.437720905511811
11
6.1251719685039365
21
-4.4385743307086614
0
LINE
8
BLACK
6
CONTINUOUS
10
6.1251719685039365
20
-4.4385743307086614
11
6.1236653543307087
21
-4.4388740157480315
0
LINE
8
BLACK
6
CONTINUOUS
10
6.1236653543307087
20
-4.4388740157480315
11
6.0734685039370078
21
-4.4388740157480315
0
LINE
8
BLACK
6
CONTINUOUS
10
6.0734685039370078
20
-4.4388740157480315
11
6.071961889763779
21
-4.4385743307086614
0
LINE
8
BLACK
6
CONTINUOUS
10
6.071961889763779
20
-4.4385743307086614
11
6.0706846062992126
21
-4.437720905511811
0
LINE
8
BLACK
6
CONTINUOUS
10
6.0706846062992126
20
-4.437720905511811
11
6.0698311811023622
21
-4.4364436220472436
0
LINE
8
BLACK
6
CONTINUOUS
10
6.0698311811023622
20
-4.4364436220472436
11
6.069531496062992
21
-4.4349370078740158
0
LINE
8
BLACK
6
CONTINUOUS
10
6.069531496062992
20
-4.4349370078740158
11
6.069531496062992
21
-4.4270629921259843
0
LINE
8
BLACK
6
CONTINUOUS
10
6.069531496062992
20
-4.4270629921259843
11
6.0698311811023622
21
-4.4255563779527556
0
LINE
8
BLACK
6
CONTINUOUS
10
6.0698311811023622
20
-4.4255563779527556
11
6.0706846062992126
21
-4.4242790944881891
0
LINE
8
BLACK
6
CONTINUOUS
10
6.0706846062992126
20
-4.4242790944881891
11
6.071961889763779
21
-4.4234256692913387
0
LINE
8
BLACK
6
CONTINUOUS
10
6.071961889763779
20
-4.4234256692913387
11
6.0734685039370078
21
-4.4231259842519686
0
LINE
8
BLACK
6
CONTINUOUS
10
6.0734685039370078
20
-4.4231259842519686
11
6.1236653543307087
21
-4.4231259842519686
0
LINE
8
BLACK
6
CONTINUOUS
10
6.1236653543307087
20
-4.4231259842519686
11
6.1251719685039365
21
-4.4234256692913387
0
LINE
8
BLACK
6
CONTINUOUS
10
6.3505656692913384
20
-4.4234256692913387
11
6.3518429527559057
21
-4.4242790944881891
0
LINE
8
BLACK
6
CONTINUOUS
10
6.3518429527559057
20
-4.4242790944881891
11
6.3526963779527561
21
-4.4255563779527556
0
LINE
8
BLACK
6
CONTINUOUS
10
6.3526963779527561
20
-4.4255563779527556
11
6.3529960629921263
21
-4.4270629921259843
0
LINE
8
BLACK
6
CONTINUOUS
10
6.3529960629921263
20
-4.4270629921259843
11
6.3529960629921263
21
-4.4349370078740158
0
LINE
8
BLACK
6
CONTINUOUS
10
6.3529960629921263
20
-4.4349370078740158
11
6.3526963779527561
21
-4.4364436220472436
0
LINE
8
BLACK
6
CONTINUOUS
10
6.3526963779527561
20
-4.4364436220472436
11
6.3518429527559057
21
-4.437720905511811
0
LINE
8
BLACK
6
CONTINUOUS
10
6.3518429527559057
20
-4.437720905511811
11
6.3505656692913384
21
-4.4385743307086614
0
LINE
8
BLACK
6
CONTINUOUS
10
6.3505656692913384
20
-4.4385743307086614
11
6.3490590551181105
21
-4.4388740157480315
0
LINE
8
BLACK
6
CONTINUOUS
10
6.3490590551181105
20
-4.4388740157480315
11
6.2988622047244096
21
-4.4388740157480315
0
LINE
8
BLACK
6
CONTINUOUS
10
6.2988622047244096
20
-4.4388740157480315
11
6.2973555905511809
21
-4.4385743307086614
0
LINE
8
BLACK
6
CONTINUOUS
10
6.2973555905511809
20
-4.4385743307086614
11
6.2960783070866144
21
-4.437720905511811
0
LINE
8
BLACK
6
CONTINUOUS
10
6.2960783070866144
20
-4.437720905511811
11
6.295224881889764
21
-4.4364436220472436
0
LINE
8
BLACK
6
CONTINUOUS
10
6.295224881889764
20
-4.4364436220472436
11
6.2949251968503939
21
-4.4349370078740158
0
LINE
8
BLACK
6
CONTINUOUS
10
6.2949251968503939
20
-4.4349370078740158
11
6.2949251968503939
21
-4.4270629921259843
0
LINE
8
BLACK
6
CONTINUOUS
10
6.2949251968503939
20
-4.4270629921259843
11
6.295224881889764
21
-4.4255563779527556
0
LINE
8
BLACK
6
CONTINUOUS
10
6.295224881889764
20
-4.4255563779527556
11
6.2960783070866144
21
-4.4242790944881891
0
LINE
8
BLACK
6
CONTINUOUS
10
6.2960783070866144
20
-4.4242790944881891
11
6.2973555905511809
21
-4.4234256692913387
0
LINE
8
BLACK
6
CONTINUOUS
10
6.2973555905511809
20
-4.4234256692913387
11
6.2988622047244096
21
-4.4231259842519686
0
LINE
8
BLACK
6
CONTINUOUS
10
6.2988622047244096
20
-4.4231259842519686
11
6.3490590551181105
21
-4.4231259842519686
0
LINE
8
BLACK
6
CONTINUOUS
10
6.3490590551181105
20
-4.4231259842519686
11
6.3505656692913384
21
-4.4234256692913387
0
LINE
8
BLACK
6
CONTINUOUS
10
5.2967027952755901
20
-4.2889646062992126
11
5.3046347637795277
21
-4.2915418503937008
0
LINE
8
BLACK
6
CONTINUOUS
10
5.3046347637795277
20
-4.2915418503937008
11
5.3120658661417322
21
-4.2953281889763781
0
LINE
8
BLACK
6
CONTINUOUS
10
5.3120658661417322
20
-4.2953281889763781
11
5.3188131889763781
21
-4.3002303937007875
0
LINE
8
BLACK
6
CONTINUOUS
10
5.3188131889763781
20
-4.3002303937007875
11
5.3247105511811021
21
-4.3061277559055116
0
LINE
8
BLACK
6
CONTINUOUS
10
5.3247105511811021
20
-4.3061277559055116
11
5.3296127559055115
21
-4.3128750787401575
0
LINE
8
BLACK
6
CONTINUOUS
10
5.3296127559055115
20
-4.3128750787401575
11
5.3333990944881888
21
-4.320306181102362
0
LINE
8
BLACK
6
CONTINUOUS
10
5.3333990944881888
20
-4.320306181102362
11
5.3359763385826771
21
-4.3282381496062987
0
LINE
8
BLACK
6
CONTINUOUS
10
5.3359763385826771
20
-4.3282381496062987
11
5.3372810236220474
21
-4.3364755905511814
0
LINE
8
BLACK
6
CONTINUOUS
10
5.3372810236220474
20
-4.3364755905511814
11
5.3372810236220474
21
-4.3448157480314959
0
LINE
8
BLACK
6
CONTINUOUS
10
5.3372810236220474
20
-4.3448157480314959
11
5.3359763385826771
21
-4.3530531889763777
0
LINE
8
BLACK
6
CONTINUOUS
10
5.3359763385826771
20
-4.3530531889763777
11
5.3333990944881888
21
-4.3609851574803145
0
LINE
8
BLACK
6
CONTINUOUS
10
5.3333990944881888
20
-4.3609851574803145
11
5.3296127559055115
21
-4.3684162598425198
0
LINE
8
BLACK
6
CONTINUOUS
10
5.3296127559055115
20
-4.3684162598425198
11
5.3247105511811021
21
-4.3751635826771649
0
LINE
8
BLACK
6
CONTINUOUS
10
5.3247105511811021
20
-4.3751635826771649
11
5.3188131889763781
21
-4.3810609448818898
0
LINE
8
BLACK
6
CONTINUOUS
10
5.3188131889763781
20
-4.3810609448818898
11
5.3120658661417322
21
-4.3859631496062992
0
LINE
8
BLACK
6
CONTINUOUS
10
5.3120658661417322
20
-4.3859631496062992
11
5.3046347637795277
21
-4.3897494881889765
0
LINE
8
BLACK
6
CONTINUOUS
10
5.3046347637795277
20
-4.3897494881889765
11
5.2967027952755901
21
-4.3923267322834647
0
LINE
8
BLACK
6
CONTINUOUS
10
5.2967027952755901
20
-4.3923267322834647
11
5.2884653543307083
21
-4.3936314173228341
0
LINE
8
BLACK
6
CONTINUOUS
10
5.2884653543307083
20
-4.3936314173228341
11
5.2801251968503937
21
-4.3936314173228341
0
LINE
8
BLACK
6
CONTINUOUS
10
5.2801251968503937
20
-4.3936314173228341
11
5.271887755905512
21
-4.3923267322834647
0
LINE
8
BLACK
6
CONTINUOUS
10
5.271887755905512
20
-4.3923267322834647
11
5.2639557874015743
21
-4.3897494881889765
0
LINE
8
BLACK
6
CONTINUOUS
10
5.2639557874015743
20
-4.3897494881889765
11
5.2565246850393699
21
-4.3859631496062992
0
LINE
8
BLACK
6
CONTINUOUS
10
5.2565246850393699
20
-4.3859631496062992
11
5.2497773622047239
21
-4.3810609448818898
0
LINE
8
BLACK
6
CONTINUOUS
10
5.2497773622047239
20
-4.3810609448818898
11
5.2438799999999999
21
-4.3751635826771649
0
LINE
8
BLACK
6
CONTINUOUS
10
5.2438799999999999
20
-4.3751635826771649
11
5.2389777952755905
21
-4.3684162598425198
0
LINE
8
BLACK
6
CONTINUOUS
10
5.2389777952755905
20
-4.3684162598425198
11
5.2351914566929132
21
-4.3609851574803145
0
LINE
8
BLACK
6
CONTINUOUS
10
5.2351914566929132
20
-4.3609851574803145
11
5.232614212598425
21
-4.3530531889763777
0
LINE
8
BLACK
6
CONTINUOUS
10
5.232614212598425
20
-4.3530531889763777
11
5.2313095275590547
21
-4.3448157480314959
0
LINE
8
BLACK
6
CONTINUOUS
10
5.2313095275590547
20
-4.3448157480314959
11
5.2313095275590547
21
-4.3364755905511814
0
LINE
8
BLACK
6
CONTINUOUS
10
5.2313095275590547
20
-4.3364755905511814
11
5.232614212598425
21
-4.3282381496062987
0
LINE
8
BLACK
6
CONTINUOUS
10
5.232614212598425
20
-4.3282381496062987
11
5.2351914566929132
21
-4.320306181102362
0
LINE
8
BLACK
6
CONTINUOUS
10
5.2351914566929132
20
-4.320306181102362
11
5.2389777952755905
21
-4.3128750787401575
0
LINE
8
BLACK
6
CONTINUOUS
10
5.2389777952755905
20
-4.3128750787401575
11
5.2438799999999999
21
-4.3061277559055116
0
LINE
8
BLACK
6
CONTINUOUS
10
5.2438799999999999
20
-4.3061277559055116
11
5.2497773622047239
21
-4.3002303937007875
0
LINE
8
BLACK
6
CONTINUOUS
10
5.2497773622047239
20
-4.3002303937007875
11
5.2565246850393699
21
-4.2953281889763781
0
LINE
8
BLACK
6
CONTINUOUS
10
5.2565246850393699
20
-4.2953281889763781
11
5.2639557874015743
21
-4.2915418503937008
0
LINE
8
BLACK
6
CONTINUOUS
10
5.2639557874015743
20
-4.2915418503937008
11
5.271887755905512
21
-4.2889646062992126
0
LINE
8
BLACK
6
CONTINUOUS
10
5.271887755905512
20
-4.2889646062992126
11
5.2801251968503937
21
-4.2876599212598423
0
LINE
8
BLACK
6
CONTINUOUS
10
5.2801251968503937
20
-4.2876599212598423
11
5.2884653543307083
21
-4.2876599212598423
0
LINE
8
BLACK
6
CONTINUOUS
10
5.2884653543307083
20
-4.2876599212598423
11
5.2967027952755901
21
-4.2889646062992126
0
LINE
8
BLACK
6
CONTINUOUS
10
5.4967027952755902
20
-4.2889646062992126
11
5.5046347637795279
21
-4.2915418503937008
0
LINE
8
BLACK
6
CONTINUOUS
10
5.5046347637795279
20
-4.2915418503937008
11
5.5120658661417323
21
-4.2953281889763781
0
LINE
8
BLACK
6
CONTINUOUS
10
5.5120658661417323
20
-4.2953281889763781
11
5.5188131889763774
21
-4.3002303937007875
0
LINE
8
BLACK
6
CONTINUOUS
10
5.5188131889763774
20
-4.3002303937007875
11
5.5247105511811023
21
-4.3061277559055116
0
LINE
8
BLACK
6
CONTINUOUS
10
5.5247105511811023
20
-4.3061277559055116
11
5.5296127559055117
21
-4.3128750787401575
0
LINE
8
BLACK
6
CONTINUOUS
10
5.5296127559055117
20
-4.3128750787401575
11
5.533399094488189
21
-4.320306181102362
0
LINE
8
BLACK
6
CONTINUOUS
10
5.533399094488189
20
-4.320306181102362
11
5.5359763385826772
21
-4.3282381496062987
0
LINE
8
BLACK
6
CONTINUOUS
10
5.5359763385826772
20
-4.3282381496062987
11
5.5372810236220475
21
-4.3364755905511814
0
LINE
8
BLACK
6
CONTINUOUS
10
5.5372810236220475
20
-4.3364755905511814
11
5.5372810236220475
21
-4.3448157480314959
0
LINE
8
BLACK
6
CONTINUOUS
10
5.5372810236220475
20
-4.3448157480314959
11
5.5359763385826772
21
-4.3530531889763777
0
LINE
8
BLACK
6
CONTINUOUS
10
5.5359763385826772
20
-4.3530531889763777
11
5.533399094488189
21
-4.3609851574803145
0
LINE
8
BLACK
6
CONTINUOUS
10
5.533399094488189
20
-4.3609851574803145
11
5.5296127559055117
21
-4.3684162598425198
0
LINE
8
BLACK
6
CONTINUOUS
10
5.5296127559055117
20
-4.3684162598425198
11
5.5247105511811023
21
-4.3751635826771649
0
LINE
8
BLACK
6
CONTINUOUS
10
5.5247105511811023
20
-4.3751635826771649
11
5.5188131889763774
21
-4.3810609448818898
0
LINE
8
BLACK
6
CONTINUOUS
10
5.5188131889763774
20
-4.3810609448818898
11
5.5120658661417323
21
-4.3859631496062992
0
LINE
8
BLACK
6
CONTINUOUS
10
5.5120658661417323
20
-4.3859631496062992
11
5.5046347637795279
21
-4.3897494881889765
0
LINE
8
BLACK
6
CONTINUOUS
10
5.5046347637795279
20
-4.3897494881889765
11
5.4967027952755902
21
-4.3923267322834647
0
LINE
8
BLACK
6
CONTINUOUS
10
5.4967027952755902
20
-4.3923267322834647
11
5.4884653543307085
21
-4.3936314173228341
0
LINE
8
BLACK
6
CONTINUOUS
10
5.4884653543307085
20
-4.3936314173228341
11
5.4801251968503939
21
-4.3936314173228341
0
LINE
8
BLACK
6
CONTINUOUS
10
5.4801251968503939
20
-4.3936314173228341
11
5.4718877559055121
21
-4.3923267322834647
0
LINE
8
BLACK
6
CONTINUOUS
10
5.4718877559055121
20
-4.3923267322834647
11
5.4639557874015745
21
-4.3897494881889765
0
LINE
8
BLACK
6
CONTINUOUS
10
5.4639557874015745
20
-4.3897494881889765
11
5.45652468503937
21
-4.3859631496062992
0
LINE
8
BLACK
6
CONTINUOUS
10
5.45652468503937
20
-4.3859631496062992
11
5.4497773622047241
21
-4.3810609448818898
0
LINE
8
BLACK
6
CONTINUOUS
10
5.4497773622047241
20
-4.3810609448818898
11
5.4438800000000001
21
-4.3751635826771649
0
LINE
8
BLACK
6
CONTINUOUS
10
5.4438800000000001
20
-4.3751635826771649
11
5.4389777952755907
21
-4.3684162598425198
0
LINE
8
BLACK
6
CONTINUOUS
10
5.4389777952755907
20
-4.3684162598425198
11
5.4351914566929134
21
-4.3609851574803145
0
LINE
8
BLACK
6
CONTINUOUS
10
5.4351914566929134
20
-4.3609851574803145
11
5.4326142125984251
21
-4.3530531889763777
0
LINE
8
BLACK
6
CONTINUOUS
10
5.4326142125984251
20
-4.3530531889763777
11
5.4313095275590548
21
-4.3448157480314959
0
LINE
8
BLACK
6
CONTINUOUS
10
5.4313095275590548
20
-4.3448157480314959
11
5.4313095275590548
21
-4.3364755905511814
0
LINE
8
BLACK
6
CONTINUOUS
10
5.4313095275590548
20
-4.3364755905511814
11
5.4326142125984251
21
-4.3282381496062987
0
LINE
8
BLACK
6
CONTINUOUS
10
5.4326142125984251
20
-4.3282381496062987
11
5.4351914566929134
21
-4.320306181102362
0
LINE
8
BLACK
6
CONTINUOUS
10
5.4351914566929134
20
-4.320306181102362
11
5.4389777952755907
21
-4.3128750787401575
0
LINE
8
BLACK
6
CONTINUOUS
10
5.4389777952755907
20
-4.3128750787401575
11
5.4438800000000001
21
-4.3061277559055116
0
LINE
8
BLACK
6
CONTINUOUS
10
5.4438800000000001
20
-4.3061277559055116
11
5.4497773622047241
21
-4.3002303937007875
0
LINE
8
BLACK
6
CONTINUOUS
10
5.4497773622047241
20
-4.3002303937007875
11
5.45652468503937
21
-4.2953281889763781
0
LINE
8
BLACK
6
CONTINUOUS
10
5.45652468503937
20
-4.2953281889763781
11
5.4639557874015745
21
-4.2915418503937008
0
LINE
8
BLACK
6
CONTINUOUS
10
5.4639557874015745
20
-4.2915418503937008
11
5.4718877559055121
21
-4.2889646062992126
0
LINE
8
BLACK
6
CONTINUOUS
10
5.4718877559055121
20
-4.2889646062992126
11
5.4801251968503939
21
-4.2876599212598423
0
LINE
8
BLACK
6
CONTINUOUS
10
5.4801251968503939
20
-4.2876599212598423
11
5.4884653543307085
21
-4.2876599212598423
0
LINE
8
BLACK
6
CONTINUOUS
10
5.4884653543307085
20
-4.2876599212598423
11
5.4967027952755902
21
-4.2889646062992126
0
LINE
8
BLACK
6
CONTINUOUS
10
5.153007283464567
20
-4.3059236220472439
11
5.1601376771653547
21
-4.3088771259842522
0
LINE
8
BLACK
6
CONTINUOUS
10
5.1601376771653547
20
-4.3088771259842522
11
5.1665548425196848
21
-4.3131649606299209
0
LINE
8
BLACK
6
CONTINUOUS
10
5.1665548425196848
20
-4.3131649606299209
11
5.1720122047244095
21
-4.3186223228346456
0
LINE
8
BLACK
6
CONTINUOUS
10
5.1720122047244095
20
-4.3186223228346456
11
5.1763000393700782
21
-4.3250394881889767
0
LINE
8
BLACK
6
CONTINUOUS
10
5.1763000393700782
20
-4.3250394881889767
11
5.1792535433070865
21
-4.3321698818897634
0
LINE
8
BLACK
6
CONTINUOUS
10
5.1792535433070865
20
-4.3321698818897634
11
5.180759251968504
21
-4.3397394881889761
0
LINE
8
BLACK
6
CONTINUOUS
10
5.180759251968504
20
-4.3397394881889761
11
5.180759251968504
21
-4.3474573622047243
0
LINE
8
BLACK
6
CONTINUOUS
10
5.180759251968504
20
-4.3474573622047243
11
5.1792535433070865
21
-4.3550269685039371
0
LINE
8
BLACK
6
CONTINUOUS
10
5.1792535433070865
20
-4.3550269685039371
11
5.1763000393700782
21
-4.3621573622047247
0
LINE
8
BLACK
6
CONTINUOUS
10
5.1763000393700782
20
-4.3621573622047247
11
5.1720122047244095
21
-4.3685745275590548
0
LINE
8
BLACK
6
CONTINUOUS
10
5.1720122047244095
20
-4.3685745275590548
11
5.1665548425196848
21
-4.3740318897637795
0
LINE
8
BLACK
6
CONTINUOUS
10
5.1665548425196848
20
-4.3740318897637795
11
5.1601376771653547
21
-4.3783197244094483
0
LINE
8
BLACK
6
CONTINUOUS
10
5.1601376771653547
20
-4.3783197244094483
11
5.153007283464567
21
-4.3812732283464566
0
LINE
8
BLACK
6
CONTINUOUS
10
5.153007283464567
20
-4.3812732283464566
11
5.1454376771653543
21
-4.382778937007874
0
LINE
8
BLACK
6
CONTINUOUS
10
5.1454376771653543
20
-4.382778937007874
11
5.1377198031496061
21
-4.382778937007874
0
LINE
8
BLACK
6
CONTINUOUS
10
5.1377198031496061
20
-4.382778937007874
11
5.1301501968503933
21
-4.3812732283464566
0
LINE
8
BLACK
6
CONTINUOUS
10
5.1301501968503933
20
-4.3812732283464566
11
5.1230198031496066
21
-4.3783197244094483
0
LINE
8
BLACK
6
CONTINUOUS
10
5.1230198031496066
20
-4.3783197244094483
11
5.1166026377952756
21
-4.3740318897637795
0
LINE
8
BLACK
6
CONTINUOUS
10
5.1166026377952756
20
-4.3740318897637795
11
5.1111452755905509
21
-4.3685745275590548
0
LINE
8
BLACK
6
CONTINUOUS
10
5.1111452755905509
20
-4.3685745275590548
11
5.1068574409448821
21
-4.3621573622047247
0
LINE
8
BLACK
6
CONTINUOUS
10
5.1068574409448821
20
-4.3621573622047247
11
5.1039039370078738
21
-4.3550269685039371
0
LINE
8
BLACK
6
CONTINUOUS
10
5.1039039370078738
20
-4.3550269685039371
11
5.1023982283464564
21
-4.3474573622047243
0
LINE
8
BLACK
6
CONTINUOUS
10
5.1023982283464564
20
-4.3474573622047243
11
5.1023982283464564
21
-4.3397394881889761
0
LINE
8
BLACK
6
CONTINUOUS
10
5.1023982283464564
20
-4.3397394881889761
11
5.1039039370078738
21
-4.3321698818897634
0
LINE
8
BLACK
6
CONTINUOUS
10
5.1039039370078738
20
-4.3321698818897634
11
5.1068574409448821
21
-4.3250394881889767
0
LINE
8
BLACK
6
CONTINUOUS
10
5.1068574409448821
20
-4.3250394881889767
11
5.1111452755905509
21
-4.3186223228346456
0
LINE
8
BLACK
6
CONTINUOUS
10
5.1111452755905509
20
-4.3186223228346456
11
5.1166026377952756
21
-4.3131649606299209
0
LINE
8
BLACK
6
CONTINUOUS
10
5.1166026377952756
20
-4.3131649606299209
11
5.1230198031496066
21
-4.3088771259842522
0
LINE
8
BLACK
6
CONTINUOUS
10
5.1230198031496066
20
-4.3088771259842522
11
5.1301501968503933
21
-4.3059236220472439
0
LINE
8
BLACK
6
CONTINUOUS
10
5.1301501968503933
20
-4.3059236220472439
11
5.1377198031496061
21
-4.3044179133858265
0
LINE
8
BLACK
6
CONTINUOUS
10
5.1377198031496061
20
-4.3044179133858265
11
5.1454376771653543
21
-4.3044179133858265
0
LINE
8
BLACK
6
CONTINUOUS
10
5.1454376771653543
20
-4.3044179133858265
11
5.153007283464567
21
-4.3059236220472439
0
LINE
8
BLACK
6
CONTINUOUS
10
5.6932140551181103
20
-4.3459694488188978
11
5.6957685433070866
21
-4.3476763385826773
0
LINE
8
BLACK
6
CONTINUOUS
10
5.6957685433070866
20
-4.3476763385826773
11
5.6974754330708661
21
-4.3502308267716536
0
LINE
8
BLACK
6
CONTINUOUS
10
5.6974754330708661
20
-4.3502308267716536
11
5.6980748031496065
21
-4.3532440944881889
0
LINE
8
BLACK
6
CONTINUOUS
10
5.6980748031496065
20
-4.3532440944881889
11
5.6980748031496065
21
-4.3748976377952751
0
LINE
8
BLACK
6
CONTINUOUS
10
5.6980748031496065
20
-4.3748976377952751
11
5.6974754330708661
21
-4.3779109055118113
0
LINE
8
BLACK
6
CONTINUOUS
10
5.6974754330708661
20
-4.3779109055118113
11
5.6957685433070866
21
-4.3804653937007876
0
LINE
8
BLACK
6
CONTINUOUS
10
5.6957685433070866
20
-4.3804653937007876
11
5.6932140551181103
21
-4.3821722834645671
0
LINE
8
BLACK
6
CONTINUOUS
10
5.6932140551181103
20
-4.3821722834645671
11
5.690200787401575
21
-4.3827716535433066
0
LINE
8
BLACK
6
CONTINUOUS
10
5.690200787401575
20
-4.3827716535433066
11
5.674452755905512
21
-4.3827716535433066
0
LINE
8
BLACK
6
CONTINUOUS
10
5.674452755905512
20
-4.3827716535433066
11
5.6714394881889758
21
-4.3821722834645671
0
LINE
8
BLACK
6
CONTINUOUS
10
5.6714394881889758
20
-4.3821722834645671
11
5.6688849999999995
21
-4.3804653937007876
0
LINE
8
BLACK
6
CONTINUOUS
10
5.6688849999999995
20
-4.3804653937007876
11
5.66717811023622
21
-4.3779109055118113
0
LINE
8
BLACK
6
CONTINUOUS
10
5.66717811023622
20
-4.3779109055118113
11
5.6665787401574805
21
-4.3748976377952751
0
LINE
8
BLACK
6
CONTINUOUS
10
5.6665787401574805
20
-4.3748976377952751
11
5.6665787401574805
21
-4.3532440944881889
0
LINE
8
BLACK
6
CONTINUOUS
10
5.6665787401574805
20
-4.3532440944881889
11
5.66717811023622
21
-4.3502308267716536
0
LINE
8
BLACK
6
CONTINUOUS
10
5.66717811023622
20
-4.3502308267716536
11
5.6688849999999995
21
-4.3476763385826773
0
LINE
8
BLACK
6
CONTINUOUS
10
5.6688849999999995
20
-4.3476763385826773
11
5.6714394881889758
21
-4.3459694488188978
0
LINE
8
BLACK
6
CONTINUOUS
10
5.6714394881889758
20
-4.3459694488188978
11
5.674452755905512
21
-4.3453700787401575
0
LINE
8
BLACK
6
CONTINUOUS
10
5.674452755905512
20
-4.3453700787401575
11
5.690200787401575
21
-4.3453700787401575
0
LINE
8
BLACK
6
CONTINUOUS
10
5.690200787401575
20
-4.3453700787401575
11
5.6932140551181103
21
-4.3459694488188978
0
LINE
8
BLACK
6
CONTINUOUS
10
5.7581746850393696
20
-4.3459694488188978
11
5.7607291732283468
21
-4.3476763385826773
0
LINE
8
BLACK
6
CONTINUOUS
10
5.7607291732283468
20
-4.3476763385826773
11
5.7624360629921263
21
-4.3502308267716536
0
LINE
8
BLACK
6
CONTINUOUS
10
5.7624360629921263
20
-4.3502308267716536
11
5.7630354330708657
21
-4.3532440944881889
0
LINE
8
BLACK
6
CONTINUOUS
10
5.7630354330708657
20
-4.3532440944881889
11
5.7630354330708657
21
-4.3748976377952751
0
LINE
8
BLACK
6
CONTINUOUS
10
5.7630354330708657
20
-4.3748976377952751
11
5.7624360629921263
21
-4.3779109055118113
0
LINE
8
BLACK
6
CONTINUOUS
10
5.7624360629921263
20
-4.3779109055118113
11
5.7607291732283468
21
-4.3804653937007876
0
LINE
8
BLACK
6
CONTINUOUS
10
5.7607291732283468
20
-4.3804653937007876
11
5.7581746850393696
21
-4.3821722834645671
0
LINE
8
BLACK
6
CONTINUOUS
10
5.7581746850393696
20
-4.3821722834645671
11
5.7551614173228343
21
-4.3827716535433066
0
LINE
8
BLACK
6
CONTINUOUS
10
5.7551614173228343
20
-4.3827716535433066
11
5.7394133858267713
21
-4.3827716535433066
0
LINE
8
BLACK
6
CONTINUOUS
10
5.7394133858267713
20
-4.3827716535433066
11
5.736400118110236
21
-4.3821722834645671
0
LINE
8
BLACK
6
CONTINUOUS
10
5.736400118110236
20
-4.3821722834645671
11
5.7338456299212597
21
-4.3804653937007876
0
LINE
8
BLACK
6
CONTINUOUS
10
5.7338456299212597
20
-4.3804653937007876
11
5.7321387401574802
21
-4.3779109055118113
0
LINE
8
BLACK
6
CONTINUOUS
10
5.7321387401574802
20
-4.3779109055118113
11
5.7315393700787398
21
-4.3748976377952751
0
LINE
8
BLACK
6
CONTINUOUS
10
5.7315393700787398
20
-4.3748976377952751
11
5.7315393700787398
21
-4.3532440944881889
0
LINE
8
BLACK
6
CONTINUOUS
10
5.7315393700787398
20
-4.3532440944881889
11
5.7321387401574802
21
-4.3502308267716536
0
LINE
8
BLACK
6
CONTINUOUS
10
5.7321387401574802
20
-4.3502308267716536
11
5.7338456299212597
21
-4.3476763385826773
0
LINE
8
BLACK
6
CONTINUOUS
10
5.7338456299212597
20
-4.3476763385826773
11
5.736400118110236
21
-4.3459694488188978
0
LINE
8
BLACK
6
CONTINUOUS
10
5.736400118110236
20
-4.3459694488188978
11
5.7394133858267713
21
-4.3453700787401575
0
LINE
8
BLACK
6
CONTINUOUS
10
5.7394133858267713
20
-4.3453700787401575
11
5.7551614173228343
21
-4.3453700787401575
0
LINE
8
BLACK
6
CONTINUOUS
10
5.7551614173228343
20
-4.3453700787401575
11
5.7581746850393696
21
-4.3459694488188978
0
LINE
8
BLACK
6
CONTINUOUS
10
5.896381889763779
20
-4.3649370078740155
11
5.8363818897637794
21
-4.3649370078740155
0
LINE
8
BLACK
6
CONTINUOUS
10
5.8363818897637794
20
-4.3649370078740155
11
5.8363818897637794
21
-4.3049370078740159
0
LINE
8
BLACK
6
CONTINUOUS
10
5.8363818897637794
20
-4.3049370078740159
11
5.896381889763779
21
-4.3049370078740159
0
LINE
8
BLACK
6
CONTINUOUS
10
5.896381889763779
20
-4.3049370078740159
11
5.896381889763779
21
-4.3649370078740155
0
LINE
8
BLACK
6
CONTINUOUS
10
5.9963818897637795
20
-4.3649370078740155
11
5.936381889763779
21
-4.3649370078740155
0
LINE
8
BLACK
6
CONTINUOUS
10
5.936381889763779
20
-4.3649370078740155
11
5.936381889763779
21
-4.3049370078740159
0
LINE
8
BLACK
6
CONTINUOUS
10
5.936381889763779
20
-4.3049370078740159
11
5.9963818897637795
21
-4.3049370078740159
0
LINE
8
BLACK
6
CONTINUOUS
10
5.9963818897637795
20
-4.3049370078740159
11
5.9963818897637795
21
-4.3649370078740155
0
LINE
8
BLACK
6
CONTINUOUS
10
6.3852113385826774
20
-4.3279532283464563
11
6.3864886220472439
21
-4.3288066535433067
0
LINE
8
BLACK
6
CONTINUOUS
10
6.3864886220472439
20
-4.3288066535433067
11
6.3873420472440943
21
-4.3300839370078741
0
LINE
8
BLACK
6
CONTINUOUS
10
6.3873420472440943
20
-4.3300839370078741
11
6.3876417322834644
21
-4.3315905511811019
0
LINE
8
BLACK
6
CONTINUOUS
10
6.3876417322834644
20
-4.3315905511811019
11
6.3876417322834644
21
-4.3394645669291334
0
LINE
8
BLACK
6
CONTINUOUS
10
6.3876417322834644
20
-4.3394645669291334
11
6.3873420472440943
21
-4.3409711811023621
0
LINE
8
BLACK
6
CONTINUOUS
10
6.3873420472440943
20
-4.3409711811023621
11
6.3864886220472439
21
-4.3422484645669295
0
LINE
8
BLACK
6
CONTINUOUS
10
6.3864886220472439
20
-4.3422484645669295
11
6.3852113385826774
21
-4.3431018897637799
0
LINE
8
BLACK
6
CONTINUOUS
10
6.3852113385826774
20
-4.3431018897637799
11
6.3837047244094487
21
-4.3434015748031491
0
LINE
8
BLACK
6
CONTINUOUS
10
6.3837047244094487
20
-4.3434015748031491
11
6.3335078740157478
21
-4.3434015748031491
0
LINE
8
BLACK
6
CONTINUOUS
10
6.3335078740157478
20
-4.3434015748031491
11
6.3320012598425199
21
-4.3431018897637799
0
LINE
8
BLACK
6
CONTINUOUS
10
6.3320012598425199
20
-4.3431018897637799
11
6.3307239763779526
21
-4.3422484645669295
0
LINE
8
BLACK
6
CONTINUOUS
10
6.3307239763779526
20
-4.3422484645669295
11
6.3298705511811022
21
-4.3409711811023621
0
LINE
8
BLACK
6
CONTINUOUS
10
6.3298705511811022
20
-4.3409711811023621
11
6.329570866141732
21
-4.3394645669291334
0
LINE
8
BLACK
6
CONTINUOUS
10
6.329570866141732
20
-4.3394645669291334
11
6.329570866141732
21
-4.3315905511811019
0
LINE
8
BLACK
6
CONTINUOUS
10
6.329570866141732
20
-4.3315905511811019
11
6.3298705511811022
21
-4.3300839370078741
0
LINE
8
BLACK
6
CONTINUOUS
10
6.3298705511811022
20
-4.3300839370078741
11
6.3307239763779526
21
-4.3288066535433067
0
LINE
8
BLACK
6
CONTINUOUS
10
6.3307239763779526
20
-4.3288066535433067
11
6.3320012598425199
21
-4.3279532283464563
0
LINE
8
BLACK
6
CONTINUOUS
10
6.3320012598425199
20
-4.3279532283464563
11
6.3335078740157478
21
-4.3276535433070862
0
LINE
8
BLACK
6
CONTINUOUS
10
6.3335078740157478
20
-4.3276535433070862
11
6.3837047244094487
21
-4.3276535433070862
0
LINE
8
BLACK
6
CONTINUOUS
10
6.3837047244094487
20
-4.3276535433070862
11
6.3852113385826774
21
-4.3279532283464563
0
LINE
8
BLACK
6
CONTINUOUS
10
6.6106050393700784
20
-4.3279532283464563
11
6.6118823228346457
21
-4.3288066535433067
0
LINE
8
BLACK
6
CONTINUOUS
10
6.6118823228346457
20
-4.3288066535433067
11
6.6127357480314961
21
-4.3300839370078741
0
LINE
8
BLACK
6
CONTINUOUS
10
6.6127357480314961
20
-4.3300839370078741
11
6.6130354330708663
21
-4.3315905511811019
0
LINE
8
BLACK
6
CONTINUOUS
10
6.6130354330708663
20
-4.3315905511811019
11
6.6130354330708663
21
-4.3394645669291334
0
LINE
8
BLACK
6
CONTINUOUS
10
6.6130354330708663
20
-4.3394645669291334
11
6.6127357480314961
21
-4.3409711811023621
0
LINE
8
BLACK
6
CONTINUOUS
10
6.6127357480314961
20
-4.3409711811023621
11
6.6118823228346457
21
-4.3422484645669295
0
LINE
8
BLACK
6
CONTINUOUS
10
6.6118823228346457
20
-4.3422484645669295
11
6.6106050393700784
21
-4.3431018897637799
0
LINE
8
BLACK
6
CONTINUOUS
10
6.6106050393700784
20
-4.3431018897637799
11
6.6090984251968505
21
-4.3434015748031491
0
LINE
8
BLACK
6
CONTINUOUS
10
6.6090984251968505
20
-4.3434015748031491
11
6.5589015748031496
21
-4.3434015748031491
0
LINE
8
BLACK
6
CONTINUOUS
10
6.5589015748031496
20
-4.3434015748031491
11
6.5573949606299209
21
-4.3431018897637799
0
LINE
8
BLACK
6
CONTINUOUS
10
6.5573949606299209
20
-4.3431018897637799
11
6.5561176771653544
21
-4.3422484645669295
0
LINE
8
BLACK
6
CONTINUOUS
10
6.5561176771653544
20
-4.3422484645669295
11
6.555264251968504
21
-4.3409711811023621
0
LINE
8
BLACK
6
CONTINUOUS
10
6.555264251968504
20
-4.3409711811023621
11
6.5549645669291339
21
-4.3394645669291334
0
LINE
8
BLACK
6
CONTINUOUS
10
6.5549645669291339
20
-4.3394645669291334
11
6.5549645669291339
21
-4.3315905511811019
0
LINE
8
BLACK
6
CONTINUOUS
10
6.5549645669291339
20
-4.3315905511811019
11
6.555264251968504
21
-4.3300839370078741
0
LINE
8
BLACK
6
CONTINUOUS
10
6.555264251968504
20
-4.3300839370078741
11
6.5561176771653544
21
-4.3288066535433067
0
LINE
8
BLACK
6
CONTINUOUS
10
6.5561176771653544
20
-4.3288066535433067
11
6.5573949606299209
21
-4.3279532283464563
0
LINE
8
BLACK
6
CONTINUOUS
10
6.5573949606299209
20
-4.3279532283464563
11
6.5589015748031496
21
-4.3276535433070862
0
LINE
8
BLACK
6
CONTINUOUS
10
6.5589015748031496
20
-4.3276535433070862
11
6.6090984251968505
21
-4.3276535433070862
0
LINE
8
BLACK
6
CONTINUOUS
10
6.6090984251968505
20
-4.3276535433070862
11
6.6106050393700784
21
-4.3279532283464563
0
LINE
8
BLACK
6
CONTINUOUS
10
6.1416574803149606
20
-4.3361968503937005
11
6.0816574803149601
21
-4.3361968503937005
0
LINE
8
BLACK
6
CONTINUOUS
10
6.0816574803149601
20
-4.3361968503937005
11
6.0816574803149601
21
-4.2761968503937009
0
LINE
8
BLACK
6
CONTINUOUS
10
6.0816574803149601
20
-4.2761968503937009
11
6.1416574803149606
21
-4.2761968503937009
0
LINE
8
BLACK
6
CONTINUOUS
10
6.1416574803149606
20
-4.2761968503937009
11
6.1416574803149606
21
-4.3361968503937005
0
LINE
8
BLACK
6
CONTINUOUS
10
6.2416574803149603
20
-4.3361968503937005
11
6.1816574803149607
21
-4.3361968503937005
0
LINE
8
BLACK
6
CONTINUOUS
10
6.1816574803149607
20
-4.3361968503937005
11
6.1816574803149607
21
-4.2761968503937009
0
LINE
8
BLACK
6
CONTINUOUS
10
6.1816574803149607
20
-4.2761968503937009
11
6.2416574803149603
21
-4.2761968503937009
0
LINE
8
BLACK
6
CONTINUOUS
10
6.2416574803149603
20
-4.2761968503937009
11
6.2416574803149603
21
-4.3361968503937005
0
LINE
8
BLACK
6
CONTINUOUS
10
4.952100748031496
20
-4.0923656299212601
11
4.9650136614173226
21
-4.0953129133858264
0
LINE
8
BLACK
6
CONTINUOUS
10
4.9650136614173226
20
-4.0953129133858264
11
4.9775153543307082
21
-4.0996874409448818
0
LINE
8
BLACK
6
CONTINUOUS
10
4.9775153543307082
20
-4.0996874409448818
11
4.9894487007874018
21
-4.1054342519685036
0
LINE
8
BLACK
6
CONTINUOUS
10
4.9894487007874018
20
-4.1054342519685036
11
5.0006635433070867
21
-4.1124809842519685
0
LINE
8
BLACK
6
CONTINUOUS
10
5.0006635433070867
20
-4.1124809842519685
11
5.0110188976377952
21
-4.120739133858268
0
LINE
8
BLACK
6
CONTINUOUS
10
5.0110188976377952
20
-4.120739133858268
11
5.0203844881889763
21
-4.1301047244094491
0
LINE
8
BLACK
6
CONTINUOUS
10
5.0203844881889763
20
-4.1301047244094491
11
5.0286426377952758
21
-4.1404600787401575
0
LINE
8
BLACK
6
CONTINUOUS
10
5.0286426377952758
20
-4.1404600787401575
11
5.0356893700787397
21
-4.1516749212598425
0
LINE
8
BLACK
6
CONTINUOUS
10
5.0356893700787397
20
-4.1516749212598425
11
5.0414361811023625
21
-4.1636082677165351
0
LINE
8
BLACK
6
CONTINUOUS
10
5.0414361811023625
20
-4.1636082677165351
11
5.045810708661417
21
-4.1761099606299208
0
LINE
8
BLACK
6
CONTINUOUS
10
5.045810708661417
20
-4.1761099606299208
11
5.0487579921259842
21
-4.1890228740157482
0
LINE
8
BLACK
6
CONTINUOUS
10
5.0487579921259842
20
-4.1890228740157482
11
5.0502409448818897
21
-4.2021846062992125
0
LINE
8
BLACK
6
CONTINUOUS
10
5.0502409448818897
20
-4.2021846062992125
11
5.0502409448818897
21
-4.2154295669291342
0
LINE
8
BLACK
6
CONTINUOUS
10
5.0502409448818897
20
-4.2154295669291342
11
5.0487579921259842
21
-4.2285912992125985
0
LINE
8
BLACK
6
CONTINUOUS
10
5.0487579921259842
20
-4.2285912992125985
11
5.045810708661417
21
-4.241504212598425
0
LINE
8
BLACK
6
CONTINUOUS
10
5.045810708661417
20
-4.241504212598425
11
5.0414361811023625
21
-4.2540059055118107
0
LINE
8
BLACK
6
CONTINUOUS
10
5.0414361811023625
20
-4.2540059055118107
11
5.0356893700787397
21
-4.2659392519685042
0
LINE
8
BLACK
6
CONTINUOUS
10
5.0356893700787397
20
-4.2659392519685042
11
5.0286426377952758
21
-4.2771540944881892
0
LINE
8
BLACK
6
CONTINUOUS
10
5.0286426377952758
20
-4.2771540944881892
11
5.0203844881889763
21
-4.2875094488188976
0
LINE
8
BLACK
6
CONTINUOUS
10
5.0203844881889763
20
-4.2875094488188976
11
5.0110188976377952
21
-4.2968750393700788
0
LINE
8
BLACK
6
CONTINUOUS
10
5.0110188976377952
20
-4.2968750393700788
11
5.0006635433070867
21
-4.3051331889763782
0
LINE
8
BLACK
6
CONTINUOUS
10
5.0006635433070867
20
-4.3051331889763782
11
4.9894487007874018
21
-4.3121799212598422
0
LINE
8
BLACK
6
CONTINUOUS
10
4.9894487007874018
20
-4.3121799212598422
11
4.9775153543307082
21
-4.3179267322834649
0
LINE
8
BLACK
6
CONTINUOUS
10
4.9775153543307082
20
-4.3179267322834649
11
4.9650136614173226
21
-4.3223012598425194
0
LINE
8
BLACK
6
CONTINUOUS
10
4.9650136614173226
20
-4.3223012598425194
11
4.952100748031496
21
-4.3252485433070866
0
LINE
8
BLACK
6
CONTINUOUS
10
4.952100748031496
20
-4.3252485433070866
11
4.9389390157480317
21
-4.3267314960629921
0
LINE
8
BLACK
6
CONTINUOUS
10
4.9389390157480317
20
-4.3267314960629921
11
4.9256940551181101
21
-4.3267314960629921
0
LINE
8
BLACK
6
CONTINUOUS
10
4.9256940551181101
20
-4.3267314960629921
11
4.9125323228346458
21
-4.3252485433070866
0
LINE
8
BLACK
6
CONTINUOUS
10
4.9125323228346458
20
-4.3252485433070866
11
4.8996194094488184
21
-4.3223012598425194
0
LINE
8
BLACK
6
CONTINUOUS
10
4.8996194094488184
20
-4.3223012598425194
11
4.8871177165354327
21
-4.3179267322834649
0
LINE
8
BLACK
6
CONTINUOUS
10
4.8871177165354327
20
-4.3179267322834649
11
4.8751843700787401
21
-4.3121799212598422
0
LINE
8
BLACK
6
CONTINUOUS
10
4.8751843700787401
20
-4.3121799212598422
11
4.8639695275590551
21
-4.3051331889763782
0
LINE
8
BLACK
6
CONTINUOUS
10
4.8639695275590551
20
-4.3051331889763782
11
4.8536141732283467
21
-4.2968750393700788
0
LINE
8
BLACK
6
CONTINUOUS
10
4.8536141732283467
20
-4.2968750393700788
11
4.8442485826771655
21
-4.2875094488188976
0
LINE
8
BLACK
6
CONTINUOUS
10
4.8442485826771655
20
-4.2875094488188976
11
4.8359904330708661
21
-4.2771540944881892
0
LINE
8
BLACK
6
CONTINUOUS
10
4.8359904330708661
20
-4.2771540944881892
11
4.8289437007874012
21
-4.2659392519685042
0
LINE
8
BLACK
6
CONTINUOUS
10
4.8289437007874012
20
-4.2659392519685042
11
4.8231968897637794
21
-4.2540059055118107
0
LINE
8
BLACK
6
CONTINUOUS
10
4.8231968897637794
20
-4.2540059055118107
11
4.8188223622047239
21
-4.241504212598425
0
LINE
8
BLACK
6
CONTINUOUS
10
4.8188223622047239
20
-4.241504212598425
11
4.8158750787401576
21
-4.2285912992125985
0
LINE
8
BLACK
6
CONTINUOUS
10
4.8158750787401576
20
-4.2285912992125985
11
4.8143921259842521
21
-4.2154295669291342
0
LINE
8
BLACK
6
CONTINUOUS
10
4.8143921259842521
20
-4.2154295669291342
11
4.8143921259842521
21
-4.2021846062992125
0
LINE
8
BLACK
6
CONTINUOUS
10
4.8143921259842521
20
-4.2021846062992125
11
4.8158750787401576
21
-4.1890228740157482
0
LINE
8
BLACK
6
CONTINUOUS
10
4.8158750787401576
20
-4.1890228740157482
11
4.8188223622047239
21
-4.1761099606299208
0
LINE
8
BLACK
6
CONTINUOUS
10
4.8188223622047239
20
-4.1761099606299208
11
4.8231968897637794
21
-4.1636082677165351
0
LINE
8
BLACK
6
CONTINUOUS
10
4.8231968897637794
20
-4.1636082677165351
11
4.8289437007874012
21
-4.1516749212598425
0
LINE
8
BLACK
6
CONTINUOUS
10
4.8289437007874012
20
-4.1516749212598425
11
4.8359904330708661
21
-4.1404600787401575
0
LINE
8
BLACK
6
CONTINUOUS
10
4.8359904330708661
20
-4.1404600787401575
11
4.8442485826771655
21
-4.1301047244094491
0
LINE
8
BLACK
6
CONTINUOUS
10
4.8442485826771655
20
-4.1301047244094491
11
4.8536141732283467
21
-4.120739133858268
0
LINE
8
BLACK
6
CONTINUOUS
10
4.8536141732283467
20
-4.120739133858268
11
4.8639695275590551
21
-4.1124809842519685
0
LINE
8
BLACK
6
CONTINUOUS
10
4.8639695275590551
20
-4.1124809842519685
11
4.8751843700787401
21
-4.1054342519685036
0
LINE
8
BLACK
6
CONTINUOUS
10
4.8751843700787401
20
-4.1054342519685036
11
4.8871177165354327
21
-4.0996874409448818
0
LINE
8
BLACK
6
CONTINUOUS
10
4.8871177165354327
20
-4.0996874409448818
11
4.8996194094488184
21
-4.0953129133858264
0
LINE
8
BLACK
6
CONTINUOUS
10
4.8996194094488184
20
-4.0953129133858264
11
4.9125323228346458
21
-4.0923656299212601
0
LINE
8
BLACK
6
CONTINUOUS
10
4.9125323228346458
20
-4.0923656299212601
11
4.9256940551181101
21
-4.0908826771653546
0
LINE
8
BLACK
6
CONTINUOUS
10
4.9256940551181101
20
-4.0908826771653546
11
4.9389390157480317
21
-4.0908826771653546
0
LINE
8
BLACK
6
CONTINUOUS
10
4.9389390157480317
20
-4.0908826771653546
11
4.952100748031496
21
-4.0923656299212601
0
LINE
8
BLACK
6
CONTINUOUS
10
6.3852113385826774
20
-4.3023626771653545
11
6.3864886220472439
21
-4.3032161023622049
0
LINE
8
BLACK
6
CONTINUOUS
10
6.3864886220472439
20
-4.3032161023622049
11
6.3873420472440943
21
-4.3044933858267713
0
LINE
8
BLACK
6
CONTINUOUS
10
6.3873420472440943
20
-4.3044933858267713
11
6.3876417322834644
21
-4.306
0
LINE
8
BLACK
6
CONTINUOUS
10
6.3876417322834644
20
-4.306
11
6.3876417322834644
21
-4.3138740157480315
0
LINE
8
BLACK
6
CONTINUOUS
10
6.3876417322834644
20
-4.3138740157480315
11
6.3873420472440943
21
-4.3153806299212594
0
LINE
8
BLACK
6
CONTINUOUS
10
6.3873420472440943
20
-4.3153806299212594
11
6.3864886220472439
21
-4.3166579133858267
0
LINE
8
BLACK
6
CONTINUOUS
10
6.3864886220472439
20
-4.3166579133858267
11
6.3852113385826774
21
-4.3175113385826771
0
LINE
8
BLACK
6
CONTINUOUS
10
6.3852113385826774
20
-4.3175113385826771
11
6.3837047244094487
21
-4.3178110236220473
0
LINE
8
BLACK
6
CONTINUOUS
10
6.3837047244094487
20
-4.3178110236220473
11
6.3335078740157478
21
-4.3178110236220473
0
LINE
8
BLACK
6
CONTINUOUS
10
6.3335078740157478
20
-4.3178110236220473
11
6.3320012598425199
21
-4.3175113385826771
0
LINE
8
BLACK
6
CONTINUOUS
10
6.3320012598425199
20
-4.3175113385826771
11
6.3307239763779526
21
-4.3166579133858267
0
LINE
8
BLACK
6
CONTINUOUS
10
6.3307239763779526
20
-4.3166579133858267
11
6.3298705511811022
21
-4.3153806299212594
0
LINE
8
BLACK
6
CONTINUOUS
10
6.3298705511811022
20
-4.3153806299212594
11
6.329570866141732
21
-4.3138740157480315
0
LINE
8
BLACK
6
CONTINUOUS
10
6.329570866141732
20
-4.3138740157480315
11
6.329570866141732
21
-4.306
0
LINE
8
BLACK
6
CONTINUOUS
10
6.329570866141732
20
-4.306
11
6.3298705511811022
21
-4.3044933858267713
0
LINE
8
BLACK
6
CONTINUOUS
10
6.3298705511811022
20
-4.3044933858267713
11
6.3307239763779526
21
-4.3032161023622049
0
LINE
8
BLACK
6
CONTINUOUS
10
6.3307239763779526
20
-4.3032161023622049
11
6.3320012598425199
21
-4.3023626771653545
0
LINE
8
BLACK
6
CONTINUOUS
10
6.3320012598425199
20
-4.3023626771653545
11
6.3335078740157478
21
-4.3020629921259843
0
LINE
8
BLACK
6
CONTINUOUS
10
6.3335078740157478
20
-4.3020629921259843
11
6.3837047244094487
21
-4.3020629921259843
0
LINE
8
BLACK
6
CONTINUOUS
10
6.3837047244094487
20
-4.3020629921259843
11
6.3852113385826774
21
-4.3023626771653545
0
LINE
8
BLACK
6
CONTINUOUS
10
6.6106050393700784
20
-4.3023626771653545
11
6.6118823228346457
21
-4.3032161023622049
0
LINE
8
BLACK
6
CONTINUOUS
10
6.6118823228346457
20
-4.3032161023622049
11
6.6127357480314961
21
-4.3044933858267713
0
LINE
8
BLACK
6
CONTINUOUS
10
6.6127357480314961
20
-4.3044933858267713
11
6.6130354330708663
21
-4.306
0
LINE
8
BLACK
6
CONTINUOUS
10
6.6130354330708663
20
-4.306
11
6.6130354330708663
21
-4.3138740157480315
0
LINE
8
BLACK
6
CONTINUOUS
10
6.6130354330708663
20
-4.3138740157480315
11
6.6127357480314961
21
-4.3153806299212594
0
LINE
8
BLACK
6
CONTINUOUS
10
6.6127357480314961
20
-4.3153806299212594
11
6.6118823228346457
21
-4.3166579133858267
0
LINE
8
BLACK
6
CONTINUOUS
10
6.6118823228346457
20
-4.3166579133858267
11
6.6106050393700784
21
-4.3175113385826771
0
LINE
8
BLACK
6
CONTINUOUS
10
6.6106050393700784
20
-4.3175113385826771
11
6.6090984251968505
21
-4.3178110236220473
0
LINE
8
BLACK
6
CONTINUOUS
10
6.6090984251968505
20
-4.3178110236220473
11
6.5589015748031496
21
-4.3178110236220473
0
LINE
8
BLACK
6
CONTINUOUS
10
6.5589015748031496
20
-4.3178110236220473
11
6.5573949606299209
21
-4.3175113385826771
0
LINE
8
BLACK
6
CONTINUOUS
10
6.5573949606299209
20
-4.3175113385826771
11
6.5561176771653544
21
-4.3166579133858267
0
LINE
8
BLACK
6
CONTINUOUS
10
6.5561176771653544
20
-4.3166579133858267
11
6.555264251968504
21
-4.3153806299212594
0
LINE
8
BLACK
6
CONTINUOUS
10
6.555264251968504
20
-4.3153806299212594
11
6.5549645669291339
21
-4.3138740157480315
0
LINE
8
BLACK
6
CONTINUOUS
10
6.5549645669291339
20
-4.3138740157480315
11
6.5549645669291339
21
-4.306
0
LINE
8
BLACK
6
CONTINUOUS
10
6.5549645669291339
20
-4.306
11
6.555264251968504
21
-4.3044933858267713
0
LINE
8
BLACK
6
CONTINUOUS
10
6.555264251968504
20
-4.3044933858267713
11
6.5561176771653544
21
-4.3032161023622049
0
LINE
8
BLACK
6
CONTINUOUS
10
6.5561176771653544
20
-4.3032161023622049
11
6.5573949606299209
21
-4.3023626771653545
0
LINE
8
BLACK
6
CONTINUOUS
10
6.5573949606299209
20
-4.3023626771653545
11
6.5589015748031496
21
-4.3020629921259843
0
LINE
8
BLACK
6
CONTINUOUS
10
6.5589015748031496
20
-4.3020629921259843
11
6.6090984251968505
21
-4.3020629921259843
0
LINE
8
BLACK
6
CONTINUOUS
10
6.6090984251968505
20
-4.3020629921259843
11
6.6106050393700784
21
-4.3023626771653545
0
LINE
8
BLACK
6
CONTINUOUS
10
6.3852113385826774
20
-4.2767721259842517
11
6.3864886220472439
21
-4.2776255511811021
0
LINE
8
BLACK
6
CONTINUOUS
10
6.3864886220472439
20
-4.2776255511811021
11
6.3873420472440943
21
-4.2789028346456695
0
LINE
8
BLACK
6
CONTINUOUS
10
6.3873420472440943
20
-4.2789028346456695
11
6.3876417322834644
21
-4.2804094488188973
0
LINE
8
BLACK
6
CONTINUOUS
10
6.3876417322834644
20
-4.2804094488188973
11
6.3876417322834644
21
-4.2882834645669288
0
LINE
8
BLACK
6
CONTINUOUS
10
6.3876417322834644
20
-4.2882834645669288
11
6.3873420472440943
21
-4.2897900787401575
0
LINE
8
BLACK
6
CONTINUOUS
10
6.3873420472440943
20
-4.2897900787401575
11
6.3864886220472439
21
-4.291067362204724
0
LINE
8
BLACK
6
CONTINUOUS
10
6.3864886220472439
20
-4.291067362204724
11
6.3852113385826774
21
-4.2919207874015743
0
LINE
8
BLACK
6
CONTINUOUS
10
6.3852113385826774
20
-4.2919207874015743
11
6.3837047244094487
21
-4.2922204724409445
0
LINE
8
BLACK
6
CONTINUOUS
10
6.3837047244094487
20
-4.2922204724409445
11
6.3335078740157478
21
-4.2922204724409445
0
LINE
8
BLACK
6
CONTINUOUS
10
6.3335078740157478
20
-4.2922204724409445
11
6.3320012598425199
21
-4.2919207874015743
0
LINE
8
BLACK
6
CONTINUOUS
10
6.3320012598425199
20
-4.2919207874015743
11
6.3307239763779526
21
-4.291067362204724
0
LINE
8
BLACK
6
CONTINUOUS
10
6.3307239763779526
20
-4.291067362204724
11
6.3298705511811022
21
-4.2897900787401575
0
LINE
8
BLACK
6
CONTINUOUS
10
6.3298705511811022
20
-4.2897900787401575
11
6.329570866141732
21
-4.2882834645669288
0
LINE
8
BLACK
6
CONTINUOUS
10
6.329570866141732
20
-4.2882834645669288
11
6.329570866141732
21
-4.2804094488188973
0
LINE
8
BLACK
6
CONTINUOUS
10
6.329570866141732
20
-4.2804094488188973
11
6.3298705511811022
21
-4.2789028346456695
0
LINE
8
BLACK
6
CONTINUOUS
10
6.3298705511811022
20
-4.2789028346456695
11
6.3307239763779526
21
-4.2776255511811021
0
LINE
8
BLACK
6
CONTINUOUS
10
6.3307239763779526
20
-4.2776255511811021
11
6.3320012598425199
21
-4.2767721259842517
0
LINE
8
BLACK
6
CONTINUOUS
10
6.3320012598425199
20
-4.2767721259842517
11
6.3335078740157478
21
-4.2764724409448815
0
LINE
8
BLACK
6
CONTINUOUS
10
6.3335078740157478
20
-4.2764724409448815
11
6.3837047244094487
21
-4.2764724409448815
0
LINE
8
BLACK
6
CONTINUOUS
10
6.3837047244094487
20
-4.2764724409448815
11
6.3852113385826774
21
-4.2767721259842517
0
LINE
8
BLACK
6
CONTINUOUS
10
6.6106050393700784
20
-4.2767721259842517
11
6.6118823228346457
21
-4.2776255511811021
0
LINE
8
BLACK
6
CONTINUOUS
10
6.6118823228346457
20
-4.2776255511811021
11
6.6127357480314961
21
-4.2789028346456695
0
LINE
8
BLACK
6
CONTINUOUS
10
6.6127357480314961
20
-4.2789028346456695
11
6.6130354330708663
21
-4.2804094488188973
0
LINE
8
BLACK
6
CONTINUOUS
10
6.6130354330708663
20
-4.2804094488188973
11
6.6130354330708663
21
-4.2882834645669288
0
LINE
8
BLACK
6
CONTINUOUS
10
6.6130354330708663
20
-4.2882834645669288
11
6.6127357480314961
21
-4.2897900787401575
0
LINE
8
BLACK
6
CONTINUOUS
10
6.6127357480314961
20
-4.2897900787401575
11
6.6118823228346457
21
-4.291067362204724
0
LINE
8
BLACK
6
CONTINUOUS
10
6.6118823228346457
20
-4.291067362204724
11
6.6106050393700784
21
-4.2919207874015743
0
LINE
8
BLACK
6
CONTINUOUS
10
6.6106050393700784
20
-4.2919207874015743
11
6.6090984251968505
21
-4.2922204724409445
0
LINE
8
BLACK
6
CONTINUOUS
10
6.6090984251968505
20
-4.2922204724409445
11
6.5589015748031496
21
-4.2922204724409445
0
LINE
8
BLACK
6
CONTINUOUS
10
6.5589015748031496
20
-4.2922204724409445
11
6.5573949606299209
21
-4.2919207874015743
0
LINE
8
BLACK
6
CONTINUOUS
10
6.5573949606299209
20
-4.2919207874015743
11
6.5561176771653544
21
-4.291067362204724
0
LINE
8
BLACK
6
CONTINUOUS
10
6.5561176771653544
20
-4.291067362204724
11
6.555264251968504
21
-4.2897900787401575
0
LINE
8
BLACK
6
CONTINUOUS
10
6.555264251968504
20
-4.2897900787401575
11
6.5549645669291339
21
-4.2882834645669288
0
LINE
8
BLACK
6
CONTINUOUS
10
6.5549645669291339
20
-4.2882834645669288
11
6.5549645669291339
21
-4.2804094488188973
0
LINE
8
BLACK
6
CONTINUOUS
10
6.5549645669291339
20
-4.2804094488188973
11
6.555264251968504
21
-4.2789028346456695
0
LINE
8
BLACK
6
CONTINUOUS
10
6.555264251968504
20
-4.2789028346456695
11
6.5561176771653544
21
-4.2776255511811021
0
LINE
8
BLACK
6
CONTINUOUS
10
6.5561176771653544
20
-4.2776255511811021
11
6.5573949606299209
21
-4.2767721259842517
0
LINE
8
BLACK
6
CONTINUOUS
10
6.5573949606299209
20
-4.2767721259842517
11
6.5589015748031496
21
-4.2764724409448815
0
LINE
8
BLACK
6
CONTINUOUS
10
6.5589015748031496
20
-4.2764724409448815
11
6.6090984251968505
21
-4.2764724409448815
0
LINE
8
BLACK
6
CONTINUOUS
10
6.6090984251968505
20
-4.2764724409448815
11
6.6106050393700784
21
-4.2767721259842517
0
LINE
8
BLACK
6
CONTINUOUS
10
5.39578374015748
20
-4.1927928346456689
11
5.4031281102362207
21
-4.1951791732283468
0
LINE
8
BLACK
6
CONTINUOUS
10
5.4031281102362207
20
-4.1951791732283468
11
5.4100087795275593
21
-4.198685039370079
0
LINE
8
BLACK
6
CONTINUOUS
10
5.4100087795275593
20
-4.198685039370079
11
5.4162562992125984
21
-4.2032241338582672
0
LINE
8
BLACK
6
CONTINUOUS
10
5.4162562992125984
20
-4.2032241338582672
11
5.4217168110236216
21
-4.2086846456692912
0
LINE
8
BLACK
6
CONTINUOUS
10
5.4217168110236216
20
-4.2086846456692912
11
5.4262559055118107
21
-4.2149321653543304
0
LINE
8
BLACK
6
CONTINUOUS
10
5.4262559055118107
20
-4.2149321653543304
11
5.4297617716535429
21
-4.2218128346456689
0
LINE
8
BLACK
6
CONTINUOUS
10
5.4297617716535429
20
-4.2218128346456689
11
5.4321481102362199
21
-4.2291572047244097
0
LINE
8
BLACK
6
CONTINUOUS
10
5.4321481102362199
20
-4.2291572047244097
11
5.4333561811023623
21
-4.2367844881889765
0
LINE
8
BLACK
6
CONTINUOUS
10
5.4333561811023623
20
-4.2367844881889765
11
5.4333561811023623
21
-4.2445068503937007
0
LINE
8
BLACK
6
CONTINUOUS
10
5.4333561811023623
20
-4.2445068503937007
11
5.4321481102362199
21
-4.2521341338582674
0
LINE
8
BLACK
6
CONTINUOUS
10
5.4321481102362199
20
-4.2521341338582674
11
5.4297617716535429
21
-4.2594785039370082
0
LINE
8
BLACK
6
CONTINUOUS
10
5.4297617716535429
20
-4.2594785039370082
11
5.4262559055118107
21
-4.2663591732283468
0
LINE
8
BLACK
6
CONTINUOUS
10
5.4262559055118107
20
-4.2663591732283468
11
5.4217168110236216
21
-4.2726066929133859
0
LINE
8
BLACK
6
CONTINUOUS
10
5.4217168110236216
20
-4.2726066929133859
11
5.4162562992125984
21
-4.278067204724409
0
LINE
8
BLACK
6
CONTINUOUS
10
5.4162562992125984
20
-4.278067204724409
11
5.4100087795275593
21
-4.2826062992125982
0
LINE
8
BLACK
6
CONTINUOUS
10
5.4100087795275593
20
-4.2826062992125982
11
5.4031281102362207
21
-4.2861121653543304
0
LINE
8
BLACK
6
CONTINUOUS
10
5.4031281102362207
20
-4.2861121653543304
11
5.39578374015748
21
-4.2884985039370074
0
LINE
8
BLACK
6
CONTINUOUS
10
5.39578374015748
20
-4.2884985039370074
11
5.3881564566929132
21
-4.2897065748031498
0
LINE
8
BLACK
6
CONTINUOUS
10
5.3881564566929132
20
-4.2897065748031498
11
5.380434094488189
21
-4.2897065748031498
0
LINE
8
BLACK
6
CONTINUOUS
10
5.380434094488189
20
-4.2897065748031498
11
5.3728068110236222
21
-4.2884985039370074
0
LINE
8
BLACK
6
CONTINUOUS
10
5.3728068110236222
20
-4.2884985039370074
11
5.3654624409448815
21
-4.2861121653543304
0
LINE
8
BLACK
6
CONTINUOUS
10
5.3654624409448815
20
-4.2861121653543304
11
5.3585817716535429
21
-4.2826062992125982
0
LINE
8
BLACK
6
CONTINUOUS
10
5.3585817716535429
20
-4.2826062992125982
11
5.3523342519685038
21
-4.278067204724409
0
LINE
8
BLACK
6
CONTINUOUS
10
5.3523342519685038
20
-4.278067204724409
11
5.3468737401574806
21
-4.2726066929133859
0
LINE
8
BLACK
6
CONTINUOUS
10
5.3468737401574806
20
-4.2726066929133859
11
5.3423346456692915
21
-4.2663591732283468
0
LINE
8
BLACK
6
CONTINUOUS
10
5.3423346456692915
20
-4.2663591732283468
11
5.3388287795275593
21
-4.2594785039370082
0
LINE
8
BLACK
6
CONTINUOUS
10
5.3388287795275593
20
-4.2594785039370082
11
5.3364424409448814
21
-4.2521341338582674
0
LINE
8
BLACK
6
CONTINUOUS
10
5.3364424409448814
20
-4.2521341338582674
11
5.3352343700787399
21
-4.2445068503937007
0
LINE
8
BLACK
6
CONTINUOUS
10
5.3352343700787399
20
-4.2445068503937007
11
5.3352343700787399
21
-4.2367844881889765
0
LINE
8
BLACK
6
CONTINUOUS
10
5.3352343700787399
20
-4.2367844881889765
11
5.3364424409448814
21
-4.2291572047244097
0
LINE
8
BLACK
6
CONTINUOUS
10
5.3364424409448814
20
-4.2291572047244097
11
5.3388287795275593
21
-4.2218128346456689
0
LINE
8
BLACK
6
CONTINUOUS
10
5.3388287795275593
20
-4.2218128346456689
11
5.3423346456692915
21
-4.2149321653543304
0
LINE
8
BLACK
6
CONTINUOUS
10
5.3423346456692915
20
-4.2149321653543304
11
5.3468737401574806
21
-4.2086846456692912
0
LINE
8
BLACK
6
CONTINUOUS
10
5.3468737401574806
20
-4.2086846456692912
11
5.3523342519685038
21
-4.2032241338582672
0
LINE
8
BLACK
6
CONTINUOUS
10
5.3523342519685038
20
-4.2032241338582672
11
5.3585817716535429
21
-4.198685039370079
0
LINE
8
BLACK
6
CONTINUOUS
10
5.3585817716535429
20
-4.198685039370079
11
5.3654624409448815
21
-4.1951791732283468
0
LINE
8
BLACK
6
CONTINUOUS
10
5.3654624409448815
20
-4.1951791732283468
11
5.3728068110236222
21
-4.1927928346456689
0
LINE
8
BLACK
6
CONTINUOUS
10
5.3728068110236222
20
-4.1927928346456689
11
5.380434094488189
21
-4.1915847637795274
0
LINE
8
BLACK
6
CONTINUOUS
10
5.380434094488189
20
-4.1915847637795274
11
5.3881564566929132
21
-4.1915847637795274
0
LINE
8
BLACK
6
CONTINUOUS
10
5.3881564566929132
20
-4.1915847637795274
11
5.39578374015748
21
-4.1927928346456689
0
LINE
8
BLACK
6
CONTINUOUS
10
5.6932140551181103
20
-4.2471505511811021
11
5.6957685433070866
21
-4.2488574409448816
0
LINE
8
BLACK
6
CONTINUOUS
10
5.6957685433070866
20
-4.2488574409448816
11
5.6974754330708661
21
-4.2514119291338579
0
LINE
8
BLACK
6
CONTINUOUS
10
5.6974754330708661
20
-4.2514119291338579
11
5.6980748031496065
21
-4.2544251968503932
0
LINE
8
BLACK
6
CONTINUOUS
10
5.6980748031496065
20
-4.2544251968503932
11
5.6980748031496065
21
-4.2760787401574802
0
LINE
8
BLACK
6
CONTINUOUS
10
5.6980748031496065
20
-4.2760787401574802
11
5.6974754330708661
21
-4.2790920078740156
0
LINE
8
BLACK
6
CONTINUOUS
10
5.6974754330708661
20
-4.2790920078740156
11
5.6957685433070866
21
-4.2816464960629919
0
LINE
8
BLACK
6
CONTINUOUS
10
5.6957685433070866
20
-4.2816464960629919
11
5.6932140551181103
21
-4.2833533858267714
0
LINE
8
BLACK
6
CONTINUOUS
10
5.6932140551181103
20
-4.2833533858267714
11
5.690200787401575
21
-4.2839527559055117
0
LINE
8
BLACK
6
CONTINUOUS
10
5.690200787401575
20
-4.2839527559055117
11
5.674452755905512
21
-4.2839527559055117
0
LINE
8
BLACK
6
CONTINUOUS
10
5.674452755905512
20
-4.2839527559055117
11
5.6714394881889758
21
-4.2833533858267714
0
LINE
8
BLACK
6
CONTINUOUS
10
5.6714394881889758
20
-4.2833533858267714
11
5.6688849999999995
21
-4.2816464960629919
0
LINE
8
BLACK
6
CONTINUOUS
10
5.6688849999999995
20
-4.2816464960629919
11
5.66717811023622
21
-4.2790920078740156
0
LINE
8
BLACK
6
CONTINUOUS
10
5.66717811023622
20
-4.2790920078740156
11
5.6665787401574805
21
-4.2760787401574802
0
LINE
8
BLACK
6
CONTINUOUS
10
5.6665787401574805
20
-4.2760787401574802
11
5.6665787401574805
21
-4.2544251968503932
0
LINE
8
BLACK
6
CONTINUOUS
10
5.6665787401574805
20
-4.2544251968503932
11
5.66717811023622
21
-4.2514119291338579
0
LINE
8
BLACK
6
CONTINUOUS
10
5.66717811023622
20
-4.2514119291338579
11
5.6688849999999995
21
-4.2488574409448816
0
LINE
8
BLACK
6
CONTINUOUS
10
5.6688849999999995
20
-4.2488574409448816
11
5.6714394881889758
21
-4.2471505511811021
0
LINE
8
BLACK
6
CONTINUOUS
10
5.6714394881889758
20
-4.2471505511811021
11
5.674452755905512
21
-4.2465511811023617
0
LINE
8
BLACK
6
CONTINUOUS
10
5.674452755905512
20
-4.2465511811023617
11
5.690200787401575
21
-4.2465511811023617
0
LINE
8
BLACK
6
CONTINUOUS
10
5.690200787401575
20
-4.2465511811023617
11
5.6932140551181103
21
-4.2471505511811021
0
LINE
8
BLACK
6
CONTINUOUS
10
5.7581746850393696
20
-4.2471505511811021
11
5.7607291732283468
21
-4.2488574409448816
0
LINE
8
BLACK
6
CONTINUOUS
10
5.7607291732283468
20
-4.2488574409448816
11
5.7624360629921263
21
-4.2514119291338579
0
LINE
8
BLACK
6
CONTINUOUS
10
5.7624360629921263
20
-4.2514119291338579
11
5.7630354330708657
21
-4.2544251968503932
0
LINE
8
BLACK
6
CONTINUOUS
10
5.7630354330708657
20
-4.2544251968503932
11
5.7630354330708657
21
-4.2760787401574802
0
LINE
8
BLACK
6
CONTINUOUS
10
5.7630354330708657
20
-4.2760787401574802
11
5.7624360629921263
21
-4.2790920078740156
0
LINE
8
BLACK
6
CONTINUOUS
10
5.7624360629921263
20
-4.2790920078740156
11
5.7607291732283468
21
-4.2816464960629919
0
LINE
8
BLACK
6
CONTINUOUS
10
5.7607291732283468
20
-4.2816464960629919
11
5.7581746850393696
21
-4.2833533858267714
0
LINE
8
BLACK
6
CONTINUOUS
10
5.7581746850393696
20
-4.2833533858267714
11
5.7551614173228343
21
-4.2839527559055117
0
LINE
8
BLACK
6
CONTINUOUS
10
5.7551614173228343
20
-4.2839527559055117
11
5.7394133858267713
21
-4.2839527559055117
0
LINE
8
BLACK
6
CONTINUOUS
10
5.7394133858267713
20
-4.2839527559055117
11
5.736400118110236
21
-4.2833533858267714
0
LINE
8
BLACK
6
CONTINUOUS
10
5.736400118110236
20
-4.2833533858267714
11
5.7338456299212597
21
-4.2816464960629919
0
LINE
8
BLACK
6
CONTINUOUS
10
5.7338456299212597
20
-4.2816464960629919
11
5.7321387401574802
21
-4.2790920078740156
0
LINE
8
BLACK
6
CONTINUOUS
10
5.7321387401574802
20
-4.2790920078740156
11
5.7315393700787398
21
-4.2760787401574802
0
LINE
8
BLACK
6
CONTINUOUS
10
5.7315393700787398
20
-4.2760787401574802
11
5.7315393700787398
21
-4.2544251968503932
0
LINE
8
BLACK
6
CONTINUOUS
10
5.7315393700787398
20
-4.2544251968503932
11
5.7321387401574802
21
-4.2514119291338579
0
LINE
8
BLACK
6
CONTINUOUS
10
5.7321387401574802
20
-4.2514119291338579
11
5.7338456299212597
21
-4.2488574409448816
0
LINE
8
BLACK
6
CONTINUOUS
10
5.7338456299212597
20
-4.2488574409448816
11
5.736400118110236
21
-4.2471505511811021
0
LINE
8
BLACK
6
CONTINUOUS
10
5.736400118110236
20
-4.2471505511811021
11
5.7394133858267713
21
-4.2465511811023617
0
LINE
8
BLACK
6
CONTINUOUS
10
5.7394133858267713
20
-4.2465511811023617
11
5.7551614173228343
21
-4.2465511811023617
0
LINE
8
BLACK
6
CONTINUOUS
10
5.7551614173228343
20
-4.2465511811023617
11
5.7581746850393696
21
-4.2471505511811021
0
LINE
8
BLACK
6
CONTINUOUS
10
6.3852113385826774
20
-4.2511815748031498
11
6.3864886220472439
21
-4.2520350000000002
0
LINE
8
BLACK
6
CONTINUOUS
10
6.3864886220472439
20
-4.2520350000000002
11
6.3873420472440943
21
-4.2533122834645667
0
LINE
8
BLACK
6
CONTINUOUS
10
6.3873420472440943
20
-4.2533122834645667
11
6.3876417322834644
21
-4.2548188976377954
0
LINE
8
BLACK
6
CONTINUOUS
10
6.3876417322834644
20
-4.2548188976377954
11
6.3876417322834644
21
-4.2626929133858269
0
LINE
8
BLACK
6
CONTINUOUS
10
6.3876417322834644
20
-4.2626929133858269
11
6.3873420472440943
21
-4.2641995275590547
0
LINE
8
BLACK
6
CONTINUOUS
10
6.3873420472440943
20
-4.2641995275590547
11
6.3864886220472439
21
-4.2654768110236221
0
LINE
8
BLACK
6
CONTINUOUS
10
6.3864886220472439
20
-4.2654768110236221
11
6.3852113385826774
21
-4.2663302362204725
0
LINE
8
BLACK
6
CONTINUOUS
10
6.3852113385826774
20
-4.2663302362204725
11
6.3837047244094487
21
-4.2666299212598426
0
LINE
8
BLACK
6
CONTINUOUS
10
6.3837047244094487
20
-4.2666299212598426
11
6.3335078740157478
21
-4.2666299212598426
0
LINE
8
BLACK
6
CONTINUOUS
10
6.3335078740157478
20
-4.2666299212598426
11
6.3320012598425199
21
-4.2663302362204725
0
LINE
8
BLACK
6
CONTINUOUS
10
6.3320012598425199
20
-4.2663302362204725
11
6.3307239763779526
21
-4.2654768110236221
0
LINE
8
BLACK
6
CONTINUOUS
10
6.3307239763779526
20
-4.2654768110236221
11
6.3298705511811022
21
-4.2641995275590547
0
LINE
8
BLACK
6
CONTINUOUS
10
6.3298705511811022
20
-4.2641995275590547
11
6.329570866141732
21
-4.2626929133858269
0
LINE
8
BLACK
6
CONTINUOUS
10
6.329570866141732
20
-4.2626929133858269
11
6.329570866141732
21
-4.2548188976377954
0
LINE
8
BLACK
6
CONTINUOUS
10
6.329570866141732
20
-4.2548188976377954
11
6.3298705511811022
21
-4.2533122834645667
0
LINE
8
BLACK
6
CONTINUOUS
10
6.3298705511811022
20
-4.2533122834645667
11
6.3307239763779526
21
-4.2520350000000002
0
LINE
8
BLACK
6
CONTINUOUS
10
6.3307239763779526
20
-4.2520350000000002
11
6.3320012598425199
21
-4.2511815748031498
0
LINE
8
BLACK
6
CONTINUOUS
10
6.3320012598425199
20
-4.2511815748031498
11
6.3335078740157478
21
-4.2508818897637797
0
LINE
8
BLACK
6
CONTINUOUS
10
6.3335078740157478
20
-4.2508818897637797
11
6.3837047244094487
21
-4.2508818897637797
0
LINE
8
BLACK
6
CONTINUOUS
10
6.3837047244094487
20
-4.2508818897637797
11
6.3852113385826774
21
-4.2511815748031498
0
LINE
8
BLACK
6
CONTINUOUS
10
6.6106050393700784
20
-4.2511815748031498
11
6.6118823228346457
21
-4.2520350000000002
0
LINE
8
BLACK
6
CONTINUOUS
10
6.6118823228346457
20
-4.2520350000000002
11
6.6127357480314961
21
-4.2533122834645667
0
LINE
8
BLACK
6
CONTINUOUS
10
6.6127357480314961
20
-4.2533122834645667
11
6.6130354330708663
21
-4.2548188976377954
0
LINE
8
BLACK
6
CONTINUOUS
10
6.6130354330708663
20
-4.2548188976377954
11
6.6130354330708663
21
-4.2626929133858269
0
LINE
8
BLACK
6
CONTINUOUS
10
6.6130354330708663
20
-4.2626929133858269
11
6.6127357480314961
21
-4.2641995275590547
0
LINE
8
BLACK
6
CONTINUOUS
10
6.6127357480314961
20
-4.2641995275590547
11
6.6118823228346457
21
-4.2654768110236221
0
LINE
8
BLACK
6
CONTINUOUS
10
6.6118823228346457
20
-4.2654768110236221
11
6.6106050393700784
21
-4.2663302362204725
0
LINE
8
BLACK
6
CONTINUOUS
10
6.6106050393700784
20
-4.2663302362204725
11
6.6090984251968505
21
-4.2666299212598426
0
LINE
8
BLACK
6
CONTINUOUS
10
6.6090984251968505
20
-4.2666299212598426
11
6.5589015748031496
21
-4.2666299212598426
0
LINE
8
BLACK
6
CONTINUOUS
10
6.5589015748031496
20
-4.2666299212598426
11
6.5573949606299209
21
-4.2663302362204725
0
LINE
8
BLACK
6
CONTINUOUS
10
6.5573949606299209
20
-4.2663302362204725
11
6.5561176771653544
21
-4.2654768110236221
0
LINE
8
BLACK
6
CONTINUOUS
10
6.5561176771653544
20
-4.2654768110236221
11
6.555264251968504
21
-4.2641995275590547
0
LINE
8
BLACK
6
CONTINUOUS
10
6.555264251968504
20
-4.2641995275590547
11
6.5549645669291339
21
-4.2626929133858269
0
LINE
8
BLACK
6
CONTINUOUS
10
6.5549645669291339
20
-4.2626929133858269
11
6.5549645669291339
21
-4.2548188976377954
0
LINE
8
BLACK
6
CONTINUOUS
10
6.5549645669291339
20
-4.2548188976377954
11
6.555264251968504
21
-4.2533122834645667
0
LINE
8
BLACK
6
CONTINUOUS
10
6.555264251968504
20
-4.2533122834645667
11
6.5561176771653544
21
-4.2520350000000002
0
LINE
8
BLACK
6
CONTINUOUS
10
6.5561176771653544
20
-4.2520350000000002
11
6.5573949606299209
21
-4.2511815748031498
0
LINE
8
BLACK
6
CONTINUOUS
10
6.5573949606299209
20
-4.2511815748031498
11
6.5589015748031496
21
-4.2508818897637797
0
LINE
8
BLACK
6
CONTINUOUS
10
6.5589015748031496
20
-4.2508818897637797
11
6.6090984251968505
21
-4.2508818897637797
0
LINE
8
BLACK
6
CONTINUOUS
10
6.6090984251968505
20
-4.2508818897637797
11
6.6106050393700784
21
-4.2511815748031498
0
LINE
8
BLACK
6
CONTINUOUS
10
5.153007283464567
20
-4.1661598425196846
11
5.1601376771653547
21
-4.169113346456693
0
LINE
8
BLACK
6
CONTINUOUS
10
5.1601376771653547
20
-4.169113346456693
11
5.1665548425196848
21
-4.1734011811023617
0
LINE
8
BLACK
6
CONTINUOUS
10
5.1665548425196848
20
-4.1734011811023617
11
5.1720122047244095
21
-4.1788585433070864
0
LINE
8
BLACK
6
CONTINUOUS
10
5.1720122047244095
20
-4.1788585433070864
11
5.1763000393700782
21
-4.1852757086614174
0
LINE
8
BLACK
6
CONTINUOUS
10
5.1763000393700782
20
-4.1852757086614174
11
5.1792535433070865
21
-4.192406102362205
0
LINE
8
BLACK
6
CONTINUOUS
10
5.1792535433070865
20
-4.192406102362205
11
5.180759251968504
21
-4.1999757086614169
0
LINE
8
BLACK
6
CONTINUOUS
10
5.180759251968504
20
-4.1999757086614169
11
5.180759251968504
21
-4.2076935826771651
0
LINE
8
BLACK
6
CONTINUOUS
10
5.180759251968504
20
-4.2076935826771651
11
5.1792535433070865
21
-4.2152631889763779
0
LINE
8
BLACK
6
CONTINUOUS
10
5.1792535433070865
20
-4.2152631889763779
11
5.1763000393700782
21
-4.2223935826771655
0
LINE
8
BLACK
6
CONTINUOUS
10
5.1763000393700782
20
-4.2223935826771655
11
5.1720122047244095
21
-4.2288107480314956
0
LINE
8
BLACK
6
CONTINUOUS
10
5.1720122047244095
20
-4.2288107480314956
11
5.1665548425196848
21
-4.2342681102362203
0
LINE
8
BLACK
6
CONTINUOUS
10
5.1665548425196848
20
-4.2342681102362203
11
5.1601376771653547
21
-4.2385559448818899
0
LINE
8
BLACK
6
CONTINUOUS
10
5.1601376771653547
20
-4.2385559448818899
11
5.153007283464567
21
-4.2415094488188974
0
LINE
8
BLACK
6
CONTINUOUS
10
5.153007283464567
20
-4.2415094488188974
11
5.1454376771653543
21
-4.2430151574803148
0
LINE
8
BLACK
6
CONTINUOUS
10
5.1454376771653543
20
-4.2430151574803148
11
5.1377198031496061
21
-4.2430151574803148
0
LINE
8
BLACK
6
CONTINUOUS
10
5.1377198031496061
20
-4.2430151574803148
11
5.1301501968503933
21
-4.2415094488188974
0
LINE
8
BLACK
6
CONTINUOUS
10
5.1301501968503933
20
-4.2415094488188974
11
5.1230198031496066
21
-4.2385559448818899
0
LINE
8
BLACK
6
CONTINUOUS
10
5.1230198031496066
20
-4.2385559448818899
11
5.1166026377952756
21
-4.2342681102362203
0
LINE
8
BLACK
6
CONTINUOUS
10
5.1166026377952756
20
-4.2342681102362203
11
5.1111452755905509
21
-4.2288107480314956
0
LINE
8
BLACK
6
CONTINUOUS
10
5.1111452755905509
20
-4.2288107480314956
11
5.1068574409448821
21
-4.2223935826771655
0
LINE
8
BLACK
6
CONTINUOUS
10
5.1068574409448821
20
-4.2223935826771655
11
5.1039039370078738
21
-4.2152631889763779
0
LINE
8
BLACK
6
CONTINUOUS
10
5.1039039370078738
20
-4.2152631889763779
11
5.1023982283464564
21
-4.2076935826771651
0
LINE
8
BLACK
6
CONTINUOUS
10
5.1023982283464564
20
-4.2076935826771651
11
5.1023982283464564
21
-4.1999757086614169
0
LINE
8
BLACK
6
CONTINUOUS
10
5.1023982283464564
20
-4.1999757086614169
11
5.1039039370078738
21
-4.192406102362205
0
LINE
8
BLACK
6
CONTINUOUS
10
5.1039039370078738
20
-4.192406102362205
11
5.1068574409448821
21
-4.1852757086614174
0
LINE
8
BLACK
6
CONTINUOUS
10
5.1068574409448821
20
-4.1852757086614174
11
5.1111452755905509
21
-4.1788585433070864
0
LINE
8
BLACK
6
CONTINUOUS
10
5.1111452755905509
20
-4.1788585433070864
11
5.1166026377952756
21
-4.1734011811023617
0
LINE
8
BLACK
6
CONTINUOUS
10
5.1166026377952756
20
-4.1734011811023617
11
5.1230198031496066
21
-4.169113346456693
0
LINE
8
BLACK
6
CONTINUOUS
10
5.1230198031496066
20
-4.169113346456693
11
5.1301501968503933
21
-4.1661598425196846
0
LINE
8
BLACK
6
CONTINUOUS
10
5.1301501968503933
20
-4.1661598425196846
11
5.1377198031496061
21
-4.1646541338582672
0
LINE
8
BLACK
6
CONTINUOUS
10
5.1377198031496061
20
-4.1646541338582672
11
5.1454376771653543
21
-4.1646541338582672
0
LINE
8
BLACK
6
CONTINUOUS
10
5.1454376771653543
20
-4.1646541338582672
11
5.153007283464567
21
-4.1661598425196846
0
LINE
8
BLACK
6
CONTINUOUS
10
6.3852113385826774
20
-4.2255910236220471
11
6.3864886220472439
21
-4.2264444488188975
0
LINE
8
BLACK
6
CONTINUOUS
10
6.3864886220472439
20
-4.2264444488188975
11
6.3873420472440943
21
-4.2277217322834648
0
LINE
8
BLACK
6
CONTINUOUS
10
6.3873420472440943
20
-4.2277217322834648
11
6.3876417322834644
21
-4.2292283464566927
0
LINE
8
BLACK
6
CONTINUOUS
10
6.3876417322834644
20
-4.2292283464566927
11
6.3876417322834644
21
-4.2371023622047241
0
LINE
8
BLACK
6
CONTINUOUS
10
6.3876417322834644
20
-4.2371023622047241
11
6.3873420472440943
21
-4.2386089763779529
0
LINE
8
BLACK
6
CONTINUOUS
10
6.3873420472440943
20
-4.2386089763779529
11
6.3864886220472439
21
-4.2398862598425193
0
LINE
8
BLACK
6
CONTINUOUS
10
6.3864886220472439
20
-4.2398862598425193
11
6.3852113385826774
21
-4.2407396850393697
0
LINE
8
BLACK
6
CONTINUOUS
10
6.3852113385826774
20
-4.2407396850393697
11
6.3837047244094487
21
-4.2410393700787399
0
LINE
8
BLACK
6
CONTINUOUS
10
6.3837047244094487
20
-4.2410393700787399
11
6.3335078740157478
21
-4.2410393700787399
0
LINE
8
BLACK
6
CONTINUOUS
10
6.3335078740157478
20
-4.2410393700787399
11
6.3320012598425199
21
-4.2407396850393697
0
LINE
8
BLACK
6
CONTINUOUS
10
6.3320012598425199
20
-4.2407396850393697
11
6.3307239763779526
21
-4.2398862598425193
0
LINE
8
BLACK
6
CONTINUOUS
10
6.3307239763779526
20
-4.2398862598425193
11
6.3298705511811022
21
-4.2386089763779529
0
LINE
8
BLACK
6
CONTINUOUS
10
6.3298705511811022
20
-4.2386089763779529
11
6.329570866141732
21
-4.2371023622047241
0
LINE
8
BLACK
6
CONTINUOUS
10
6.329570866141732
20
-4.2371023622047241
11
6.329570866141732
21
-4.2292283464566927
0
LINE
8
BLACK
6
CONTINUOUS
10
6.329570866141732
20
-4.2292283464566927
11
6.3298705511811022
21
-4.2277217322834648
0
LINE
8
BLACK
6
CONTINUOUS
10
6.3298705511811022
20
-4.2277217322834648
11
6.3307239763779526
21
-4.2264444488188975
0
LINE
8
BLACK
6
CONTINUOUS
10
6.3307239763779526
20
-4.2264444488188975
11
6.3320012598425199
21
-4.2255910236220471
0
LINE
8
BLACK
6
CONTINUOUS
10
6.3320012598425199
20
-4.2255910236220471
11
6.3335078740157478
21
-4.2252913385826769
0
LINE
8
BLACK
6
CONTINUOUS
10
6.3335078740157478
20
-4.2252913385826769
11
6.3837047244094487
21
-4.2252913385826769
0
LINE
8
BLACK
6
CONTINUOUS
10
6.3837047244094487
20
-4.2252913385826769
11
6.3852113385826774
21
-4.2255910236220471
0
LINE
8
BLACK
6
CONTINUOUS
10
6.6106050393700784
20
-4.2255910236220471
11
6.6118823228346457
21
-4.2264444488188975
0
LINE
8
BLACK
6
CONTINUOUS
10
6.6118823228346457
20
-4.2264444488188975
11
6.6127357480314961
21
-4.2277217322834648
0
LINE
8
BLACK
6
CONTINUOUS
10
6.6127357480314961
20
-4.2277217322834648
11
6.6130354330708663
21
-4.2292283464566927
0
LINE
8
BLACK
6
CONTINUOUS
10
6.6130354330708663
20
-4.2292283464566927
11
6.6130354330708663
21
-4.2371023622047241
0
LINE
8
BLACK
6
CONTINUOUS
10
6.6130354330708663
20
-4.2371023622047241
11
6.6127357480314961
21
-4.2386089763779529
0
LINE
8
BLACK
6
CONTINUOUS
10
6.6127357480314961
20
-4.2386089763779529
11
6.6118823228346457
21
-4.2398862598425193
0
LINE
8
BLACK
6
CONTINUOUS
10
6.6118823228346457
20
-4.2398862598425193
11
6.6106050393700784
21
-4.2407396850393697
0
LINE
8
BLACK
6
CONTINUOUS
10
6.6106050393700784
20
-4.2407396850393697
11
6.6090984251968505
21
-4.2410393700787399
0
LINE
8
BLACK
6
CONTINUOUS
10
6.6090984251968505
20
-4.2410393700787399
11
6.5589015748031496
21
-4.2410393700787399
0
LINE
8
BLACK
6
CONTINUOUS
10
6.5589015748031496
20
-4.2410393700787399
11
6.5573949606299209
21
-4.2407396850393697
0
LINE
8
BLACK
6
CONTINUOUS
10
6.5573949606299209
20
-4.2407396850393697
11
6.5561176771653544
21
-4.2398862598425193
0
LINE
8
BLACK
6
CONTINUOUS
10
6.5561176771653544
20
-4.2398862598425193
11
6.555264251968504
21
-4.2386089763779529
0
LINE
8
BLACK
6
CONTINUOUS
10
6.555264251968504
20
-4.2386089763779529
11
6.5549645669291339
21
-4.2371023622047241
0
LINE
8
BLACK
6
CONTINUOUS
10
6.5549645669291339
20
-4.2371023622047241
11
6.5549645669291339
21
-4.2292283464566927
0
LINE
8
BLACK
6
CONTINUOUS
10
6.5549645669291339
20
-4.2292283464566927
11
6.555264251968504
21
-4.2277217322834648
0
LINE
8
BLACK
6
CONTINUOUS
10
6.555264251968504
20
-4.2277217322834648
11
6.5561176771653544
21
-4.2264444488188975
0
LINE
8
BLACK
6
CONTINUOUS
10
6.5561176771653544
20
-4.2264444488188975
11
6.5573949606299209
21
-4.2255910236220471
0
LINE
8
BLACK
6
CONTINUOUS
10
6.5573949606299209
20
-4.2255910236220471
11
6.5589015748031496
21
-4.2252913385826769
0
LINE
8
BLACK
6
CONTINUOUS
10
6.5589015748031496
20
-4.2252913385826769
11
6.6090984251968505
21
-4.2252913385826769
0
LINE
8
BLACK
6
CONTINUOUS
10
6.6090984251968505
20
-4.2252913385826769
11
6.6106050393700784
21
-4.2255910236220471
0
LINE
8
BLACK
6
CONTINUOUS
10
6.1416574803149606
20
-4.2361968503937009
11
6.0816574803149601
21
-4.2361968503937009
0
LINE
8
BLACK
6
CONTINUOUS
10
6.0816574803149601
20
-4.2361968503937009
11
6.0816574803149601
21
-4.1761968503937004
0
LINE
8
BLACK
6
CONTINUOUS
10
6.0816574803149601
20
-4.1761968503937004
11
6.1416574803149606
21
-4.1761968503937004
0
LINE
8
BLACK
6
CONTINUOUS
10
6.1416574803149606
20
-4.1761968503937004
11
6.1416574803149606
21
-4.2361968503937009
0
LINE
8
BLACK
6
CONTINUOUS
10
6.2416574803149603
20
-4.2361968503937009
11
6.1816574803149607
21
-4.2361968503937009
0
LINE
8
BLACK
6
CONTINUOUS
10
6.1816574803149607
20
-4.2361968503937009
11
6.1816574803149607
21
-4.1761968503937004
0
LINE
8
BLACK
6
CONTINUOUS
10
6.1816574803149607
20
-4.1761968503937004
11
6.2416574803149603
21
-4.1761968503937004
0
LINE
8
BLACK
6
CONTINUOUS
10
6.2416574803149603
20
-4.1761968503937004
11
6.2416574803149603
21
-4.2361968503937009
0
LINE
8
BLACK
6
CONTINUOUS
10
5.8727757086614174
20
-4.1938511023622045
11
5.8746915748031494
21
-4.1951312598425199
0
LINE
8
BLACK
6
CONTINUOUS
10
5.8746915748031494
20
-4.1951312598425199
11
5.8759717322834648
21
-4.1970471259842519
0
LINE
8
BLACK
6
CONTINUOUS
10
5.8759717322834648
20
-4.1970471259842519
11
5.8764212598425196
21
-4.1993070866141728
0
LINE
8
BLACK
6
CONTINUOUS
10
5.8764212598425196
20
-4.1993070866141728
11
5.8764212598425196
21
-4.2111181102362201
0
LINE
8
BLACK
6
CONTINUOUS
10
5.8764212598425196
20
-4.2111181102362201
11
5.8759717322834648
21
-4.2133780708661419
0
LINE
8
BLACK
6
CONTINUOUS
10
5.8759717322834648
20
-4.2133780708661419
11
5.8746915748031494
21
-4.2152939370078739
0
LINE
8
BLACK
6
CONTINUOUS
10
5.8746915748031494
20
-4.2152939370078739
11
5.8727757086614174
21
-4.2165740944881893
0
LINE
8
BLACK
6
CONTINUOUS
10
5.8727757086614174
20
-4.2165740944881893
11
5.8705157480314956
21
-4.2170236220472441
0
LINE
8
BLACK
6
CONTINUOUS
10
5.8705157480314956
20
-4.2170236220472441
11
5.8301614173228344
21
-4.2170236220472441
0
LINE
8
BLACK
6
CONTINUOUS
10
5.8301614173228344
20
-4.2170236220472441
11
5.8279014566929135
21
-4.2165740944881893
0
LINE
8
BLACK
6
CONTINUOUS
10
5.8279014566929135
20
-4.2165740944881893
11
5.8259855905511806
21
-4.2152939370078739
0
LINE
8
BLACK
6
CONTINUOUS
10
5.8259855905511806
20
-4.2152939370078739
11
5.8247054330708661
21
-4.2133780708661419
0
LINE
8
BLACK
6
CONTINUOUS
10
5.8247054330708661
20
-4.2133780708661419
11
5.8242559055118113
21
-4.2111181102362201
0
LINE
8
BLACK
6
CONTINUOUS
10
5.8242559055118113
20
-4.2111181102362201
11
5.8242559055118113
21
-4.1993070866141728
0
LINE
8
BLACK
6
CONTINUOUS
10
5.8242559055118113
20
-4.1993070866141728
11
5.8247054330708661
21
-4.1970471259842519
0
LINE
8
BLACK
6
CONTINUOUS
10
5.8247054330708661
20
-4.1970471259842519
11
5.8259855905511806
21
-4.1951312598425199
0
LINE
8
BLACK
6
CONTINUOUS
10
5.8259855905511806
20
-4.1951312598425199
11
5.8279014566929135
21
-4.1938511023622045
0
LINE
8
BLACK
6
CONTINUOUS
10
5.8279014566929135
20
-4.1938511023622045
11
5.8301614173228344
21
-4.1934015748031497
0
LINE
8
BLACK
6
CONTINUOUS
10
5.8301614173228344
20
-4.1934015748031497
11
5.8705157480314956
21
-4.1934015748031497
0
LINE
8
BLACK
6
CONTINUOUS
10
5.8705157480314956
20
-4.1934015748031497
11
5.8727757086614174
21
-4.1938511023622045
0
LINE
8
BLACK
6
CONTINUOUS
10
5.9623426377952757
20
-4.1938511023622045
11
5.9642585039370077
21
-4.1951312598425199
0
LINE
8
BLACK
6
CONTINUOUS
10
5.9642585039370077
20
-4.1951312598425199
11
5.9655386614173231
21
-4.1970471259842519
0
LINE
8
BLACK
6
CONTINUOUS
10
5.9655386614173231
20
-4.1970471259842519
11
5.9659881889763779
21
-4.1993070866141728
0
LINE
8
BLACK
6
CONTINUOUS
10
5.9659881889763779
20
-4.1993070866141728
11
5.9659881889763779
21
-4.2111181102362201
0
LINE
8
BLACK
6
CONTINUOUS
10
5.9659881889763779
20
-4.2111181102362201
11
5.9655386614173231
21
-4.2133780708661419
0
LINE
8
BLACK
6
CONTINUOUS
10
5.9655386614173231
20
-4.2133780708661419
11
5.9642585039370077
21
-4.2152939370078739
0
LINE
8
BLACK
6
CONTINUOUS
10
5.9642585039370077
20
-4.2152939370078739
11
5.9623426377952757
21
-4.2165740944881893
0
LINE
8
BLACK
6
CONTINUOUS
10
5.9623426377952757
20
-4.2165740944881893
11
5.9600826771653539
21
-4.2170236220472441
0
LINE
8
BLACK
6
CONTINUOUS
10
5.9600826771653539
20
-4.2170236220472441
11
5.9197283464566928
21
-4.2170236220472441
0
LINE
8
BLACK
6
CONTINUOUS
10
5.9197283464566928
20
-4.2170236220472441
11
5.9174683858267718
21
-4.2165740944881893
0
LINE
8
BLACK
6
CONTINUOUS
10
5.9174683858267718
20
-4.2165740944881893
11
5.9155525196850389
21
-4.2152939370078739
0
LINE
8
BLACK
6
CONTINUOUS
10
5.9155525196850389
20
-4.2152939370078739
11
5.9142723622047244
21
-4.2133780708661419
0
LINE
8
BLACK
6
CONTINUOUS
10
5.9142723622047244
20
-4.2133780708661419
11
5.9138228346456687
21
-4.2111181102362201
0
LINE
8
BLACK
6
CONTINUOUS
10
5.9138228346456687
20
-4.2111181102362201
11
5.9138228346456687
21
-4.1993070866141728
0
LINE
8
BLACK
6
CONTINUOUS
10
5.9138228346456687
20
-4.1993070866141728
11
5.9142723622047244
21
-4.1970471259842519
0
LINE
8
BLACK
6
CONTINUOUS
10
5.9142723622047244
20
-4.1970471259842519
11
5.9155525196850389
21
-4.1951312598425199
0
LINE
8
BLACK
6
CONTINUOUS
10
5.9155525196850389
20
-4.1951312598425199
11
5.9174683858267718
21
-4.1938511023622045
0
LINE
8
BLACK
6
CONTINUOUS
10
5.9174683858267718
20
-4.1938511023622045
11
5.9197283464566928
21
-4.1934015748031497
0
LINE
8
BLACK
6
CONTINUOUS
10
5.9197283464566928
20
-4.1934015748031497
11
5.9600826771653539
21
-4.1934015748031497
0
LINE
8
BLACK
6
CONTINUOUS
10
5.9600826771653539
20
-4.1934015748031497
11
5.9623426377952757
21
-4.1938511023622045
0
LINE
8
BLACK
6
CONTINUOUS
10
6.3852113385826774
20
-4.2000004724409452
11
6.3864886220472439
21
-4.2008538976377956
0
LINE
8
BLACK
6
CONTINUOUS
10
6.3864886220472439
20
-4.2008538976377956
11
6.3873420472440943
21
-4.2021311811023621
0
LINE
8
BLACK
6
CONTINUOUS
10
6.3873420472440943
20
-4.2021311811023621
11
6.3876417322834644
21
-4.2036377952755908
0
LINE
8
BLACK
6
CONTINUOUS
10
6.3876417322834644
20
-4.2036377952755908
11
6.3876417322834644
21
-4.2115118110236223
0
LINE
8
BLACK
6
CONTINUOUS
10
6.3876417322834644
20
-4.2115118110236223
11
6.3873420472440943
21
-4.2130184251968501
0
LINE
8
BLACK
6
CONTINUOUS
10
6.3873420472440943
20
-4.2130184251968501
11
6.3864886220472439
21
-4.2142957086614175
0
LINE
8
BLACK
6
CONTINUOUS
10
6.3864886220472439
20
-4.2142957086614175
11
6.3852113385826774
21
-4.2151491338582678
0
LINE
8
BLACK
6
CONTINUOUS
10
6.3852113385826774
20
-4.2151491338582678
11
6.3837047244094487
21
-4.215448818897638
0
LINE
8
BLACK
6
CONTINUOUS
10
6.3837047244094487
20
-4.215448818897638
11
6.3335078740157478
21
-4.215448818897638
0
LINE
8
BLACK
6
CONTINUOUS
10
6.3335078740157478
20
-4.215448818897638
11
6.3320012598425199
21
-4.2151491338582678
0
LINE
8
BLACK
6
CONTINUOUS
10
6.3320012598425199
20
-4.2151491338582678
11
6.3307239763779526
21
-4.2142957086614175
0
LINE
8
BLACK
6
CONTINUOUS
10
6.3307239763779526
20
-4.2142957086614175
11
6.3298705511811022
21
-4.2130184251968501
0
LINE
8
BLACK
6
CONTINUOUS
10
6.3298705511811022
20
-4.2130184251968501
11
6.329570866141732
21
-4.2115118110236223
0
LINE
8
BLACK
6
CONTINUOUS
10
6.329570866141732
20
-4.2115118110236223
11
6.329570866141732
21
-4.2036377952755908
0
LINE
8
BLACK
6
CONTINUOUS
10
6.329570866141732
20
-4.2036377952755908
11
6.3298705511811022
21
-4.2021311811023621
0
LINE
8
BLACK
6
CONTINUOUS
10
6.3298705511811022
20
-4.2021311811023621
11
6.3307239763779526
21
-4.2008538976377956
0
LINE
8
BLACK
6
CONTINUOUS
10
6.3307239763779526
20
-4.2008538976377956
11
6.3320012598425199
21
-4.2000004724409452
0
LINE
8
BLACK
6
CONTINUOUS
10
6.3320012598425199
20
-4.2000004724409452
11
6.3335078740157478
21
-4.199700787401575
0
LINE
8
BLACK
6
CONTINUOUS
10
6.3335078740157478
20
-4.199700787401575
11
6.3837047244094487
21
-4.199700787401575
0
LINE
8
BLACK
6
CONTINUOUS
10
6.3837047244094487
20
-4.199700787401575
11
6.3852113385826774
21
-4.2000004724409452
0
LINE
8
BLACK
6
CONTINUOUS
10
6.6106050393700784
20
-4.2000004724409452
11
6.6118823228346457
21
-4.2008538976377956
0
LINE
8
BLACK
6
CONTINUOUS
10
6.6118823228346457
20
-4.2008538976377956
11
6.6127357480314961
21
-4.2021311811023621
0
LINE
8
BLACK
6
CONTINUOUS
10
6.6127357480314961
20
-4.2021311811023621
11
6.6130354330708663
21
-4.2036377952755908
0
LINE
8
BLACK
6
CONTINUOUS
10
6.6130354330708663
20
-4.2036377952755908
11
6.6130354330708663
21
-4.2115118110236223
0
LINE
8
BLACK
6
CONTINUOUS
10
6.6130354330708663
20
-4.2115118110236223
11
6.6127357480314961
21
-4.2130184251968501
0
LINE
8
BLACK
6
CONTINUOUS
10
6.6127357480314961
20
-4.2130184251968501
11
6.6118823228346457
21
-4.2142957086614175
0
LINE
8
BLACK
6
CONTINUOUS
10
6.6118823228346457
20
-4.2142957086614175
11
6.6106050393700784
21
-4.2151491338582678
0
LINE
8
BLACK
6
CONTINUOUS
10
6.6106050393700784
20
-4.2151491338582678
11
6.6090984251968505
21
-4.215448818897638
0
LINE
8
BLACK
6
CONTINUOUS
10
6.6090984251968505
20
-4.215448818897638
11
6.5589015748031496
21
-4.215448818897638
0
LINE
8
BLACK
6
CONTINUOUS
10
6.5589015748031496
20
-4.215448818897638
11
6.5573949606299209
21
-4.2151491338582678
0
LINE
8
BLACK
6
CONTINUOUS
10
6.5573949606299209
20
-4.2151491338582678
11
6.5561176771653544
21
-4.2142957086614175
0
LINE
8
BLACK
6
CONTINUOUS
10
6.5561176771653544
20
-4.2142957086614175
11
6.555264251968504
21
-4.2130184251968501
0
LINE
8
BLACK
6
CONTINUOUS
10
6.555264251968504
20
-4.2130184251968501
11
6.5549645669291339
21
-4.2115118110236223
0
LINE
8
BLACK
6
CONTINUOUS
10
6.5549645669291339
20
-4.2115118110236223
11
6.5549645669291339
21
-4.2036377952755908
0
LINE
8
BLACK
6
CONTINUOUS
10
6.5549645669291339
20
-4.2036377952755908
11
6.555264251968504
21
-4.2021311811023621
0
LINE
8
BLACK
6
CONTINUOUS
10
6.555264251968504
20
-4.2021311811023621
11
6.5561176771653544
21
-4.2008538976377956
0
LINE
8
BLACK
6
CONTINUOUS
10
6.5561176771653544
20
-4.2008538976377956
11
6.5573949606299209
21
-4.2000004724409452
0
LINE
8
BLACK
6
CONTINUOUS
10
6.5573949606299209
20
-4.2000004724409452
11
6.5589015748031496
21
-4.199700787401575
0
LINE
8
BLACK
6
CONTINUOUS
10
6.5589015748031496
20
-4.199700787401575
11
6.6090984251968505
21
-4.199700787401575
0
LINE
8
BLACK
6
CONTINUOUS
10
6.6090984251968505
20
-4.199700787401575
11
6.6106050393700784
21
-4.2000004724409452
0
LINE
8
BLACK
6
CONTINUOUS
10
5.2967027952755901
20
-4.0889646062992124
11
5.3046347637795277
21
-4.0915418503937007
0
LINE
8
BLACK
6
CONTINUOUS
10
5.3046347637795277
20
-4.0915418503937007
11
5.3120658661417322
21
-4.095328188976378
0
LINE
8
BLACK
6
CONTINUOUS
10
5.3120658661417322
20
-4.095328188976378
11
5.3188131889763781
21
-4.1002303937007873
0
LINE
8
BLACK
6
CONTINUOUS
10
5.3188131889763781
20
-4.1002303937007873
11
5.3247105511811021
21
-4.1061277559055114
0
LINE
8
BLACK
6
CONTINUOUS
10
5.3247105511811021
20
-4.1061277559055114
11
5.3296127559055115
21
-4.1128750787401573
0
LINE
8
BLACK
6
CONTINUOUS
10
5.3296127559055115
20
-4.1128750787401573
11
5.3333990944881888
21
-4.1203061811023618
0
LINE
8
BLACK
6
CONTINUOUS
10
5.3333990944881888
20
-4.1203061811023618
11
5.3359763385826771
21
-4.1282381496062994
0
LINE
8
BLACK
6
CONTINUOUS
10
5.3359763385826771
20
-4.1282381496062994
11
5.3372810236220474
21
-4.1364755905511812
0
LINE
8
BLACK
6
CONTINUOUS
10
5.3372810236220474
20
-4.1364755905511812
11
5.3372810236220474
21
-4.1448157480314958
0
LINE
8
BLACK
6
CONTINUOUS
10
5.3372810236220474
20
-4.1448157480314958
11
5.3359763385826771
21
-4.1530531889763775
0
LINE
8
BLACK
6
CONTINUOUS
10
5.3359763385826771
20
-4.1530531889763775
11
5.3333990944881888
21
-4.1609851574803152
0
LINE
8
BLACK
6
CONTINUOUS
10
5.3333990944881888
20
-4.1609851574803152
11
5.3296127559055115
21
-4.1684162598425196
0
LINE
8
BLACK
6
CONTINUOUS
10
5.3296127559055115
20
-4.1684162598425196
11
5.3247105511811021
21
-4.1751635826771656
0
LINE
8
BLACK
6
CONTINUOUS
10
5.3247105511811021
20
-4.1751635826771656
11
5.3188131889763781
21
-4.1810609448818896
0
LINE
8
BLACK
6
CONTINUOUS
10
5.3188131889763781
20
-4.1810609448818896
11
5.3120658661417322
21
-4.185963149606299
0
LINE
8
BLACK
6
CONTINUOUS
10
5.3120658661417322
20
-4.185963149606299
11
5.3046347637795277
21
-4.1897494881889763
0
LINE
8
BLACK
6
CONTINUOUS
10
5.3046347637795277
20
-4.1897494881889763
11
5.2967027952755901
21
-4.1923267322834645
0
LINE
8
BLACK
6
CONTINUOUS
10
5.2967027952755901
20
-4.1923267322834645
11
5.2884653543307083
21
-4.1936314173228348
0
LINE
8
BLACK
6
CONTINUOUS
10
5.2884653543307083
20
-4.1936314173228348
11
5.2801251968503937
21
-4.1936314173228348
0
LINE
8
BLACK
6
CONTINUOUS
10
5.2801251968503937
20
-4.1936314173228348
11
5.271887755905512
21
-4.1923267322834645
0
LINE
8
BLACK
6
CONTINUOUS
10
5.271887755905512
20
-4.1923267322834645
11
5.2639557874015743
21
-4.1897494881889763
0
LINE
8
BLACK
6
CONTINUOUS
10
5.2639557874015743
20
-4.1897494881889763
11
5.2565246850393699
21
-4.185963149606299
0
LINE
8
BLACK
6
CONTINUOUS
10
5.2565246850393699
20
-4.185963149606299
11
5.2497773622047239
21
-4.1810609448818896
0
LINE
8
BLACK
6
CONTINUOUS
10
5.2497773622047239
20
-4.1810609448818896
11
5.2438799999999999
21
-4.1751635826771656
0
LINE
8
BLACK
6
CONTINUOUS
10
5.2438799999999999
20
-4.1751635826771656
11
5.2389777952755905
21
-4.1684162598425196
0
LINE
8
BLACK
6
CONTINUOUS
10
5.2389777952755905
20
-4.1684162598425196
11
5.2351914566929132
21
-4.1609851574803152
0
LINE
8
BLACK
6
CONTINUOUS
10
5.2351914566929132
20
-4.1609851574803152
11
5.232614212598425
21
-4.1530531889763775
0
LINE
8
BLACK
6
CONTINUOUS
10
5.232614212598425
20
-4.1530531889763775
11
5.2313095275590547
21
-4.1448157480314958
0
LINE
8
BLACK
6
CONTINUOUS
10
5.2313095275590547
20
-4.1448157480314958
11
5.2313095275590547
21
-4.1364755905511812
0
LINE
8
BLACK
6
CONTINUOUS
10
5.2313095275590547
20
-4.1364755905511812
11
5.232614212598425
21
-4.1282381496062994
0
LINE
8
BLACK
6
CONTINUOUS
10
5.232614212598425
20
-4.1282381496062994
11
5.2351914566929132
21
-4.1203061811023618
0
LINE
8
BLACK
6
CONTINUOUS
10
5.2351914566929132
20
-4.1203061811023618
11
5.2389777952755905
21
-4.1128750787401573
0
LINE
8
BLACK
6
CONTINUOUS
10
5.2389777952755905
20
-4.1128750787401573
11
5.2438799999999999
21
-4.1061277559055114
0
LINE
8
BLACK
6
CONTINUOUS
10
5.2438799999999999
20
-4.1061277559055114
11
5.2497773622047239
21
-4.1002303937007873
0
LINE
8
BLACK
6
CONTINUOUS
10
5.2497773622047239
20
-4.1002303937007873
11
5.2565246850393699
21
-4.095328188976378
0
LINE
8
BLACK
6
CONTINUOUS
10
5.2565246850393699
20
-4.095328188976378
11
5.2639557874015743
21
-4.0915418503937007
0
LINE
8
BLACK
6
CONTINUOUS
10
5.2639557874015743
20
-4.0915418503937007
11
5.271887755905512
21
-4.0889646062992124
0
LINE
8
BLACK
6
CONTINUOUS
10
5.271887755905512
20
-4.0889646062992124
11
5.2801251968503937
21
-4.0876599212598421
0
LINE
8
BLACK
6
CONTINUOUS
10
5.2801251968503937
20
-4.0876599212598421
11
5.2884653543307083
21
-4.0876599212598421
0
LINE
8
BLACK
6
CONTINUOUS
10
5.2884653543307083
20
-4.0876599212598421
11
5.2967027952755901
21
-4.0889646062992124
0
LINE
8
BLACK
6
CONTINUOUS
10
5.4967027952755902
20
-4.0889646062992124
11
5.5046347637795279
21
-4.0915418503937007
0
LINE
8
BLACK
6
CONTINUOUS
10
5.5046347637795279
20
-4.0915418503937007
11
5.5120658661417323
21
-4.095328188976378
0
LINE
8
BLACK
6
CONTINUOUS
10
5.5120658661417323
20
-4.095328188976378
11
5.5188131889763774
21
-4.1002303937007873
0
LINE
8
BLACK
6
CONTINUOUS
10
5.5188131889763774
20
-4.1002303937007873
11
5.5247105511811023
21
-4.1061277559055114
0
LINE
8
BLACK
6
CONTINUOUS
10
5.5247105511811023
20
-4.1061277559055114
11
5.5296127559055117
21
-4.1128750787401573
0
LINE
8
BLACK
6
CONTINUOUS
10
5.5296127559055117
20
-4.1128750787401573
11
5.533399094488189
21
-4.1203061811023618
0
LINE
8
BLACK
6
CONTINUOUS
10
5.533399094488189
20
-4.1203061811023618
11
5.5359763385826772
21
-4.1282381496062994
0
LINE
8
BLACK
6
CONTINUOUS
10
5.5359763385826772
20
-4.1282381496062994
11
5.5372810236220475
21
-4.1364755905511812
0
LINE
8
BLACK
6
CONTINUOUS
10
5.5372810236220475
20
-4.1364755905511812
11
5.5372810236220475
21
-4.1448157480314958
0
LINE
8
BLACK
6
CONTINUOUS
10
5.5372810236220475
20
-4.1448157480314958
11
5.5359763385826772
21
-4.1530531889763775
0
LINE
8
BLACK
6
CONTINUOUS
10
5.5359763385826772
20
-4.1530531889763775
11
5.533399094488189
21
-4.1609851574803152
0
LINE
8
BLACK
6
CONTINUOUS
10
5.533399094488189
20
-4.1609851574803152
11
5.5296127559055117
21
-4.1684162598425196
0
LINE
8
BLACK
6
CONTINUOUS
10
5.5296127559055117
20
-4.1684162598425196
11
5.5247105511811023
21
-4.1751635826771656
0
LINE
8
BLACK
6
CONTINUOUS
10
5.5247105511811023
20
-4.1751635826771656
11
5.5188131889763774
21
-4.1810609448818896
0
LINE
8
BLACK
6
CONTINUOUS
10
5.5188131889763774
20
-4.1810609448818896
11
5.5120658661417323
21
-4.185963149606299
0
LINE
8
BLACK
6
CONTINUOUS
10
5.5120658661417323
20
-4.185963149606299
11
5.5046347637795279
21
-4.1897494881889763
0
LINE
8
BLACK
6
CONTINUOUS
10
5.5046347637795279
20
-4.1897494881889763
11
5.4967027952755902
21
-4.1923267322834645
0
LINE
8
BLACK
6
CONTINUOUS
10
5.4967027952755902
20
-4.1923267322834645
11
5.4884653543307085
21
-4.1936314173228348
0
LINE
8
BLACK
6
CONTINUOUS
10
5.4884653543307085
20
-4.1936314173228348
11
5.4801251968503939
21
-4.1936314173228348
0
LINE
8
BLACK
6
CONTINUOUS
10
5.4801251968503939
20
-4.1936314173228348
11
5.4718877559055121
21
-4.1923267322834645
0
LINE
8
BLACK
6
CONTINUOUS
10
5.4718877559055121
20
-4.1923267322834645
11
5.4639557874015745
21
-4.1897494881889763
0
LINE
8
BLACK
6
CONTINUOUS
10
5.4639557874015745
20
-4.1897494881889763
11
5.45652468503937
21
-4.185963149606299
0
LINE
8
BLACK
6
CONTINUOUS
10
5.45652468503937
20
-4.185963149606299
11
5.4497773622047241
21
-4.1810609448818896
0
LINE
8
BLACK
6
CONTINUOUS
10
5.4497773622047241
20
-4.1810609448818896
11
5.4438800000000001
21
-4.1751635826771656
0
LINE
8
BLACK
6
CONTINUOUS
10
5.4438800000000001
20
-4.1751635826771656
11
5.4389777952755907
21
-4.1684162598425196
0
LINE
8
BLACK
6
CONTINUOUS
10
5.4389777952755907
20
-4.1684162598425196
11
5.4351914566929134
21
-4.1609851574803152
0
LINE
8
BLACK
6
CONTINUOUS
10
5.4351914566929134
20
-4.1609851574803152
11
5.4326142125984251
21
-4.1530531889763775
0
LINE
8
BLACK
6
CONTINUOUS
10
5.4326142125984251
20
-4.1530531889763775
11
5.4313095275590548
21
-4.1448157480314958
0
LINE
8
BLACK
6
CONTINUOUS
10
5.4313095275590548
20
-4.1448157480314958
11
5.4313095275590548
21
-4.1364755905511812
0
LINE
8
BLACK
6
CONTINUOUS
10
5.4313095275590548
20
-4.1364755905511812
11
5.4326142125984251
21
-4.1282381496062994
0
LINE
8
BLACK
6
CONTINUOUS
10
5.4326142125984251
20
-4.1282381496062994
11
5.4351914566929134
21
-4.1203061811023618
0
LINE
8
BLACK
6
CONTINUOUS
10
5.4351914566929134
20
-4.1203061811023618
11
5.4389777952755907
21
-4.1128750787401573
0
LINE
8
BLACK
6
CONTINUOUS
10
5.4389777952755907
20
-4.1128750787401573
11
5.4438800000000001
21
-4.1061277559055114
0
LINE
8
BLACK
6
CONTINUOUS
10
5.4438800000000001
20
-4.1061277559055114
11
5.4497773622047241
21
-4.1002303937007873
0
LINE
8
BLACK
6
CONTINUOUS
10
5.4497773622047241
20
-4.1002303937007873
11
5.45652468503937
21
-4.095328188976378
0
LINE
8
BLACK
6
CONTINUOUS
10
5.45652468503937
20
-4.095328188976378
11
5.4639557874015745
21
-4.0915418503937007
0
LINE
8
BLACK
6
CONTINUOUS
10
5.4639557874015745
20
-4.0915418503937007
11
5.4718877559055121
21
-4.0889646062992124
0
LINE
8
BLACK
6
CONTINUOUS
10
5.4718877559055121
20
-4.0889646062992124
11
5.4801251968503939
21
-4.0876599212598421
0
LINE
8
BLACK
6
CONTINUOUS
10
5.4801251968503939
20
-4.0876599212598421
11
5.4884653543307085
21
-4.0876599212598421
0
LINE
8
BLACK
6
CONTINUOUS
10
5.4884653543307085
20
-4.0876599212598421
11
5.4967027952755902
21
-4.0889646062992124
0
LINE
8
BLACK
6
CONTINUOUS
10
6.3852113385826774
20
-4.1744099212598424
11
6.3864886220472439
21
-4.1752633464566928
0
LINE
8
BLACK
6
CONTINUOUS
10
6.3864886220472439
20
-4.1752633464566928
11
6.3873420472440943
21
-4.1765406299212602
0
LINE
8
BLACK
6
CONTINUOUS
10
6.3873420472440943
20
-4.1765406299212602
11
6.3876417322834644
21
-4.178047244094488
0
LINE
8
BLACK
6
CONTINUOUS
10
6.3876417322834644
20
-4.178047244094488
11
6.3876417322834644
21
-4.1859212598425195
0
LINE
8
BLACK
6
CONTINUOUS
10
6.3876417322834644
20
-4.1859212598425195
11
6.3873420472440943
21
-4.1874278740157482
0
LINE
8
BLACK
6
CONTINUOUS
10
6.3873420472440943
20
-4.1874278740157482
11
6.3864886220472439
21
-4.1887051574803147
0
LINE
8
BLACK
6
CONTINUOUS
10
6.3864886220472439
20
-4.1887051574803147
11
6.3852113385826774
21
-4.1895585826771651
0
LINE
8
BLACK
6
CONTINUOUS
10
6.3852113385826774
20
-4.1895585826771651
11
6.3837047244094487
21
-4.1898582677165352
0
LINE
8
BLACK
6
CONTINUOUS
10
6.3837047244094487
20
-4.1898582677165352
11
6.3335078740157478
21
-4.1898582677165352
0
LINE
8
BLACK
6
CONTINUOUS
10
6.3335078740157478
20
-4.1898582677165352
11
6.3320012598425199
21
-4.1895585826771651
0
LINE
8
BLACK
6
CONTINUOUS
10
6.3320012598425199
20
-4.1895585826771651
11
6.3307239763779526
21
-4.1887051574803147
0
LINE
8
BLACK
6
CONTINUOUS
10
6.3307239763779526
20
-4.1887051574803147
11
6.3298705511811022
21
-4.1874278740157482
0
LINE
8
BLACK
6
CONTINUOUS
10
6.3298705511811022
20
-4.1874278740157482
11
6.329570866141732
21
-4.1859212598425195
0
LINE
8
BLACK
6
CONTINUOUS
10
6.329570866141732
20
-4.1859212598425195
11
6.329570866141732
21
-4.178047244094488
0
LINE
8
BLACK
6
CONTINUOUS
10
6.329570866141732
20
-4.178047244094488
11
6.3298705511811022
21
-4.1765406299212602
0
LINE
8
BLACK
6
CONTINUOUS
10
6.3298705511811022
20
-4.1765406299212602
11
6.3307239763779526
21
-4.1752633464566928
0
LINE
8
BLACK
6
CONTINUOUS
10
6.3307239763779526
20
-4.1752633464566928
11
6.3320012598425199
21
-4.1744099212598424
0
LINE
8
BLACK
6
CONTINUOUS
10
6.3320012598425199
20
-4.1744099212598424
11
6.3335078740157478
21
-4.1741102362204723
0
LINE
8
BLACK
6
CONTINUOUS
10
6.3335078740157478
20
-4.1741102362204723
11
6.3837047244094487
21
-4.1741102362204723
0
LINE
8
BLACK
6
CONTINUOUS
10
6.3837047244094487
20
-4.1741102362204723
11
6.3852113385826774
21
-4.1744099212598424
0
LINE
8
BLACK
6
CONTINUOUS
10
6.6106050393700784
20
-4.1744099212598424
11
6.6118823228346457
21
-4.1752633464566928
0
LINE
8
BLACK
6
CONTINUOUS
10
6.6118823228346457
20
-4.1752633464566928
11
6.6127357480314961
21
-4.1765406299212602
0
LINE
8
BLACK
6
CONTINUOUS
10
6.6127357480314961
20
-4.1765406299212602
11
6.6130354330708663
21
-4.178047244094488
0
LINE
8
BLACK
6
CONTINUOUS
10
6.6130354330708663
20
-4.178047244094488
11
6.6130354330708663
21
-4.1859212598425195
0
LINE
8
BLACK
6
CONTINUOUS
10
6.6130354330708663
20
-4.1859212598425195
11
6.6127357480314961
21
-4.1874278740157482
0
LINE
8
BLACK
6
CONTINUOUS
10
6.6127357480314961
20
-4.1874278740157482
11
6.6118823228346457
21
-4.1887051574803147
0
LINE
8
BLACK
6
CONTINUOUS
10
6.6118823228346457
20
-4.1887051574803147
11
6.6106050393700784
21
-4.1895585826771651
0
LINE
8
BLACK
6
CONTINUOUS
10
6.6106050393700784
20
-4.1895585826771651
11
6.6090984251968505
21
-4.1898582677165352
0
LINE
8
BLACK
6
CONTINUOUS
10
6.6090984251968505
20
-4.1898582677165352
11
6.5589015748031496
21
-4.1898582677165352
0
LINE
8
BLACK
6
CONTINUOUS
10
6.5589015748031496
20
-4.1898582677165352
11
6.5573949606299209
21
-4.1895585826771651
0
LINE
8
BLACK
6
CONTINUOUS
10
6.5573949606299209
20
-4.1895585826771651
11
6.5561176771653544
21
-4.1887051574803147
0
LINE
8
BLACK
6
CONTINUOUS
10
6.5561176771653544
20
-4.1887051574803147
11
6.555264251968504
21
-4.1874278740157482
0
LINE
8
BLACK
6
CONTINUOUS
10
6.555264251968504
20
-4.1874278740157482
11
6.5549645669291339
21
-4.1859212598425195
0
LINE
8
BLACK
6
CONTINUOUS
10
6.5549645669291339
20
-4.1859212598425195
11
6.5549645669291339
21
-4.178047244094488
0
LINE
8
BLACK
6
CONTINUOUS
10
6.5549645669291339
20
-4.178047244094488
11
6.555264251968504
21
-4.1765406299212602
0
LINE
8
BLACK
6
CONTINUOUS
10
6.555264251968504
20
-4.1765406299212602
11
6.5561176771653544
21
-4.1752633464566928
0
LINE
8
BLACK
6
CONTINUOUS
10
6.5561176771653544
20
-4.1752633464566928
11
6.5573949606299209
21
-4.1744099212598424
0
LINE
8
BLACK
6
CONTINUOUS
10
6.5573949606299209
20
-4.1744099212598424
11
6.5589015748031496
21
-4.1741102362204723
0
LINE
8
BLACK
6
CONTINUOUS
10
6.5589015748031496
20
-4.1741102362204723
11
6.6090984251968505
21
-4.1741102362204723
0
LINE
8
BLACK
6
CONTINUOUS
10
6.6090984251968505
20
-4.1741102362204723
11
6.6106050393700784
21
-4.1744099212598424
0
LINE
8
BLACK
6
CONTINUOUS
10
5.8727757086614174
20
-4.1564495275590554
11
5.8746915748031494
21
-4.1577296850393699
0
LINE
8
BLACK
6
CONTINUOUS
10
5.8746915748031494
20
-4.1577296850393699
11
5.8759717322834648
21
-4.1596455511811019
0
LINE
8
BLACK
6
CONTINUOUS
10
5.8759717322834648
20
-4.1596455511811019
11
5.8764212598425196
21
-4.1619055118110238
0
LINE
8
BLACK
6
CONTINUOUS
10
5.8764212598425196
20
-4.1619055118110238
11
5.8764212598425196
21
-4.173716535433071
0
LINE
8
BLACK
6
CONTINUOUS
10
5.8764212598425196
20
-4.173716535433071
11
5.8759717322834648
21
-4.1759764960629919
0
LINE
8
BLACK
6
CONTINUOUS
10
5.8759717322834648
20
-4.1759764960629919
11
5.8746915748031494
21
-4.1778923622047239
0
LINE
8
BLACK
6
CONTINUOUS
10
5.8746915748031494
20
-4.1778923622047239
11
5.8727757086614174
21
-4.1791725196850393
0
LINE
8
BLACK
6
CONTINUOUS
10
5.8727757086614174
20
-4.1791725196850393
11
5.8705157480314956
21
-4.1796220472440941
0
LINE
8
BLACK
6
CONTINUOUS
10
5.8705157480314956
20
-4.1796220472440941
11
5.8301614173228344
21
-4.1796220472440941
0
LINE
8
BLACK
6
CONTINUOUS
10
5.8301614173228344
20
-4.1796220472440941
11
5.8279014566929135
21
-4.1791725196850393
0
LINE
8
BLACK
6
CONTINUOUS
10
5.8279014566929135
20
-4.1791725196850393
11
5.8259855905511806
21
-4.1778923622047239
0
LINE
8
BLACK
6
CONTINUOUS
10
5.8259855905511806
20
-4.1778923622047239
11
5.8247054330708661
21
-4.1759764960629919
0
LINE
8
BLACK
6
CONTINUOUS
10
5.8247054330708661
20
-4.1759764960629919
11
5.8242559055118113
21
-4.173716535433071
0
LINE
8
BLACK
6
CONTINUOUS
10
5.8242559055118113
20
-4.173716535433071
11
5.8242559055118113
21
-4.1619055118110238
0
LINE
8
BLACK
6
CONTINUOUS
10
5.8242559055118113
20
-4.1619055118110238
11
5.8247054330708661
21
-4.1596455511811019
0
LINE
8
BLACK
6
CONTINUOUS
10
5.8247054330708661
20
-4.1596455511811019
11
5.8259855905511806
21
-4.1577296850393699
0
LINE
8
BLACK
6
CONTINUOUS
10
5.8259855905511806
20
-4.1577296850393699
11
5.8279014566929135
21
-4.1564495275590554
0
LINE
8
BLACK
6
CONTINUOUS
10
5.8279014566929135
20
-4.1564495275590554
11
5.8301614173228344
21
-4.1559999999999997
0
LINE
8
BLACK
6
CONTINUOUS
10
5.8301614173228344
20
-4.1559999999999997
11
5.8705157480314956
21
-4.1559999999999997
0
LINE
8
BLACK
6
CONTINUOUS
10
5.8705157480314956
20
-4.1559999999999997
11
5.8727757086614174
21
-4.1564495275590554
0
LINE
8
BLACK
6
CONTINUOUS
10
6.3852113385826774
20
-4.1488193700787397
11
6.3864886220472439
21
-4.1496727952755901
0
LINE
8
BLACK
6
CONTINUOUS
10
6.3864886220472439
20
-4.1496727952755901
11
6.3873420472440943
21
-4.1509500787401574
0
LINE
8
BLACK
6
CONTINUOUS
10
6.3873420472440943
20
-4.1509500787401574
11
6.3876417322834644
21
-4.1524566929133861
0
LINE
8
BLACK
6
CONTINUOUS
10
6.3876417322834644
20
-4.1524566929133861
11
6.3876417322834644
21
-4.1603307086614176
0
LINE
8
BLACK
6
CONTINUOUS
10
6.3876417322834644
20
-4.1603307086614176
11
6.3873420472440943
21
-4.1618373228346455
0
LINE
8
BLACK
6
CONTINUOUS
10
6.3873420472440943
20
-4.1618373228346455
11
6.3864886220472439
21
-4.1631146062992128
0
LINE
8
BLACK
6
CONTINUOUS
10
6.3864886220472439
20
-4.1631146062992128
11
6.3852113385826774
21
-4.1639680314960632
0
LINE
8
BLACK
6
CONTINUOUS
10
6.3852113385826774
20
-4.1639680314960632
11
6.3837047244094487
21
-4.1642677165354334
0
LINE
8
BLACK
6
CONTINUOUS
10
6.3837047244094487
20
-4.1642677165354334
11
6.3335078740157478
21
-4.1642677165354334
0
LINE
8
BLACK
6
CONTINUOUS
10
6.3335078740157478
20
-4.1642677165354334
11
6.3320012598425199
21
-4.1639680314960632
0
LINE
8
BLACK
6
CONTINUOUS
10
6.3320012598425199
20
-4.1639680314960632
11
6.3307239763779526
21
-4.1631146062992128
0
LINE
8
BLACK
6
CONTINUOUS
10
6.3307239763779526
20
-4.1631146062992128
11
6.3298705511811022
21
-4.1618373228346455
0
LINE
8
BLACK
6
CONTINUOUS
10
6.3298705511811022
20
-4.1618373228346455
11
6.329570866141732
21
-4.1603307086614176
0
LINE
8
BLACK
6
CONTINUOUS
10
6.329570866141732
20
-4.1603307086614176
11
6.329570866141732
21
-4.1524566929133861
0
LINE
8
BLACK
6
CONTINUOUS
10
6.329570866141732
20
-4.1524566929133861
11
6.3298705511811022
21
-4.1509500787401574
0
LINE
8
BLACK
6
CONTINUOUS
10
6.3298705511811022
20
-4.1509500787401574
11
6.3307239763779526
21
-4.1496727952755901
0
LINE
8
BLACK
6
CONTINUOUS
10
6.3307239763779526
20
-4.1496727952755901
11
6.3320012598425199
21
-4.1488193700787397
0
LINE
8
BLACK
6
CONTINUOUS
10
6.3320012598425199
20
-4.1488193700787397
11
6.3335078740157478
21
-4.1485196850393704
0
LINE
8
BLACK
6
CONTINUOUS
10
6.3335078740157478
20
-4.1485196850393704
11
6.3837047244094487
21
-4.1485196850393704
0
LINE
8
BLACK
6
CONTINUOUS
10
6.3837047244094487
20
-4.1485196850393704
11
6.3852113385826774
21
-4.1488193700787397
0
LINE
8
BLACK
6
CONTINUOUS
10
6.6106050393700784
20
-4.1488193700787397
11
6.6118823228346457
21
-4.1496727952755901
0
LINE
8
BLACK
6
CONTINUOUS
10
6.6118823228346457
20
-4.1496727952755901
11
6.6127357480314961
21
-4.1509500787401574
0
LINE
8
BLACK
6
CONTINUOUS
10
6.6127357480314961
20
-4.1509500787401574
11
6.6130354330708663
21
-4.1524566929133861
0
LINE
8
BLACK
6
CONTINUOUS
10
6.6130354330708663
20
-4.1524566929133861
11
6.6130354330708663
21
-4.1603307086614176
0
LINE
8
BLACK
6
CONTINUOUS
10
6.6130354330708663
20
-4.1603307086614176
11
6.6127357480314961
21
-4.1618373228346455
0
LINE
8
BLACK
6
CONTINUOUS
10
6.6127357480314961
20
-4.1618373228346455
11
6.6118823228346457
21
-4.1631146062992128
0
LINE
8
BLACK
6
CONTINUOUS
10
6.6118823228346457
20
-4.1631146062992128
11
6.6106050393700784
21
-4.1639680314960632
0
LINE
8
BLACK
6
CONTINUOUS
10
6.6106050393700784
20
-4.1639680314960632
11
6.6090984251968505
21
-4.1642677165354334
0
LINE
8
BLACK
6
CONTINUOUS
10
6.6090984251968505
20
-4.1642677165354334
11
6.5589015748031496
21
-4.1642677165354334
0
LINE
8
BLACK
6
CONTINUOUS
10
6.5589015748031496
20
-4.1642677165354334
11
6.5573949606299209
21
-4.1639680314960632
0
LINE
8
BLACK
6
CONTINUOUS
10
6.5573949606299209
20
-4.1639680314960632
11
6.5561176771653544
21
-4.1631146062992128
0
LINE
8
BLACK
6
CONTINUOUS
10
6.5561176771653544
20
-4.1631146062992128
11
6.555264251968504
21
-4.1618373228346455
0
LINE
8
BLACK
6
CONTINUOUS
10
6.555264251968504
20
-4.1618373228346455
11
6.5549645669291339
21
-4.1603307086614176
0
LINE
8
BLACK
6
CONTINUOUS
10
6.5549645669291339
20
-4.1603307086614176
11
6.5549645669291339
21
-4.1524566929133861
0
LINE
8
BLACK
6
CONTINUOUS
10
6.5549645669291339
20
-4.1524566929133861
11
6.555264251968504
21
-4.1509500787401574
0
LINE
8
BLACK
6
CONTINUOUS
10
6.555264251968504
20
-4.1509500787401574
11
6.5561176771653544
21
-4.1496727952755901
0
LINE
8
BLACK
6
CONTINUOUS
10
6.5561176771653544
20
-4.1496727952755901
11
6.5573949606299209
21
-4.1488193700787397
0
LINE
8
BLACK
6
CONTINUOUS
10
6.5573949606299209
20
-4.1488193700787397
11
6.5589015748031496
21
-4.1485196850393704
0
LINE
8
BLACK
6
CONTINUOUS
10
6.5589015748031496
20
-4.1485196850393704
11
6.6090984251968505
21
-4.1485196850393704
0
LINE
8
BLACK
6
CONTINUOUS
10
6.6090984251968505
20
-4.1485196850393704
11
6.6106050393700784
21
-4.1488193700787397
0
LINE
8
BLACK
6
CONTINUOUS
10
5.8727757086614174
20
-4.1190479527559054
11
5.8746915748031494
21
-4.1203281102362208
0
LINE
8
BLACK
6
CONTINUOUS
10
5.8746915748031494
20
-4.1203281102362208
11
5.8759717322834648
21
-4.1222439763779528
0
LINE
8
BLACK
6
CONTINUOUS
10
5.8759717322834648
20
-4.1222439763779528
11
5.8764212598425196
21
-4.1245039370078738
0
LINE
8
BLACK
6
CONTINUOUS
10
5.8764212598425196
20
-4.1245039370078738
11
5.8764212598425196
21
-4.136314960629921
0
LINE
8
BLACK
6
CONTINUOUS
10
5.8764212598425196
20
-4.136314960629921
11
5.8759717322834648
21
-4.1385749212598428
0
LINE
8
BLACK
6
CONTINUOUS
10
5.8759717322834648
20
-4.1385749212598428
11
5.8746915748031494
21
-4.1404907874015748
0
LINE
8
BLACK
6
CONTINUOUS
10
5.8746915748031494
20
-4.1404907874015748
11
5.8727757086614174
21
-4.1417709448818893
0
LINE
8
BLACK
6
CONTINUOUS
10
5.8727757086614174
20
-4.1417709448818893
11
5.8705157480314956
21
-4.142220472440945
0
LINE
8
BLACK
6
CONTINUOUS
10
5.8705157480314956
20
-4.142220472440945
11
5.8301614173228344
21
-4.142220472440945
0
LINE
8
BLACK
6
CONTINUOUS
10
5.8301614173228344
20
-4.142220472440945
11
5.8279014566929135
21
-4.1417709448818893
0
LINE
8
BLACK
6
CONTINUOUS
10
5.8279014566929135
20
-4.1417709448818893
11
5.8259855905511806
21
-4.1404907874015748
0
LINE
8
BLACK
6
CONTINUOUS
10
5.8259855905511806
20
-4.1404907874015748
11
5.8247054330708661
21
-4.1385749212598428
0
LINE
8
BLACK
6
CONTINUOUS
10
5.8247054330708661
20
-4.1385749212598428
11
5.8242559055118113
21
-4.136314960629921
0
LINE
8
BLACK
6
CONTINUOUS
10
5.8242559055118113
20
-4.136314960629921
11
5.8242559055118113
21
-4.1245039370078738
0
LINE
8
BLACK
6
CONTINUOUS
10
5.8242559055118113
20
-4.1245039370078738
11
5.8247054330708661
21
-4.1222439763779528
0
LINE
8
BLACK
6
CONTINUOUS
10
5.8247054330708661
20
-4.1222439763779528
11
5.8259855905511806
21
-4.1203281102362208
0
LINE
8
BLACK
6
CONTINUOUS
10
5.8259855905511806
20
-4.1203281102362208
11
5.8279014566929135
21
-4.1190479527559054
0
LINE
8
BLACK
6
CONTINUOUS
10
5.8279014566929135
20
-4.1190479527559054
11
5.8301614173228344
21
-4.1185984251968506
0
LINE
8
BLACK
6
CONTINUOUS
10
5.8301614173228344
20
-4.1185984251968506
11
5.8705157480314956
21
-4.1185984251968506
0
LINE
8
BLACK
6
CONTINUOUS
10
5.8705157480314956
20
-4.1185984251968506
11
5.8727757086614174
21
-4.1190479527559054
0
LINE
8
BLACK
6
CONTINUOUS
10
5.9623426377952757
20
-4.1190479527559054
11
5.9642585039370077
21
-4.1203281102362208
0
LINE
8
BLACK
6
CONTINUOUS
10
5.9642585039370077
20
-4.1203281102362208
11
5.9655386614173231
21
-4.1222439763779528
0
LINE
8
BLACK
6
CONTINUOUS
10
5.9655386614173231
20
-4.1222439763779528
11
5.9659881889763779
21
-4.1245039370078738
0
LINE
8
BLACK
6
CONTINUOUS
10
5.9659881889763779
20
-4.1245039370078738
11
5.9659881889763779
21
-4.136314960629921
0
LINE
8
BLACK
6
CONTINUOUS
10
5.9659881889763779
20
-4.136314960629921
11
5.9655386614173231
21
-4.1385749212598428
0
LINE
8
BLACK
6
CONTINUOUS
10
5.9655386614173231
20
-4.1385749212598428
11
5.9642585039370077
21
-4.1404907874015748
0
LINE
8
BLACK
6
CONTINUOUS
10
5.9642585039370077
20
-4.1404907874015748
11
5.9623426377952757
21
-4.1417709448818893
0
LINE
8
BLACK
6
CONTINUOUS
10
5.9623426377952757
20
-4.1417709448818893
11
5.9600826771653539
21
-4.142220472440945
0
LINE
8
BLACK
6
CONTINUOUS
10
5.9600826771653539
20
-4.142220472440945
11
5.9197283464566928
21
-4.142220472440945
0
LINE
8
BLACK
6
CONTINUOUS
10
5.9197283464566928
20
-4.142220472440945
11
5.9174683858267718
21
-4.1417709448818893
0
LINE
8
BLACK
6
CONTINUOUS
10
5.9174683858267718
20
-4.1417709448818893
11
5.9155525196850389
21
-4.1404907874015748
0
LINE
8
BLACK
6
CONTINUOUS
10
5.9155525196850389
20
-4.1404907874015748
11
5.9142723622047244
21
-4.1385749212598428
0
LINE
8
BLACK
6
CONTINUOUS
10
5.9142723622047244
20
-4.1385749212598428
11
5.9138228346456687
21
-4.136314960629921
0
LINE
8
BLACK
6
CONTINUOUS
10
5.9138228346456687
20
-4.136314960629921
11
5.9138228346456687
21
-4.1245039370078738
0
LINE
8
BLACK
6
CONTINUOUS
10
5.9138228346456687
20
-4.1245039370078738
11
5.9142723622047244
21
-4.1222439763779528
0
LINE
8
BLACK
6
CONTINUOUS
10
5.9142723622047244
20
-4.1222439763779528
11
5.9155525196850389
21
-4.1203281102362208
0
LINE
8
BLACK
6
CONTINUOUS
10
5.9155525196850389
20
-4.1203281102362208
11
5.9174683858267718
21
-4.1190479527559054
0
LINE
8
BLACK
6
CONTINUOUS
10
5.9174683858267718
20
-4.1190479527559054
11
5.9197283464566928
21
-4.1185984251968506
0
LINE
8
BLACK
6
CONTINUOUS
10
5.9197283464566928
20
-4.1185984251968506
11
5.9600826771653539
21
-4.1185984251968506
0
LINE
8
BLACK
6
CONTINUOUS
10
5.9600826771653539
20
-4.1185984251968506
11
5.9623426377952757
21
-4.1190479527559054
0
LINE
8
BLACK
6
CONTINUOUS
10
6.3852113385826774
20
-4.1232288188976378
11
6.3864886220472439
21
-4.1240822440944882
0
LINE
8
BLACK
6
CONTINUOUS
10
6.3864886220472439
20
-4.1240822440944882
11
6.3873420472440943
21
-4.1253595275590547
0
LINE
8
BLACK
6
CONTINUOUS
10
6.3873420472440943
20
-4.1253595275590547
11
6.3876417322834644
21
-4.1268661417322834
0
LINE
8
BLACK
6
CONTINUOUS
10
6.3876417322834644
20
-4.1268661417322834
11
6.3876417322834644
21
-4.1347401574803149
0
LINE
8
BLACK
6
CONTINUOUS
10
6.3876417322834644
20
-4.1347401574803149
11
6.3873420472440943
21
-4.1362467716535436
0
LINE
8
BLACK
6
CONTINUOUS
10
6.3873420472440943
20
-4.1362467716535436
11
6.3864886220472439
21
-4.1375240551181101
0
LINE
8
BLACK
6
CONTINUOUS
10
6.3864886220472439
20
-4.1375240551181101
11
6.3852113385826774
21
-4.1383774803149604
0
LINE
8
BLACK
6
CONTINUOUS
10
6.3852113385826774
20
-4.1383774803149604
11
6.3837047244094487
21
-4.1386771653543306
0
LINE
8
BLACK
6
CONTINUOUS
10
6.3837047244094487
20
-4.1386771653543306
11
6.3335078740157478
21
-4.1386771653543306
0
LINE
8
BLACK
6
CONTINUOUS
10
6.3335078740157478
20
-4.1386771653543306
11
6.3320012598425199
21
-4.1383774803149604
0
LINE
8
BLACK
6
CONTINUOUS
10
6.3320012598425199
20
-4.1383774803149604
11
6.3307239763779526
21
-4.1375240551181101
0
LINE
8
BLACK
6
CONTINUOUS
10
6.3307239763779526
20
-4.1375240551181101
11
6.3298705511811022
21
-4.1362467716535436
0
LINE
8
BLACK
6
CONTINUOUS
10
6.3298705511811022
20
-4.1362467716535436
11
6.329570866141732
21
-4.1347401574803149
0
LINE
8
BLACK
6
CONTINUOUS
10
6.329570866141732
20
-4.1347401574803149
11
6.329570866141732
21
-4.1268661417322834
0
LINE
8
BLACK
6
CONTINUOUS
10
6.329570866141732
20
-4.1268661417322834
11
6.3298705511811022
21
-4.1253595275590547
0
LINE
8
BLACK
6
CONTINUOUS
10
6.3298705511811022
20
-4.1253595275590547
11
6.3307239763779526
21
-4.1240822440944882
0
LINE
8
BLACK
6
CONTINUOUS
10
6.3307239763779526
20
-4.1240822440944882
11
6.3320012598425199
21
-4.1232288188976378
0
LINE
8
BLACK
6
CONTINUOUS
10
6.3320012598425199
20
-4.1232288188976378
11
6.3335078740157478
21
-4.1229291338582676
0
LINE
8
BLACK
6
CONTINUOUS
10
6.3335078740157478
20
-4.1229291338582676
11
6.3837047244094487
21
-4.1229291338582676
0
LINE
8
BLACK
6
CONTINUOUS
10
6.3837047244094487
20
-4.1229291338582676
11
6.3852113385826774
21
-4.1232288188976378
0
LINE
8
BLACK
6
CONTINUOUS
10
6.6106050393700784
20
-4.1232288188976378
11
6.6118823228346457
21
-4.1240822440944882
0
LINE
8
BLACK
6
CONTINUOUS
10
6.6118823228346457
20
-4.1240822440944882
11
6.6127357480314961
21
-4.1253595275590547
0
LINE
8
BLACK
6
CONTINUOUS
10
6.6127357480314961
20
-4.1253595275590547
11
6.6130354330708663
21
-4.1268661417322834
0
LINE
8
BLACK
6
CONTINUOUS
10
6.6130354330708663
20
-4.1268661417322834
11
6.6130354330708663
21
-4.1347401574803149
0
LINE
8
BLACK
6
CONTINUOUS
10
6.6130354330708663
20
-4.1347401574803149
11
6.6127357480314961
21
-4.1362467716535436
0
LINE
8
BLACK
6
CONTINUOUS
10
6.6127357480314961
20
-4.1362467716535436
11
6.6118823228346457
21
-4.1375240551181101
0
LINE
8
BLACK
6
CONTINUOUS
10
6.6118823228346457
20
-4.1375240551181101
11
6.6106050393700784
21
-4.1383774803149604
0
LINE
8
BLACK
6
CONTINUOUS
10
6.6106050393700784
20
-4.1383774803149604
11
6.6090984251968505
21
-4.1386771653543306
0
LINE
8
BLACK
6
CONTINUOUS
10
6.6090984251968505
20
-4.1386771653543306
11
6.5589015748031496
21
-4.1386771653543306
0
LINE
8
BLACK
6
CONTINUOUS
10
6.5589015748031496
20
-4.1386771653543306
11
6.5573949606299209
21
-4.1383774803149604
0
LINE
8
BLACK
6
CONTINUOUS
10
6.5573949606299209
20
-4.1383774803149604
11
6.5561176771653544
21
-4.1375240551181101
0
LINE
8
BLACK
6
CONTINUOUS
10
6.5561176771653544
20
-4.1375240551181101
11
6.555264251968504
21
-4.1362467716535436
0
LINE
8
BLACK
6
CONTINUOUS
10
6.555264251968504
20
-4.1362467716535436
11
6.5549645669291339
21
-4.1347401574803149
0
LINE
8
BLACK
6
CONTINUOUS
10
6.5549645669291339
20
-4.1347401574803149
11
6.5549645669291339
21
-4.1268661417322834
0
LINE
8
BLACK
6
CONTINUOUS
10
6.5549645669291339
20
-4.1268661417322834
11
6.555264251968504
21
-4.1253595275590547
0
LINE
8
BLACK
6
CONTINUOUS
10
6.555264251968504
20
-4.1253595275590547
11
6.5561176771653544
21
-4.1240822440944882
0
LINE
8
BLACK
6
CONTINUOUS
10
6.5561176771653544
20
-4.1240822440944882
11
6.5573949606299209
21
-4.1232288188976378
0
LINE
8
BLACK
6
CONTINUOUS
10
6.5573949606299209
20
-4.1232288188976378
11
6.5589015748031496
21
-4.1229291338582676
0
LINE
8
BLACK
6
CONTINUOUS
10
6.5589015748031496
20
-4.1229291338582676
11
6.6090984251968505
21
-4.1229291338582676
0
LINE
8
BLACK
6
CONTINUOUS
10
6.6090984251968505
20
-4.1229291338582676
11
6.6106050393700784
21
-4.1232288188976378
0
LINE
8
BLACK
6
CONTINUOUS
10
6.1416574803149606
20
-4.1361968503937003
11
6.0816574803149601
21
-4.1361968503937003
0
LINE
8
BLACK
6
CONTINUOUS
10
6.0816574803149601
20
-4.1361968503937003
11
6.0816574803149601
21
-4.0761968503937007
0
LINE
8
BLACK
6
CONTINUOUS
10
6.0816574803149601
20
-4.0761968503937007
11
6.1416574803149606
21
-4.0761968503937007
0
LINE
8
BLACK
6
CONTINUOUS
10
6.1416574803149606
20
-4.0761968503937007
11
6.1416574803149606
21
-4.1361968503937003
0
LINE
8
BLACK
6
CONTINUOUS
10
6.2416574803149603
20
-4.1361968503937003
11
6.1816574803149607
21
-4.1361968503937003
0
LINE
8
BLACK
6
CONTINUOUS
10
6.1816574803149607
20
-4.1361968503937003
11
6.1816574803149607
21
-4.0761968503937007
0
LINE
8
BLACK
6
CONTINUOUS
10
6.1816574803149607
20
-4.0761968503937007
11
6.2416574803149603
21
-4.0761968503937007
0
LINE
8
BLACK
6
CONTINUOUS
10
6.2416574803149603
20
-4.0761968503937007
11
6.2416574803149603
21
-4.1361968503937003
0
LINE
8
BLACK
6
CONTINUOUS
10
6.3852113385826774
20
-4.0976382677165351
11
6.3864886220472439
21
-4.0984916929133854
0
LINE
8
BLACK
6
CONTINUOUS
10
6.3864886220472439
20
-4.0984916929133854
11
6.3873420472440943
21
-4.0997689763779528
0
LINE
8
BLACK
6
CONTINUOUS
10
6.3873420472440943
20
-4.0997689763779528
11
6.3876417322834644
21
-4.1012755905511806
0
LINE
8
BLACK
6
CONTINUOUS
10
6.3876417322834644
20
-4.1012755905511806
11
6.3876417322834644
21
-4.1091496062992121
0
LINE
8
BLACK
6
CONTINUOUS
10
6.3876417322834644
20
-4.1091496062992121
11
6.3873420472440943
21
-4.1106562204724408
0
LINE
8
BLACK
6
CONTINUOUS
10
6.3873420472440943
20
-4.1106562204724408
11
6.3864886220472439
21
-4.1119335039370082
0
LINE
8
BLACK
6
CONTINUOUS
10
6.3864886220472439
20
-4.1119335039370082
11
6.3852113385826774
21
-4.1127869291338586
0
LINE
8
BLACK
6
CONTINUOUS
10
6.3852113385826774
20
-4.1127869291338586
11
6.3837047244094487
21
-4.1130866141732279
0
LINE
8
BLACK
6
CONTINUOUS
10
6.3837047244094487
20
-4.1130866141732279
11
6.3335078740157478
21
-4.1130866141732279
0
LINE
8
BLACK
6
CONTINUOUS
10
6.3335078740157478
20
-4.1130866141732279
11
6.3320012598425199
21
-4.1127869291338586
0
LINE
8
BLACK
6
CONTINUOUS
10
6.3320012598425199
20
-4.1127869291338586
11
6.3307239763779526
21
-4.1119335039370082
0
LINE
8
BLACK
6
CONTINUOUS
10
6.3307239763779526
20
-4.1119335039370082
11
6.3298705511811022
21
-4.1106562204724408
0
LINE
8
BLACK
6
CONTINUOUS
10
6.3298705511811022
20
-4.1106562204724408
11
6.329570866141732
21
-4.1091496062992121
0
LINE
8
BLACK
6
CONTINUOUS
10
6.329570866141732
20
-4.1091496062992121
11
6.329570866141732
21
-4.1012755905511806
0
LINE
8
BLACK
6
CONTINUOUS
10
6.329570866141732
20
-4.1012755905511806
11
6.3298705511811022
21
-4.0997689763779528
0
LINE
8
BLACK
6
CONTINUOUS
10
6.3298705511811022
20
-4.0997689763779528
11
6.3307239763779526
21
-4.0984916929133854
0
LINE
8
BLACK
6
CONTINUOUS
10
6.3307239763779526
20
-4.0984916929133854
11
6.3320012598425199
21
-4.0976382677165351
0
LINE
8
BLACK
6
CONTINUOUS
10
6.3320012598425199
20
-4.0976382677165351
11
6.3335078740157478
21
-4.0973385826771649
0
LINE
8
BLACK
6
CONTINUOUS
10
6.3335078740157478
20
-4.0973385826771649
11
6.3837047244094487
21
-4.0973385826771649
0
LINE
8
BLACK
6
CONTINUOUS
10
6.3837047244094487
20
-4.0973385826771649
11
6.3852113385826774
21
-4.0976382677165351
0
LINE
8
BLACK
6
CONTINUOUS
10
6.6106050393700784
20
-4.0976382677165351
11
6.6118823228346457
21
-4.0984916929133854
0
LINE
8
BLACK
6
CONTINUOUS
10
6.6118823228346457
20
-4.0984916929133854
11
6.6127357480314961
21
-4.0997689763779528
0
LINE
8
BLACK
6
CONTINUOUS
10
6.6127357480314961
20
-4.0997689763779528
11
6.6130354330708663
21
-4.1012755905511806
0
LINE
8
BLACK
6
CONTINUOUS
10
6.6130354330708663
20
-4.1012755905511806
11
6.6130354330708663
21
-4.1091496062992121
0
LINE
8
BLACK
6
CONTINUOUS
10
6.6130354330708663
20
-4.1091496062992121
11
6.6127357480314961
21
-4.1106562204724408
0
LINE
8
BLACK
6
CONTINUOUS
10
6.6127357480314961
20
-4.1106562204724408
11
6.6118823228346457
21
-4.1119335039370082
0
LINE
8
BLACK
6
CONTINUOUS
10
6.6118823228346457
20
-4.1119335039370082
11
6.6106050393700784
21
-4.1127869291338586
0
LINE
8
BLACK
6
CONTINUOUS
10
6.6106050393700784
20
-4.1127869291338586
11
6.6090984251968505
21
-4.1130866141732279
0
LINE
8
BLACK
6
CONTINUOUS
10
6.6090984251968505
20
-4.1130866141732279
11
6.5589015748031496
21
-4.1130866141732279
0
LINE
8
BLACK
6
CONTINUOUS
10
6.5589015748031496
20
-4.1130866141732279
11
6.5573949606299209
21
-4.1127869291338586
0
LINE
8
BLACK
6
CONTINUOUS
10
6.5573949606299209
20
-4.1127869291338586
11
6.5561176771653544
21
-4.1119335039370082
0
LINE
8
BLACK
6
CONTINUOUS
10
6.5561176771653544
20
-4.1119335039370082
11
6.555264251968504
21
-4.1106562204724408
0
LINE
8
BLACK
6
CONTINUOUS
10
6.555264251968504
20
-4.1106562204724408
11
6.5549645669291339
21
-4.1091496062992121
0
LINE
8
BLACK
6
CONTINUOUS
10
6.5549645669291339
20
-4.1091496062992121
11
6.5549645669291339
21
-4.1012755905511806
0
LINE
8
BLACK
6
CONTINUOUS
10
6.5549645669291339
20
-4.1012755905511806
11
6.555264251968504
21
-4.0997689763779528
0
LINE
8
BLACK
6
CONTINUOUS
10
6.555264251968504
20
-4.0997689763779528
11
6.5561176771653544
21
-4.0984916929133854
0
LINE
8
BLACK
6
CONTINUOUS
10
6.5561176771653544
20
-4.0984916929133854
11
6.5573949606299209
21
-4.0976382677165351
0
LINE
8
BLACK
6
CONTINUOUS
10
6.5573949606299209
20
-4.0976382677165351
11
6.5589015748031496
21
-4.0973385826771649
0
LINE
8
BLACK
6
CONTINUOUS
10
6.5589015748031496
20
-4.0973385826771649
11
6.6090984251968505
21
-4.0973385826771649
0
LINE
8
BLACK
6
CONTINUOUS
10
6.6090984251968505
20
-4.0973385826771649
11
6.6106050393700784
21
-4.0976382677165351
0
LINE
8
BLACK
6
CONTINUOUS
10
5.153007283464567
20
-4.0263960629921263
11
5.1601376771653547
21
-4.0293495669291337
0
LINE
8
BLACK
6
CONTINUOUS
10
5.1601376771653547
20
-4.0293495669291337
11
5.1665548425196848
21
-4.0336374015748033
0
LINE
8
BLACK
6
CONTINUOUS
10
5.1665548425196848
20
-4.0336374015748033
11
5.1720122047244095
21
-4.0390947637795271
0
LINE
8
BLACK
6
CONTINUOUS
10
5.1720122047244095
20
-4.0390947637795271
11
5.1763000393700782
21
-4.0455119291338582
0
LINE
8
BLACK
6
CONTINUOUS
10
5.1763000393700782
20
-4.0455119291338582
11
5.1792535433070865
21
-4.0526423228346458
0
LINE
8
BLACK
6
CONTINUOUS
10
5.1792535433070865
20
-4.0526423228346458
11
5.180759251968504
21
-4.0602119291338585
0
LINE
8
BLACK
6
CONTINUOUS
10
5.180759251968504
20
-4.0602119291338585
11
5.180759251968504
21
-4.0679298031496058
0
LINE
8
BLACK
6
CONTINUOUS
10
5.180759251968504
20
-4.0679298031496058
11
5.1792535433070865
21
-4.0754994094488186
0
LINE
8
BLACK
6
CONTINUOUS
10
5.1792535433070865
20
-4.0754994094488186
11
5.1763000393700782
21
-4.0826298031496062
0
LINE
8
BLACK
6
CONTINUOUS
10
5.1763000393700782
20
-4.0826298031496062
11
5.1720122047244095
21
-4.0890469685039372
0
LINE
8
BLACK
6
CONTINUOUS
10
5.1720122047244095
20
-4.0890469685039372
11
5.1665548425196848
21
-4.094504330708661
0
LINE
8
BLACK
6
CONTINUOUS
10
5.1665548425196848
20
-4.094504330708661
11
5.1601376771653547
21
-4.0987921653543307
0
LINE
8
BLACK
6
CONTINUOUS
10
5.1601376771653547
20
-4.0987921653543307
11
5.153007283464567
21
-4.1017456692913381
0
LINE
8
BLACK
6
CONTINUOUS
10
5.153007283464567
20
-4.1017456692913381
11
5.1454376771653543
21
-4.1032513779527555
0
LINE
8
BLACK
6
CONTINUOUS
10
5.1454376771653543
20
-4.1032513779527555
11
5.1377198031496061
21
-4.1032513779527555
0
LINE
8
BLACK
6
CONTINUOUS
10
5.1377198031496061
20
-4.1032513779527555
11
5.1301501968503933
21
-4.1017456692913381
0
LINE
8
BLACK
6
CONTINUOUS
10
5.1301501968503933
20
-4.1017456692913381
11
5.1230198031496066
21
-4.0987921653543307
0
LINE
8
BLACK
6
CONTINUOUS
10
5.1230198031496066
20
-4.0987921653543307
11
5.1166026377952756
21
-4.094504330708661
0
LINE
8
BLACK
6
CONTINUOUS
10
5.1166026377952756
20
-4.094504330708661
11
5.1111452755905509
21
-4.0890469685039372
0
LINE
8
BLACK
6
CONTINUOUS
10
5.1111452755905509
20
-4.0890469685039372
11
5.1068574409448821
21
-4.0826298031496062
0
LINE
8
BLACK
6
CONTINUOUS
10
5.1068574409448821
20
-4.0826298031496062
11
5.1039039370078738
21
-4.0754994094488186
0
LINE
8
BLACK
6
CONTINUOUS
10
5.1039039370078738
20
-4.0754994094488186
11
5.1023982283464564
21
-4.0679298031496058
0
LINE
8
BLACK
6
CONTINUOUS
10
5.1023982283464564
20
-4.0679298031496058
11
5.1023982283464564
21
-4.0602119291338585
0
LINE
8
BLACK
6
CONTINUOUS
10
5.1023982283464564
20
-4.0602119291338585
11
5.1039039370078738
21
-4.0526423228346458
0
LINE
8
BLACK
6
CONTINUOUS
10
5.1039039370078738
20
-4.0526423228346458
11
5.1068574409448821
21
-4.0455119291338582
0
LINE
8
BLACK
6
CONTINUOUS
10
5.1068574409448821
20
-4.0455119291338582
11
5.1111452755905509
21
-4.0390947637795271
0
LINE
8
BLACK
6
CONTINUOUS
10
5.1111452755905509
20
-4.0390947637795271
11
5.1166026377952756
21
-4.0336374015748033
0
LINE
8
BLACK
6
CONTINUOUS
10
5.1166026377952756
20
-4.0336374015748033
11
5.1230198031496066
21
-4.0293495669291337
0
LINE
8
BLACK
6
CONTINUOUS
10
5.1230198031496066
20
-4.0293495669291337
11
5.1301501968503933
21
-4.0263960629921263
0
LINE
8
BLACK
6
CONTINUOUS
10
5.1301501968503933
20
-4.0263960629921263
11
5.1377198031496061
21
-4.0248903543307089
0
LINE
8
BLACK
6
CONTINUOUS
10
5.1377198031496061
20
-4.0248903543307089
11
5.1454376771653543
21
-4.0248903543307089
0
LINE
8
BLACK
6
CONTINUOUS
10
5.1454376771653543
20
-4.0248903543307089
11
5.153007283464567
21
-4.0263960629921263
0
LINE
8
BLACK
6
CONTINUOUS
10
5.858489330708661
20
-3.9937383464566927
11
5.8616026377952757
21
-3.9958186220472438
0
LINE
8
BLACK
6
CONTINUOUS
10
5.8616026377952757
20
-3.9958186220472438
11
5.8636829133858264
21
-3.9989319291338581
0
LINE
8
BLACK
6
CONTINUOUS
10
5.8636829133858264
20
-3.9989319291338581
11
5.8644133858267713
21
-4.0026043307086612
0
LINE
8
BLACK
6
CONTINUOUS
10
5.8644133858267713
20
-4.0026043307086612
11
5.8644133858267713
21
-4.0385295275590547
0
LINE
8
BLACK
6
CONTINUOUS
10
5.8644133858267713
20
-4.0385295275590547
11
5.8636829133858264
21
-4.0422019291338582
0
LINE
8
BLACK
6
CONTINUOUS
10
5.8636829133858264
20
-4.0422019291338582
11
5.8616026377952757
21
-4.0453152362204721
0
LINE
8
BLACK
6
CONTINUOUS
10
5.8616026377952757
20
-4.0453152362204721
11
5.858489330708661
21
-4.0473955118110236
0
LINE
8
BLACK
6
CONTINUOUS
10
5.858489330708661
20
-4.0473955118110236
11
5.8548169291338583
21
-4.0481259842519686
0
LINE
8
BLACK
6
CONTINUOUS
10
5.8548169291338583
20
-4.0481259842519686
11
5.8356240157480315
21
-4.0481259842519686
0
LINE
8
BLACK
6
CONTINUOUS
10
5.8356240157480315
20
-4.0481259842519686
11
5.8319516141732279
21
-4.0473955118110236
0
LINE
8
BLACK
6
CONTINUOUS
10
5.8319516141732279
20
-4.0473955118110236
11
5.8288383070866141
21
-4.0453152362204721
0
LINE
8
BLACK
6
CONTINUOUS
10
5.8288383070866141
20
-4.0453152362204721
11
5.8267580314960625
21
-4.0422019291338582
0
LINE
8
BLACK
6
CONTINUOUS
10
5.8267580314960625
20
-4.0422019291338582
11
5.8260275590551176
21
-4.0385295275590547
0
LINE
8
BLACK
6
CONTINUOUS
10
5.8260275590551176
20
-4.0385295275590547
11
5.8260275590551176
21
-4.0026043307086612
0
LINE
8
BLACK
6
CONTINUOUS
10
5.8260275590551176
20
-4.0026043307086612
11
5.8267580314960625
21
-3.9989319291338581
0
LINE
8
BLACK
6
CONTINUOUS
10
5.8267580314960625
20
-3.9989319291338581
11
5.8288383070866141
21
-3.9958186220472438
0
LINE
8
BLACK
6
CONTINUOUS
10
5.8288383070866141
20
-3.9958186220472438
11
5.8319516141732279
21
-3.9937383464566927
0
LINE
8
BLACK
6
CONTINUOUS
10
5.8319516141732279
20
-3.9937383464566927
11
5.8356240157480315
21
-3.9930078740157477
0
LINE
8
BLACK
6
CONTINUOUS
10
5.8356240157480315
20
-3.9930078740157477
11
5.8548169291338583
21
-3.9930078740157477
0
LINE
8
BLACK
6
CONTINUOUS
10
5.8548169291338583
20
-3.9930078740157477
11
5.858489330708661
21
-3.9937383464566927
0
LINE
8
BLACK
6
CONTINUOUS
10
5.9323082283464563
20
-3.9937383464566927
11
5.935421535433071
21
-3.9958186220472438
0
LINE
8
BLACK
6
CONTINUOUS
10
5.935421535433071
20
-3.9958186220472438
11
5.9375018110236217
21
-3.9989319291338581
0
LINE
8
BLACK
6
CONTINUOUS
10
5.9375018110236217
20
-3.9989319291338581
11
5.9382322834645667
21
-4.0026043307086612
0
LINE
8
BLACK
6
CONTINUOUS
10
5.9382322834645667
20
-4.0026043307086612
11
5.9382322834645667
21
-4.0385295275590547
0
LINE
8
BLACK
6
CONTINUOUS
10
5.9382322834645667
20
-4.0385295275590547
11
5.9375018110236217
21
-4.0422019291338582
0
LINE
8
BLACK
6
CONTINUOUS
10
5.9375018110236217
20
-4.0422019291338582
11
5.935421535433071
21
-4.0453152362204721
0
LINE
8
BLACK
6
CONTINUOUS
10
5.935421535433071
20
-4.0453152362204721
11
5.9323082283464563
21
-4.0473955118110236
0
LINE
8
BLACK
6
CONTINUOUS
10
5.9323082283464563
20
-4.0473955118110236
11
5.9286358267716537
21
-4.0481259842519686
0
LINE
8
BLACK
6
CONTINUOUS
10
5.9286358267716537
20
-4.0481259842519686
11
5.9094429133858268
21
-4.0481259842519686
0
LINE
8
BLACK
6
CONTINUOUS
10
5.9094429133858268
20
-4.0481259842519686
11
5.9057705118110233
21
-4.0473955118110236
0
LINE
8
BLACK
6
CONTINUOUS
10
5.9057705118110233
20
-4.0473955118110236
11
5.9026572047244095
21
-4.0453152362204721
0
LINE
8
BLACK
6
CONTINUOUS
10
5.9026572047244095
20
-4.0453152362204721
11
5.9005769291338579
21
-4.0422019291338582
0
LINE
8
BLACK
6
CONTINUOUS
10
5.9005769291338579
20
-4.0422019291338582
11
5.899846456692913
21
-4.0385295275590547
0
LINE
8
BLACK
6
CONTINUOUS
10
5.899846456692913
20
-4.0385295275590547
11
5.899846456692913
21
-4.0026043307086612
0
LINE
8
BLACK
6
CONTINUOUS
10
5.899846456692913
20
-4.0026043307086612
11
5.9005769291338579
21
-3.9989319291338581
0
LINE
8
BLACK
6
CONTINUOUS
10
5.9005769291338579
20
-3.9989319291338581
11
5.9026572047244095
21
-3.9958186220472438
0
LINE
8
BLACK
6
CONTINUOUS
10
5.9026572047244095
20
-3.9958186220472438
11
5.9057705118110233
21
-3.9937383464566927
0
LINE
8
BLACK
6
CONTINUOUS
10
5.9057705118110233
20
-3.9937383464566927
11
5.9094429133858268
21
-3.9930078740157477
0
LINE
8
BLACK
6
CONTINUOUS
10
5.9094429133858268
20
-3.9930078740157477
11
5.9286358267716537
21
-3.9930078740157477
0
LINE
8
BLACK
6
CONTINUOUS
10
5.9286358267716537
20
-3.9930078740157477
11
5.9323082283464563
21
-3.9937383464566927
0
LINE
8
BLACK
6
CONTINUOUS
10
4.952100748031496
20
-3.8128585433070867
11
4.9650136614173226
21
-3.8158058267716535
0
LINE
8
BLACK
6
CONTINUOUS
10
4.9650136614173226
20
-3.8158058267716535
11
4.9775153543307082
21
-3.8201803543307085
0
LINE
8
BLACK
6
CONTINUOUS
10
4.9775153543307082
20
-3.8201803543307085
11
4.9894487007874018
21
-3.8259271653543308
0
LINE
8
BLACK
6
CONTINUOUS
10
4.9894487007874018
20
-3.8259271653543308
11
5.0006635433070867
21
-3.8329738976377952
0
LINE
8
BLACK
6
CONTINUOUS
10
5.0006635433070867
20
-3.8329738976377952
11
5.0110188976377952
21
-3.8412320472440946
0
LINE
8
BLACK
6
CONTINUOUS
10
5.0110188976377952
20
-3.8412320472440946
11
5.0203844881889763
21
-3.8505976377952753
0
LINE
8
BLACK
6
CONTINUOUS
10
5.0203844881889763
20
-3.8505976377952753
11
5.0286426377952758
21
-3.8609529921259842
0
LINE
8
BLACK
6
CONTINUOUS
10
5.0286426377952758
20
-3.8609529921259842
11
5.0356893700787397
21
-3.8721678346456692
0
LINE
8
BLACK
6
CONTINUOUS
10
5.0356893700787397
20
-3.8721678346456692
11
5.0414361811023625
21
-3.8841011811023622
0
LINE
8
BLACK
6
CONTINUOUS
10
5.0414361811023625
20
-3.8841011811023622
11
5.045810708661417
21
-3.8966028740157479
0
LINE
8
BLACK
6
CONTINUOUS
10
5.045810708661417
20
-3.8966028740157479
11
5.0487579921259842
21
-3.9095157874015749
0
LINE
8
BLACK
6
CONTINUOUS
10
5.0487579921259842
20
-3.9095157874015749
11
5.0502409448818897
21
-3.9226775196850392
0
LINE
8
BLACK
6
CONTINUOUS
10
5.0502409448818897
20
-3.9226775196850392
11
5.0502409448818897
21
-3.9359224803149604
0
LINE
8
BLACK
6
CONTINUOUS
10
5.0502409448818897
20
-3.9359224803149604
11
5.0487579921259842
21
-3.9490842125984251
0
LINE
8
BLACK
6
CONTINUOUS
10
5.0487579921259842
20
-3.9490842125984251
11
5.045810708661417
21
-3.9619971259842517
0
LINE
8
BLACK
6
CONTINUOUS
10
5.045810708661417
20
-3.9619971259842517
11
5.0414361811023625
21
-3.9744988188976378
0
LINE
8
BLACK
6
CONTINUOUS
10
5.0414361811023625
20
-3.9744988188976378
11
5.0356893700787397
21
-3.9864321653543304
0
LINE
8
BLACK
6
CONTINUOUS
10
5.0356893700787397
20
-3.9864321653543304
11
5.0286426377952758
21
-3.9976470078740158
0
LINE
8
BLACK
6
CONTINUOUS
10
5.0286426377952758
20
-3.9976470078740158
11
5.0203844881889763
21
-4.0080023622047243
0
LINE
8
BLACK
6
CONTINUOUS
10
5.0203844881889763
20
-4.0080023622047243
11
5.0110188976377952
21
-4.0173679527559054
0
LINE
8
BLACK
6
CONTINUOUS
10
5.0110188976377952
20
-4.0173679527559054
11
5.0006635433070867
21
-4.0256261023622049
0
LINE
8
BLACK
6
CONTINUOUS
10
5.0006635433070867
20
-4.0256261023622049
11
4.9894487007874018
21
-4.0326728346456688
0
LINE
8
BLACK
6
CONTINUOUS
10
4.9894487007874018
20
-4.0326728346456688
11
4.9775153543307082
21
-4.0384196456692916
0
LINE
8
BLACK
6
CONTINUOUS
10
4.9775153543307082
20
-4.0384196456692916
11
4.9650136614173226
21
-4.0427941732283461
0
LINE
8
BLACK
6
CONTINUOUS
10
4.9650136614173226
20
-4.0427941732283461
11
4.952100748031496
21
-4.0457414566929133
0
LINE
8
BLACK
6
CONTINUOUS
10
4.952100748031496
20
-4.0457414566929133
11
4.9389390157480317
21
-4.0472244094488188
0
LINE
8
BLACK
6
CONTINUOUS
10
4.9389390157480317
20
-4.0472244094488188
11
4.9256940551181101
21
-4.0472244094488188
0
LINE
8
BLACK
6
CONTINUOUS
10
4.9256940551181101
20
-4.0472244094488188
11
4.9125323228346458
21
-4.0457414566929133
0
LINE
8
BLACK
6
CONTINUOUS
10
4.9125323228346458
20
-4.0457414566929133
11
4.8996194094488184
21
-4.0427941732283461
0
LINE
8
BLACK
6
CONTINUOUS
10
4.8996194094488184
20
-4.0427941732283461
11
4.8871177165354327
21
-4.0384196456692916
0
LINE
8
BLACK
6
CONTINUOUS
10
4.8871177165354327
20
-4.0384196456692916
11
4.8751843700787401
21
-4.0326728346456688
0
LINE
8
BLACK
6
CONTINUOUS
10
4.8751843700787401
20
-4.0326728346456688
11
4.8639695275590551
21
-4.0256261023622049
0
LINE
8
BLACK
6
CONTINUOUS
10
4.8639695275590551
20
-4.0256261023622049
11
4.8536141732283467
21
-4.0173679527559054
0
LINE
8
BLACK
6
CONTINUOUS
10
4.8536141732283467
20
-4.0173679527559054
11
4.8442485826771655
21
-4.0080023622047243
0
LINE
8
BLACK
6
CONTINUOUS
10
4.8442485826771655
20
-4.0080023622047243
11
4.8359904330708661
21
-3.9976470078740158
0
LINE
8
BLACK
6
CONTINUOUS
10
4.8359904330708661
20
-3.9976470078740158
11
4.8289437007874012
21
-3.9864321653543304
0
LINE
8
BLACK
6
CONTINUOUS
10
4.8289437007874012
20
-3.9864321653543304
11
4.8231968897637794
21
-3.9744988188976378
0
LINE
8
BLACK
6
CONTINUOUS
10
4.8231968897637794
20
-3.9744988188976378
11
4.8188223622047239
21
-3.9619971259842517
0
LINE
8
BLACK
6
CONTINUOUS
10
4.8188223622047239
20
-3.9619971259842517
11
4.8158750787401576
21
-3.9490842125984251
0
LINE
8
BLACK
6
CONTINUOUS
10
4.8158750787401576
20
-3.9490842125984251
11
4.8143921259842521
21
-3.9359224803149604
0
LINE
8
BLACK
6
CONTINUOUS
10
4.8143921259842521
20
-3.9359224803149604
11
4.8143921259842521
21
-3.9226775196850392
0
LINE
8
BLACK
6
CONTINUOUS
10
4.8143921259842521
20
-3.9226775196850392
11
4.8158750787401576
21
-3.9095157874015749
0
LINE
8
BLACK
6
CONTINUOUS
10
4.8158750787401576
20
-3.9095157874015749
11
4.8188223622047239
21
-3.8966028740157479
0
LINE
8
BLACK
6
CONTINUOUS
10
4.8188223622047239
20
-3.8966028740157479
11
4.8231968897637794
21
-3.8841011811023622
0
LINE
8
BLACK
6
CONTINUOUS
10
4.8231968897637794
20
-3.8841011811023622
11
4.8289437007874012
21
-3.8721678346456692
0
LINE
8
BLACK
6
CONTINUOUS
10
4.8289437007874012
20
-3.8721678346456692
11
4.8359904330708661
21
-3.8609529921259842
0
LINE
8
BLACK
6
CONTINUOUS
10
4.8359904330708661
20
-3.8609529921259842
11
4.8442485826771655
21
-3.8505976377952753
0
LINE
8
BLACK
6
CONTINUOUS
10
4.8442485826771655
20
-3.8505976377952753
11
4.8536141732283467
21
-3.8412320472440946
0
LINE
8
BLACK
6
CONTINUOUS
10
4.8536141732283467
20
-3.8412320472440946
11
4.8639695275590551
21
-3.8329738976377952
0
LINE
8
BLACK
6
CONTINUOUS
10
4.8639695275590551
20
-3.8329738976377952
11
4.8751843700787401
21
-3.8259271653543308
0
LINE
8
BLACK
6
CONTINUOUS
10
4.8751843700787401
20
-3.8259271653543308
11
4.8871177165354327
21
-3.8201803543307085
0
LINE
8
BLACK
6
CONTINUOUS
10
4.8871177165354327
20
-3.8201803543307085
11
4.8996194094488184
21
-3.8158058267716535
0
LINE
8
BLACK
6
CONTINUOUS
10
4.8996194094488184
20
-3.8158058267716535
11
4.9125323228346458
21
-3.8128585433070867
0
LINE
8
BLACK
6
CONTINUOUS
10
4.9125323228346458
20
-3.8128585433070867
11
4.9256940551181101
21
-3.8113755905511808
0
LINE
8
BLACK
6
CONTINUOUS
10
4.9256940551181101
20
-3.8113755905511808
11
4.9389390157480317
21
-3.8113755905511808
0
LINE
8
BLACK
6
CONTINUOUS
10
4.9389390157480317
20
-3.8113755905511808
11
4.952100748031496
21
-3.8128585433070867
0
LINE
8
BLACK
6
CONTINUOUS
10
5.2837481889763778
20
-3.9966349212598424
11
5.2866220078740156
21
-3.9985551574803146
0
LINE
8
BLACK
6
CONTINUOUS
10
5.2866220078740156
20
-3.9985551574803146
11
5.2885422440944883
21
-4.0014289763779525
0
LINE
8
BLACK
6
CONTINUOUS
10
5.2885422440944883
20
-4.0014289763779525
11
5.2892165354330709
21
-4.0048188976377954
0
LINE
8
BLACK
6
CONTINUOUS
10
5.2892165354330709
20
-4.0048188976377954
11
5.2892165354330709
21
-4.0225354330708658
0
LINE
8
BLACK
6
CONTINUOUS
10
5.2892165354330709
20
-4.0225354330708658
11
5.2885422440944883
21
-4.0259253543307087
0
LINE
8
BLACK
6
CONTINUOUS
10
5.2885422440944883
20
-4.0259253543307087
11
5.2866220078740156
21
-4.0287991732283466
0
LINE
8
BLACK
6
CONTINUOUS
10
5.2866220078740156
20
-4.0287991732283466
11
5.2837481889763778
21
-4.0307194094488192
0
LINE
8
BLACK
6
CONTINUOUS
10
5.2837481889763778
20
-4.0307194094488192
11
5.2803582677165357
21
-4.0313937007874019
0
LINE
8
BLACK
6
CONTINUOUS
10
5.2803582677165357
20
-4.0313937007874019
11
5.254767716535433
21
-4.0313937007874019
0
LINE
8
BLACK
6
CONTINUOUS
10
5.254767716535433
20
-4.0313937007874019
11
5.25137779527559
21
-4.0307194094488192
0
LINE
8
BLACK
6
CONTINUOUS
10
5.25137779527559
20
-4.0307194094488192
11
5.2485039763779531
21
-4.0287991732283466
0
LINE
8
BLACK
6
CONTINUOUS
10
5.2485039763779531
20
-4.0287991732283466
11
5.2465837401574804
21
-4.0259253543307087
0
LINE
8
BLACK
6
CONTINUOUS
10
5.2465837401574804
20
-4.0259253543307087
11
5.2459094488188978
21
-4.0225354330708658
0
LINE
8
BLACK
6
CONTINUOUS
10
5.2459094488188978
20
-4.0225354330708658
11
5.2459094488188978
21
-4.0048188976377954
0
LINE
8
BLACK
6
CONTINUOUS
10
5.2459094488188978
20
-4.0048188976377954
11
5.2465837401574804
21
-4.0014289763779525
0
LINE
8
BLACK
6
CONTINUOUS
10
5.2465837401574804
20
-4.0014289763779525
11
5.2485039763779531
21
-3.9985551574803146
0
LINE
8
BLACK
6
CONTINUOUS
10
5.2485039763779531
20
-3.9985551574803146
11
5.25137779527559
21
-3.9966349212598424
0
LINE
8
BLACK
6
CONTINUOUS
10
5.25137779527559
20
-3.9966349212598424
11
5.254767716535433
21
-3.9959606299212598
0
LINE
8
BLACK
6
CONTINUOUS
10
5.254767716535433
20
-3.9959606299212598
11
5.2803582677165357
21
-3.9959606299212598
0
LINE
8
BLACK
6
CONTINUOUS
10
5.2803582677165357
20
-3.9959606299212598
11
5.2837481889763778
21
-3.9966349212598424
0
LINE
8
BLACK
6
CONTINUOUS
10
5.3506773228346454
20
-3.9966349212598424
11
5.3535511417322832
21
-3.9985551574803146
0
LINE
8
BLACK
6
CONTINUOUS
10
5.3535511417322832
20
-3.9985551574803146
11
5.3554713779527559
21
-4.0014289763779525
0
LINE
8
BLACK
6
CONTINUOUS
10
5.3554713779527559
20
-4.0014289763779525
11
5.3561456692913385
21
-4.0048188976377954
0
LINE
8
BLACK
6
CONTINUOUS
10
5.3561456692913385
20
-4.0048188976377954
11
5.3561456692913385
21
-4.0225354330708658
0
LINE
8
BLACK
6
CONTINUOUS
10
5.3561456692913385
20
-4.0225354330708658
11
5.3554713779527559
21
-4.0259253543307087
0
LINE
8
BLACK
6
CONTINUOUS
10
5.3554713779527559
20
-4.0259253543307087
11
5.3535511417322832
21
-4.0287991732283466
0
LINE
8
BLACK
6
CONTINUOUS
10
5.3535511417322832
20
-4.0287991732283466
11
5.3506773228346454
21
-4.0307194094488192
0
LINE
8
BLACK
6
CONTINUOUS
10
5.3506773228346454
20
-4.0307194094488192
11
5.3472874015748033
21
-4.0313937007874019
0
LINE
8
BLACK
6
CONTINUOUS
10
5.3472874015748033
20
-4.0313937007874019
11
5.3216968503937006
21
-4.0313937007874019
0
LINE
8
BLACK
6
CONTINUOUS
10
5.3216968503937006
20
-4.0313937007874019
11
5.3183069291338585
21
-4.0307194094488192
0
LINE
8
BLACK
6
CONTINUOUS
10
5.3183069291338585
20
-4.0307194094488192
11
5.3154331102362207
21
-4.0287991732283466
0
LINE
8
BLACK
6
CONTINUOUS
10
5.3154331102362207
20
-4.0287991732283466
11
5.313512874015748
21
-4.0259253543307087
0
LINE
8
BLACK
6
CONTINUOUS
10
5.313512874015748
20
-4.0259253543307087
11
5.3128385826771654
21
-4.0225354330708658
0
LINE
8
BLACK
6
CONTINUOUS
10
5.3128385826771654
20
-4.0225354330708658
11
5.3128385826771654
21
-4.0048188976377954
0
LINE
8
BLACK
6
CONTINUOUS
10
5.3128385826771654
20
-4.0048188976377954
11
5.313512874015748
21
-4.0014289763779525
0
LINE
8
BLACK
6
CONTINUOUS
10
5.313512874015748
20
-4.0014289763779525
11
5.3154331102362207
21
-3.9985551574803146
0
LINE
8
BLACK
6
CONTINUOUS
10
5.3154331102362207
20
-3.9985551574803146
11
5.3183069291338585
21
-3.9966349212598424
0
LINE
8
BLACK
6
CONTINUOUS
10
5.3183069291338585
20
-3.9966349212598424
11
5.3216968503937006
21
-3.9959606299212598
0
LINE
8
BLACK
6
CONTINUOUS
10
5.3216968503937006
20
-3.9959606299212598
11
5.3472874015748033
21
-3.9959606299212598
0
LINE
8
BLACK
6
CONTINUOUS
10
5.3472874015748033
20
-3.9959606299212598
11
5.3506773228346454
21
-3.9966349212598424
0
LINE
8
BLACK
6
CONTINUOUS
10
6.3365552362204722
20
-4.0003471653543308
11
6.3384711023622042
21
-4.0016273228346453
0
LINE
8
BLACK
6
CONTINUOUS
10
6.3384711023622042
20
-4.0016273228346453
11
6.3397512598425196
21
-4.0035431889763782
0
LINE
8
BLACK
6
CONTINUOUS
10
6.3397512598425196
20
-4.0035431889763782
11
6.3402007874015744
21
-4.0058031496062991
0
LINE
8
BLACK
6
CONTINUOUS
10
6.3402007874015744
20
-4.0058031496062991
11
6.3402007874015744
21
-4.0215511811023621
0
LINE
8
BLACK
6
CONTINUOUS
10
6.3402007874015744
20
-4.0215511811023621
11
6.3397512598425196
21
-4.023811141732283
0
LINE
8
BLACK
6
CONTINUOUS
10
6.3397512598425196
20
-4.023811141732283
11
6.3384711023622042
21
-4.0257270078740159
0
LINE
8
BLACK
6
CONTINUOUS
10
6.3384711023622042
20
-4.0257270078740159
11
6.3365552362204722
21
-4.0270071653543305
0
LINE
8
BLACK
6
CONTINUOUS
10
6.3365552362204722
20
-4.0270071653543305
11
6.3342952755905513
21
-4.0274566929133861
0
LINE
8
BLACK
6
CONTINUOUS
10
6.3342952755905513
20
-4.0274566929133861
11
6.3224842519685041
21
-4.0274566929133861
0
LINE
8
BLACK
6
CONTINUOUS
10
6.3224842519685041
20
-4.0274566929133861
11
6.3202242913385822
21
-4.0270071653543305
0
LINE
8
BLACK
6
CONTINUOUS
10
6.3202242913385822
20
-4.0270071653543305
11
6.3183084251968502
21
-4.0257270078740159
0
LINE
8
BLACK
6
CONTINUOUS
10
6.3183084251968502
20
-4.0257270078740159
11
6.3170282677165357
21
-4.023811141732283
0
LINE
8
BLACK
6
CONTINUOUS
10
6.3170282677165357
20
-4.023811141732283
11
6.31657874015748
21
-4.0215511811023621
0
LINE
8
BLACK
6
CONTINUOUS
10
6.31657874015748
20
-4.0215511811023621
11
6.31657874015748
21
-4.0058031496062991
0
LINE
8
BLACK
6
CONTINUOUS
10
6.31657874015748
20
-4.0058031496062991
11
6.3170282677165357
21
-4.0035431889763782
0
LINE
8
BLACK
6
CONTINUOUS
10
6.3170282677165357
20
-4.0035431889763782
11
6.3183084251968502
21
-4.0016273228346453
0
LINE
8
BLACK
6
CONTINUOUS
10
6.3183084251968502
20
-4.0016273228346453
11
6.3202242913385822
21
-4.0003471653543308
0
LINE
8
BLACK
6
CONTINUOUS
10
6.3202242913385822
20
-4.0003471653543308
11
6.3224842519685041
21
-3.9998976377952755
0
LINE
8
BLACK
6
CONTINUOUS
10
6.3224842519685041
20
-3.9998976377952755
11
6.3342952755905513
21
-3.9998976377952755
0
LINE
8
BLACK
6
CONTINUOUS
10
6.3342952755905513
20
-3.9998976377952755
11
6.3365552362204722
21
-4.0003471653543308
0
LINE
8
BLACK
6
CONTINUOUS
10
6.3916733464566926
20
-4.0003471653543308
11
6.3935892125984246
21
-4.0016273228346453
0
LINE
8
BLACK
6
CONTINUOUS
10
6.3935892125984246
20
-4.0016273228346453
11
6.39486937007874
21
-4.0035431889763782
0
LINE
8
BLACK
6
CONTINUOUS
10
6.39486937007874
20
-4.0035431889763782
11
6.3953188976377948
21
-4.0058031496062991
0
LINE
8
BLACK
6
CONTINUOUS
10
6.3953188976377948
20
-4.0058031496062991
11
6.3953188976377948
21
-4.0215511811023621
0
LINE
8
BLACK
6
CONTINUOUS
10
6.3953188976377948
20
-4.0215511811023621
11
6.39486937007874
21
-4.023811141732283
0
LINE
8
BLACK
6
CONTINUOUS
10
6.39486937007874
20
-4.023811141732283
11
6.3935892125984246
21
-4.0257270078740159
0
LINE
8
BLACK
6
CONTINUOUS
10
6.3935892125984246
20
-4.0257270078740159
11
6.3916733464566926
21
-4.0270071653543305
0
LINE
8
BLACK
6
CONTINUOUS
10
6.3916733464566926
20
-4.0270071653543305
11
6.3894133858267717
21
-4.0274566929133861
0
LINE
8
BLACK
6
CONTINUOUS
10
6.3894133858267717
20
-4.0274566929133861
11
6.3776023622047244
21
-4.0274566929133861
0
LINE
8
BLACK
6
CONTINUOUS
10
6.3776023622047244
20
-4.0274566929133861
11
6.3753424015748026
21
-4.0270071653543305
0
LINE
8
BLACK
6
CONTINUOUS
10
6.3753424015748026
20
-4.0270071653543305
11
6.3734265354330706
21
-4.0257270078740159
0
LINE
8
BLACK
6
CONTINUOUS
10
6.3734265354330706
20
-4.0257270078740159
11
6.3721463779527561
21
-4.023811141732283
0
LINE
8
BLACK
6
CONTINUOUS
10
6.3721463779527561
20
-4.023811141732283
11
6.3716968503937004
21
-4.0215511811023621
0
LINE
8
BLACK
6
CONTINUOUS
10
6.3716968503937004
20
-4.0215511811023621
11
6.3716968503937004
21
-4.0058031496062991
0
LINE
8
BLACK
6
CONTINUOUS
10
6.3716968503937004
20
-4.0058031496062991
11
6.3721463779527561
21
-4.0035431889763782
0
LINE
8
BLACK
6
CONTINUOUS
10
6.3721463779527561
20
-4.0035431889763782
11
6.3734265354330706
21
-4.0016273228346453
0
LINE
8
BLACK
6
CONTINUOUS
10
6.3734265354330706
20
-4.0016273228346453
11
6.3753424015748026
21
-4.0003471653543308
0
LINE
8
BLACK
6
CONTINUOUS
10
6.3753424015748026
20
-4.0003471653543308
11
6.3776023622047244
21
-3.9998976377952755
0
LINE
8
BLACK
6
CONTINUOUS
10
6.3776023622047244
20
-3.9998976377952755
11
6.3894133858267717
21
-3.9998976377952755
0
LINE
8
BLACK
6
CONTINUOUS
10
6.3894133858267717
20
-3.9998976377952755
11
6.3916733464566926
21
-4.0003471653543308
0
LINE
8
BLACK
6
CONTINUOUS
10
5.4702795275590548
20
-4.0261259842519683
11
5.4292795275590553
21
-4.0261259842519683
0
LINE
8
BLACK
6
CONTINUOUS
10
5.4292795275590553
20
-4.0261259842519683
11
5.4292795275590553
21
-4.0061259842519688
0
LINE
8
BLACK
6
CONTINUOUS
10
5.4292795275590553
20
-4.0061259842519688
11
5.4702795275590548
21
-4.0061259842519688
0
LINE
8
BLACK
6
CONTINUOUS
10
5.4702795275590548
20
-4.0061259842519688
11
5.4702795275590548
21
-4.0261259842519683
0
LINE
8
BLACK
6
CONTINUOUS
10
5.4472795275590551
20
-4.0006259842519682
11
5.4312795275590551
21
-4.0006259842519682
0
LINE
8
BLACK
6
CONTINUOUS
10
5.4312795275590551
20
-4.0006259842519682
11
5.4312795275590551
21
-3.9846259842519682
0
LINE
8
BLACK
6
CONTINUOUS
10
5.4312795275590551
20
-3.9846259842519682
11
5.4472795275590551
21
-3.9846259842519682
0
LINE
8
BLACK
6
CONTINUOUS
10
5.4472795275590551
20
-3.9846259842519682
11
5.4472795275590551
21
-4.0006259842519682
0
LINE
8
BLACK
6
CONTINUOUS
10
5.468279527559055
20
-4.0006259842519682
11
5.452279527559055
21
-4.0006259842519682
0
LINE
8
BLACK
6
CONTINUOUS
10
5.452279527559055
20
-4.0006259842519682
11
5.452279527559055
21
-3.9846259842519682
0
LINE
8
BLACK
6
CONTINUOUS
10
5.452279527559055
20
-3.9846259842519682
11
5.468279527559055
21
-3.9846259842519682
0
LINE
8
BLACK
6
CONTINUOUS
10
5.468279527559055
20
-3.9846259842519682
11
5.468279527559055
21
-4.0006259842519682
0
LINE
8
BLACK
6
CONTINUOUS
10
5.2837481889763778
20
-3.9454538188976378
11
5.2866220078740156
21
-3.94737405511811
0
LINE
8
BLACK
6
CONTINUOUS
10
5.2866220078740156
20
-3.94737405511811
11
5.2885422440944883
21
-3.9502478740157478
0
LINE
8
BLACK
6
CONTINUOUS
10
5.2885422440944883
20
-3.9502478740157478
11
5.2892165354330709
21
-3.9536377952755903
0
LINE
8
BLACK
6
CONTINUOUS
10
5.2892165354330709
20
-3.9536377952755903
11
5.2892165354330709
21
-3.9713543307086612
0
LINE
8
BLACK
6
CONTINUOUS
10
5.2892165354330709
20
-3.9713543307086612
11
5.2885422440944883
21
-3.9747442519685037
0
LINE
8
BLACK
6
CONTINUOUS
10
5.2885422440944883
20
-3.9747442519685037
11
5.2866220078740156
21
-3.9776180708661415
0
LINE
8
BLACK
6
CONTINUOUS
10
5.2866220078740156
20
-3.9776180708661415
11
5.2837481889763778
21
-3.9795383070866142
0
LINE
8
BLACK
6
CONTINUOUS
10
5.2837481889763778
20
-3.9795383070866142
11
5.2803582677165357
21
-3.9802125984251968
0
LINE
8
BLACK
6
CONTINUOUS
10
5.2803582677165357
20
-3.9802125984251968
11
5.254767716535433
21
-3.9802125984251968
0
LINE
8
BLACK
6
CONTINUOUS
10
5.254767716535433
20
-3.9802125984251968
11
5.25137779527559
21
-3.9795383070866142
0
LINE
8
BLACK
6
CONTINUOUS
10
5.25137779527559
20
-3.9795383070866142
11
5.2485039763779531
21
-3.9776180708661415
0
LINE
8
BLACK
6
CONTINUOUS
10
5.2485039763779531
20
-3.9776180708661415
11
5.2465837401574804
21
-3.9747442519685037
0
LINE
8
BLACK
6
CONTINUOUS
10
5.2465837401574804
20
-3.9747442519685037
11
5.2459094488188978
21
-3.9713543307086612
0
LINE
8
BLACK
6
CONTINUOUS
10
5.2459094488188978
20
-3.9713543307086612
11
5.2459094488188978
21
-3.9536377952755903
0
LINE
8
BLACK
6
CONTINUOUS
10
5.2459094488188978
20
-3.9536377952755903
11
5.2465837401574804
21
-3.9502478740157478
0
LINE
8
BLACK
6
CONTINUOUS
10
5.2465837401574804
20
-3.9502478740157478
11
5.2485039763779531
21
-3.94737405511811
0
LINE
8
BLACK
6
CONTINUOUS
10
5.2485039763779531
20
-3.94737405511811
11
5.25137779527559
21
-3.9454538188976378
0
LINE
8
BLACK
6
CONTINUOUS
10
5.25137779527559
20
-3.9454538188976378
11
5.254767716535433
21
-3.9447795275590551
0
LINE
8
BLACK
6
CONTINUOUS
10
5.254767716535433
20
-3.9447795275590551
11
5.2803582677165357
21
-3.9447795275590551
0
LINE
8
BLACK
6
CONTINUOUS
10
5.2803582677165357
20
-3.9447795275590551
11
5.2837481889763778
21
-3.9454538188976378
0
LINE
8
BLACK
6
CONTINUOUS
10
5.3506773228346454
20
-3.9454538188976378
11
5.3535511417322832
21
-3.94737405511811
0
LINE
8
BLACK
6
CONTINUOUS
10
5.3535511417322832
20
-3.94737405511811
11
5.3554713779527559
21
-3.9502478740157478
0
LINE
8
BLACK
6
CONTINUOUS
10
5.3554713779527559
20
-3.9502478740157478
11
5.3561456692913385
21
-3.9536377952755903
0
LINE
8
BLACK
6
CONTINUOUS
10
5.3561456692913385
20
-3.9536377952755903
11
5.3561456692913385
21
-3.9713543307086612
0
LINE
8
BLACK
6
CONTINUOUS
10
5.3561456692913385
20
-3.9713543307086612
11
5.3554713779527559
21
-3.9747442519685037
0
LINE
8
BLACK
6
CONTINUOUS
10
5.3554713779527559
20
-3.9747442519685037
11
5.3535511417322832
21
-3.9776180708661415
0
LINE
8
BLACK
6
CONTINUOUS
10
5.3535511417322832
20
-3.9776180708661415
11
5.3506773228346454
21
-3.9795383070866142
0
LINE
8
BLACK
6
CONTINUOUS
10
5.3506773228346454
20
-3.9795383070866142
11
5.3472874015748033
21
-3.9802125984251968
0
LINE
8
BLACK
6
CONTINUOUS
10
5.3472874015748033
20
-3.9802125984251968
11
5.3216968503937006
21
-3.9802125984251968
0
LINE
8
BLACK
6
CONTINUOUS
10
5.3216968503937006
20
-3.9802125984251968
11
5.3183069291338585
21
-3.9795383070866142
0
LINE
8
BLACK
6
CONTINUOUS
10
5.3183069291338585
20
-3.9795383070866142
11
5.3154331102362207
21
-3.9776180708661415
0
LINE
8
BLACK
6
CONTINUOUS
10
5.3154331102362207
20
-3.9776180708661415
11
5.313512874015748
21
-3.9747442519685037
0
LINE
8
BLACK
6
CONTINUOUS
10
5.313512874015748
20
-3.9747442519685037
11
5.3128385826771654
21
-3.9713543307086612
0
LINE
8
BLACK
6
CONTINUOUS
10
5.3128385826771654
20
-3.9713543307086612
11
5.3128385826771654
21
-3.9536377952755903
0
LINE
8
BLACK
6
CONTINUOUS
10
5.3128385826771654
20
-3.9536377952755903
11
5.313512874015748
21
-3.9502478740157478
0
LINE
8
BLACK
6
CONTINUOUS
10
5.313512874015748
20
-3.9502478740157478
11
5.3154331102362207
21
-3.94737405511811
0
LINE
8
BLACK
6
CONTINUOUS
10
5.3154331102362207
20
-3.94737405511811
11
5.3183069291338585
21
-3.9454538188976378
0
LINE
8
BLACK
6
CONTINUOUS
10
5.3183069291338585
20
-3.9454538188976378
11
5.3216968503937006
21
-3.9447795275590551
0
LINE
8
BLACK
6
CONTINUOUS
10
5.3216968503937006
20
-3.9447795275590551
11
5.3472874015748033
21
-3.9447795275590551
0
LINE
8
BLACK
6
CONTINUOUS
10
5.3472874015748033
20
-3.9447795275590551
11
5.3506773228346454
21
-3.9454538188976378
0
LINE
8
BLACK
6
CONTINUOUS
10
5.4702795275590548
20
-3.9791259842519686
11
5.4292795275590553
21
-3.9791259842519686
0
LINE
8
BLACK
6
CONTINUOUS
10
5.4292795275590553
20
-3.9791259842519686
11
5.4292795275590553
21
-3.9591259842519686
0
LINE
8
BLACK
6
CONTINUOUS
10
5.4292795275590553
20
-3.9591259842519686
11
5.4702795275590548
21
-3.9591259842519686
0
LINE
8
BLACK
6
CONTINUOUS
10
5.4702795275590548
20
-3.9591259842519686
11
5.4702795275590548
21
-3.9791259842519686
0
LINE
8
BLACK
6
CONTINUOUS
10
5.4581670078740157
20
-3.8395850393700788
11
5.4626173622047247
21
-3.8421544488188974
0
LINE
8
BLACK
6
CONTINUOUS
10
5.4626173622047247
20
-3.8421544488188974
11
5.4662510629921259
21
-3.8457881496062991
0
LINE
8
BLACK
6
CONTINUOUS
10
5.4662510629921259
20
-3.8457881496062991
11
5.468820472440945
21
-3.8502385039370077
0
LINE
8
BLACK
6
CONTINUOUS
10
5.468820472440945
20
-3.8502385039370077
11
5.4701504724409444
21
-3.855202244094488
0
LINE
8
BLACK
6
CONTINUOUS
10
5.4701504724409444
20
-3.855202244094488
11
5.4701504724409444
21
-3.8603410629921258
0
LINE
8
BLACK
6
CONTINUOUS
10
5.4701504724409444
20
-3.8603410629921258
11
5.468820472440945
21
-3.865304803149606
0
LINE
8
BLACK
6
CONTINUOUS
10
5.468820472440945
20
-3.865304803149606
11
5.4662510629921259
21
-3.8697551574803151
0
LINE
8
BLACK
6
CONTINUOUS
10
5.4662510629921259
20
-3.8697551574803151
11
5.4626173622047247
21
-3.8733888582677163
0
LINE
8
BLACK
6
CONTINUOUS
10
5.4626173622047247
20
-3.8733888582677163
11
5.4581670078740157
21
-3.8759582677165354
0
LINE
8
BLACK
6
CONTINUOUS
10
5.4581670078740157
20
-3.8759582677165354
11
5.4532032677165354
21
-3.8772882677165352
0
LINE
8
BLACK
6
CONTINUOUS
10
5.4532032677165354
20
-3.8772882677165352
11
5.4480644488188972
21
-3.8772882677165352
0
LINE
8
BLACK
6
CONTINUOUS
10
5.4480644488188972
20
-3.8772882677165352
11
5.4431007086614169
21
-3.8759582677165354
0
LINE
8
BLACK
6
CONTINUOUS
10
5.4431007086614169
20
-3.8759582677165354
11
5.4386503543307088
21
-3.8733888582677163
0
LINE
8
BLACK
6
CONTINUOUS
10
5.4386503543307088
20
-3.8733888582677163
11
5.4350166535433067
21
-3.8697551574803151
0
LINE
8
BLACK
6
CONTINUOUS
10
5.4350166535433067
20
-3.8697551574803151
11
5.4324472440944884
21
-3.865304803149606
0
LINE
8
BLACK
6
CONTINUOUS
10
5.4324472440944884
20
-3.865304803149606
11
5.4311172440944882
21
-3.8603410629921258
0
LINE
8
BLACK
6
CONTINUOUS
10
5.4311172440944882
20
-3.8603410629921258
11
5.4311172440944882
21
-3.855202244094488
0
LINE
8
BLACK
6
CONTINUOUS
10
5.4311172440944882
20
-3.855202244094488
11
5.4324472440944884
21
-3.8502385039370077
0
LINE
8
BLACK
6
CONTINUOUS
10
5.4324472440944884
20
-3.8502385039370077
11
5.4350166535433067
21
-3.8457881496062991
0
LINE
8
BLACK
6
CONTINUOUS
10
5.4350166535433067
20
-3.8457881496062991
11
5.4386503543307088
21
-3.8421544488188974
0
LINE
8
BLACK
6
CONTINUOUS
10
5.4386503543307088
20
-3.8421544488188974
11
5.4431007086614169
21
-3.8395850393700788
0
LINE
8
BLACK
6
CONTINUOUS
10
5.4431007086614169
20
-3.8395850393700788
11
5.4480644488188972
21
-3.8382550393700785
0
LINE
8
BLACK
6
CONTINUOUS
10
5.4480644488188972
20
-3.8382550393700785
11
5.4532032677165354
21
-3.8382550393700785
0
LINE
8
BLACK
6
CONTINUOUS
10
5.4532032677165354
20
-3.8382550393700785
11
5.4581670078740157
21
-3.8395850393700788
0
CIRCLE
8
BLACK
10
4.9323165354330705
20
-3.9293
40
0.0068897637795276
0
CIRCLE
8
BLACK
10
6.4561456692913382
20
-4.5349370078740154
40
0.0068897637795276
0
CIRCLE
8
BLACK
10
6.5561456692913387
20
-4.5349370078740154
40
0.0068897637795276
0
CIRCLE
8
BLACK
10
6.4561456692913382
20
-4.634937007874016
40
0.0068897637795276
0
CIRCLE
8
BLACK
10
6.5561456692913387
20
-4.634937007874016
40
0.0068897637795276
0
CIRCLE
8
BLACK
10
6.4561456692913382
20
-4.7349370078740156
40
0.0068897637795276
0
CIRCLE
8
BLACK
10
6.5561456692913387
20
-4.7349370078740156
40
0.0068897637795276
0
CIRCLE
8
BLACK
10
6.4561456692913382
20
-4.8349370078740153
40
0.0068897637795276
0
CIRCLE
8
BLACK
10
6.5561456692913387
20
-4.8349370078740153
40
0.0068897637795276
0
CIRCLE
8
BLACK
10
4.9323165354330705
20
-4.7678212598425196
40
0.0068897637795276
0
CIRCLE
8
BLACK
10
5.8663818897637796
20
-4.3349370078740153
40
0.0068897637795276
0
CIRCLE
8
BLACK
10
5.9663818897637793
20
-4.3349370078740153
40
0.0068897637795276
0
CIRCLE
8
BLACK
10
5.8663818897637796
20
-4.4349370078740158
40
0.0068897637795276
0
CIRCLE
8
BLACK
10
5.9663818897637793
20
-4.4349370078740158
40
0.0068897637795276
0
CIRCLE
8
BLACK
10
5.8663818897637796
20
-4.5349370078740154
40
0.0068897637795276
0
CIRCLE
8
BLACK
10
5.9663818897637793
20
-4.5349370078740154
40
0.0068897637795276
0
CIRCLE
8
BLACK
10
5.8663818897637796
20
-4.634937007874016
40
0.0068897637795276
0
CIRCLE
8
BLACK
10
5.9663818897637793
20
-4.634937007874016
40
0.0068897637795276
0
CIRCLE
8
BLACK
10
5.8663818897637796
20
-4.7349370078740156
40
0.0068897637795276
0
CIRCLE
8
BLACK
10
5.9663818897637793
20
-4.7349370078740156
40
0.0068897637795276
0
CIRCLE
8
BLACK
10
5.8663818897637796
20
-4.8349370078740153
40
0.0068897637795276
0
CIRCLE
8
BLACK
10
5.9663818897637793
20
-4.8349370078740153
40
0.0068897637795276
0
CIRCLE
8
BLACK
10
4.9323165354330705
20
-4.2088070866141729
40
0.0068897637795276
0
CIRCLE
8
BLACK
10
4.9323165354330705
20
-4.4883141732283462
40
0.0068897637795276
0
CIRCLE
8
BLACK
10
5.3842952755905511
20
-4.2406456692913386
40
0.0068897637795276
0
CIRCLE
8
BLACK
10
5.2842952755905515
20
-4.1406456692913389
40
0.0068897637795276
0
CIRCLE
8
BLACK
10
5.2842952755905515
20
-4.3406456692913382
40
0.0068897637795276
0
CIRCLE
8
BLACK
10
5.4842952755905507
20
-4.1406456692913389
40
0.0068897637795276
0
CIRCLE
8
BLACK
10
5.4842952755905507
20
-4.3406456692913382
40
0.0068897637795276
0
CIRCLE
8
BLACK
10
6.1116574803149604
20
-4.3061968503937003
40
0.0068897637795276
0
CIRCLE
8
BLACK
10
6.2116574803149609
20
-4.3061968503937003
40
0.0068897637795276
0
CIRCLE
8
BLACK
10
6.1116574803149604
20
-4.2061968503937006
40
0.0068897637795276
0
CIRCLE
8
BLACK
10
6.2116574803149609
20
-4.2061968503937006
40
0.0068897637795276
0
CIRCLE
8
BLACK
10
6.1116574803149604
20
-4.106196850393701
40
0.0068897637795276
0
CIRCLE
8
BLACK
10
6.2116574803149609
20
-4.106196850393701
40
0.0068897637795276
0
CIRCLE
8
WHITE
10
4.9323165354330705
20
-3.9293
40
0.0068897637795276
0
CIRCLE
8
WHITE
10
6.4561456692913382
20
-4.5349370078740154
40
0.0068897637795276
0
CIRCLE
8
WHITE
10
6.5561456692913387
20
-4.5349370078740154
40
0.0068897637795276
0
CIRCLE
8
WHITE
10
6.4561456692913382
20
-4.634937007874016
40
0.0068897637795276
0
CIRCLE
8
WHITE
10
6.5561456692913387
20
-4.634937007874016
40
0.0068897637795276
0
CIRCLE
8
WHITE
10
6.4561456692913382
20
-4.7349370078740156
40
0.0068897637795276
0
CIRCLE
8
WHITE
10
6.5561456692913387
20
-4.7349370078740156
40
0.0068897637795276
0
CIRCLE
8
WHITE
10
6.4561456692913382
20
-4.8349370078740153
40
0.0068897637795276
0
CIRCLE
8
WHITE
10
6.5561456692913387
20
-4.8349370078740153
40
0.0068897637795276
0
CIRCLE
8
WHITE
10
4.9323165354330705
20
-4.7678212598425196
40
0.0068897637795276
0
CIRCLE
8
WHITE
10
5.8663818897637796
20
-4.3349370078740153
40
0.0068897637795276
0
CIRCLE
8
WHITE
10
5.9663818897637793
20
-4.3349370078740153
40
0.0068897637795276
0
CIRCLE
8
WHITE
10
5.8663818897637796
20
-4.4349370078740158
40
0.0068897637795276
0
CIRCLE
8
WHITE
10
5.9663818897637793
20
-4.4349370078740158
40
0.0068897637795276
0
CIRCLE
8
WHITE
10
5.8663818897637796
20
-4.5349370078740154
40
0.0068897637795276
0
CIRCLE
8
WHITE
10
5.9663818897637793
20
-4.5349370078740154
40
0.0068897637795276
0
CIRCLE
8
WHITE
10
5.8663818897637796
20
-4.634937007874016
40
0.0068897637795276
0
CIRCLE
8
WHITE
10
5.9663818897637793
20
-4.634937007874016
40
0.0068897637795276
0
CIRCLE
8
WHITE
10
5.8663818897637796
20
-4.7349370078740156
40
0.0068897637795276
0
CIRCLE
8
WHITE
10
5.9663818897637793
20
-4.7349370078740156
40
0.0068897637795276
0
CIRCLE
8
WHITE
10
5.8663818897637796
20
-4.8349370078740153
40
0.0068897637795276
0
CIRCLE
8
WHITE
10
5.9663818897637793
20
-4.8349370078740153
40
0.0068897637795276
0
CIRCLE
8
WHITE
10
4.9323165354330705
20
-4.2088070866141729
40
0.0068897637795276
0
CIRCLE
8
WHITE
10
4.9323165354330705
20
-4.4883141732283462
40
0.0068897637795276
0
CIRCLE
8
WHITE
10
5.3842952755905511
20
-4.2406456692913386
40
0.0068897637795276
0
CIRCLE
8
WHITE
10
5.2842952755905515
20
-4.1406456692913389
40
0.0068897637795276
0
CIRCLE
8
WHITE
10
5.2842952755905515
20
-4.3406456692913382
40
0.0068897637795276
0
CIRCLE
8
WHITE
10
5.4842952755905507
20
-4.1406456692913389
40
0.0068897637795276
0
CIRCLE
8
WHITE
10
5.4842952755905507
20
-4.3406456692913382
40
0.0068897637795276
0
CIRCLE
8
WHITE
10
6.1116574803149604
20
-4.3061968503937003
40
0.0068897637795276
0
CIRCLE
8
WHITE
10
6.2116574803149609
20
-4.3061968503937003
40
0.0068897637795276
0
CIRCLE
8
WHITE
10
6.1116574803149604
20
-4.2061968503937006
40
0.0068897637795276
0
CIRCLE
8
WHITE
10
6.2116574803149609
20
-4.2061968503937006
40
0.0068897637795276
0
CIRCLE
8
WHITE
10
6.1116574803149604
20
-4.106196850393701
40
0.0068897637795276
0
CIRCLE
8
WHITE
10
6.2116574803149609
20
-4.106196850393701
40
0.0068897637795276
  0
ENDSEC
  0
EOF
