  0
SECTION
  2
HEADER
  9
$ANGBASE
  50
0.0
  9
$ANGDIR
  70
1
  9
$MEASUREMENT
  70
0
  0
ENDSEC
  0
SECTION
  2
TABLES
  0
TABLE
  2
LTYPE
  70
4
  0
LTYPE
  5
40F
  2
CONTINUOUS
  70
0
  3
Solid line
  72
65
  73
0
  40
0.0
  0
LTYPE
  5
410
  2
DASHDOT
 70
0
  3
Dash Dot ____ _ ____ _
 72
65
 73
4
 40
2.0
 49
1.25
 49
-0.25
 49
0.25
 49
-0.25
  0
LTYPE
  5
411
  2
DASHED
 70
0
  3
Dashed __ __ __ __ __
 72
65
 73
2
 40
0.75
 49
0.5
 49
-0.25
  0
LTYPE
  5
43B
  2
DOTTED
 70
0
  3
Dotted .  .  .  .
 72
65
 73
2
 40
0.2
 49
0.0
 49
-0.2
  0
ENDTAB
  0
TABLE
  2
STYLE
  70
4
  0
STYLE
  2
KICAD
  70
0
  40
0
  41
1
  42
1
  50
0
  71
0
  3
isocp.shx
  0
STYLE
  2
KICADB
  70
0
  40
0
  41
1
  42
1
  50
0
  71
0
  3
isocp.shx
  0
STYLE
  2
KICADI
  70
0
  40
0
  41
1
  42
1
  50
15
  71
0
  3
isocp.shx
  0
STYLE
  2
KICADBI
  70
0
  40
0
  41
1
  42
1
  50
15
  71
0
  3
isocp.shx
  0
ENDTAB
  0
TABLE
  2
LAYER
  70
1
  0
LAYER
  2
BLACK
  70
0
  62
7
  6
CONTINUOUS
  0
ENDTAB
  0
ENDSEC
  0
SECTION
  2
ENTITIES
0
LINE
8
BLACK
6
CONTINUOUS
10
5.1312355511811019
20
-4.8901047244094489
11
5.1315248425196849
21
-4.8901047244094489
0
LINE
8
BLACK
6
CONTINUOUS
10
5.1315248425196849
20
-4.8901047244094489
11
5.1317949212598428
21
-4.8902165748031496
0
LINE
8
BLACK
6
CONTINUOUS
10
5.1317949212598428
20
-4.8902165748031496
11
5.1320815748031494
21
-4.8902739370078736
0
LINE
8
BLACK
6
CONTINUOUS
10
5.1320815748031494
20
-4.8902739370078736
11
5.132321929133858
21
-4.8904348818897638
0
LINE
8
BLACK
6
CONTINUOUS
10
5.132321929133858
20
-4.8904348818897638
11
5.1325892519685041
21
-4.8905456299212595
0
LINE
8
BLACK
6
CONTINUOUS
10
5.1325892519685041
20
-4.8905456299212595
11
5.1327959448818898
21
-4.8907523228346452
0
LINE
8
BLACK
6
CONTINUOUS
10
5.1327959448818898
20
-4.8907523228346452
11
5.1330388582677164
21
-4.8909149999999997
0
LINE
8
BLACK
6
CONTINUOUS
10
5.1330388582677164
20
-4.8909149999999997
11
5.1334018503937004
21
-4.8913582283464567
0
LINE
8
BLACK
6
CONTINUOUS
10
5.1334018503937004
20
-4.8913582283464567
11
5.1334038976377956
21
-4.891360275590551
0
LINE
8
BLACK
6
CONTINUOUS
10
5.1334038976377956
20
-4.891360275590551
11
5.1334042519685035
21
-4.8913611417322835
0
LINE
8
BLACK
6
CONTINUOUS
10
5.1334042519685035
20
-4.8913611417322835
11
5.1334056299212598
21
-4.891362834645669
0
LINE
8
BLACK
6
CONTINUOUS
10
5.1334056299212598
20
-4.891362834645669
11
5.1369929527559055
21
-4.8967438582677163
0
LINE
8
BLACK
6
CONTINUOUS
10
5.1369929527559055
20
-4.8967438582677163
11
5.1401969291338583
21
-4.8999478346456691
0
LINE
8
BLACK
6
CONTINUOUS
10
5.1401969291338583
20
-4.8999478346456691
11
5.1435178740157479
21
-4.9016083070866143
0
LINE
8
BLACK
6
CONTINUOUS
10
5.1435178740157479
20
-4.9016083070866143
11
5.1440077559055117
21
-4.9019166535433074
0
LINE
8
BLACK
6
CONTINUOUS
10
5.1440077559055117
20
-4.9019166535433074
11
5.1447625984251966
21
-4.902787047244094
0
LINE
8
BLACK
6
CONTINUOUS
10
5.1447625984251966
20
-4.902787047244094
11
5.1451269291338582
21
-4.90388
0
LINE
8
BLACK
6
CONTINUOUS
10
5.1451269291338582
20
-4.90388
11
5.1450452755905509
21
-4.9050292125984249
0
LINE
8
BLACK
6
CONTINUOUS
10
5.1450452755905509
20
-4.9050292125984249
11
5.1445299999999996
21
-4.9060597244094488
0
LINE
8
BLACK
6
CONTINUOUS
10
5.1445299999999996
20
-4.9060597244094488
11
5.1436596456692909
21
-4.9068145669291336
0
LINE
8
BLACK
6
CONTINUOUS
10
5.1436596456692909
20
-4.9068145669291336
11
5.142566653543307
21
-4.9071788976377952
0
LINE
8
BLACK
6
CONTINUOUS
10
5.142566653543307
20
-4.9071788976377952
11
5.1414174409448821
21
-4.907097244094488
0
LINE
8
BLACK
6
CONTINUOUS
10
5.1414174409448821
20
-4.907097244094488
11
5.1408768503937008
21
-4.9068903543307085
0
LINE
8
BLACK
6
CONTINUOUS
10
5.1408768503937008
20
-4.9068903543307085
11
5.1371273228346457
21
-4.905015590551181
0
LINE
8
BLACK
6
CONTINUOUS
10
5.1371273228346457
20
-4.905015590551181
11
5.1368794881889759
21
-4.9048595669291339
0
LINE
8
BLACK
6
CONTINUOUS
10
5.1368794881889759
20
-4.9048595669291339
11
5.1368073622047241
21
-4.9048297244094483
0
LINE
8
BLACK
6
CONTINUOUS
10
5.1368073622047241
20
-4.9048297244094483
11
5.1367261811023619
21
-4.9047631102362201
0
LINE
8
BLACK
6
CONTINUOUS
10
5.1367261811023619
20
-4.9047631102362201
11
5.1366374409448818
21
-4.9047072440944879
0
LINE
8
BLACK
6
CONTINUOUS
10
5.1366374409448818
20
-4.9047072440944879
11
5.1365862992125981
21
-4.9046483070866138
0
LINE
8
BLACK
6
CONTINUOUS
10
5.1365862992125981
20
-4.9046483070866138
11
5.1363599212598423
21
-4.9044624803149608
0
LINE
8
BLACK
6
CONTINUOUS
10
5.1363599212598423
20
-4.9044624803149608
11
5.133901535433071
21
-4.9020040944881886
0
LINE
8
BLACK
6
CONTINUOUS
10
5.133901535433071
20
-4.9020040944881886
11
5.133901535433071
21
-4.9294180708661415
0
LINE
8
BLACK
6
CONTINUOUS
10
5.133901535433071
20
-4.9294180708661415
11
5.1421973622047243
21
-4.9294180708661415
0
LINE
8
BLACK
6
CONTINUOUS
10
5.1421973622047243
20
-4.9294180708661415
11
5.1427734251968502
21
-4.9294748031496063
0
LINE
8
BLACK
6
CONTINUOUS
10
5.1427734251968502
20
-4.9294748031496063
11
5.1438378346456695
21
-4.9299157086614169
0
LINE
8
BLACK
6
CONTINUOUS
10
5.1438378346456695
20
-4.9299157086614169
11
5.1446524803149609
21
-4.9307303543307084
0
LINE
8
BLACK
6
CONTINUOUS
10
5.1446524803149609
20
-4.9307303543307084
11
5.1450933858267716
21
-4.9317947637795276
0
LINE
8
BLACK
6
CONTINUOUS
10
5.1450933858267716
20
-4.9317947637795276
11
5.1450933858267716
21
-4.9329468897637794
0
LINE
8
BLACK
6
CONTINUOUS
10
5.1450933858267716
20
-4.9329468897637794
11
5.1446524803149609
21
-4.9340112992125986
0
LINE
8
BLACK
6
CONTINUOUS
10
5.1446524803149609
20
-4.9340112992125986
11
5.1438378346456695
21
-4.9348259448818901
0
LINE
8
BLACK
6
CONTINUOUS
10
5.1438378346456695
20
-4.9348259448818901
11
5.1427734251968502
21
-4.9352668503937007
0
LINE
8
BLACK
6
CONTINUOUS
10
5.1427734251968502
20
-4.9352668503937007
11
5.1421973622047243
21
-4.9353235826771655
0
LINE
8
BLACK
6
CONTINUOUS
10
5.1421973622047243
20
-4.9353235826771655
11
5.1197001968503937
21
-4.9353235826771655
0
LINE
8
BLACK
6
CONTINUOUS
10
5.1197001968503937
20
-4.9353235826771655
11
5.1191241338582678
21
-4.9352668503937007
0
LINE
8
BLACK
6
CONTINUOUS
10
5.1191241338582678
20
-4.9352668503937007
11
5.1180597244094486
21
-4.9348259448818901
0
LINE
8
BLACK
6
CONTINUOUS
10
5.1180597244094486
20
-4.9348259448818901
11
5.1172450787401571
21
-4.9340112992125986
0
LINE
8
BLACK
6
CONTINUOUS
10
5.1172450787401571
20
-4.9340112992125986
11
5.1168041732283465
21
-4.9329468897637794
0
LINE
8
BLACK
6
CONTINUOUS
10
5.1168041732283465
20
-4.9329468897637794
11
5.1168041732283465
21
-4.9317947637795276
0
LINE
8
BLACK
6
CONTINUOUS
10
5.1168041732283465
20
-4.9317947637795276
11
5.1172450787401571
21
-4.9307303543307084
0
LINE
8
BLACK
6
CONTINUOUS
10
5.1172450787401571
20
-4.9307303543307084
11
5.1180597244094486
21
-4.9299157086614169
0
LINE
8
BLACK
6
CONTINUOUS
10
5.1180597244094486
20
-4.9299157086614169
11
5.1191241338582678
21
-4.9294748031496063
0
LINE
8
BLACK
6
CONTINUOUS
10
5.1191241338582678
20
-4.9294748031496063
11
5.1197001968503937
21
-4.9294180708661415
0
LINE
8
BLACK
6
CONTINUOUS
10
5.1197001968503937
20
-4.9294180708661415
11
5.127996023622047
21
-4.9294180708661415
0
LINE
8
BLACK
6
CONTINUOUS
10
5.127996023622047
20
-4.9294180708661415
11
5.127996023622047
21
-4.8930007480314961
0
LINE
8
BLACK
6
CONTINUOUS
10
5.127996023622047
20
-4.8930007480314961
11
5.1279962204724407
21
-4.8929986614173231
0
LINE
8
BLACK
6
CONTINUOUS
10
5.1279962204724407
20
-4.8929986614173231
11
5.127996023622047
21
-4.8929976377952755
0
LINE
8
BLACK
6
CONTINUOUS
10
5.127996023622047
20
-4.8929976377952755
11
5.1279966141732283
21
-4.8929946062992125
0
LINE
8
BLACK
6
CONTINUOUS
10
5.1279966141732283
20
-4.8929946062992125
11
5.1280527559055118
21
-4.8924246850393702
0
LINE
8
BLACK
6
CONTINUOUS
10
5.1280527559055118
20
-4.8924246850393702
11
5.1281646062992126
21
-4.8921545669291335
0
LINE
8
BLACK
6
CONTINUOUS
10
5.1281646062992126
20
-4.8921545669291335
11
5.1282219685039365
21
-4.8918679527559057
0
LINE
8
BLACK
6
CONTINUOUS
10
5.1282219685039365
20
-4.8918679527559057
11
5.1283829133858267
21
-4.8916275590551184
0
LINE
8
BLACK
6
CONTINUOUS
10
5.1283829133858267
20
-4.8916275590551184
11
5.1284936614173224
21
-4.891360275590551
0
LINE
8
BLACK
6
CONTINUOUS
10
5.1284936614173224
20
-4.891360275590551
11
5.1287003543307081
21
-4.8911535433070865
0
LINE
8
BLACK
6
CONTINUOUS
10
5.1287003543307081
20
-4.8911535433070865
11
5.1288630314960626
21
-4.8909106692913387
0
LINE
8
BLACK
6
CONTINUOUS
10
5.1288630314960626
20
-4.8909106692913387
11
5.1291037401574799
21
-4.8907501574803147
0
LINE
8
BLACK
6
CONTINUOUS
10
5.1291037401574799
20
-4.8907501574803147
11
5.1293083070866139
21
-4.8905456299212595
0
LINE
8
BLACK
6
CONTINUOUS
10
5.1293083070866139
20
-4.8905456299212595
11
5.1295783858267718
21
-4.89043374015748
0
LINE
8
BLACK
6
CONTINUOUS
10
5.1295783858267718
20
-4.89043374015748
11
5.1298216535433072
21
-4.8902715748031493
0
LINE
8
BLACK
6
CONTINUOUS
10
5.1298216535433072
20
-4.8902715748031493
11
5.1301054330708658
21
-4.8902154330708658
0
LINE
8
BLACK
6
CONTINUOUS
10
5.1301054330708658
20
-4.8902154330708658
11
5.1303727165354331
21
-4.8901047244094489
0
LINE
8
BLACK
6
CONTINUOUS
10
5.1303727165354331
20
-4.8901047244094489
11
5.1306651181102358
21
-4.8901047244094489
0
LINE
8
BLACK
6
CONTINUOUS
10
5.1306651181102358
20
-4.8901047244094489
11
5.1309518897637796
21
-4.8900479921259841
0
LINE
8
BLACK
6
CONTINUOUS
10
5.1309518897637796
20
-4.8900479921259841
11
5.1312355511811019
21
-4.8901047244094489
0
LINE
8
BLACK
6
CONTINUOUS
10
5.1687356299212599
20
-4.8900766929133859
11
5.1688133858267715
21
-4.8900711811023623
0
LINE
8
BLACK
6
CONTINUOUS
10
5.1688133858267715
20
-4.8900711811023623
11
5.1689156299212593
21
-4.8900944094488183
0
LINE
8
BLACK
6
CONTINUOUS
10
5.1689156299212593
20
-4.8900944094488183
11
5.1690201574803147
21
-4.8901047244094489
0
LINE
8
BLACK
6
CONTINUOUS
10
5.1690201574803147
20
-4.8901047244094489
11
5.1690922440944878
21
-4.8901345669291336
0
LINE
8
BLACK
6
CONTINUOUS
10
5.1690922440944878
20
-4.8901345669291336
11
5.1693778346456689
21
-4.8901995275590551
0
LINE
8
BLACK
6
CONTINUOUS
10
5.1693778346456689
20
-4.8901995275590551
11
5.1750021259842516
21
-4.8920742913385826
0
LINE
8
BLACK
6
CONTINUOUS
10
5.1750021259842516
20
-4.8920742913385826
11
5.1755306692913381
21
-4.8923102755905514
0
LINE
8
BLACK
6
CONTINUOUS
10
5.1755306692913381
20
-4.8923102755905514
11
5.1756107874015749
21
-4.8923797637795277
0
LINE
8
BLACK
6
CONTINUOUS
10
5.1756107874015749
20
-4.8923797637795277
11
5.1757088582677166
21
-4.8924203937007871
0
LINE
8
BLACK
6
CONTINUOUS
10
5.1757088582677166
20
-4.8924203937007871
11
5.1761562992125985
21
-4.8927875984251967
0
LINE
8
BLACK
6
CONTINUOUS
10
5.1761562992125985
20
-4.8927875984251967
11
5.1799058267716536
21
-4.8965371259842518
0
LINE
8
BLACK
6
CONTINUOUS
10
5.1799058267716536
20
-4.8965371259842518
11
5.1800916535433066
21
-4.8967635039370077
0
LINE
8
BLACK
6
CONTINUOUS
10
5.1800916535433066
20
-4.8967635039370077
11
5.1801505905511807
21
-4.8968146456692914
0
LINE
8
BLACK
6
CONTINUOUS
10
5.1801505905511807
20
-4.8968146456692914
11
5.1802064566929129
21
-4.8969033858267714
0
LINE
8
BLACK
6
CONTINUOUS
10
5.1802064566929129
20
-4.8969033858267714
11
5.180273070866142
21
-4.8969845669291336
0
LINE
8
BLACK
6
CONTINUOUS
10
5.180273070866142
20
-4.8969845669291336
11
5.1803029133858267
21
-4.8970566929133854
0
LINE
8
BLACK
6
CONTINUOUS
10
5.1803029133858267
20
-4.8970566929133854
11
5.1804589370078737
21
-4.8973045275590552
0
LINE
8
BLACK
6
CONTINUOUS
10
5.1804589370078737
20
-4.8973045275590552
11
5.1823337007874013
21
-4.9010540551181103
0
LINE
8
BLACK
6
CONTINUOUS
10
5.1823337007874013
20
-4.9010540551181103
11
5.1823498031496058
21
-4.9010961417322836
0
LINE
8
BLACK
6
CONTINUOUS
10
5.1823498031496058
20
-4.9010961417322836
11
5.1823625196850394
21
-4.9011133070866144
0
LINE
8
BLACK
6
CONTINUOUS
10
5.1823625196850394
20
-4.9011133070866144
11
5.1824485826771651
21
-4.9013542125984255
0
LINE
8
BLACK
6
CONTINUOUS
10
5.1824485826771651
20
-4.9013542125984255
11
5.1825405905511808
21
-4.9015946456692916
0
LINE
8
BLACK
6
CONTINUOUS
10
5.1825405905511808
20
-4.9015946456692916
11
5.1825420866141734
21
-4.9016159055118109
0
LINE
8
BLACK
6
CONTINUOUS
10
5.1825420866141734
20
-4.9016159055118109
11
5.1825572834645666
21
-4.9016584251968505
0
LINE
8
BLACK
6
CONTINUOUS
10
5.1825572834645666
20
-4.9016584251968505
11
5.1844320472440941
21
-4.9091574803149607
0
LINE
8
BLACK
6
CONTINUOUS
10
5.1844320472440941
20
-4.9091574803149607
11
5.1844468110236219
21
-4.9092573228346454
0
LINE
8
BLACK
6
CONTINUOUS
10
5.1844468110236219
20
-4.9092573228346454
11
5.184463464566929
21
-4.9092975590551182
0
LINE
8
BLACK
6
CONTINUOUS
10
5.184463464566929
20
-4.9092975590551182
11
5.1844848031496058
21
-4.9095145669291336
0
LINE
8
BLACK
6
CONTINUOUS
10
5.1844848031496058
20
-4.9095145669291336
11
5.1845166929133857
21
-4.9097300787401572
0
LINE
8
BLACK
6
CONTINUOUS
10
5.1845166929133857
20
-4.9097300787401572
11
5.1845102755905508
21
-4.9097730708661418
0
LINE
8
BLACK
6
CONTINUOUS
10
5.1845102755905508
20
-4.9097730708661418
11
5.1845201968503938
21
-4.9098736220472441
0
LINE
8
BLACK
6
CONTINUOUS
10
5.1845201968503938
20
-4.9098736220472441
11
5.1845201968503938
21
-4.9154979133858268
0
LINE
8
BLACK
6
CONTINUOUS
10
5.1845201968503938
20
-4.9154979133858268
11
5.1845102755905508
21
-4.9155984251968503
0
LINE
8
BLACK
6
CONTINUOUS
10
5.1845102755905508
20
-4.9155984251968503
11
5.1845166929133857
21
-4.9156414566929136
0
LINE
8
BLACK
6
CONTINUOUS
10
5.1845166929133857
20
-4.9156414566929136
11
5.1844848031496058
21
-4.9158569291338585
0
LINE
8
BLACK
6
CONTINUOUS
10
5.1844848031496058
20
-4.9158569291338585
11
5.184463464566929
21
-4.9160739763779526
0
LINE
8
BLACK
6
CONTINUOUS
10
5.184463464566929
20
-4.9160739763779526
11
5.1844468110236219
21
-4.9161141732283467
0
LINE
8
BLACK
6
CONTINUOUS
10
5.1844468110236219
20
-4.9161141732283467
11
5.1844320472440941
21
-4.9162140551181102
0
LINE
8
BLACK
6
CONTINUOUS
10
5.1844320472440941
20
-4.9162140551181102
11
5.1825572834645666
21
-4.9237131102362204
0
LINE
8
BLACK
6
CONTINUOUS
10
5.1825572834645666
20
-4.9237131102362204
11
5.1825420866141734
21
-4.9237555905511812
0
LINE
8
BLACK
6
CONTINUOUS
10
5.1825420866141734
20
-4.9237555905511812
11
5.1825405905511808
21
-4.9237768897637793
0
LINE
8
BLACK
6
CONTINUOUS
10
5.1825405905511808
20
-4.9237768897637793
11
5.1824488188976376
21
-4.9240166141732287
0
LINE
8
BLACK
6
CONTINUOUS
10
5.1824488188976376
20
-4.9240166141732287
11
5.1823625196850394
21
-4.9242582283464564
0
LINE
8
BLACK
6
CONTINUOUS
10
5.1823625196850394
20
-4.9242582283464564
11
5.1823498031496058
21
-4.9242753543307085
0
LINE
8
BLACK
6
CONTINUOUS
10
5.1823498031496058
20
-4.9242753543307085
11
5.1823337007874013
21
-4.9243174803149605
0
LINE
8
BLACK
6
CONTINUOUS
10
5.1823337007874013
20
-4.9243174803149605
11
5.1804589370078737
21
-4.9280670078740156
0
LINE
8
BLACK
6
CONTINUOUS
10
5.1804589370078737
20
-4.9280670078740156
11
5.180302874015748
21
-4.9283148818897633
0
LINE
8
BLACK
6
CONTINUOUS
10
5.180302874015748
20
-4.9283148818897633
11
5.180273070866142
21
-4.9283869291338585
0
LINE
8
BLACK
6
CONTINUOUS
10
5.180273070866142
20
-4.9283869291338585
11
5.1802065354330704
21
-4.9284679527559057
0
LINE
8
BLACK
6
CONTINUOUS
10
5.1802065354330704
20
-4.9284679527559057
11
5.1801505905511807
21
-4.9285568897637795
0
LINE
8
BLACK
6
CONTINUOUS
10
5.1801505905511807
20
-4.9285568897637795
11
5.1800915748031491
21
-4.9286080314960632
0
LINE
8
BLACK
6
CONTINUOUS
10
5.1800915748031491
20
-4.9286080314960632
11
5.1799058661417323
21
-4.9288343700787403
0
LINE
8
BLACK
6
CONTINUOUS
10
5.1799058661417323
20
-4.9288343700787403
11
5.1761562992125985
21
-4.9325839763779529
0
LINE
8
BLACK
6
CONTINUOUS
10
5.1761562992125985
20
-4.9325839763779529
11
5.1757088582677166
21
-4.9329511811023625
0
LINE
8
BLACK
6
CONTINUOUS
10
5.1757088582677166
20
-4.9329511811023625
11
5.1756107874015749
21
-4.9329917716535432
0
LINE
8
BLACK
6
CONTINUOUS
10
5.1756107874015749
20
-4.9329917716535432
11
5.1755306692913381
21
-4.9330612992125982
0
LINE
8
BLACK
6
CONTINUOUS
10
5.1755306692913381
20
-4.9330612992125982
11
5.1750021259842516
21
-4.933297283464567
0
LINE
8
BLACK
6
CONTINUOUS
10
5.1750021259842516
20
-4.933297283464567
11
5.1693778346456689
21
-4.9351720472440945
0
LINE
8
BLACK
6
CONTINUOUS
10
5.1693778346456689
20
-4.9351720472440945
11
5.1690922440944878
21
-4.9352369685039372
0
LINE
8
BLACK
6
CONTINUOUS
10
5.1690922440944878
20
-4.9352369685039372
11
5.1690201574803147
21
-4.9352668503937007
0
LINE
8
BLACK
6
CONTINUOUS
10
5.1690201574803147
20
-4.9352668503937007
11
5.1689156299212593
21
-4.9352771259842516
0
LINE
8
BLACK
6
CONTINUOUS
10
5.1689156299212593
20
-4.9352771259842516
11
5.1688133858267715
21
-4.9353003937007873
0
LINE
8
BLACK
6
CONTINUOUS
10
5.1688133858267715
20
-4.9353003937007873
11
5.1687356299212599
21
-4.935294842519685
0
LINE
8
BLACK
6
CONTINUOUS
10
5.1687356299212599
20
-4.935294842519685
11
5.1684440944881889
21
-4.9353235826771655
0
LINE
8
BLACK
6
CONTINUOUS
10
5.1684440944881889
20
-4.9353235826771655
11
5.1646945669291338
21
-4.9353235826771655
0
LINE
8
BLACK
6
CONTINUOUS
10
5.1646945669291338
20
-4.9353235826771655
11
5.1644029527559052
21
-4.935294842519685
0
LINE
8
BLACK
6
CONTINUOUS
10
5.1644029527559052
20
-4.935294842519685
11
5.1643252362204723
21
-4.9353003937007873
0
LINE
8
BLACK
6
CONTINUOUS
10
5.1643252362204723
20
-4.9353003937007873
11
5.1642229527559058
21
-4.9352771259842516
0
LINE
8
BLACK
6
CONTINUOUS
10
5.1642229527559058
20
-4.9352771259842516
11
5.1641185039370079
21
-4.9352668503937007
0
LINE
8
BLACK
6
CONTINUOUS
10
5.1641185039370079
20
-4.9352668503937007
11
5.1640464173228349
21
-4.9352369685039372
0
LINE
8
BLACK
6
CONTINUOUS
10
5.1640464173228349
20
-4.9352369685039372
11
5.163760787401575
21
-4.9351720472440945
0
LINE
8
BLACK
6
CONTINUOUS
10
5.163760787401575
20
-4.9351720472440945
11
5.158136535433071
21
-4.933297283464567
0
LINE
8
BLACK
6
CONTINUOUS
10
5.158136535433071
20
-4.933297283464567
11
5.1576079527559058
21
-4.9330612992125982
0
LINE
8
BLACK
6
CONTINUOUS
10
5.1576079527559058
20
-4.9330612992125982
11
5.1575277559055115
21
-4.9329917322834644
0
LINE
8
BLACK
6
CONTINUOUS
10
5.1575277559055115
20
-4.9329917322834644
11
5.157429803149606
21
-4.9329511811023625
0
LINE
8
BLACK
6
CONTINUOUS
10
5.157429803149606
20
-4.9329511811023625
11
5.1569823228346454
21
-4.9325839370078741
0
LINE
8
BLACK
6
CONTINUOUS
10
5.1569823228346454
20
-4.9325839370078741
11
5.1551075590551179
21
-4.9307091338582678
0
LINE
8
BLACK
6
CONTINUOUS
10
5.1551075590551179
20
-4.9307091338582678
11
5.1547403543307082
21
-4.930261692913386
0
LINE
8
BLACK
6
CONTINUOUS
10
5.1547403543307082
20
-4.930261692913386
11
5.1542994881889763
21
-4.9291972834645668
0
LINE
8
BLACK
6
CONTINUOUS
10
5.1542994881889763
20
-4.9291972834645668
11
5.1542994881889763
21
-4.9280451968503938
0
LINE
8
BLACK
6
CONTINUOUS
10
5.1542994881889763
20
-4.9280451968503938
11
5.154740393700787
21
-4.9269807874015745
0
LINE
8
BLACK
6
CONTINUOUS
10
5.154740393700787
20
-4.9269807874015745
11
5.1555550787401572
21
-4.9261661023622043
0
LINE
8
BLACK
6
CONTINUOUS
10
5.1555550787401572
20
-4.9261661023622043
11
5.1566194881889764
21
-4.9257252362204724
0
LINE
8
BLACK
6
CONTINUOUS
10
5.1566194881889764
20
-4.9257252362204724
11
5.1577715748031494
21
-4.9257252362204724
0
LINE
8
BLACK
6
CONTINUOUS
10
5.1577715748031494
20
-4.9257252362204724
11
5.1588359842519687
21
-4.9261661417322831
0
LINE
8
BLACK
6
CONTINUOUS
10
5.1588359842519687
20
-4.9261661417322831
11
5.1592834645669292
21
-4.9265333858267715
0
LINE
8
BLACK
6
CONTINUOUS
10
5.1592834645669292
20
-4.9265333858267715
11
5.1606653149606299
21
-4.9279152755905509
0
LINE
8
BLACK
6
CONTINUOUS
10
5.1606653149606299
20
-4.9279152755905509
11
5.1651737007874017
21
-4.9294180708661415
0
LINE
8
BLACK
6
CONTINUOUS
10
5.1651737007874017
20
-4.9294180708661415
11
5.1679649606299209
21
-4.9294180708661415
0
LINE
8
BLACK
6
CONTINUOUS
10
5.1679649606299209
20
-4.9294180708661415
11
5.1724733464566928
21
-4.9279152362204721
0
LINE
8
BLACK
6
CONTINUOUS
10
5.1724733464566928
20
-4.9279152362204721
11
5.1753911417322831
21
-4.924997401574803
0
LINE
8
BLACK
6
CONTINUOUS
10
5.1753911417322831
20
-4.924997401574803
11
5.1769066535433073
21
-4.9219664173228344
0
LINE
8
BLACK
6
CONTINUOUS
10
5.1769066535433073
20
-4.9219664173228344
11
5.1786146850393697
21
-4.9151343700787402
0
LINE
8
BLACK
6
CONTINUOUS
10
5.1786146850393697
20
-4.9151343700787402
11
5.1786146850393697
21
-4.9102371653543306
0
LINE
8
BLACK
6
CONTINUOUS
10
5.1786146850393697
20
-4.9102371653543306
11
5.1769066535433073
21
-4.9034051181102365
0
LINE
8
BLACK
6
CONTINUOUS
10
5.1769066535433073
20
-4.9034051181102365
11
5.1753911811023618
21
-4.9003741338582678
0
LINE
8
BLACK
6
CONTINUOUS
10
5.1753911811023618
20
-4.9003741338582678
11
5.1724733464566928
21
-4.8974562992125987
0
LINE
8
BLACK
6
CONTINUOUS
10
5.1724733464566928
20
-4.8974562992125987
11
5.1679649606299209
21
-4.8959535039370081
0
LINE
8
BLACK
6
CONTINUOUS
10
5.1679649606299209
20
-4.8959535039370081
11
5.1651737007874017
21
-4.8959535039370081
0
LINE
8
BLACK
6
CONTINUOUS
10
5.1651737007874017
20
-4.8959535039370081
11
5.1606653149606299
21
-4.8974562992125987
0
LINE
8
BLACK
6
CONTINUOUS
10
5.1606653149606299
20
-4.8974562992125987
11
5.1592834251968505
21
-4.8988381889763781
0
LINE
8
BLACK
6
CONTINUOUS
10
5.1592834251968505
20
-4.8988381889763781
11
5.1588359842519687
21
-4.8992053937007869
0
LINE
8
BLACK
6
CONTINUOUS
10
5.1588359842519687
20
-4.8992053937007869
11
5.1577715354330707
21
-4.8996462992125984
0
LINE
8
BLACK
6
CONTINUOUS
10
5.1577715354330707
20
-4.8996462992125984
11
5.1566194881889764
21
-4.8996462992125984
0
LINE
8
BLACK
6
CONTINUOUS
10
5.1566194881889764
20
-4.8996462992125984
11
5.1555550393700784
21
-4.8992053937007869
0
LINE
8
BLACK
6
CONTINUOUS
10
5.1555550393700784
20
-4.8992053937007869
11
5.154740393700787
21
-4.8983907480314963
0
LINE
8
BLACK
6
CONTINUOUS
10
5.154740393700787
20
-4.8983907480314963
11
5.1542994881889763
21
-4.8973262992125983
0
LINE
8
BLACK
6
CONTINUOUS
10
5.1542994881889763
20
-4.8973262992125983
11
5.1542994881889763
21
-4.8961742519685041
0
LINE
8
BLACK
6
CONTINUOUS
10
5.1542994881889763
20
-4.8961742519685041
11
5.154740393700787
21
-4.8951098031496061
0
LINE
8
BLACK
6
CONTINUOUS
10
5.154740393700787
20
-4.8951098031496061
11
5.1551075984251966
21
-4.8946623622047243
0
LINE
8
BLACK
6
CONTINUOUS
10
5.1551075984251966
20
-4.8946623622047243
11
5.1569823622047242
21
-4.8927875984251967
0
LINE
8
BLACK
6
CONTINUOUS
10
5.1569823622047242
20
-4.8927875984251967
11
5.157429803149606
21
-4.8924203937007871
0
LINE
8
BLACK
6
CONTINUOUS
10
5.157429803149606
20
-4.8924203937007871
11
5.1575277559055115
21
-4.8923798031496064
0
LINE
8
BLACK
6
CONTINUOUS
10
5.1575277559055115
20
-4.8923798031496064
11
5.1576079527559058
21
-4.8923102755905514
0
LINE
8
BLACK
6
CONTINUOUS
10
5.1576079527559058
20
-4.8923102755905514
11
5.158136535433071
21
-4.8920742913385826
0
LINE
8
BLACK
6
CONTINUOUS
10
5.158136535433071
20
-4.8920742913385826
11
5.163760787401575
21
-4.8901995275590551
0
LINE
8
BLACK
6
CONTINUOUS
10
5.163760787401575
20
-4.8901995275590551
11
5.1640464173228349
21
-4.8901345669291336
0
LINE
8
BLACK
6
CONTINUOUS
10
5.1640464173228349
20
-4.8901345669291336
11
5.1641185039370079
21
-4.8901047244094489
0
LINE
8
BLACK
6
CONTINUOUS
10
5.1641185039370079
20
-4.8901047244094489
11
5.1642229527559058
21
-4.8900944094488183
0
LINE
8
BLACK
6
CONTINUOUS
10
5.1642229527559058
20
-4.8900944094488183
11
5.1643252362204723
21
-4.8900711811023623
0
LINE
8
BLACK
6
CONTINUOUS
10
5.1643252362204723
20
-4.8900711811023623
11
5.1644029527559052
21
-4.8900766929133859
0
LINE
8
BLACK
6
CONTINUOUS
10
5.1644029527559052
20
-4.8900766929133859
11
5.1646945669291338
21
-4.8900479921259841
0
LINE
8
BLACK
6
CONTINUOUS
10
5.1646945669291338
20
-4.8900479921259841
11
5.1684440944881889
21
-4.8900479921259841
0
LINE
8
BLACK
6
CONTINUOUS
10
5.1684440944881889
20
-4.8900479921259841
11
5.1687356299212599
21
-4.8900766929133859
0
LINE
8
BLACK
6
CONTINUOUS
10
5.2893988582677167
20
-4.8901047244094489
11
5.289496850393701
21
-4.8901453149606295
0
LINE
8
BLACK
6
CONTINUOUS
10
5.289496850393701
20
-4.8901453149606295
11
5.2896026771653544
21
-4.8901528346456695
0
LINE
8
BLACK
6
CONTINUOUS
10
5.2896026771653544
20
-4.8901528346456695
11
5.2901433070866144
21
-4.890359724409449
0
LINE
8
BLACK
6
CONTINUOUS
10
5.2901433070866144
20
-4.890359724409449
11
5.2938928346456695
21
-4.8922344881889765
0
LINE
8
BLACK
6
CONTINUOUS
10
5.2938928346456695
20
-4.8922344881889765
11
5.2941408267716534
21
-4.8923905511811023
0
LINE
8
BLACK
6
CONTINUOUS
10
5.2941408267716534
20
-4.8923905511811023
11
5.2942127952755902
21
-4.8924203937007871
0
LINE
8
BLACK
6
CONTINUOUS
10
5.2942127952755902
20
-4.8924203937007871
11
5.2942937401574799
21
-4.8924868503937002
0
LINE
8
BLACK
6
CONTINUOUS
10
5.2942937401574799
20
-4.8924868503937002
11
5.2943827165354334
21
-4.8925428346456687
0
LINE
8
BLACK
6
CONTINUOUS
10
5.2943827165354334
20
-4.8925428346456687
11
5.2944338582677162
21
-4.8926018110236216
0
LINE
8
BLACK
6
CONTINUOUS
10
5.2944338582677162
20
-4.8926018110236216
11
5.294660236220472
21
-4.8927875984251967
0
LINE
8
BLACK
6
CONTINUOUS
10
5.294660236220472
20
-4.8927875984251967
11
5.2965349999999995
21
-4.8946623622047243
0
LINE
8
BLACK
6
CONTINUOUS
10
5.2965349999999995
20
-4.8946623622047243
11
5.2965362992125984
21
-4.8946639370078735
0
LINE
8
BLACK
6
CONTINUOUS
10
5.2965362992125984
20
-4.8946639370078735
11
5.2965371653543309
21
-4.8946645275590548
0
LINE
8
BLACK
6
CONTINUOUS
10
5.2965371653543309
20
-4.8946645275590548
11
5.2967254724409445
21
-4.8948944881889762
0
LINE
8
BLACK
6
CONTINUOUS
10
5.2967254724409445
20
-4.8948944881889762
11
5.2969022047244092
21
-4.8951098031496061
0
LINE
8
BLACK
6
CONTINUOUS
10
5.2969022047244092
20
-4.8951098031496061
11
5.296902559055118
21
-4.8951106692913386
0
LINE
8
BLACK
6
CONTINUOUS
10
5.296902559055118
20
-4.8951106692913386
11
5.2969039370078743
21
-4.8951123622047241
0
LINE
8
BLACK
6
CONTINUOUS
10
5.2969039370078743
20
-4.8951123622047241
11
5.3006534645669294
21
-4.9007366929133855
0
LINE
8
BLACK
6
CONTINUOUS
10
5.3006534645669294
20
-4.9007366929133855
11
5.3008229133858267
21
-4.9010545669291341
0
LINE
8
BLACK
6
CONTINUOUS
10
5.3008229133858267
20
-4.9010545669291341
11
5.3008664566929129
21
-4.9011133070866144
0
LINE
8
BLACK
6
CONTINUOUS
10
5.3008664566929129
20
-4.9011133070866144
11
5.3008912204724412
21
-4.9011826771653544
0
LINE
8
BLACK
6
CONTINUOUS
10
5.3008912204724412
20
-4.9011826771653544
11
5.3009257874015745
21
-4.9012474803149608
0
LINE
8
BLACK
6
CONTINUOUS
10
5.3009257874015745
20
-4.9012474803149608
11
5.3009398818897635
21
-4.901318897637795
0
LINE
8
BLACK
6
CONTINUOUS
10
5.3009398818897635
20
-4.901318897637795
11
5.301061220472441
21
-4.9016584251968505
0
LINE
8
BLACK
6
CONTINUOUS
10
5.301061220472441
20
-4.9016584251968505
11
5.3029359842519685
21
-4.9091574803149607
0
LINE
8
BLACK
6
CONTINUOUS
10
5.3029359842519685
20
-4.9091574803149607
11
5.3029507480314964
21
-4.9092573228346454
0
LINE
8
BLACK
6
CONTINUOUS
10
5.3029507480314964
20
-4.9092573228346454
11
5.3029674015748034
21
-4.9092975590551182
0
LINE
8
BLACK
6
CONTINUOUS
10
5.3029674015748034
20
-4.9092975590551182
11
5.3029887401574802
21
-4.9095145669291336
0
LINE
8
BLACK
6
CONTINUOUS
10
5.3029887401574802
20
-4.9095145669291336
11
5.3030206299212601
21
-4.9097300787401572
0
LINE
8
BLACK
6
CONTINUOUS
10
5.3030206299212601
20
-4.9097300787401572
11
5.3030142125984252
21
-4.9097730708661418
0
LINE
8
BLACK
6
CONTINUOUS
10
5.3030142125984252
20
-4.9097730708661418
11
5.3030241338582673
21
-4.9098736220472441
0
LINE
8
BLACK
6
CONTINUOUS
10
5.3030241338582673
20
-4.9098736220472441
11
5.3030241338582673
21
-4.9248717322834645
0
LINE
8
BLACK
6
CONTINUOUS
10
5.3030241338582673
20
-4.9248717322834645
11
5.3029674015748034
21
-4.9254477952755904
0
LINE
8
BLACK
6
CONTINUOUS
10
5.3029674015748034
20
-4.9254477952755904
11
5.3029268110236218
21
-4.9255457480314959
0
LINE
8
BLACK
6
CONTINUOUS
10
5.3029268110236218
20
-4.9255457480314959
11
5.3029192913385828
21
-4.9256516535433068
0
LINE
8
BLACK
6
CONTINUOUS
10
5.3029192913385828
20
-4.9256516535433068
11
5.3027124015748033
21
-4.9261922440944881
0
LINE
8
BLACK
6
CONTINUOUS
10
5.3027124015748033
20
-4.9261922440944881
11
5.3008376377952757
21
-4.9299417716535432
0
LINE
8
BLACK
6
CONTINUOUS
10
5.3008376377952757
20
-4.9299417716535432
11
5.3006815748031491
21
-4.9301896456692909
0
LINE
8
BLACK
6
CONTINUOUS
10
5.3006815748031491
20
-4.9301896456692909
11
5.3006517716535431
21
-4.930261692913386
0
LINE
8
BLACK
6
CONTINUOUS
10
5.3006517716535431
20
-4.930261692913386
11
5.3005852362204724
21
-4.9303427165354332
0
LINE
8
BLACK
6
CONTINUOUS
10
5.3005852362204724
20
-4.9303427165354332
11
5.3005292913385826
21
-4.930431653543307
0
LINE
8
BLACK
6
CONTINUOUS
10
5.3005292913385826
20
-4.930431653543307
11
5.3004702755905511
21
-4.9304827952755907
0
LINE
8
BLACK
6
CONTINUOUS
10
5.3004702755905511
20
-4.9304827952755907
11
5.3002845275590547
21
-4.9307091732283466
0
LINE
8
BLACK
6
CONTINUOUS
10
5.3002845275590547
20
-4.9307091732283466
11
5.2984098031496059
21
-4.9325839370078741
0
LINE
8
BLACK
6
CONTINUOUS
10
5.2984098031496059
20
-4.9325839370078741
11
5.29818342519685
21
-4.9327696850393696
0
LINE
8
BLACK
6
CONTINUOUS
10
5.29818342519685
20
-4.9327696850393696
11
5.2981322440944885
21
-4.93282874015748
0
LINE
8
BLACK
6
CONTINUOUS
10
5.2981322440944885
20
-4.93282874015748
11
5.298043267716535
21
-4.9328847244094485
0
LINE
8
BLACK
6
CONTINUOUS
10
5.298043267716535
20
-4.9328847244094485
11
5.2979623228346453
21
-4.9329511811023625
0
LINE
8
BLACK
6
CONTINUOUS
10
5.2979623228346453
20
-4.9329511811023625
11
5.2978903543307085
21
-4.9329809842519685
0
LINE
8
BLACK
6
CONTINUOUS
10
5.2978903543307085
20
-4.9329809842519685
11
5.2976423622047246
21
-4.9331370866141731
0
LINE
8
BLACK
6
CONTINUOUS
10
5.2976423622047246
20
-4.9331370866141731
11
5.2938928346456695
21
-4.9350118503937006
0
LINE
8
BLACK
6
CONTINUOUS
10
5.2938928346456695
20
-4.9350118503937006
11
5.2933522047244095
21
-4.9352187401574801
0
LINE
8
BLACK
6
CONTINUOUS
10
5.2933522047244095
20
-4.9352187401574801
11
5.2932463779527561
21
-4.9352262204724404
0
LINE
8
BLACK
6
CONTINUOUS
10
5.2932463779527561
20
-4.9352262204724404
11
5.2931483858267718
21
-4.9352668503937007
0
LINE
8
BLACK
6
CONTINUOUS
10
5.2931483858267718
20
-4.9352668503937007
11
5.292572322834646
21
-4.9353235826771655
0
LINE
8
BLACK
6
CONTINUOUS
10
5.292572322834646
20
-4.9353235826771655
11
5.2850732677165357
21
-4.9353235826771655
0
LINE
8
BLACK
6
CONTINUOUS
10
5.2850732677165357
20
-4.9353235826771655
11
5.284497204724409
21
-4.9352668503937007
0
LINE
8
BLACK
6
CONTINUOUS
10
5.284497204724409
20
-4.9352668503937007
11
5.2843992125984247
21
-4.9352262598425192
0
LINE
8
BLACK
6
CONTINUOUS
10
5.2843992125984247
20
-4.9352262598425192
11
5.2842933464566926
21
-4.9352187401574801
0
LINE
8
BLACK
6
CONTINUOUS
10
5.2842933464566926
20
-4.9352187401574801
11
5.2837527559055113
21
-4.9350118503937006
0
LINE
8
BLACK
6
CONTINUOUS
10
5.2837527559055113
20
-4.9350118503937006
11
5.2800032283464562
21
-4.9331370866141731
0
LINE
8
BLACK
6
CONTINUOUS
10
5.2800032283464562
20
-4.9331370866141731
11
5.2797551968503935
21
-4.9329809842519685
0
LINE
8
BLACK
6
CONTINUOUS
10
5.2797551968503935
20
-4.9329809842519685
11
5.2796832677165355
21
-4.9329511811023625
0
LINE
8
BLACK
6
CONTINUOUS
10
5.2796832677165355
20
-4.9329511811023625
11
5.2796022834645671
21
-4.9328847244094485
0
LINE
8
BLACK
6
CONTINUOUS
10
5.2796022834645671
20
-4.9328847244094485
11
5.2795133464566932
21
-4.93282874015748
0
LINE
8
BLACK
6
CONTINUOUS
10
5.2795133464566932
20
-4.93282874015748
11
5.279462125984252
21
-4.9327696850393696
0
LINE
8
BLACK
6
CONTINUOUS
10
5.279462125984252
20
-4.9327696850393696
11
5.279235787401575
21
-4.9325839370078741
0
LINE
8
BLACK
6
CONTINUOUS
10
5.279235787401575
20
-4.9325839370078741
11
5.2773610236220474
21
-4.9307091338582678
0
LINE
8
BLACK
6
CONTINUOUS
10
5.2773610236220474
20
-4.9307091338582678
11
5.277175275590551
21
-4.9304827952755907
0
LINE
8
BLACK
6
CONTINUOUS
10
5.277175275590551
20
-4.9304827952755907
11
5.2771162992125982
21
-4.930431653543307
0
LINE
8
BLACK
6
CONTINUOUS
10
5.2771162992125982
20
-4.930431653543307
11
5.2770603149606297
21
-4.9303427165354332
0
LINE
8
BLACK
6
CONTINUOUS
10
5.2770603149606297
20
-4.9303427165354332
11
5.2769938188976377
21
-4.930261692913386
0
LINE
8
BLACK
6
CONTINUOUS
10
5.2769938188976377
20
-4.930261692913386
11
5.276963976377953
21
-4.9301896456692909
0
LINE
8
BLACK
6
CONTINUOUS
10
5.276963976377953
20
-4.9301896456692909
11
5.2768079527559051
21
-4.9299417716535432
0
LINE
8
BLACK
6
CONTINUOUS
10
5.2768079527559051
20
-4.9299417716535432
11
5.2749331889763775
21
-4.9261922440944881
0
LINE
8
BLACK
6
CONTINUOUS
10
5.2749331889763775
20
-4.9261922440944881
11
5.2747262992125981
21
-4.9256516141732281
0
LINE
8
BLACK
6
CONTINUOUS
10
5.2747262992125981
20
-4.9256516141732281
11
5.274718779527559
21
-4.9255457874015747
0
LINE
8
BLACK
6
CONTINUOUS
10
5.274718779527559
20
-4.9255457874015747
11
5.2746781889763774
21
-4.9254477952755904
0
LINE
8
BLACK
6
CONTINUOUS
10
5.2746781889763774
20
-4.9254477952755904
11
5.2746214566929135
21
-4.9248717322834645
0
LINE
8
BLACK
6
CONTINUOUS
10
5.2746214566929135
20
-4.9248717322834645
11
5.2746214566929135
21
-4.9154979133858268
0
LINE
8
BLACK
6
CONTINUOUS
10
5.2746214566929135
20
-4.9154979133858268
11
5.2746781889763774
21
-4.9149218503937009
0
LINE
8
BLACK
6
CONTINUOUS
10
5.2746781889763774
20
-4.9149218503937009
11
5.274718779527559
21
-4.9148238188976379
0
LINE
8
BLACK
6
CONTINUOUS
10
5.274718779527559
20
-4.9148238188976379
11
5.2747262992125981
21
-4.9147180314960632
0
LINE
8
BLACK
6
CONTINUOUS
10
5.2747262992125981
20
-4.9147180314960632
11
5.2749331889763775
21
-4.9141774015748032
0
LINE
8
BLACK
6
CONTINUOUS
10
5.2749331889763775
20
-4.9141774015748032
11
5.2768079527559051
21
-4.9104278740157481
0
LINE
8
BLACK
6
CONTINUOUS
10
5.2768079527559051
20
-4.9104278740157481
11
5.2769640157480318
21
-4.9101798425196845
0
LINE
8
BLACK
6
CONTINUOUS
10
5.2769640157480318
20
-4.9101798425196845
11
5.2769938582677165
21
-4.9101079133858265
0
LINE
8
BLACK
6
CONTINUOUS
10
5.2769938582677165
20
-4.9101079133858265
11
5.2770603149606297
21
-4.9100269291338581
0
LINE
8
BLACK
6
CONTINUOUS
10
5.2770603149606297
20
-4.9100269291338581
11
5.2771162992125982
21
-4.9099379921259843
0
LINE
8
BLACK
6
CONTINUOUS
10
5.2771162992125982
20
-4.9099379921259843
11
5.277175275590551
21
-4.9098868110236218
0
LINE
8
BLACK
6
CONTINUOUS
10
5.277175275590551
20
-4.9098868110236218
11
5.2773610629921262
21
-4.9096604724409447
0
LINE
8
BLACK
6
CONTINUOUS
10
5.2773610629921262
20
-4.9096604724409447
11
5.2792358267716537
21
-4.9077857086614172
0
LINE
8
BLACK
6
CONTINUOUS
10
5.2792358267716537
20
-4.9077857086614172
11
5.2794621653543308
21
-4.907599921259842
0
LINE
8
BLACK
6
CONTINUOUS
10
5.2794621653543308
20
-4.907599921259842
11
5.2795133464566932
21
-4.9075409448818901
0
LINE
8
BLACK
6
CONTINUOUS
10
5.2795133464566932
20
-4.9075409448818901
11
5.2796022834645671
21
-4.9074849606299216
0
LINE
8
BLACK
6
CONTINUOUS
10
5.2796022834645671
20
-4.9074849606299216
11
5.2796832677165355
21
-4.9074185039370075
0
LINE
8
BLACK
6
CONTINUOUS
10
5.2796832677165355
20
-4.9074185039370075
11
5.2797551968503935
21
-4.9073886614173228
0
LINE
8
BLACK
6
CONTINUOUS
10
5.2797551968503935
20
-4.9073886614173228
11
5.2800032283464562
21
-4.907232598425197
0
LINE
8
BLACK
6
CONTINUOUS
10
5.2800032283464562
20
-4.907232598425197
11
5.2837527559055113
21
-4.9053578346456694
0
LINE
8
BLACK
6
CONTINUOUS
10
5.2837527559055113
20
-4.9053578346456694
11
5.2842933464566926
21
-4.90515094488189
0
LINE
8
BLACK
6
CONTINUOUS
10
5.2842933464566926
20
-4.90515094488189
11
5.2843992125984247
21
-4.9051433858267712
0
LINE
8
BLACK
6
CONTINUOUS
10
5.2843992125984247
20
-4.9051433858267712
11
5.284497204724409
21
-4.9051028346456693
0
LINE
8
BLACK
6
CONTINUOUS
10
5.284497204724409
20
-4.9051028346456693
11
5.2850732677165357
21
-4.9050461023622045
0
LINE
8
BLACK
6
CONTINUOUS
10
5.2850732677165357
20
-4.9050461023622045
11
5.292572322834646
21
-4.9050461023622045
0
LINE
8
BLACK
6
CONTINUOUS
10
5.292572322834646
20
-4.9050461023622045
11
5.2931483858267718
21
-4.9051028346456693
0
LINE
8
BLACK
6
CONTINUOUS
10
5.2931483858267718
20
-4.9051028346456693
11
5.2932463779527561
21
-4.90514342519685
0
LINE
8
BLACK
6
CONTINUOUS
10
5.2932463779527561
20
-4.90514342519685
11
5.2933522047244095
21
-4.90515094488189
0
LINE
8
BLACK
6
CONTINUOUS
10
5.2933522047244095
20
-4.90515094488189
11
5.2938928346456695
21
-4.9053578346456694
0
LINE
8
BLACK
6
CONTINUOUS
10
5.2938928346456695
20
-4.9053578346456694
11
5.2961853543307083
21
-4.9065040944881888
0
LINE
8
BLACK
6
CONTINUOUS
10
5.2961853543307083
20
-4.9065040944881888
11
5.2954560629921259
21
-4.9035869291338585
0
LINE
8
BLACK
6
CONTINUOUS
10
5.2954560629921259
20
-4.9035869291338585
11
5.2921523622047246
21
-4.8986313779527562
0
LINE
8
BLACK
6
CONTINUOUS
10
5.2921523622047246
20
-4.8986313779527562
11
5.2908232283464569
21
-4.8973022440944884
0
LINE
8
BLACK
6
CONTINUOUS
10
5.2908232283464569
20
-4.8973022440944884
11
5.2881257480314963
21
-4.8959535039370081
0
LINE
8
BLACK
6
CONTINUOUS
10
5.2881257480314963
20
-4.8959535039370081
11
5.2813237401574806
21
-4.8959535039370081
0
LINE
8
BLACK
6
CONTINUOUS
10
5.2813237401574806
20
-4.8959535039370081
11
5.2807476771653539
21
-4.8958967716535433
0
LINE
8
BLACK
6
CONTINUOUS
10
5.2807476771653539
20
-4.8958967716535433
11
5.2796832677165355
21
-4.8954558661417318
0
LINE
8
BLACK
6
CONTINUOUS
10
5.2796832677165355
20
-4.8954558661417318
11
5.2788686220472441
21
-4.8946412204724412
0
LINE
8
BLACK
6
CONTINUOUS
10
5.2788686220472441
20
-4.8946412204724412
11
5.2784277165354325
21
-4.893576811023622
0
LINE
8
BLACK
6
CONTINUOUS
10
5.2784277165354325
20
-4.893576811023622
11
5.2784277165354325
21
-4.8924246850393702
0
LINE
8
BLACK
6
CONTINUOUS
10
5.2784277165354325
20
-4.8924246850393702
11
5.2788686220472441
21
-4.891360275590551
0
LINE
8
BLACK
6
CONTINUOUS
10
5.2788686220472441
20
-4.891360275590551
11
5.2796832677165355
21
-4.8905456299212595
0
LINE
8
BLACK
6
CONTINUOUS
10
5.2796832677165355
20
-4.8905456299212595
11
5.2807476771653539
21
-4.8901047244094489
0
LINE
8
BLACK
6
CONTINUOUS
10
5.2807476771653539
20
-4.8901047244094489
11
5.2813237401574806
21
-4.8900479921259841
0
LINE
8
BLACK
6
CONTINUOUS
10
5.2813237401574806
20
-4.8900479921259841
11
5.2888227952755908
21
-4.8900479921259841
0
LINE
8
BLACK
6
CONTINUOUS
10
5.2888227952755908
20
-4.8900479921259841
11
5.2893988582677167
21
-4.8901047244094489
0
LINE
8
BLACK
6
CONTINUOUS
10
5.2830728346456688
20
-4.9123003543307089
11
5.281875708661417
21
-4.9134974803149607
0
LINE
8
BLACK
6
CONTINUOUS
10
5.281875708661417
20
-4.9134974803149607
11
5.2805269685039367
21
-4.9161949606299213
0
LINE
8
BLACK
6
CONTINUOUS
10
5.2805269685039367
20
-4.9161949606299213
11
5.2805269685039367
21
-4.9241746850393699
0
LINE
8
BLACK
6
CONTINUOUS
10
5.2805269685039367
20
-4.9241746850393699
11
5.281875708661417
21
-4.9268721653543306
0
LINE
8
BLACK
6
CONTINUOUS
10
5.281875708661417
20
-4.9268721653543306
11
5.2830728346456688
21
-4.9280693307086612
0
LINE
8
BLACK
6
CONTINUOUS
10
5.2830728346456688
20
-4.9280693307086612
11
5.2857703149606294
21
-4.9294180708661415
0
LINE
8
BLACK
6
CONTINUOUS
10
5.2857703149606294
20
-4.9294180708661415
11
5.2918752755905514
21
-4.9294180708661415
0
LINE
8
BLACK
6
CONTINUOUS
10
5.2918752755905514
20
-4.9294180708661415
11
5.2945727165354333
21
-4.9280693307086612
0
LINE
8
BLACK
6
CONTINUOUS
10
5.2945727165354333
20
-4.9280693307086612
11
5.2957698425196851
21
-4.9268721653543306
0
LINE
8
BLACK
6
CONTINUOUS
10
5.2957698425196851
20
-4.9268721653543306
11
5.2971186220472442
21
-4.9241746850393699
0
LINE
8
BLACK
6
CONTINUOUS
10
5.2971186220472442
20
-4.9241746850393699
11
5.2971186220472442
21
-4.9161949606299213
0
LINE
8
BLACK
6
CONTINUOUS
10
5.2971186220472442
20
-4.9161949606299213
11
5.2957698818897638
21
-4.9134974803149607
0
LINE
8
BLACK
6
CONTINUOUS
10
5.2957698818897638
20
-4.9134974803149607
11
5.294572755905512
21
-4.9123003543307089
0
LINE
8
BLACK
6
CONTINUOUS
10
5.294572755905512
20
-4.9123003543307089
11
5.2918752755905514
21
-4.9109516141732286
0
LINE
8
BLACK
6
CONTINUOUS
10
5.2918752755905514
20
-4.9109516141732286
11
5.2857703149606294
21
-4.9109516141732286
0
LINE
8
BLACK
6
CONTINUOUS
10
5.2857703149606294
20
-4.9109516141732286
11
5.2830728346456688
21
-4.9123003543307089
0
LINE
8
BLACK
6
CONTINUOUS
10
5.3266096456692908
20
-4.8900766929133859
11
5.3266874015748034
21
-4.8900711811023623
0
LINE
8
BLACK
6
CONTINUOUS
10
5.3266874015748034
20
-4.8900711811023623
11
5.3267896456692911
21
-4.8900944094488183
0
LINE
8
BLACK
6
CONTINUOUS
10
5.3267896456692911
20
-4.8900944094488183
11
5.3268941732283466
21
-4.8901047244094489
0
LINE
8
BLACK
6
CONTINUOUS
10
5.3268941732283466
20
-4.8901047244094489
11
5.3269662598425196
21
-4.8901345669291336
0
LINE
8
BLACK
6
CONTINUOUS
10
5.3269662598425196
20
-4.8901345669291336
11
5.3272518503937007
21
-4.8901995275590551
0
LINE
8
BLACK
6
CONTINUOUS
10
5.3272518503937007
20
-4.8901995275590551
11
5.3328761417322834
21
-4.8920742913385826
0
LINE
8
BLACK
6
CONTINUOUS
10
5.3328761417322834
20
-4.8920742913385826
11
5.3334046850393699
21
-4.8923102755905514
0
LINE
8
BLACK
6
CONTINUOUS
10
5.3334046850393699
20
-4.8923102755905514
11
5.3334848031496058
21
-4.8923797637795277
0
LINE
8
BLACK
6
CONTINUOUS
10
5.3334848031496058
20
-4.8923797637795277
11
5.3335828740157476
21
-4.8924203937007871
0
LINE
8
BLACK
6
CONTINUOUS
10
5.3335828740157476
20
-4.8924203937007871
11
5.3340303149606294
21
-4.8927875984251967
0
LINE
8
BLACK
6
CONTINUOUS
10
5.3340303149606294
20
-4.8927875984251967
11
5.3377798425196845
21
-4.8965371259842518
0
LINE
8
BLACK
6
CONTINUOUS
10
5.3377798425196845
20
-4.8965371259842518
11
5.3379656692913384
21
-4.8967635039370077
0
LINE
8
BLACK
6
CONTINUOUS
10
5.3379656692913384
20
-4.8967635039370077
11
5.3380246062992125
21
-4.8968146456692914
0
LINE
8
BLACK
6
CONTINUOUS
10
5.3380246062992125
20
-4.8968146456692914
11
5.3380804724409447
21
-4.8969033858267714
0
LINE
8
BLACK
6
CONTINUOUS
10
5.3380804724409447
20
-4.8969033858267714
11
5.3381470866141729
21
-4.8969845669291336
0
LINE
8
BLACK
6
CONTINUOUS
10
5.3381470866141729
20
-4.8969845669291336
11
5.3381769291338586
21
-4.8970566929133854
0
LINE
8
BLACK
6
CONTINUOUS
10
5.3381769291338586
20
-4.8970566929133854
11
5.3383329527559056
21
-4.8973045275590552
0
LINE
8
BLACK
6
CONTINUOUS
10
5.3383329527559056
20
-4.8973045275590552
11
5.3402077165354331
21
-4.9010540551181103
0
LINE
8
BLACK
6
CONTINUOUS
10
5.3402077165354331
20
-4.9010540551181103
11
5.3402238188976376
21
-4.9010961417322836
0
LINE
8
BLACK
6
CONTINUOUS
10
5.3402238188976376
20
-4.9010961417322836
11
5.3402365354330703
21
-4.9011133070866144
0
LINE
8
BLACK
6
CONTINUOUS
10
5.3402365354330703
20
-4.9011133070866144
11
5.3403228346456695
21
-4.9013548818897634
0
LINE
8
BLACK
6
CONTINUOUS
10
5.3403228346456695
20
-4.9013548818897634
11
5.3404146062992126
21
-4.9015946456692916
0
LINE
8
BLACK
6
CONTINUOUS
10
5.3404146062992126
20
-4.9015946456692916
11
5.3404161023622043
21
-4.9016159055118109
0
LINE
8
BLACK
6
CONTINUOUS
10
5.3404161023622043
20
-4.9016159055118109
11
5.3404312992125984
21
-4.9016584251968505
0
LINE
8
BLACK
6
CONTINUOUS
10
5.3404312992125984
20
-4.9016584251968505
11
5.342306062992126
21
-4.9091574803149607
0
LINE
8
BLACK
6
CONTINUOUS
10
5.342306062992126
20
-4.9091574803149607
11
5.3423208267716538
21
-4.9092573228346454
0
LINE
8
BLACK
6
CONTINUOUS
10
5.3423208267716538
20
-4.9092573228346454
11
5.3423374803149608
21
-4.9092975590551182
0
LINE
8
BLACK
6
CONTINUOUS
10
5.3423374803149608
20
-4.9092975590551182
11
5.3423588188976376
21
-4.9095145669291336
0
LINE
8
BLACK
6
CONTINUOUS
10
5.3423588188976376
20
-4.9095145669291336
11
5.3423907086614175
21
-4.9097300787401572
0
LINE
8
BLACK
6
CONTINUOUS
10
5.3423907086614175
20
-4.9097300787401572
11
5.3423842913385826
21
-4.9097730708661418
0
LINE
8
BLACK
6
CONTINUOUS
10
5.3423842913385826
20
-4.9097730708661418
11
5.3423942125984247
21
-4.9098736220472441
0
LINE
8
BLACK
6
CONTINUOUS
10
5.3423942125984247
20
-4.9098736220472441
11
5.3423942125984247
21
-4.9154979133858268
0
LINE
8
BLACK
6
CONTINUOUS
10
5.3423942125984247
20
-4.9154979133858268
11
5.3423842913385826
21
-4.9155984251968503
0
LINE
8
BLACK
6
CONTINUOUS
10
5.3423842913385826
20
-4.9155984251968503
11
5.3423907086614175
21
-4.9156414566929136
0
LINE
8
BLACK
6
CONTINUOUS
10
5.3423907086614175
20
-4.9156414566929136
11
5.3423588188976376
21
-4.9158569291338585
0
LINE
8
BLACK
6
CONTINUOUS
10
5.3423588188976376
20
-4.9158569291338585
11
5.3423374803149608
21
-4.9160739763779526
0
LINE
8
BLACK
6
CONTINUOUS
10
5.3423374803149608
20
-4.9160739763779526
11
5.3423208267716538
21
-4.9161141732283467
0
LINE
8
BLACK
6
CONTINUOUS
10
5.3423208267716538
20
-4.9161141732283467
11
5.342306062992126
21
-4.9162140551181102
0
LINE
8
BLACK
6
CONTINUOUS
10
5.342306062992126
20
-4.9162140551181102
11
5.3404312992125984
21
-4.9237131102362204
0
LINE
8
BLACK
6
CONTINUOUS
10
5.3404312992125984
20
-4.9237131102362204
11
5.3404161023622043
21
-4.9237555905511812
0
LINE
8
BLACK
6
CONTINUOUS
10
5.3404161023622043
20
-4.9237555905511812
11
5.3404146062992126
21
-4.9237768897637793
0
LINE
8
BLACK
6
CONTINUOUS
10
5.3404146062992126
20
-4.9237768897637793
11
5.3403228346456695
21
-4.9240166141732287
0
LINE
8
BLACK
6
CONTINUOUS
10
5.3403228346456695
20
-4.9240166141732287
11
5.3402365354330703
21
-4.9242582283464564
0
LINE
8
BLACK
6
CONTINUOUS
10
5.3402365354330703
20
-4.9242582283464564
11
5.3402238188976376
21
-4.9242753543307085
0
LINE
8
BLACK
6
CONTINUOUS
10
5.3402238188976376
20
-4.9242753543307085
11
5.3402077165354331
21
-4.9243174803149605
0
LINE
8
BLACK
6
CONTINUOUS
10
5.3402077165354331
20
-4.9243174803149605
11
5.3383329527559056
21
-4.9280670078740156
0
LINE
8
BLACK
6
CONTINUOUS
10
5.3383329527559056
20
-4.9280670078740156
11
5.3381768897637798
21
-4.9283148818897633
0
LINE
8
BLACK
6
CONTINUOUS
10
5.3381768897637798
20
-4.9283148818897633
11
5.3381470866141729
21
-4.9283869291338585
0
LINE
8
BLACK
6
CONTINUOUS
10
5.3381470866141729
20
-4.9283869291338585
11
5.3380805511811023
21
-4.9284679527559057
0
LINE
8
BLACK
6
CONTINUOUS
10
5.3380805511811023
20
-4.9284679527559057
11
5.3380246062992125
21
-4.9285568897637795
0
LINE
8
BLACK
6
CONTINUOUS
10
5.3380246062992125
20
-4.9285568897637795
11
5.3379655905511809
21
-4.9286080314960632
0
LINE
8
BLACK
6
CONTINUOUS
10
5.3379655905511809
20
-4.9286080314960632
11
5.3377798818897633
21
-4.9288343700787403
0
LINE
8
BLACK
6
CONTINUOUS
10
5.3377798818897633
20
-4.9288343700787403
11
5.3340303149606294
21
-4.9325839763779529
0
LINE
8
BLACK
6
CONTINUOUS
10
5.3340303149606294
20
-4.9325839763779529
11
5.3335828740157476
21
-4.9329511811023625
0
LINE
8
BLACK
6
CONTINUOUS
10
5.3335828740157476
20
-4.9329511811023625
11
5.3334848031496058
21
-4.9329917716535432
0
LINE
8
BLACK
6
CONTINUOUS
10
5.3334848031496058
20
-4.9329917716535432
11
5.3334046850393699
21
-4.9330612992125982
0
LINE
8
BLACK
6
CONTINUOUS
10
5.3334046850393699
20
-4.9330612992125982
11
5.3328761417322834
21
-4.933297283464567
0
LINE
8
BLACK
6
CONTINUOUS
10
5.3328761417322834
20
-4.933297283464567
11
5.3272518503937007
21
-4.9351720472440945
0
LINE
8
BLACK
6
CONTINUOUS
10
5.3272518503937007
20
-4.9351720472440945
11
5.3269662598425196
21
-4.9352369685039372
0
LINE
8
BLACK
6
CONTINUOUS
10
5.3269662598425196
20
-4.9352369685039372
11
5.3268941732283466
21
-4.9352668503937007
0
LINE
8
BLACK
6
CONTINUOUS
10
5.3268941732283466
20
-4.9352668503937007
11
5.3267896456692911
21
-4.9352771259842516
0
LINE
8
BLACK
6
CONTINUOUS
10
5.3267896456692911
20
-4.9352771259842516
11
5.3266874015748034
21
-4.9353003937007873
0
LINE
8
BLACK
6
CONTINUOUS
10
5.3266874015748034
20
-4.9353003937007873
11
5.3266096456692908
21
-4.935294842519685
0
LINE
8
BLACK
6
CONTINUOUS
10
5.3266096456692908
20
-4.935294842519685
11
5.3263181102362207
21
-4.9353235826771655
0
LINE
8
BLACK
6
CONTINUOUS
10
5.3263181102362207
20
-4.9353235826771655
11
5.3225685826771656
21
-4.9353235826771655
0
LINE
8
BLACK
6
CONTINUOUS
10
5.3225685826771656
20
-4.9353235826771655
11
5.3222769685039371
21
-4.935294842519685
0
LINE
8
BLACK
6
CONTINUOUS
10
5.3222769685039371
20
-4.935294842519685
11
5.3221992519685042
21
-4.9353003937007873
0
LINE
8
BLACK
6
CONTINUOUS
10
5.3221992519685042
20
-4.9353003937007873
11
5.3220969685039368
21
-4.9352771259842516
0
LINE
8
BLACK
6
CONTINUOUS
10
5.3220969685039368
20
-4.9352771259842516
11
5.3219925196850388
21
-4.9352668503937007
0
LINE
8
BLACK
6
CONTINUOUS
10
5.3219925196850388
20
-4.9352668503937007
11
5.3219204330708658
21
-4.9352369685039372
0
LINE
8
BLACK
6
CONTINUOUS
10
5.3219204330708658
20
-4.9352369685039372
11
5.3216348031496059
21
-4.9351720472440945
0
LINE
8
BLACK
6
CONTINUOUS
10
5.3216348031496059
20
-4.9351720472440945
11
5.316010551181102
21
-4.933297283464567
0
LINE
8
BLACK
6
CONTINUOUS
10
5.316010551181102
20
-4.933297283464567
11
5.3154819685039367
21
-4.9330612992125982
0
LINE
8
BLACK
6
CONTINUOUS
10
5.3154819685039367
20
-4.9330612992125982
11
5.3154017716535433
21
-4.9329917322834644
0
LINE
8
BLACK
6
CONTINUOUS
10
5.3154017716535433
20
-4.9329917322834644
11
5.3153038188976378
21
-4.9329511811023625
0
LINE
8
BLACK
6
CONTINUOUS
10
5.3153038188976378
20
-4.9329511811023625
11
5.3148563385826773
21
-4.9325839370078741
0
LINE
8
BLACK
6
CONTINUOUS
10
5.3148563385826773
20
-4.9325839370078741
11
5.3129815748031497
21
-4.9307091338582678
0
LINE
8
BLACK
6
CONTINUOUS
10
5.3129815748031497
20
-4.9307091338582678
11
5.31261437007874
21
-4.930261692913386
0
LINE
8
BLACK
6
CONTINUOUS
10
5.31261437007874
20
-4.930261692913386
11
5.3121735039370082
21
-4.9291972834645668
0
LINE
8
BLACK
6
CONTINUOUS
10
5.3121735039370082
20
-4.9291972834645668
11
5.3121735039370082
21
-4.9280451968503938
0
LINE
8
BLACK
6
CONTINUOUS
10
5.3121735039370082
20
-4.9280451968503938
11
5.3126144094488188
21
-4.9269807874015745
0
LINE
8
BLACK
6
CONTINUOUS
10
5.3126144094488188
20
-4.9269807874015745
11
5.313429094488189
21
-4.9261661023622043
0
LINE
8
BLACK
6
CONTINUOUS
10
5.313429094488189
20
-4.9261661023622043
11
5.3144935039370074
21
-4.9257252362204724
0
LINE
8
BLACK
6
CONTINUOUS
10
5.3144935039370074
20
-4.9257252362204724
11
5.3156455905511812
21
-4.9257252362204724
0
LINE
8
BLACK
6
CONTINUOUS
10
5.3156455905511812
20
-4.9257252362204724
11
5.3167099999999996
21
-4.9261661417322831
0
LINE
8
BLACK
6
CONTINUOUS
10
5.3167099999999996
20
-4.9261661417322831
11
5.3171574803149602
21
-4.9265333858267715
0
LINE
8
BLACK
6
CONTINUOUS
10
5.3171574803149602
20
-4.9265333858267715
11
5.3185393307086617
21
-4.9279152755905509
0
LINE
8
BLACK
6
CONTINUOUS
10
5.3185393307086617
20
-4.9279152755905509
11
5.3230477165354326
21
-4.9294180708661415
0
LINE
8
BLACK
6
CONTINUOUS
10
5.3230477165354326
20
-4.9294180708661415
11
5.3258389763779528
21
-4.9294180708661415
0
LINE
8
BLACK
6
CONTINUOUS
10
5.3258389763779528
20
-4.9294180708661415
11
5.3303473622047246
21
-4.9279152362204721
0
LINE
8
BLACK
6
CONTINUOUS
10
5.3303473622047246
20
-4.9279152362204721
11
5.3332651574803149
21
-4.924997401574803
0
LINE
8
BLACK
6
CONTINUOUS
10
5.3332651574803149
20
-4.924997401574803
11
5.3347806692913382
21
-4.9219664173228344
0
LINE
8
BLACK
6
CONTINUOUS
10
5.3347806692913382
20
-4.9219664173228344
11
5.3364887007874016
21
-4.9151343700787402
0
LINE
8
BLACK
6
CONTINUOUS
10
5.3364887007874016
20
-4.9151343700787402
11
5.3364887007874016
21
-4.9102371653543306
0
LINE
8
BLACK
6
CONTINUOUS
10
5.3364887007874016
20
-4.9102371653543306
11
5.3347806692913382
21
-4.9034051181102365
0
LINE
8
BLACK
6
CONTINUOUS
10
5.3347806692913382
20
-4.9034051181102365
11
5.3332651968503937
21
-4.9003741338582678
0
LINE
8
BLACK
6
CONTINUOUS
10
5.3332651968503937
20
-4.9003741338582678
11
5.3303473622047246
21
-4.8974562992125987
0
LINE
8
BLACK
6
CONTINUOUS
10
5.3303473622047246
20
-4.8974562992125987
11
5.3258389763779528
21
-4.8959535039370081
0
LINE
8
BLACK
6
CONTINUOUS
10
5.3258389763779528
20
-4.8959535039370081
11
5.3230477165354326
21
-4.8959535039370081
0
LINE
8
BLACK
6
CONTINUOUS
10
5.3230477165354326
20
-4.8959535039370081
11
5.3185393307086617
21
-4.8974562992125987
0
LINE
8
BLACK
6
CONTINUOUS
10
5.3185393307086617
20
-4.8974562992125987
11
5.3171574409448814
21
-4.8988381889763781
0
LINE
8
BLACK
6
CONTINUOUS
10
5.3171574409448814
20
-4.8988381889763781
11
5.3167099999999996
21
-4.8992053937007869
0
LINE
8
BLACK
6
CONTINUOUS
10
5.3167099999999996
20
-4.8992053937007869
11
5.3156455511811025
21
-4.8996462992125984
0
LINE
8
BLACK
6
CONTINUOUS
10
5.3156455511811025
20
-4.8996462992125984
11
5.3144935039370074
21
-4.8996462992125984
0
LINE
8
BLACK
6
CONTINUOUS
10
5.3144935039370074
20
-4.8996462992125984
11
5.3134290551181103
21
-4.8992053937007869
0
LINE
8
BLACK
6
CONTINUOUS
10
5.3134290551181103
20
-4.8992053937007869
11
5.3126144094488188
21
-4.8983907480314963
0
LINE
8
BLACK
6
CONTINUOUS
10
5.3126144094488188
20
-4.8983907480314963
11
5.3121735039370082
21
-4.8973262992125983
0
LINE
8
BLACK
6
CONTINUOUS
10
5.3121735039370082
20
-4.8973262992125983
11
5.3121735039370082
21
-4.8961742519685041
0
LINE
8
BLACK
6
CONTINUOUS
10
5.3121735039370082
20
-4.8961742519685041
11
5.3126144094488188
21
-4.8951098031496061
0
LINE
8
BLACK
6
CONTINUOUS
10
5.3126144094488188
20
-4.8951098031496061
11
5.3129816141732285
21
-4.8946623622047243
0
LINE
8
BLACK
6
CONTINUOUS
10
5.3129816141732285
20
-4.8946623622047243
11
5.314856377952756
21
-4.8927875984251967
0
LINE
8
BLACK
6
CONTINUOUS
10
5.314856377952756
20
-4.8927875984251967
11
5.3153038188976378
21
-4.8924203937007871
0
LINE
8
BLACK
6
CONTINUOUS
10
5.3153038188976378
20
-4.8924203937007871
11
5.3154017716535433
21
-4.8923798031496064
0
LINE
8
BLACK
6
CONTINUOUS
10
5.3154017716535433
20
-4.8923798031496064
11
5.3154819685039367
21
-4.8923102755905514
0
LINE
8
BLACK
6
CONTINUOUS
10
5.3154819685039367
20
-4.8923102755905514
11
5.316010551181102
21
-4.8920742913385826
0
LINE
8
BLACK
6
CONTINUOUS
10
5.316010551181102
20
-4.8920742913385826
11
5.3216348031496059
21
-4.8901995275590551
0
LINE
8
BLACK
6
CONTINUOUS
10
5.3216348031496059
20
-4.8901995275590551
11
5.3219204330708658
21
-4.8901345669291336
0
LINE
8
BLACK
6
CONTINUOUS
10
5.3219204330708658
20
-4.8901345669291336
11
5.3219925196850388
21
-4.8901047244094489
0
LINE
8
BLACK
6
CONTINUOUS
10
5.3219925196850388
20
-4.8901047244094489
11
5.3220969685039368
21
-4.8900944094488183
0
LINE
8
BLACK
6
CONTINUOUS
10
5.3220969685039368
20
-4.8900944094488183
11
5.3221992519685042
21
-4.8900711811023623
0
LINE
8
BLACK
6
CONTINUOUS
10
5.3221992519685042
20
-4.8900711811023623
11
5.3222769685039371
21
-4.8900766929133859
0
LINE
8
BLACK
6
CONTINUOUS
10
5.3222769685039371
20
-4.8900766929133859
11
5.3225685826771656
21
-4.8900479921259841
0
LINE
8
BLACK
6
CONTINUOUS
10
5.3225685826771656
20
-4.8900479921259841
11
5.3263181102362207
21
-4.8900479921259841
0
LINE
8
BLACK
6
CONTINUOUS
10
5.3263181102362207
20
-4.8900479921259841
11
5.3266096456692908
21
-4.8900766929133859
0
LINE
8
BLACK
6
CONTINUOUS
10
5.441648582677165
20
-4.8901047244094489
11
5.4427129921259843
21
-4.8905456299212595
0
LINE
8
BLACK
6
CONTINUOUS
10
5.4427129921259843
20
-4.8905456299212595
11
5.4435276377952757
21
-4.891360275590551
0
LINE
8
BLACK
6
CONTINUOUS
10
5.4435276377952757
20
-4.891360275590551
11
5.4439685433070863
21
-4.8924246850393702
0
LINE
8
BLACK
6
CONTINUOUS
10
5.4439685433070863
20
-4.8924246850393702
11
5.4439685433070863
21
-4.893576811023622
0
LINE
8
BLACK
6
CONTINUOUS
10
5.4439685433070863
20
-4.893576811023622
11
5.4435276377952757
21
-4.8946412204724412
0
LINE
8
BLACK
6
CONTINUOUS
10
5.4435276377952757
20
-4.8946412204724412
11
5.4427129921259843
21
-4.8954558661417318
0
LINE
8
BLACK
6
CONTINUOUS
10
5.4427129921259843
20
-4.8954558661417318
11
5.441648582677165
21
-4.8958967716535433
0
LINE
8
BLACK
6
CONTINUOUS
10
5.441648582677165
20
-4.8958967716535433
11
5.4410725196850391
21
-4.8959535039370081
0
LINE
8
BLACK
6
CONTINUOUS
10
5.4410725196850391
20
-4.8959535039370081
11
5.4232077559055121
21
-4.8959535039370081
0
LINE
8
BLACK
6
CONTINUOUS
10
5.4232077559055121
20
-4.8959535039370081
11
5.4320461023622046
21
-4.9060544488188977
0
LINE
8
BLACK
6
CONTINUOUS
10
5.4320461023622046
20
-4.9060544488188977
11
5.4322240944881885
21
-4.9063034251968505
0
LINE
8
BLACK
6
CONTINUOUS
10
5.4322240944881885
20
-4.9063034251968505
11
5.4322790551181104
21
-4.9063583858267714
0
LINE
8
BLACK
6
CONTINUOUS
10
5.4322790551181104
20
-4.9063583858267714
11
5.4323006299212597
21
-4.9064104724409452
0
LINE
8
BLACK
6
CONTINUOUS
10
5.4323006299212597
20
-4.9064104724409452
11
5.432382755905512
21
-4.9065253543307081
0
LINE
8
BLACK
6
CONTINUOUS
10
5.432382755905512
20
-4.9065253543307081
11
5.4325363385826773
21
-4.9069795669291336
0
LINE
8
BLACK
6
CONTINUOUS
10
5.4325363385826773
20
-4.9069795669291336
11
5.432719960629921
21
-4.9074227952755907
0
LINE
8
BLACK
6
CONTINUOUS
10
5.432719960629921
20
-4.9074227952755907
11
5.432719960629921
21
-4.9075224015748029
0
LINE
8
BLACK
6
CONTINUOUS
10
5.432719960629921
20
-4.9075224015748029
11
5.4327518503937009
21
-4.9076167322834641
0
LINE
8
BLACK
6
CONTINUOUS
10
5.4327518503937009
20
-4.9076167322834641
11
5.432719960629921
21
-4.9080951968503932
0
LINE
8
BLACK
6
CONTINUOUS
10
5.432719960629921
20
-4.9080951968503932
11
5.432719960629921
21
-4.9085749212598424
0
LINE
8
BLACK
6
CONTINUOUS
10
5.432719960629921
20
-4.9085749212598424
11
5.4326818503937009
21
-4.9086668897637793
0
LINE
8
BLACK
6
CONTINUOUS
10
5.4326818503937009
20
-4.9086668897637793
11
5.4326752362204722
21
-4.9087662598425199
0
LINE
8
BLACK
6
CONTINUOUS
10
5.4326752362204722
20
-4.9087662598425199
11
5.4324625196850391
21
-4.9091963779527559
0
LINE
8
BLACK
6
CONTINUOUS
10
5.4324625196850391
20
-4.9091963779527559
11
5.4322790551181104
21
-4.9096393307086617
0
LINE
8
BLACK
6
CONTINUOUS
10
5.4322790551181104
20
-4.9096393307086617
11
5.4322087007874016
21
-4.9097096456692908
0
LINE
8
BLACK
6
CONTINUOUS
10
5.4322087007874016
20
-4.9097096456692908
11
5.4321645275590553
21
-4.9097990157480318
0
LINE
8
BLACK
6
CONTINUOUS
10
5.4321645275590553
20
-4.9097990157480318
11
5.4318033858267718
21
-4.9101149606299215
0
LINE
8
BLACK
6
CONTINUOUS
10
5.4318033858267718
20
-4.9101149606299215
11
5.4314644094488189
21
-4.9104539763779522
0
LINE
8
BLACK
6
CONTINUOUS
10
5.4314644094488189
20
-4.9104539763779522
11
5.4313724015748033
21
-4.9104920866141732
0
LINE
8
BLACK
6
CONTINUOUS
10
5.4313724015748033
20
-4.9104920866141732
11
5.4312974409448822
21
-4.9105576771653539
0
LINE
8
BLACK
6
CONTINUOUS
10
5.4312974409448822
20
-4.9105576771653539
11
5.430843188976378
21
-4.91071125984252
0
LINE
8
BLACK
6
CONTINUOUS
10
5.430843188976378
20
-4.91071125984252
11
5.4303999999999997
21
-4.9108948818897638
0
LINE
8
BLACK
6
CONTINUOUS
10
5.4303999999999997
20
-4.9108948818897638
11
5.4302594094488184
21
-4.9109087007874015
0
LINE
8
BLACK
6
CONTINUOUS
10
5.4302594094488184
20
-4.9109087007874015
11
5.4302060629921263
21
-4.9109267716535436
0
LINE
8
BLACK
6
CONTINUOUS
10
5.4302060629921263
20
-4.9109267716535436
11
5.430128582677165
21
-4.9109215748031492
0
LINE
8
BLACK
6
CONTINUOUS
10
5.430128582677165
20
-4.9109215748031492
11
5.4298239370078738
21
-4.9109516141732286
0
LINE
8
BLACK
6
CONTINUOUS
10
5.4298239370078738
20
-4.9109516141732286
11
5.4248966929133857
21
-4.9109516141732286
0
LINE
8
BLACK
6
CONTINUOUS
10
5.4248966929133857
20
-4.9109516141732286
11
5.4221992125984251
21
-4.9123003543307089
0
LINE
8
BLACK
6
CONTINUOUS
10
5.4221992125984251
20
-4.9123003543307089
11
5.4210020866141733
21
-4.9134974803149607
0
LINE
8
BLACK
6
CONTINUOUS
10
5.4210020866141733
20
-4.9134974803149607
11
5.4196533464566929
21
-4.9161949606299213
0
LINE
8
BLACK
6
CONTINUOUS
10
5.4196533464566929
20
-4.9161949606299213
11
5.4196533464566929
21
-4.9241746850393699
0
LINE
8
BLACK
6
CONTINUOUS
10
5.4196533464566929
20
-4.9241746850393699
11
5.4210020866141733
21
-4.9268721653543306
0
LINE
8
BLACK
6
CONTINUOUS
10
5.4210020866141733
20
-4.9268721653543306
11
5.4221992125984251
21
-4.9280693307086612
0
LINE
8
BLACK
6
CONTINUOUS
10
5.4221992125984251
20
-4.9280693307086612
11
5.4248966929133857
21
-4.9294180708661415
0
LINE
8
BLACK
6
CONTINUOUS
10
5.4248966929133857
20
-4.9294180708661415
11
5.4347511811023619
21
-4.9294180708661415
0
LINE
8
BLACK
6
CONTINUOUS
10
5.4347511811023619
20
-4.9294180708661415
11
5.4374486220472438
21
-4.9280693307086612
0
LINE
8
BLACK
6
CONTINUOUS
10
5.4374486220472438
20
-4.9280693307086612
11
5.4389845669291335
21
-4.9265333858267715
0
LINE
8
BLACK
6
CONTINUOUS
10
5.4389845669291335
20
-4.9265333858267715
11
5.439432047244094
21
-4.9261661417322831
0
LINE
8
BLACK
6
CONTINUOUS
10
5.439432047244094
20
-4.9261661417322831
11
5.4404964566929133
21
-4.9257252362204724
0
LINE
8
BLACK
6
CONTINUOUS
10
5.4404964566929133
20
-4.9257252362204724
11
5.4416485433070862
21
-4.9257252362204724
0
LINE
8
BLACK
6
CONTINUOUS
10
5.4416485433070862
20
-4.9257252362204724
11
5.4427129527559055
21
-4.9261661023622043
0
LINE
8
BLACK
6
CONTINUOUS
10
5.4427129527559055
20
-4.9261661023622043
11
5.4435276377952757
21
-4.9269807874015745
0
LINE
8
BLACK
6
CONTINUOUS
10
5.4435276377952757
20
-4.9269807874015745
11
5.4439685433070863
21
-4.9280451968503938
0
LINE
8
BLACK
6
CONTINUOUS
10
5.4439685433070863
20
-4.9280451968503938
11
5.4439685433070863
21
-4.9291972834645668
0
LINE
8
BLACK
6
CONTINUOUS
10
5.4439685433070863
20
-4.9291972834645668
11
5.4435276771653545
21
-4.930261692913386
0
LINE
8
BLACK
6
CONTINUOUS
10
5.4435276771653545
20
-4.930261692913386
11
5.4431604330708661
21
-4.9307091732283466
0
LINE
8
BLACK
6
CONTINUOUS
10
5.4431604330708661
20
-4.9307091732283466
11
5.4412857086614173
21
-4.9325839370078741
0
LINE
8
BLACK
6
CONTINUOUS
10
5.4412857086614173
20
-4.9325839370078741
11
5.4410593307086614
21
-4.9327696850393696
0
LINE
8
BLACK
6
CONTINUOUS
10
5.4410593307086614
20
-4.9327696850393696
11
5.441008149606299
21
-4.93282874015748
0
LINE
8
BLACK
6
CONTINUOUS
10
5.441008149606299
20
-4.93282874015748
11
5.4409191732283464
21
-4.9328847244094485
0
LINE
8
BLACK
6
CONTINUOUS
10
5.4409191732283464
20
-4.9328847244094485
11
5.4408382283464567
21
-4.9329511811023625
0
LINE
8
BLACK
6
CONTINUOUS
10
5.4408382283464567
20
-4.9329511811023625
11
5.4407662598425199
21
-4.9329809842519685
0
LINE
8
BLACK
6
CONTINUOUS
10
5.4407662598425199
20
-4.9329809842519685
11
5.4405182677165351
21
-4.9331370866141731
0
LINE
8
BLACK
6
CONTINUOUS
10
5.4405182677165351
20
-4.9331370866141731
11
5.43676874015748
21
-4.9350118503937006
0
LINE
8
BLACK
6
CONTINUOUS
10
5.43676874015748
20
-4.9350118503937006
11
5.43622811023622
21
-4.9352187401574801
0
LINE
8
BLACK
6
CONTINUOUS
10
5.43622811023622
20
-4.9352187401574801
11
5.4361222834645666
21
-4.9352262204724404
0
LINE
8
BLACK
6
CONTINUOUS
10
5.4361222834645666
20
-4.9352262204724404
11
5.4360242913385823
21
-4.9352668503937007
0
LINE
8
BLACK
6
CONTINUOUS
10
5.4360242913385823
20
-4.9352668503937007
11
5.4354482283464565
21
-4.9353235826771655
0
LINE
8
BLACK
6
CONTINUOUS
10
5.4354482283464565
20
-4.9353235826771655
11
5.4241996456692911
21
-4.9353235826771655
0
LINE
8
BLACK
6
CONTINUOUS
10
5.4241996456692911
20
-4.9353235826771655
11
5.4236235826771653
21
-4.9352668503937007
0
LINE
8
BLACK
6
CONTINUOUS
10
5.4236235826771653
20
-4.9352668503937007
11
5.423525590551181
21
-4.9352262598425192
0
LINE
8
BLACK
6
CONTINUOUS
10
5.423525590551181
20
-4.9352262598425192
11
5.4234197244094489
21
-4.9352187401574801
0
LINE
8
BLACK
6
CONTINUOUS
10
5.4234197244094489
20
-4.9352187401574801
11
5.4228791338582676
21
-4.9350118503937006
0
LINE
8
BLACK
6
CONTINUOUS
10
5.4228791338582676
20
-4.9350118503937006
11
5.4191296062992125
21
-4.9331370866141731
0
LINE
8
BLACK
6
CONTINUOUS
10
5.4191296062992125
20
-4.9331370866141731
11
5.4188815748031498
21
-4.9329809842519685
0
LINE
8
BLACK
6
CONTINUOUS
10
5.4188815748031498
20
-4.9329809842519685
11
5.4188096456692909
21
-4.9329511811023625
0
LINE
8
BLACK
6
CONTINUOUS
10
5.4188096456692909
20
-4.9329511811023625
11
5.4187286614173225
21
-4.9328847244094485
0
LINE
8
BLACK
6
CONTINUOUS
10
5.4187286614173225
20
-4.9328847244094485
11
5.4186397244094486
21
-4.93282874015748
0
LINE
8
BLACK
6
CONTINUOUS
10
5.4186397244094486
20
-4.93282874015748
11
5.4185885039370074
21
-4.9327696850393696
0
LINE
8
BLACK
6
CONTINUOUS
10
5.4185885039370074
20
-4.9327696850393696
11
5.4183621653543304
21
-4.9325839370078741
0
LINE
8
BLACK
6
CONTINUOUS
10
5.4183621653543304
20
-4.9325839370078741
11
5.4164874015748028
21
-4.9307091338582678
0
LINE
8
BLACK
6
CONTINUOUS
10
5.4164874015748028
20
-4.9307091338582678
11
5.4163016535433073
21
-4.9304827952755907
0
LINE
8
BLACK
6
CONTINUOUS
10
5.4163016535433073
20
-4.9304827952755907
11
5.4162426771653545
21
-4.930431653543307
0
LINE
8
BLACK
6
CONTINUOUS
10
5.4162426771653545
20
-4.930431653543307
11
5.4161866929133859
21
-4.9303427165354332
0
LINE
8
BLACK
6
CONTINUOUS
10
5.4161866929133859
20
-4.9303427165354332
11
5.4161201968503931
21
-4.930261692913386
0
LINE
8
BLACK
6
CONTINUOUS
10
5.4161201968503931
20
-4.930261692913386
11
5.4160903543307084
21
-4.9301896456692909
0
LINE
8
BLACK
6
CONTINUOUS
10
5.4160903543307084
20
-4.9301896456692909
11
5.4159343307086614
21
-4.9299417716535432
0
LINE
8
BLACK
6
CONTINUOUS
10
5.4159343307086614
20
-4.9299417716535432
11
5.4140595669291338
21
-4.9261922440944881
0
LINE
8
BLACK
6
CONTINUOUS
10
5.4140595669291338
20
-4.9261922440944881
11
5.4138526771653543
21
-4.9256516141732281
0
LINE
8
BLACK
6
CONTINUOUS
10
5.4138526771653543
20
-4.9256516141732281
11
5.4138451574803153
21
-4.9255457874015747
0
LINE
8
BLACK
6
CONTINUOUS
10
5.4138451574803153
20
-4.9255457874015747
11
5.4138045669291337
21
-4.9254477952755904
0
LINE
8
BLACK
6
CONTINUOUS
10
5.4138045669291337
20
-4.9254477952755904
11
5.4137478346456689
21
-4.9248717322834645
0
LINE
8
BLACK
6
CONTINUOUS
10
5.4137478346456689
20
-4.9248717322834645
11
5.4137478346456689
21
-4.9154979133858268
0
LINE
8
BLACK
6
CONTINUOUS
10
5.4137478346456689
20
-4.9154979133858268
11
5.4138045669291337
21
-4.9149218503937009
0
LINE
8
BLACK
6
CONTINUOUS
10
5.4138045669291337
20
-4.9149218503937009
11
5.4138451574803153
21
-4.9148238188976379
0
LINE
8
BLACK
6
CONTINUOUS
10
5.4138451574803153
20
-4.9148238188976379
11
5.4138526771653543
21
-4.9147180314960632
0
LINE
8
BLACK
6
CONTINUOUS
10
5.4138526771653543
20
-4.9147180314960632
11
5.4140595669291338
21
-4.9141774015748032
0
LINE
8
BLACK
6
CONTINUOUS
10
5.4140595669291338
20
-4.9141774015748032
11
5.4159343307086614
21
-4.9104278740157481
0
LINE
8
BLACK
6
CONTINUOUS
10
5.4159343307086614
20
-4.9104278740157481
11
5.4160903937007872
21
-4.9101798425196845
0
LINE
8
BLACK
6
CONTINUOUS
10
5.4160903937007872
20
-4.9101798425196845
11
5.4161202362204719
21
-4.9101079133858265
0
LINE
8
BLACK
6
CONTINUOUS
10
5.4161202362204719
20
-4.9101079133858265
11
5.4161866929133859
21
-4.9100269291338581
0
LINE
8
BLACK
6
CONTINUOUS
10
5.4161866929133859
20
-4.9100269291338581
11
5.4162426771653545
21
-4.9099379921259843
0
LINE
8
BLACK
6
CONTINUOUS
10
5.4162426771653545
20
-4.9099379921259843
11
5.4163016535433073
21
-4.9098868110236218
0
LINE
8
BLACK
6
CONTINUOUS
10
5.4163016535433073
20
-4.9098868110236218
11
5.4164874409448815
21
-4.9096604724409447
0
LINE
8
BLACK
6
CONTINUOUS
10
5.4164874409448815
20
-4.9096604724409447
11
5.4183622047244091
21
-4.9077857086614172
0
LINE
8
BLACK
6
CONTINUOUS
10
5.4183622047244091
20
-4.9077857086614172
11
5.4185885433070862
21
-4.907599921259842
0
LINE
8
BLACK
6
CONTINUOUS
10
5.4185885433070862
20
-4.907599921259842
11
5.4186397244094486
21
-4.9075409448818901
0
LINE
8
BLACK
6
CONTINUOUS
10
5.4186397244094486
20
-4.9075409448818901
11
5.4187286614173225
21
-4.9074849606299216
0
LINE
8
BLACK
6
CONTINUOUS
10
5.4187286614173225
20
-4.9074849606299216
11
5.4188096456692909
21
-4.9074185039370075
0
LINE
8
BLACK
6
CONTINUOUS
10
5.4188096456692909
20
-4.9074185039370075
11
5.4188815748031498
21
-4.9073886614173228
0
LINE
8
BLACK
6
CONTINUOUS
10
5.4188815748031498
20
-4.9073886614173228
11
5.4191296062992125
21
-4.907232598425197
0
LINE
8
BLACK
6
CONTINUOUS
10
5.4191296062992125
20
-4.907232598425197
11
5.4228791338582676
21
-4.9053578346456694
0
LINE
8
BLACK
6
CONTINUOUS
10
5.4228791338582676
20
-4.9053578346456694
11
5.4234112992125985
21
-4.905154133858268
0
LINE
8
BLACK
6
CONTINUOUS
10
5.4234112992125985
20
-4.905154133858268
11
5.4144784251968501
21
-4.8949451574803149
0
LINE
8
BLACK
6
CONTINUOUS
10
5.4144784251968501
20
-4.8949451574803149
11
5.4143003937007874
21
-4.8946961417322834
0
LINE
8
BLACK
6
CONTINUOUS
10
5.4143003937007874
20
-4.8946961417322834
11
5.4142454724409443
21
-4.8946412204724412
0
LINE
8
BLACK
6
CONTINUOUS
10
5.4142454724409443
20
-4.8946412204724412
11
5.4142238582677162
21
-4.8945890944881887
0
LINE
8
BLACK
6
CONTINUOUS
10
5.4142238582677162
20
-4.8945890944881887
11
5.4141417716535436
21
-4.8944742519685036
0
LINE
8
BLACK
6
CONTINUOUS
10
5.4141417716535436
20
-4.8944742519685036
11
5.4139881496062987
21
-4.8940200000000003
0
LINE
8
BLACK
6
CONTINUOUS
10
5.4139881496062987
20
-4.8940200000000003
11
5.4138045669291337
21
-4.893576811023622
0
LINE
8
BLACK
6
CONTINUOUS
10
5.4138045669291337
20
-4.893576811023622
11
5.4138045669291337
21
-4.893477165354331
0
LINE
8
BLACK
6
CONTINUOUS
10
5.4138045669291337
20
-4.893477165354331
11
5.4137726771653538
21
-4.8933828740157477
0
LINE
8
BLACK
6
CONTINUOUS
10
5.4137726771653538
20
-4.8933828740157477
11
5.4138045669291337
21
-4.8929043700787398
0
LINE
8
BLACK
6
CONTINUOUS
10
5.4138045669291337
20
-4.8929043700787398
11
5.4138045669291337
21
-4.8924246850393702
0
LINE
8
BLACK
6
CONTINUOUS
10
5.4138045669291337
20
-4.8924246850393702
11
5.4138426377952751
21
-4.8923326771653546
0
LINE
8
BLACK
6
CONTINUOUS
10
5.4138426377952751
20
-4.8923326771653546
11
5.4138492913385825
21
-4.8922333464566927
0
LINE
8
BLACK
6
CONTINUOUS
10
5.4138492913385825
20
-4.8922333464566927
11
5.4140619685039368
21
-4.891803188976378
0
LINE
8
BLACK
6
CONTINUOUS
10
5.4140619685039368
20
-4.891803188976378
11
5.4142454724409443
21
-4.891360275590551
0
LINE
8
BLACK
6
CONTINUOUS
10
5.4142454724409443
20
-4.891360275590551
11
5.4143157874015744
21
-4.8912899212598422
0
LINE
8
BLACK
6
CONTINUOUS
10
5.4143157874015744
20
-4.8912899212598422
11
5.4143600000000003
21
-4.8912005905511808
0
LINE
8
BLACK
6
CONTINUOUS
10
5.4143600000000003
20
-4.8912005905511808
11
5.4147211023622042
21
-4.8908846062992124
0
LINE
8
BLACK
6
CONTINUOUS
10
5.4147211023622042
20
-4.8908846062992124
11
5.4150601181102358
21
-4.8905456299212595
0
LINE
8
BLACK
6
CONTINUOUS
10
5.4150601181102358
20
-4.8905456299212595
11
5.4151520866141727
21
-4.8905074803149606
0
LINE
8
BLACK
6
CONTINUOUS
10
5.4151520866141727
20
-4.8905074803149606
11
5.4152270866141734
21
-4.8904419291338579
0
LINE
8
BLACK
6
CONTINUOUS
10
5.4152270866141734
20
-4.8904419291338579
11
5.415681299212598
21
-4.8902883070866139
0
LINE
8
BLACK
6
CONTINUOUS
10
5.415681299212598
20
-4.8902883070866139
11
5.416124527559055
21
-4.8901047244094489
0
LINE
8
BLACK
6
CONTINUOUS
10
5.416124527559055
20
-4.8901047244094489
11
5.4162650787401576
21
-4.8900908661417324
0
LINE
8
BLACK
6
CONTINUOUS
10
5.4162650787401576
20
-4.8900908661417324
11
5.4163184645669293
21
-4.890072834645669
0
LINE
8
BLACK
6
CONTINUOUS
10
5.4163184645669293
20
-4.890072834645669
11
5.4163959055118109
21
-4.8900779921259838
0
LINE
8
BLACK
6
CONTINUOUS
10
5.4163959055118109
20
-4.8900779921259838
11
5.4167005905511809
21
-4.8900479921259841
0
LINE
8
BLACK
6
CONTINUOUS
10
5.4167005905511809
20
-4.8900479921259841
11
5.4410725196850391
21
-4.8900479921259841
0
LINE
8
BLACK
6
CONTINUOUS
10
5.4410725196850391
20
-4.8900479921259841
11
5.441648582677165
21
-4.8901047244094489
0
LINE
8
BLACK
6
CONTINUOUS
10
5.4657312598425198
20
-4.8901047244094489
11
5.466020551181102
21
-4.8901047244094489
0
LINE
8
BLACK
6
CONTINUOUS
10
5.466020551181102
20
-4.8901047244094489
11
5.4662906299212599
21
-4.8902165748031496
0
LINE
8
BLACK
6
CONTINUOUS
10
5.4662906299212599
20
-4.8902165748031496
11
5.4665772834645665
21
-4.8902739370078736
0
LINE
8
BLACK
6
CONTINUOUS
10
5.4665772834645665
20
-4.8902739370078736
11
5.4668176377952751
21
-4.8904348818897638
0
LINE
8
BLACK
6
CONTINUOUS
10
5.4668176377952751
20
-4.8904348818897638
11
5.4670849606299212
21
-4.8905456299212595
0
LINE
8
BLACK
6
CONTINUOUS
10
5.4670849606299212
20
-4.8905456299212595
11
5.4672916535433069
21
-4.8907523228346452
0
LINE
8
BLACK
6
CONTINUOUS
10
5.4672916535433069
20
-4.8907523228346452
11
5.4675345669291335
21
-4.8909149999999997
0
LINE
8
BLACK
6
CONTINUOUS
10
5.4675345669291335
20
-4.8909149999999997
11
5.4678975590551184
21
-4.8913582283464567
0
LINE
8
BLACK
6
CONTINUOUS
10
5.4678975590551184
20
-4.8913582283464567
11
5.4678996062992127
21
-4.891360275590551
0
LINE
8
BLACK
6
CONTINUOUS
10
5.4678996062992127
20
-4.891360275590551
11
5.4678999606299215
21
-4.8913611417322835
0
LINE
8
BLACK
6
CONTINUOUS
10
5.4678999606299215
20
-4.8913611417322835
11
5.4679013385826769
21
-4.891362834645669
0
LINE
8
BLACK
6
CONTINUOUS
10
5.4679013385826769
20
-4.891362834645669
11
5.4714886614173226
21
-4.8967438582677163
0
LINE
8
BLACK
6
CONTINUOUS
10
5.4714886614173226
20
-4.8967438582677163
11
5.4746926377952754
21
-4.8999478346456691
0
LINE
8
BLACK
6
CONTINUOUS
10
5.4746926377952754
20
-4.8999478346456691
11
5.478013582677165
21
-4.9016083070866143
0
LINE
8
BLACK
6
CONTINUOUS
10
5.478013582677165
20
-4.9016083070866143
11
5.4785034645669288
21
-4.9019166535433074
0
LINE
8
BLACK
6
CONTINUOUS
10
5.4785034645669288
20
-4.9019166535433074
11
5.4792583070866137
21
-4.902787047244094
0
LINE
8
BLACK
6
CONTINUOUS
10
5.4792583070866137
20
-4.902787047244094
11
5.4796226377952753
21
-4.90388
0
LINE
8
BLACK
6
CONTINUOUS
10
5.4796226377952753
20
-4.90388
11
5.479540984251968
21
-4.9050292125984249
0
LINE
8
BLACK
6
CONTINUOUS
10
5.479540984251968
20
-4.9050292125984249
11
5.4790257086614176
21
-4.9060597244094488
0
LINE
8
BLACK
6
CONTINUOUS
10
5.4790257086614176
20
-4.9060597244094488
11
5.4781553543307089
21
-4.9068145669291336
0
LINE
8
BLACK
6
CONTINUOUS
10
5.4781553543307089
20
-4.9068145669291336
11
5.4770623622047241
21
-4.9071788976377952
0
LINE
8
BLACK
6
CONTINUOUS
10
5.4770623622047241
20
-4.9071788976377952
11
5.4759131496062992
21
-4.907097244094488
0
LINE
8
BLACK
6
CONTINUOUS
10
5.4759131496062992
20
-4.907097244094488
11
5.4753725590551179
21
-4.9068903543307085
0
LINE
8
BLACK
6
CONTINUOUS
10
5.4753725590551179
20
-4.9068903543307085
11
5.4716230314960628
21
-4.905015590551181
0
LINE
8
BLACK
6
CONTINUOUS
10
5.4716230314960628
20
-4.905015590551181
11
5.4713751968503939
21
-4.9048595669291339
0
LINE
8
BLACK
6
CONTINUOUS
10
5.4713751968503939
20
-4.9048595669291339
11
5.4713030708661412
21
-4.9048297244094483
0
LINE
8
BLACK
6
CONTINUOUS
10
5.4713030708661412
20
-4.9048297244094483
11
5.471221889763779
21
-4.9047631102362201
0
LINE
8
BLACK
6
CONTINUOUS
10
5.471221889763779
20
-4.9047631102362201
11
5.4711331496062989
21
-4.9047072440944879
0
LINE
8
BLACK
6
CONTINUOUS
10
5.4711331496062989
20
-4.9047072440944879
11
5.4710820078740152
21
-4.9046483070866138
0
LINE
8
BLACK
6
CONTINUOUS
10
5.4710820078740152
20
-4.9046483070866138
11
5.4708556299212594
21
-4.9044624803149608
0
LINE
8
BLACK
6
CONTINUOUS
10
5.4708556299212594
20
-4.9044624803149608
11
5.4683972440944881
21
-4.9020040944881886
0
LINE
8
BLACK
6
CONTINUOUS
10
5.4683972440944881
20
-4.9020040944881886
11
5.4683972440944881
21
-4.9294180708661415
0
LINE
8
BLACK
6
CONTINUOUS
10
5.4683972440944881
20
-4.9294180708661415
11
5.4766930708661414
21
-4.9294180708661415
0
LINE
8
BLACK
6
CONTINUOUS
10
5.4766930708661414
20
-4.9294180708661415
11
5.4772691338582673
21
-4.9294748031496063
0
LINE
8
BLACK
6
CONTINUOUS
10
5.4772691338582673
20
-4.9294748031496063
11
5.4783335433070866
21
-4.9299157086614169
0
LINE
8
BLACK
6
CONTINUOUS
10
5.4783335433070866
20
-4.9299157086614169
11
5.479148188976378
21
-4.9307303543307084
0
LINE
8
BLACK
6
CONTINUOUS
10
5.479148188976378
20
-4.9307303543307084
11
5.4795890944881886
21
-4.9317947637795276
0
LINE
8
BLACK
6
CONTINUOUS
10
5.4795890944881886
20
-4.9317947637795276
11
5.4795890944881886
21
-4.9329468897637794
0
LINE
8
BLACK
6
CONTINUOUS
10
5.4795890944881886
20
-4.9329468897637794
11
5.479148188976378
21
-4.9340112992125986
0
LINE
8
BLACK
6
CONTINUOUS
10
5.479148188976378
20
-4.9340112992125986
11
5.4783335433070866
21
-4.9348259448818901
0
LINE
8
BLACK
6
CONTINUOUS
10
5.4783335433070866
20
-4.9348259448818901
11
5.4772691338582673
21
-4.9352668503937007
0
LINE
8
BLACK
6
CONTINUOUS
10
5.4772691338582673
20
-4.9352668503937007
11
5.4766930708661414
21
-4.9353235826771655
0
LINE
8
BLACK
6
CONTINUOUS
10
5.4766930708661414
20
-4.9353235826771655
11
5.4541959055118108
21
-4.9353235826771655
0
LINE
8
BLACK
6
CONTINUOUS
10
5.4541959055118108
20
-4.9353235826771655
11
5.4536198425196849
21
-4.9352668503937007
0
LINE
8
BLACK
6
CONTINUOUS
10
5.4536198425196849
20
-4.9352668503937007
11
5.4525554330708657
21
-4.9348259448818901
0
LINE
8
BLACK
6
CONTINUOUS
10
5.4525554330708657
20
-4.9348259448818901
11
5.4517407874015751
21
-4.9340112992125986
0
LINE
8
BLACK
6
CONTINUOUS
10
5.4517407874015751
20
-4.9340112992125986
11
5.4512998818897636
21
-4.9329468897637794
0
LINE
8
BLACK
6
CONTINUOUS
10
5.4512998818897636
20
-4.9329468897637794
11
5.4512998818897636
21
-4.9317947637795276
0
LINE
8
BLACK
6
CONTINUOUS
10
5.4512998818897636
20
-4.9317947637795276
11
5.4517407874015751
21
-4.9307303543307084
0
LINE
8
BLACK
6
CONTINUOUS
10
5.4517407874015751
20
-4.9307303543307084
11
5.4525554330708657
21
-4.9299157086614169
0
LINE
8
BLACK
6
CONTINUOUS
10
5.4525554330708657
20
-4.9299157086614169
11
5.4536198425196849
21
-4.9294748031496063
0
LINE
8
BLACK
6
CONTINUOUS
10
5.4536198425196849
20
-4.9294748031496063
11
5.4541959055118108
21
-4.9294180708661415
0
LINE
8
BLACK
6
CONTINUOUS
10
5.4541959055118108
20
-4.9294180708661415
11
5.4624917322834641
21
-4.9294180708661415
0
LINE
8
BLACK
6
CONTINUOUS
10
5.4624917322834641
20
-4.9294180708661415
11
5.4624917322834641
21
-4.8930007480314961
0
LINE
8
BLACK
6
CONTINUOUS
10
5.4624917322834641
20
-4.8930007480314961
11
5.4624919291338578
21
-4.8929986614173231
0
LINE
8
BLACK
6
CONTINUOUS
10
5.4624919291338578
20
-4.8929986614173231
11
5.4624917322834641
21
-4.8929976377952755
0
LINE
8
BLACK
6
CONTINUOUS
10
5.4624917322834641
20
-4.8929976377952755
11
5.4624923228346454
21
-4.8929946062992125
0
LINE
8
BLACK
6
CONTINUOUS
10
5.4624923228346454
20
-4.8929946062992125
11
5.4625484645669289
21
-4.8924246850393702
0
LINE
8
BLACK
6
CONTINUOUS
10
5.4625484645669289
20
-4.8924246850393702
11
5.4626603149606296
21
-4.8921545669291335
0
LINE
8
BLACK
6
CONTINUOUS
10
5.4626603149606296
20
-4.8921545669291335
11
5.4627176771653545
21
-4.8918679527559057
0
LINE
8
BLACK
6
CONTINUOUS
10
5.4627176771653545
20
-4.8918679527559057
11
5.4628786220472438
21
-4.8916275590551184
0
LINE
8
BLACK
6
CONTINUOUS
10
5.4628786220472438
20
-4.8916275590551184
11
5.4629893700787404
21
-4.891360275590551
0
LINE
8
BLACK
6
CONTINUOUS
10
5.4629893700787404
20
-4.891360275590551
11
5.4631960629921261
21
-4.8911535433070865
0
LINE
8
BLACK
6
CONTINUOUS
10
5.4631960629921261
20
-4.8911535433070865
11
5.4633587401574806
21
-4.8909106692913387
0
LINE
8
BLACK
6
CONTINUOUS
10
5.4633587401574806
20
-4.8909106692913387
11
5.4635994488188979
21
-4.8907501574803147
0
LINE
8
BLACK
6
CONTINUOUS
10
5.4635994488188979
20
-4.8907501574803147
11
5.463804015748031
21
-4.8905456299212595
0
LINE
8
BLACK
6
CONTINUOUS
10
5.463804015748031
20
-4.8905456299212595
11
5.4640740944881889
21
-4.89043374015748
0
LINE
8
BLACK
6
CONTINUOUS
10
5.4640740944881889
20
-4.89043374015748
11
5.4643173622047243
21
-4.8902715748031493
0
LINE
8
BLACK
6
CONTINUOUS
10
5.4643173622047243
20
-4.8902715748031493
11
5.4646011417322837
21
-4.8902154330708658
0
LINE
8
BLACK
6
CONTINUOUS
10
5.4646011417322837
20
-4.8902154330708658
11
5.4648684251968502
21
-4.8901047244094489
0
LINE
8
BLACK
6
CONTINUOUS
10
5.4648684251968502
20
-4.8901047244094489
11
5.4651608267716538
21
-4.8901047244094489
0
LINE
8
BLACK
6
CONTINUOUS
10
5.4651608267716538
20
-4.8901047244094489
11
5.4654475984251967
21
-4.8900479921259841
0
LINE
8
BLACK
6
CONTINUOUS
10
5.4654475984251967
20
-4.8900479921259841
11
5.4657312598425198
21
-4.8901047244094489
0
LINE
8
BLACK
6
CONTINUOUS
10
5.503231338582677
20
-4.8900766929133859
11
5.5033090944881886
21
-4.8900711811023623
0
LINE
8
BLACK
6
CONTINUOUS
10
5.5033090944881886
20
-4.8900711811023623
11
5.5034113385826773
21
-4.8900944094488183
0
LINE
8
BLACK
6
CONTINUOUS
10
5.5034113385826773
20
-4.8900944094488183
11
5.5035158661417318
21
-4.8901047244094489
0
LINE
8
BLACK
6
CONTINUOUS
10
5.5035158661417318
20
-4.8901047244094489
11
5.5035879527559057
21
-4.8901345669291336
0
LINE
8
BLACK
6
CONTINUOUS
10
5.5035879527559057
20
-4.8901345669291336
11
5.5038735433070869
21
-4.8901995275590551
0
LINE
8
BLACK
6
CONTINUOUS
10
5.5038735433070869
20
-4.8901995275590551
11
5.5094978346456696
21
-4.8920742913385826
0
LINE
8
BLACK
6
CONTINUOUS
10
5.5094978346456696
20
-4.8920742913385826
11
5.5100263779527561
21
-4.8923102755905514
0
LINE
8
BLACK
6
CONTINUOUS
10
5.5100263779527561
20
-4.8923102755905514
11
5.510106496062992
21
-4.8923797637795277
0
LINE
8
BLACK
6
CONTINUOUS
10
5.510106496062992
20
-4.8923797637795277
11
5.5102045669291337
21
-4.8924203937007871
0
LINE
8
BLACK
6
CONTINUOUS
10
5.5102045669291337
20
-4.8924203937007871
11
5.5106520078740155
21
-4.8927875984251967
0
LINE
8
BLACK
6
CONTINUOUS
10
5.5106520078740155
20
-4.8927875984251967
11
5.5144015354330707
21
-4.8965371259842518
0
LINE
8
BLACK
6
CONTINUOUS
10
5.5144015354330707
20
-4.8965371259842518
11
5.5145873622047246
21
-4.8967635039370077
0
LINE
8
BLACK
6
CONTINUOUS
10
5.5145873622047246
20
-4.8967635039370077
11
5.5146462992125986
21
-4.8968146456692914
0
LINE
8
BLACK
6
CONTINUOUS
10
5.5146462992125986
20
-4.8968146456692914
11
5.5147021653543309
21
-4.8969033858267714
0
LINE
8
BLACK
6
CONTINUOUS
10
5.5147021653543309
20
-4.8969033858267714
11
5.5147687795275591
21
-4.8969845669291336
0
LINE
8
BLACK
6
CONTINUOUS
10
5.5147687795275591
20
-4.8969845669291336
11
5.5147986220472438
21
-4.8970566929133854
0
LINE
8
BLACK
6
CONTINUOUS
10
5.5147986220472438
20
-4.8970566929133854
11
5.5149546456692908
21
-4.8973045275590552
0
LINE
8
BLACK
6
CONTINUOUS
10
5.5149546456692908
20
-4.8973045275590552
11
5.5168294094488184
21
-4.9010540551181103
0
LINE
8
BLACK
6
CONTINUOUS
10
5.5168294094488184
20
-4.9010540551181103
11
5.5168455118110238
21
-4.9010961417322836
0
LINE
8
BLACK
6
CONTINUOUS
10
5.5168455118110238
20
-4.9010961417322836
11
5.5168582283464564
21
-4.9011133070866144
0
LINE
8
BLACK
6
CONTINUOUS
10
5.5168582283464564
20
-4.9011133070866144
11
5.5169442913385822
21
-4.9013542125984255
0
LINE
8
BLACK
6
CONTINUOUS
10
5.5169442913385822
20
-4.9013542125984255
11
5.5170362992125979
21
-4.9015946456692916
0
LINE
8
BLACK
6
CONTINUOUS
10
5.5170362992125979
20
-4.9015946456692916
11
5.5170377952755905
21
-4.9016159055118109
0
LINE
8
BLACK
6
CONTINUOUS
10
5.5170377952755905
20
-4.9016159055118109
11
5.5170529921259845
21
-4.9016584251968505
0
LINE
8
BLACK
6
CONTINUOUS
10
5.5170529921259845
20
-4.9016584251968505
11
5.5189277559055121
21
-4.9091574803149607
0
LINE
8
BLACK
6
CONTINUOUS
10
5.5189277559055121
20
-4.9091574803149607
11
5.518942519685039
21
-4.9092573228346454
0
LINE
8
BLACK
6
CONTINUOUS
10
5.518942519685039
20
-4.9092573228346454
11
5.5189591732283461
21
-4.9092975590551182
0
LINE
8
BLACK
6
CONTINUOUS
10
5.5189591732283461
20
-4.9092975590551182
11
5.5189805118110238
21
-4.9095145669291336
0
LINE
8
BLACK
6
CONTINUOUS
10
5.5189805118110238
20
-4.9095145669291336
11
5.5190124015748028
21
-4.9097300787401572
0
LINE
8
BLACK
6
CONTINUOUS
10
5.5190124015748028
20
-4.9097300787401572
11
5.5190059842519688
21
-4.9097730708661418
0
LINE
8
BLACK
6
CONTINUOUS
10
5.5190059842519688
20
-4.9097730708661418
11
5.5190159055118109
21
-4.9098736220472441
0
LINE
8
BLACK
6
CONTINUOUS
10
5.5190159055118109
20
-4.9098736220472441
11
5.5190159055118109
21
-4.9154979133858268
0
LINE
8
BLACK
6
CONTINUOUS
10
5.5190159055118109
20
-4.9154979133858268
11
5.5190059842519688
21
-4.9155984251968503
0
LINE
8
BLACK
6
CONTINUOUS
10
5.5190059842519688
20
-4.9155984251968503
11
5.5190124015748028
21
-4.9156414566929136
0
LINE
8
BLACK
6
CONTINUOUS
10
5.5190124015748028
20
-4.9156414566929136
11
5.5189805118110238
21
-4.9158569291338585
0
LINE
8
BLACK
6
CONTINUOUS
10
5.5189805118110238
20
-4.9158569291338585
11
5.5189591732283461
21
-4.9160739763779526
0
LINE
8
BLACK
6
CONTINUOUS
10
5.5189591732283461
20
-4.9160739763779526
11
5.518942519685039
21
-4.9161141732283467
0
LINE
8
BLACK
6
CONTINUOUS
10
5.518942519685039
20
-4.9161141732283467
11
5.5189277559055121
21
-4.9162140551181102
0
LINE
8
BLACK
6
CONTINUOUS
10
5.5189277559055121
20
-4.9162140551181102
11
5.5170529921259845
21
-4.9237131102362204
0
LINE
8
BLACK
6
CONTINUOUS
10
5.5170529921259845
20
-4.9237131102362204
11
5.5170377952755905
21
-4.9237555905511812
0
LINE
8
BLACK
6
CONTINUOUS
10
5.5170377952755905
20
-4.9237555905511812
11
5.5170362992125979
21
-4.9237768897637793
0
LINE
8
BLACK
6
CONTINUOUS
10
5.5170362992125979
20
-4.9237768897637793
11
5.5169445275590547
21
-4.9240166141732287
0
LINE
8
BLACK
6
CONTINUOUS
10
5.5169445275590547
20
-4.9240166141732287
11
5.5168582283464564
21
-4.9242582283464564
0
LINE
8
BLACK
6
CONTINUOUS
10
5.5168582283464564
20
-4.9242582283464564
11
5.5168455118110238
21
-4.9242753543307085
0
LINE
8
BLACK
6
CONTINUOUS
10
5.5168455118110238
20
-4.9242753543307085
11
5.5168294094488184
21
-4.9243174803149605
0
LINE
8
BLACK
6
CONTINUOUS
10
5.5168294094488184
20
-4.9243174803149605
11
5.5149546456692908
21
-4.9280670078740156
0
LINE
8
BLACK
6
CONTINUOUS
10
5.5149546456692908
20
-4.9280670078740156
11
5.5147985826771651
21
-4.9283148818897633
0
LINE
8
BLACK
6
CONTINUOUS
10
5.5147985826771651
20
-4.9283148818897633
11
5.5147687795275591
21
-4.9283869291338585
0
LINE
8
BLACK
6
CONTINUOUS
10
5.5147687795275591
20
-4.9283869291338585
11
5.5147022440944884
21
-4.9284679527559057
0
LINE
8
BLACK
6
CONTINUOUS
10
5.5147022440944884
20
-4.9284679527559057
11
5.5146462992125986
21
-4.9285568897637795
0
LINE
8
BLACK
6
CONTINUOUS
10
5.5146462992125986
20
-4.9285568897637795
11
5.5145872834645671
21
-4.9286080314960632
0
LINE
8
BLACK
6
CONTINUOUS
10
5.5145872834645671
20
-4.9286080314960632
11
5.5144015748031494
21
-4.9288343700787403
0
LINE
8
BLACK
6
CONTINUOUS
10
5.5144015748031494
20
-4.9288343700787403
11
5.5106520078740155
21
-4.9325839763779529
0
LINE
8
BLACK
6
CONTINUOUS
10
5.5106520078740155
20
-4.9325839763779529
11
5.5102045669291337
21
-4.9329511811023625
0
LINE
8
BLACK
6
CONTINUOUS
10
5.5102045669291337
20
-4.9329511811023625
11
5.510106496062992
21
-4.9329917716535432
0
LINE
8
BLACK
6
CONTINUOUS
10
5.510106496062992
20
-4.9329917716535432
11
5.5100263779527561
21
-4.9330612992125982
0
LINE
8
BLACK
6
CONTINUOUS
10
5.5100263779527561
20
-4.9330612992125982
11
5.5094978346456696
21
-4.933297283464567
0
LINE
8
BLACK
6
CONTINUOUS
10
5.5094978346456696
20
-4.933297283464567
11
5.5038735433070869
21
-4.9351720472440945
0
LINE
8
BLACK
6
CONTINUOUS
10
5.5038735433070869
20
-4.9351720472440945
11
5.5035879527559057
21
-4.9352369685039372
0
LINE
8
BLACK
6
CONTINUOUS
10
5.5035879527559057
20
-4.9352369685039372
11
5.5035158661417318
21
-4.9352668503937007
0
LINE
8
BLACK
6
CONTINUOUS
10
5.5035158661417318
20
-4.9352668503937007
11
5.5034113385826773
21
-4.9352771259842516
0
LINE
8
BLACK
6
CONTINUOUS
10
5.5034113385826773
20
-4.9352771259842516
11
5.5033090944881886
21
-4.9353003937007873
0
LINE
8
BLACK
6
CONTINUOUS
10
5.5033090944881886
20
-4.9353003937007873
11
5.503231338582677
21
-4.935294842519685
0
LINE
8
BLACK
6
CONTINUOUS
10
5.503231338582677
20
-4.935294842519685
11
5.502939803149606
21
-4.9353235826771655
0
LINE
8
BLACK
6
CONTINUOUS
10
5.502939803149606
20
-4.9353235826771655
11
5.4991902755905508
21
-4.9353235826771655
0
LINE
8
BLACK
6
CONTINUOUS
10
5.4991902755905508
20
-4.9353235826771655
11
5.4988986614173223
21
-4.935294842519685
0
LINE
8
BLACK
6
CONTINUOUS
10
5.4988986614173223
20
-4.935294842519685
11
5.4988209448818894
21
-4.9353003937007873
0
LINE
8
BLACK
6
CONTINUOUS
10
5.4988209448818894
20
-4.9353003937007873
11
5.4987186614173229
21
-4.9352771259842516
0
LINE
8
BLACK
6
CONTINUOUS
10
5.4987186614173229
20
-4.9352771259842516
11
5.498614212598425
21
-4.9352668503937007
0
LINE
8
BLACK
6
CONTINUOUS
10
5.498614212598425
20
-4.9352668503937007
11
5.498542125984252
21
-4.9352369685039372
0
LINE
8
BLACK
6
CONTINUOUS
10
5.498542125984252
20
-4.9352369685039372
11
5.498256496062992
21
-4.9351720472440945
0
LINE
8
BLACK
6
CONTINUOUS
10
5.498256496062992
20
-4.9351720472440945
11
5.4926322440944881
21
-4.933297283464567
0
LINE
8
BLACK
6
CONTINUOUS
10
5.4926322440944881
20
-4.933297283464567
11
5.4921036614173229
21
-4.9330612992125982
0
LINE
8
BLACK
6
CONTINUOUS
10
5.4921036614173229
20
-4.9330612992125982
11
5.4920234645669286
21
-4.9329917322834644
0
LINE
8
BLACK
6
CONTINUOUS
10
5.4920234645669286
20
-4.9329917322834644
11
5.4919255118110231
21
-4.9329511811023625
0
LINE
8
BLACK
6
CONTINUOUS
10
5.4919255118110231
20
-4.9329511811023625
11
5.4914780314960625
21
-4.9325839370078741
0
LINE
8
BLACK
6
CONTINUOUS
10
5.4914780314960625
20
-4.9325839370078741
11
5.489603267716535
21
-4.9307091338582678
0
LINE
8
BLACK
6
CONTINUOUS
10
5.489603267716535
20
-4.9307091338582678
11
5.4892360629921262
21
-4.930261692913386
0
LINE
8
BLACK
6
CONTINUOUS
10
5.4892360629921262
20
-4.930261692913386
11
5.4887951968503934
21
-4.9291972834645668
0
LINE
8
BLACK
6
CONTINUOUS
10
5.4887951968503934
20
-4.9291972834645668
11
5.4887951968503934
21
-4.9280451968503938
0
LINE
8
BLACK
6
CONTINUOUS
10
5.4887951968503934
20
-4.9280451968503938
11
5.4892361023622049
21
-4.9269807874015745
0
LINE
8
BLACK
6
CONTINUOUS
10
5.4892361023622049
20
-4.9269807874015745
11
5.4900507874015743
21
-4.9261661023622043
0
LINE
8
BLACK
6
CONTINUOUS
10
5.4900507874015743
20
-4.9261661023622043
11
5.4911151968503935
21
-4.9257252362204724
0
LINE
8
BLACK
6
CONTINUOUS
10
5.4911151968503935
20
-4.9257252362204724
11
5.4922672834645665
21
-4.9257252362204724
0
LINE
8
BLACK
6
CONTINUOUS
10
5.4922672834645665
20
-4.9257252362204724
11
5.4933316929133857
21
-4.9261661417322831
0
LINE
8
BLACK
6
CONTINUOUS
10
5.4933316929133857
20
-4.9261661417322831
11
5.4937791732283463
21
-4.9265333858267715
0
LINE
8
BLACK
6
CONTINUOUS
10
5.4937791732283463
20
-4.9265333858267715
11
5.4951610236220469
21
-4.9279152755905509
0
LINE
8
BLACK
6
CONTINUOUS
10
5.4951610236220469
20
-4.9279152755905509
11
5.4996694094488188
21
-4.9294180708661415
0
LINE
8
BLACK
6
CONTINUOUS
10
5.4996694094488188
20
-4.9294180708661415
11
5.502460669291338
21
-4.9294180708661415
0
LINE
8
BLACK
6
CONTINUOUS
10
5.502460669291338
20
-4.9294180708661415
11
5.5069690551181099
21
-4.9279152362204721
0
LINE
8
BLACK
6
CONTINUOUS
10
5.5069690551181099
20
-4.9279152362204721
11
5.5098868503937011
21
-4.924997401574803
0
LINE
8
BLACK
6
CONTINUOUS
10
5.5098868503937011
20
-4.924997401574803
11
5.5114023622047243
21
-4.9219664173228344
0
LINE
8
BLACK
6
CONTINUOUS
10
5.5114023622047243
20
-4.9219664173228344
11
5.5131103937007877
21
-4.9151343700787402
0
LINE
8
BLACK
6
CONTINUOUS
10
5.5131103937007877
20
-4.9151343700787402
11
5.5131103937007877
21
-4.9102371653543306
0
LINE
8
BLACK
6
CONTINUOUS
10
5.5131103937007877
20
-4.9102371653543306
11
5.5114023622047243
21
-4.9034051181102365
0
LINE
8
BLACK
6
CONTINUOUS
10
5.5114023622047243
20
-4.9034051181102365
11
5.5098868897637798
21
-4.9003741338582678
0
LINE
8
BLACK
6
CONTINUOUS
10
5.5098868897637798
20
-4.9003741338582678
11
5.5069690551181099
21
-4.8974562992125987
0
LINE
8
BLACK
6
CONTINUOUS
10
5.5069690551181099
20
-4.8974562992125987
11
5.502460669291338
21
-4.8959535039370081
0
LINE
8
BLACK
6
CONTINUOUS
10
5.502460669291338
20
-4.8959535039370081
11
5.4996694094488188
21
-4.8959535039370081
0
LINE
8
BLACK
6
CONTINUOUS
10
5.4996694094488188
20
-4.8959535039370081
11
5.4951610236220469
21
-4.8974562992125987
0
LINE
8
BLACK
6
CONTINUOUS
10
5.4951610236220469
20
-4.8974562992125987
11
5.4937791338582675
21
-4.8988381889763781
0
LINE
8
BLACK
6
CONTINUOUS
10
5.4937791338582675
20
-4.8988381889763781
11
5.4933316929133857
21
-4.8992053937007869
0
LINE
8
BLACK
6
CONTINUOUS
10
5.4933316929133857
20
-4.8992053937007869
11
5.4922672440944877
21
-4.8996462992125984
0
LINE
8
BLACK
6
CONTINUOUS
10
5.4922672440944877
20
-4.8996462992125984
11
5.4911151968503935
21
-4.8996462992125984
0
LINE
8
BLACK
6
CONTINUOUS
10
5.4911151968503935
20
-4.8996462992125984
11
5.4900507480314955
21
-4.8992053937007869
0
LINE
8
BLACK
6
CONTINUOUS
10
5.4900507480314955
20
-4.8992053937007869
11
5.4892361023622049
21
-4.8983907480314963
0
LINE
8
BLACK
6
CONTINUOUS
10
5.4892361023622049
20
-4.8983907480314963
11
5.4887951968503934
21
-4.8973262992125983
0
LINE
8
BLACK
6
CONTINUOUS
10
5.4887951968503934
20
-4.8973262992125983
11
5.4887951968503934
21
-4.8961742519685041
0
LINE
8
BLACK
6
CONTINUOUS
10
5.4887951968503934
20
-4.8961742519685041
11
5.4892361023622049
21
-4.8951098031496061
0
LINE
8
BLACK
6
CONTINUOUS
10
5.4892361023622049
20
-4.8951098031496061
11
5.4896033070866137
21
-4.8946623622047243
0
LINE
8
BLACK
6
CONTINUOUS
10
5.4896033070866137
20
-4.8946623622047243
11
5.4914780708661413
21
-4.8927875984251967
0
LINE
8
BLACK
6
CONTINUOUS
10
5.4914780708661413
20
-4.8927875984251967
11
5.4919255118110231
21
-4.8924203937007871
0
LINE
8
BLACK
6
CONTINUOUS
10
5.4919255118110231
20
-4.8924203937007871
11
5.4920234645669286
21
-4.8923798031496064
0
LINE
8
BLACK
6
CONTINUOUS
10
5.4920234645669286
20
-4.8923798031496064
11
5.4921036614173229
21
-4.8923102755905514
0
LINE
8
BLACK
6
CONTINUOUS
10
5.4921036614173229
20
-4.8923102755905514
11
5.4926322440944881
21
-4.8920742913385826
0
LINE
8
BLACK
6
CONTINUOUS
10
5.4926322440944881
20
-4.8920742913385826
11
5.498256496062992
21
-4.8901995275590551
0
LINE
8
BLACK
6
CONTINUOUS
10
5.498256496062992
20
-4.8901995275590551
11
5.498542125984252
21
-4.8901345669291336
0
LINE
8
BLACK
6
CONTINUOUS
10
5.498542125984252
20
-4.8901345669291336
11
5.498614212598425
21
-4.8901047244094489
0
LINE
8
BLACK
6
CONTINUOUS
10
5.498614212598425
20
-4.8901047244094489
11
5.4987186614173229
21
-4.8900944094488183
0
LINE
8
BLACK
6
CONTINUOUS
10
5.4987186614173229
20
-4.8900944094488183
11
5.4988209448818894
21
-4.8900711811023623
0
LINE
8
BLACK
6
CONTINUOUS
10
5.4988209448818894
20
-4.8900711811023623
11
5.4988986614173223
21
-4.8900766929133859
0
LINE
8
BLACK
6
CONTINUOUS
10
5.4988986614173223
20
-4.8900766929133859
11
5.4991902755905508
21
-4.8900479921259841
0
LINE
8
BLACK
6
CONTINUOUS
10
5.4991902755905508
20
-4.8900479921259841
11
5.502939803149606
21
-4.8900479921259841
0
LINE
8
BLACK
6
CONTINUOUS
10
5.502939803149606
20
-4.8900479921259841
11
5.503231338582677
21
-4.8900766929133859
0
LINE
8
BLACK
6
CONTINUOUS
10
5.676661141732283
20
-4.8901047244094489
11
5.676950433070866
21
-4.8901047244094489
0
LINE
8
BLACK
6
CONTINUOUS
10
5.676950433070866
20
-4.8901047244094489
11
5.6772205118110231
21
-4.8902165748031496
0
LINE
8
BLACK
6
CONTINUOUS
10
5.6772205118110231
20
-4.8902165748031496
11
5.6775071653543305
21
-4.8902739370078736
0
LINE
8
BLACK
6
CONTINUOUS
10
5.6775071653543305
20
-4.8902739370078736
11
5.6777475196850391
21
-4.8904348818897638
0
LINE
8
BLACK
6
CONTINUOUS
10
5.6777475196850391
20
-4.8904348818897638
11
5.6780148425196852
21
-4.8905456299212595
0
LINE
8
BLACK
6
CONTINUOUS
10
5.6780148425196852
20
-4.8905456299212595
11
5.678221535433071
21
-4.8907523228346452
0
LINE
8
BLACK
6
CONTINUOUS
10
5.678221535433071
20
-4.8907523228346452
11
5.6784644488188976
21
-4.8909149999999997
0
LINE
8
BLACK
6
CONTINUOUS
10
5.6784644488188976
20
-4.8909149999999997
11
5.6788274409448816
21
-4.8913582283464567
0
LINE
8
BLACK
6
CONTINUOUS
10
5.6788274409448816
20
-4.8913582283464567
11
5.6788294881889758
21
-4.891360275590551
0
LINE
8
BLACK
6
CONTINUOUS
10
5.6788294881889758
20
-4.891360275590551
11
5.6788298425196846
21
-4.8913611417322835
0
LINE
8
BLACK
6
CONTINUOUS
10
5.6788298425196846
20
-4.8913611417322835
11
5.6788312204724409
21
-4.891362834645669
0
LINE
8
BLACK
6
CONTINUOUS
10
5.6788312204724409
20
-4.891362834645669
11
5.6824185433070866
21
-4.8967438582677163
0
LINE
8
BLACK
6
CONTINUOUS
10
5.6824185433070866
20
-4.8967438582677163
11
5.6856225196850394
21
-4.8999478346456691
0
LINE
8
BLACK
6
CONTINUOUS
10
5.6856225196850394
20
-4.8999478346456691
11
5.688943464566929
21
-4.9016083070866143
0
LINE
8
BLACK
6
CONTINUOUS
10
5.688943464566929
20
-4.9016083070866143
11
5.6894333464566929
21
-4.9019166535433074
0
LINE
8
BLACK
6
CONTINUOUS
10
5.6894333464566929
20
-4.9019166535433074
11
5.6901881889763777
21
-4.902787047244094
0
LINE
8
BLACK
6
CONTINUOUS
10
5.6901881889763777
20
-4.902787047244094
11
5.6905525196850393
21
-4.90388
0
LINE
8
BLACK
6
CONTINUOUS
10
5.6905525196850393
20
-4.90388
11
5.690470866141732
21
-4.9050292125984249
0
LINE
8
BLACK
6
CONTINUOUS
10
5.690470866141732
20
-4.9050292125984249
11
5.6899555905511807
21
-4.9060597244094488
0
LINE
8
BLACK
6
CONTINUOUS
10
5.6899555905511807
20
-4.9060597244094488
11
5.689085236220472
21
-4.9068145669291336
0
LINE
8
BLACK
6
CONTINUOUS
10
5.689085236220472
20
-4.9068145669291336
11
5.6879922440944881
21
-4.9071788976377952
0
LINE
8
BLACK
6
CONTINUOUS
10
5.6879922440944881
20
-4.9071788976377952
11
5.6868430314960632
21
-4.907097244094488
0
LINE
8
BLACK
6
CONTINUOUS
10
5.6868430314960632
20
-4.907097244094488
11
5.6863024409448819
21
-4.9068903543307085
0
LINE
8
BLACK
6
CONTINUOUS
10
5.6863024409448819
20
-4.9068903543307085
11
5.6825529133858268
21
-4.905015590551181
0
LINE
8
BLACK
6
CONTINUOUS
10
5.6825529133858268
20
-4.905015590551181
11
5.682305078740157
21
-4.9048595669291339
0
LINE
8
BLACK
6
CONTINUOUS
10
5.682305078740157
20
-4.9048595669291339
11
5.6822329527559052
21
-4.9048297244094483
0
LINE
8
BLACK
6
CONTINUOUS
10
5.6822329527559052
20
-4.9048297244094483
11
5.682151771653543
21
-4.9047631102362201
0
LINE
8
BLACK
6
CONTINUOUS
10
5.682151771653543
20
-4.9047631102362201
11
5.682063031496063
21
-4.9047072440944879
0
LINE
8
BLACK
6
CONTINUOUS
10
5.682063031496063
20
-4.9047072440944879
11
5.6820118897637792
21
-4.9046483070866138
0
LINE
8
BLACK
6
CONTINUOUS
10
5.6820118897637792
20
-4.9046483070866138
11
5.6817855118110234
21
-4.9044624803149608
0
LINE
8
BLACK
6
CONTINUOUS
10
5.6817855118110234
20
-4.9044624803149608
11
5.6793271259842522
21
-4.9020040944881886
0
LINE
8
BLACK
6
CONTINUOUS
10
5.6793271259842522
20
-4.9020040944881886
11
5.6793271259842522
21
-4.9294180708661415
0
LINE
8
BLACK
6
CONTINUOUS
10
5.6793271259842522
20
-4.9294180708661415
11
5.6876229527559055
21
-4.9294180708661415
0
LINE
8
BLACK
6
CONTINUOUS
10
5.6876229527559055
20
-4.9294180708661415
11
5.6881990157480313
21
-4.9294748031496063
0
LINE
8
BLACK
6
CONTINUOUS
10
5.6881990157480313
20
-4.9294748031496063
11
5.6892634251968506
21
-4.9299157086614169
0
LINE
8
BLACK
6
CONTINUOUS
10
5.6892634251968506
20
-4.9299157086614169
11
5.690078070866142
21
-4.9307303543307084
0
LINE
8
BLACK
6
CONTINUOUS
10
5.690078070866142
20
-4.9307303543307084
11
5.6905189763779527
21
-4.9317947637795276
0
LINE
8
BLACK
6
CONTINUOUS
10
5.6905189763779527
20
-4.9317947637795276
11
5.6905189763779527
21
-4.9329468897637794
0
LINE
8
BLACK
6
CONTINUOUS
10
5.6905189763779527
20
-4.9329468897637794
11
5.690078070866142
21
-4.9340112992125986
0
LINE
8
BLACK
6
CONTINUOUS
10
5.690078070866142
20
-4.9340112992125986
11
5.6892634251968506
21
-4.9348259448818901
0
LINE
8
BLACK
6
CONTINUOUS
10
5.6892634251968506
20
-4.9348259448818901
11
5.6881990157480313
21
-4.9352668503937007
0
LINE
8
BLACK
6
CONTINUOUS
10
5.6881990157480313
20
-4.9352668503937007
11
5.6876229527559055
21
-4.9353235826771655
0
LINE
8
BLACK
6
CONTINUOUS
10
5.6876229527559055
20
-4.9353235826771655
11
5.6651257874015748
21
-4.9353235826771655
0
LINE
8
BLACK
6
CONTINUOUS
10
5.6651257874015748
20
-4.9353235826771655
11
5.6645497244094489
21
-4.9352668503937007
0
LINE
8
BLACK
6
CONTINUOUS
10
5.6645497244094489
20
-4.9352668503937007
11
5.6634853149606297
21
-4.9348259448818901
0
LINE
8
BLACK
6
CONTINUOUS
10
5.6634853149606297
20
-4.9348259448818901
11
5.6626706692913382
21
-4.9340112992125986
0
LINE
8
BLACK
6
CONTINUOUS
10
5.6626706692913382
20
-4.9340112992125986
11
5.6622297637795276
21
-4.9329468897637794
0
LINE
8
BLACK
6
CONTINUOUS
10
5.6622297637795276
20
-4.9329468897637794
11
5.6622297637795276
21
-4.9317947637795276
0
LINE
8
BLACK
6
CONTINUOUS
10
5.6622297637795276
20
-4.9317947637795276
11
5.6626706692913382
21
-4.9307303543307084
0
LINE
8
BLACK
6
CONTINUOUS
10
5.6626706692913382
20
-4.9307303543307084
11
5.6634853149606297
21
-4.9299157086614169
0
LINE
8
BLACK
6
CONTINUOUS
10
5.6634853149606297
20
-4.9299157086614169
11
5.6645497244094489
21
-4.9294748031496063
0
LINE
8
BLACK
6
CONTINUOUS
10
5.6645497244094489
20
-4.9294748031496063
11
5.6651257874015748
21
-4.9294180708661415
0
LINE
8
BLACK
6
CONTINUOUS
10
5.6651257874015748
20
-4.9294180708661415
11
5.6734216141732281
21
-4.9294180708661415
0
LINE
8
BLACK
6
CONTINUOUS
10
5.6734216141732281
20
-4.9294180708661415
11
5.6734216141732281
21
-4.8930007480314961
0
LINE
8
BLACK
6
CONTINUOUS
10
5.6734216141732281
20
-4.8930007480314961
11
5.6734218110236219
21
-4.8929986614173231
0
LINE
8
BLACK
6
CONTINUOUS
10
5.6734218110236219
20
-4.8929986614173231
11
5.6734216141732281
21
-4.8929976377952755
0
LINE
8
BLACK
6
CONTINUOUS
10
5.6734216141732281
20
-4.8929976377952755
11
5.6734222047244094
21
-4.8929946062992125
0
LINE
8
BLACK
6
CONTINUOUS
10
5.6734222047244094
20
-4.8929946062992125
11
5.6734783464566929
21
-4.8924246850393702
0
LINE
8
BLACK
6
CONTINUOUS
10
5.6734783464566929
20
-4.8924246850393702
11
5.6735901968503937
21
-4.8921545669291335
0
LINE
8
BLACK
6
CONTINUOUS
10
5.6735901968503937
20
-4.8921545669291335
11
5.6736475590551176
21
-4.8918679527559057
0
LINE
8
BLACK
6
CONTINUOUS
10
5.6736475590551176
20
-4.8918679527559057
11
5.6738085039370079
21
-4.8916275590551184
0
LINE
8
BLACK
6
CONTINUOUS
10
5.6738085039370079
20
-4.8916275590551184
11
5.6739192519685036
21
-4.891360275590551
0
LINE
8
BLACK
6
CONTINUOUS
10
5.6739192519685036
20
-4.891360275590551
11
5.6741259448818893
21
-4.8911535433070865
0
LINE
8
BLACK
6
CONTINUOUS
10
5.6741259448818893
20
-4.8911535433070865
11
5.6742886220472437
21
-4.8909106692913387
0
LINE
8
BLACK
6
CONTINUOUS
10
5.6742886220472437
20
-4.8909106692913387
11
5.6745293307086611
21
-4.8907501574803147
0
LINE
8
BLACK
6
CONTINUOUS
10
5.6745293307086611
20
-4.8907501574803147
11
5.674733897637795
21
-4.8905456299212595
0
LINE
8
BLACK
6
CONTINUOUS
10
5.674733897637795
20
-4.8905456299212595
11
5.675003976377953
21
-4.89043374015748
0
LINE
8
BLACK
6
CONTINUOUS
10
5.675003976377953
20
-4.89043374015748
11
5.6752472440944883
21
-4.8902715748031493
0
LINE
8
BLACK
6
CONTINUOUS
10
5.6752472440944883
20
-4.8902715748031493
11
5.6755310236220469
21
-4.8902154330708658
0
LINE
8
BLACK
6
CONTINUOUS
10
5.6755310236220469
20
-4.8902154330708658
11
5.6757983070866143
21
-4.8901047244094489
0
LINE
8
BLACK
6
CONTINUOUS
10
5.6757983070866143
20
-4.8901047244094489
11
5.676090708661417
21
-4.8901047244094489
0
LINE
8
BLACK
6
CONTINUOUS
10
5.676090708661417
20
-4.8901047244094489
11
5.6763774803149607
21
-4.8900479921259841
0
LINE
8
BLACK
6
CONTINUOUS
10
5.6763774803149607
20
-4.8900479921259841
11
5.676661141732283
21
-4.8901047244094489
0
LINE
8
BLACK
6
CONTINUOUS
10
5.7141564566929128
20
-4.8901047244094489
11
5.7144457480314959
21
-4.8901047244094489
0
LINE
8
BLACK
6
CONTINUOUS
10
5.7144457480314959
20
-4.8901047244094489
11
5.7147158267716538
21
-4.8902165748031496
0
LINE
8
BLACK
6
CONTINUOUS
10
5.7147158267716538
20
-4.8902165748031496
11
5.7150024803149604
21
-4.8902739370078736
0
LINE
8
BLACK
6
CONTINUOUS
10
5.7150024803149604
20
-4.8902739370078736
11
5.715242834645669
21
-4.8904348818897638
0
LINE
8
BLACK
6
CONTINUOUS
10
5.715242834645669
20
-4.8904348818897638
11
5.7155101574803151
21
-4.8905456299212595
0
LINE
8
BLACK
6
CONTINUOUS
10
5.7155101574803151
20
-4.8905456299212595
11
5.7157168503937008
21
-4.8907523228346452
0
LINE
8
BLACK
6
CONTINUOUS
10
5.7157168503937008
20
-4.8907523228346452
11
5.7159597637795274
21
-4.8909149999999997
0
LINE
8
BLACK
6
CONTINUOUS
10
5.7159597637795274
20
-4.8909149999999997
11
5.7163227559055114
21
-4.8913582283464567
0
LINE
8
BLACK
6
CONTINUOUS
10
5.7163227559055114
20
-4.8913582283464567
11
5.7163248031496066
21
-4.891360275590551
0
LINE
8
BLACK
6
CONTINUOUS
10
5.7163248031496066
20
-4.891360275590551
11
5.7163251574803144
21
-4.8913611417322835
0
LINE
8
BLACK
6
CONTINUOUS
10
5.7163251574803144
20
-4.8913611417322835
11
5.7163265354330708
21
-4.891362834645669
0
LINE
8
BLACK
6
CONTINUOUS
10
5.7163265354330708
20
-4.891362834645669
11
5.7199138582677165
21
-4.8967438582677163
0
LINE
8
BLACK
6
CONTINUOUS
10
5.7199138582677165
20
-4.8967438582677163
11
5.7231178346456693
21
-4.8999478346456691
0
LINE
8
BLACK
6
CONTINUOUS
10
5.7231178346456693
20
-4.8999478346456691
11
5.7264387795275589
21
-4.9016083070866143
0
LINE
8
BLACK
6
CONTINUOUS
10
5.7264387795275589
20
-4.9016083070866143
11
5.7269286614173227
21
-4.9019166535433074
0
LINE
8
BLACK
6
CONTINUOUS
10
5.7269286614173227
20
-4.9019166535433074
11
5.7276835039370075
21
-4.902787047244094
0
LINE
8
BLACK
6
CONTINUOUS
10
5.7276835039370075
20
-4.902787047244094
11
5.7280478346456691
21
-4.90388
0
LINE
8
BLACK
6
CONTINUOUS
10
5.7280478346456691
20
-4.90388
11
5.7279661811023619
21
-4.9050292125984249
0
LINE
8
BLACK
6
CONTINUOUS
10
5.7279661811023619
20
-4.9050292125984249
11
5.7274509055118106
21
-4.9060597244094488
0
LINE
8
BLACK
6
CONTINUOUS
10
5.7274509055118106
20
-4.9060597244094488
11
5.7265805511811019
21
-4.9068145669291336
0
LINE
8
BLACK
6
CONTINUOUS
10
5.7265805511811019
20
-4.9068145669291336
11
5.725487559055118
21
-4.9071788976377952
0
LINE
8
BLACK
6
CONTINUOUS
10
5.725487559055118
20
-4.9071788976377952
11
5.724338346456693
21
-4.907097244094488
0
LINE
8
BLACK
6
CONTINUOUS
10
5.724338346456693
20
-4.907097244094488
11
5.7237977559055118
21
-4.9068903543307085
0
LINE
8
BLACK
6
CONTINUOUS
10
5.7237977559055118
20
-4.9068903543307085
11
5.7200482283464567
21
-4.905015590551181
0
LINE
8
BLACK
6
CONTINUOUS
10
5.7200482283464567
20
-4.905015590551181
11
5.7198003937007869
21
-4.9048595669291339
0
LINE
8
BLACK
6
CONTINUOUS
10
5.7198003937007869
20
-4.9048595669291339
11
5.7197282677165351
21
-4.9048297244094483
0
LINE
8
BLACK
6
CONTINUOUS
10
5.7197282677165351
20
-4.9048297244094483
11
5.7196470866141729
21
-4.9047631102362201
0
LINE
8
BLACK
6
CONTINUOUS
10
5.7196470866141729
20
-4.9047631102362201
11
5.7195583464566928
21
-4.9047072440944879
0
LINE
8
BLACK
6
CONTINUOUS
10
5.7195583464566928
20
-4.9047072440944879
11
5.7195072047244091
21
-4.9046483070866138
0
LINE
8
BLACK
6
CONTINUOUS
10
5.7195072047244091
20
-4.9046483070866138
11
5.7192808267716533
21
-4.9044624803149608
0
LINE
8
BLACK
6
CONTINUOUS
10
5.7192808267716533
20
-4.9044624803149608
11
5.716822440944882
21
-4.9020040944881886
0
LINE
8
BLACK
6
CONTINUOUS
10
5.716822440944882
20
-4.9020040944881886
11
5.716822440944882
21
-4.9294180708661415
0
LINE
8
BLACK
6
CONTINUOUS
10
5.716822440944882
20
-4.9294180708661415
11
5.7251182677165353
21
-4.9294180708661415
0
LINE
8
BLACK
6
CONTINUOUS
10
5.7251182677165353
20
-4.9294180708661415
11
5.7256943307086612
21
-4.9294748031496063
0
LINE
8
BLACK
6
CONTINUOUS
10
5.7256943307086612
20
-4.9294748031496063
11
5.7267587401574804
21
-4.9299157086614169
0
LINE
8
BLACK
6
CONTINUOUS
10
5.7267587401574804
20
-4.9299157086614169
11
5.7275733858267719
21
-4.9307303543307084
0
LINE
8
BLACK
6
CONTINUOUS
10
5.7275733858267719
20
-4.9307303543307084
11
5.7280142913385825
21
-4.9317947637795276
0
LINE
8
BLACK
6
CONTINUOUS
10
5.7280142913385825
20
-4.9317947637795276
11
5.7280142913385825
21
-4.9329468897637794
0
LINE
8
BLACK
6
CONTINUOUS
10
5.7280142913385825
20
-4.9329468897637794
11
5.7275733858267719
21
-4.9340112992125986
0
LINE
8
BLACK
6
CONTINUOUS
10
5.7275733858267719
20
-4.9340112992125986
11
5.7267587401574804
21
-4.9348259448818901
0
LINE
8
BLACK
6
CONTINUOUS
10
5.7267587401574804
20
-4.9348259448818901
11
5.7256943307086612
21
-4.9352668503937007
0
LINE
8
BLACK
6
CONTINUOUS
10
5.7256943307086612
20
-4.9352668503937007
11
5.7251182677165353
21
-4.9353235826771655
0
LINE
8
BLACK
6
CONTINUOUS
10
5.7251182677165353
20
-4.9353235826771655
11
5.7026211023622047
21
-4.9353235826771655
0
LINE
8
BLACK
6
CONTINUOUS
10
5.7026211023622047
20
-4.9353235826771655
11
5.7020450393700788
21
-4.9352668503937007
0
LINE
8
BLACK
6
CONTINUOUS
10
5.7020450393700788
20
-4.9352668503937007
11
5.7009806299212595
21
-4.9348259448818901
0
LINE
8
BLACK
6
CONTINUOUS
10
5.7009806299212595
20
-4.9348259448818901
11
5.7001659842519681
21
-4.9340112992125986
0
LINE
8
BLACK
6
CONTINUOUS
10
5.7001659842519681
20
-4.9340112992125986
11
5.6997250787401574
21
-4.9329468897637794
0
LINE
8
BLACK
6
CONTINUOUS
10
5.6997250787401574
20
-4.9329468897637794
11
5.6997250787401574
21
-4.9317947637795276
0
LINE
8
BLACK
6
CONTINUOUS
10
5.6997250787401574
20
-4.9317947637795276
11
5.7001659842519681
21
-4.9307303543307084
0
LINE
8
BLACK
6
CONTINUOUS
10
5.7001659842519681
20
-4.9307303543307084
11
5.7009806299212595
21
-4.9299157086614169
0
LINE
8
BLACK
6
CONTINUOUS
10
5.7009806299212595
20
-4.9299157086614169
11
5.7020450393700788
21
-4.9294748031496063
0
LINE
8
BLACK
6
CONTINUOUS
10
5.7020450393700788
20
-4.9294748031496063
11
5.7026211023622047
21
-4.9294180708661415
0
LINE
8
BLACK
6
CONTINUOUS
10
5.7026211023622047
20
-4.9294180708661415
11
5.710916929133858
21
-4.9294180708661415
0
LINE
8
BLACK
6
CONTINUOUS
10
5.710916929133858
20
-4.9294180708661415
11
5.710916929133858
21
-4.8930007480314961
0
LINE
8
BLACK
6
CONTINUOUS
10
5.710916929133858
20
-4.8930007480314961
11
5.7109171259842517
21
-4.8929986614173231
0
LINE
8
BLACK
6
CONTINUOUS
10
5.7109171259842517
20
-4.8929986614173231
11
5.710916929133858
21
-4.8929976377952755
0
LINE
8
BLACK
6
CONTINUOUS
10
5.710916929133858
20
-4.8929976377952755
11
5.7109175196850392
21
-4.8929946062992125
0
LINE
8
BLACK
6
CONTINUOUS
10
5.7109175196850392
20
-4.8929946062992125
11
5.7109736614173228
21
-4.8924246850393702
0
LINE
8
BLACK
6
CONTINUOUS
10
5.7109736614173228
20
-4.8924246850393702
11
5.7110855118110235
21
-4.8921545669291335
0
LINE
8
BLACK
6
CONTINUOUS
10
5.7110855118110235
20
-4.8921545669291335
11
5.7111428740157475
21
-4.8918679527559057
0
LINE
8
BLACK
6
CONTINUOUS
10
5.7111428740157475
20
-4.8918679527559057
11
5.7113038188976377
21
-4.8916275590551184
0
LINE
8
BLACK
6
CONTINUOUS
10
5.7113038188976377
20
-4.8916275590551184
11
5.7114145669291334
21
-4.891360275590551
0
LINE
8
BLACK
6
CONTINUOUS
10
5.7114145669291334
20
-4.891360275590551
11
5.7116212598425191
21
-4.8911535433070865
0
LINE
8
BLACK
6
CONTINUOUS
10
5.7116212598425191
20
-4.8911535433070865
11
5.7117839370078736
21
-4.8909106692913387
0
LINE
8
BLACK
6
CONTINUOUS
10
5.7117839370078736
20
-4.8909106692913387
11
5.7120246456692909
21
-4.8907501574803147
0
LINE
8
BLACK
6
CONTINUOUS
10
5.7120246456692909
20
-4.8907501574803147
11
5.7122292125984249
21
-4.8905456299212595
0
LINE
8
BLACK
6
CONTINUOUS
10
5.7122292125984249
20
-4.8905456299212595
11
5.7124992913385828
21
-4.89043374015748
0
LINE
8
BLACK
6
CONTINUOUS
10
5.7124992913385828
20
-4.89043374015748
11
5.7127425590551182
21
-4.8902715748031493
0
LINE
8
BLACK
6
CONTINUOUS
10
5.7127425590551182
20
-4.8902715748031493
11
5.7130263385826767
21
-4.8902154330708658
0
LINE
8
BLACK
6
CONTINUOUS
10
5.7130263385826767
20
-4.8902154330708658
11
5.7132936220472441
21
-4.8901047244094489
0
LINE
8
BLACK
6
CONTINUOUS
10
5.7132936220472441
20
-4.8901047244094489
11
5.7135860236220468
21
-4.8901047244094489
0
LINE
8
BLACK
6
CONTINUOUS
10
5.7135860236220468
20
-4.8901047244094489
11
5.7138727952755906
21
-4.8900479921259841
0
LINE
8
BLACK
6
CONTINUOUS
10
5.7138727952755906
20
-4.8900479921259841
11
5.7141564566929128
21
-4.8901047244094489
0
LINE
8
BLACK
6
CONTINUOUS
10
5.7516565354330709
20
-4.8900766929133859
11
5.7517342913385825
21
-4.8900711811023623
0
LINE
8
BLACK
6
CONTINUOUS
10
5.7517342913385825
20
-4.8900711811023623
11
5.7518365354330712
21
-4.8900944094488183
0
LINE
8
BLACK
6
CONTINUOUS
10
5.7518365354330712
20
-4.8900944094488183
11
5.7519410629921257
21
-4.8901047244094489
0
LINE
8
BLACK
6
CONTINUOUS
10
5.7519410629921257
20
-4.8901047244094489
11
5.7520131496062987
21
-4.8901345669291336
0
LINE
8
BLACK
6
CONTINUOUS
10
5.7520131496062987
20
-4.8901345669291336
11
5.7522987401574799
21
-4.8901995275590551
0
LINE
8
BLACK
6
CONTINUOUS
10
5.7522987401574799
20
-4.8901995275590551
11
5.7579230314960625
21
-4.8920742913385826
0
LINE
8
BLACK
6
CONTINUOUS
10
5.7579230314960625
20
-4.8920742913385826
11
5.7584515748031491
21
-4.8923102755905514
0
LINE
8
BLACK
6
CONTINUOUS
10
5.7584515748031491
20
-4.8923102755905514
11
5.7585316929133858
21
-4.8923797637795277
0
LINE
8
BLACK
6
CONTINUOUS
10
5.7585316929133858
20
-4.8923797637795277
11
5.7586297637795276
21
-4.8924203937007871
0
LINE
8
BLACK
6
CONTINUOUS
10
5.7586297637795276
20
-4.8924203937007871
11
5.7590772047244094
21
-4.8927875984251967
0
LINE
8
BLACK
6
CONTINUOUS
10
5.7590772047244094
20
-4.8927875984251967
11
5.7628267322834645
21
-4.8965371259842518
0
LINE
8
BLACK
6
CONTINUOUS
10
5.7628267322834645
20
-4.8965371259842518
11
5.7630125590551176
21
-4.8967635039370077
0
LINE
8
BLACK
6
CONTINUOUS
10
5.7630125590551176
20
-4.8967635039370077
11
5.7630714960629916
21
-4.8968146456692914
0
LINE
8
BLACK
6
CONTINUOUS
10
5.7630714960629916
20
-4.8968146456692914
11
5.7631273622047239
21
-4.8969033858267714
0
LINE
8
BLACK
6
CONTINUOUS
10
5.7631273622047239
20
-4.8969033858267714
11
5.7631939763779529
21
-4.8969845669291336
0
LINE
8
BLACK
6
CONTINUOUS
10
5.7631939763779529
20
-4.8969845669291336
11
5.7632238188976377
21
-4.8970566929133854
0
LINE
8
BLACK
6
CONTINUOUS
10
5.7632238188976377
20
-4.8970566929133854
11
5.7633798425196847
21
-4.8973045275590552
0
LINE
8
BLACK
6
CONTINUOUS
10
5.7633798425196847
20
-4.8973045275590552
11
5.7652546062992123
21
-4.9010540551181103
0
LINE
8
BLACK
6
CONTINUOUS
10
5.7652546062992123
20
-4.9010540551181103
11
5.7652707086614168
21
-4.9010961417322836
0
LINE
8
BLACK
6
CONTINUOUS
10
5.7652707086614168
20
-4.9010961417322836
11
5.7652834251968503
21
-4.9011133070866144
0
LINE
8
BLACK
6
CONTINUOUS
10
5.7652834251968503
20
-4.9011133070866144
11
5.7653694881889761
21
-4.9013542125984255
0
LINE
8
BLACK
6
CONTINUOUS
10
5.7653694881889761
20
-4.9013542125984255
11
5.7654614960629917
21
-4.9015946456692916
0
LINE
8
BLACK
6
CONTINUOUS
10
5.7654614960629917
20
-4.9015946456692916
11
5.7654629921259843
21
-4.9016159055118109
0
LINE
8
BLACK
6
CONTINUOUS
10
5.7654629921259843
20
-4.9016159055118109
11
5.7654781889763775
21
-4.9016584251968505
0
LINE
8
BLACK
6
CONTINUOUS
10
5.7654781889763775
20
-4.9016584251968505
11
5.7673529527559051
21
-4.9091574803149607
0
LINE
8
BLACK
6
CONTINUOUS
10
5.7673529527559051
20
-4.9091574803149607
11
5.7673677165354329
21
-4.9092573228346454
0
LINE
8
BLACK
6
CONTINUOUS
10
5.7673677165354329
20
-4.9092573228346454
11
5.7673843700787399
21
-4.9092975590551182
0
LINE
8
BLACK
6
CONTINUOUS
10
5.7673843700787399
20
-4.9092975590551182
11
5.7674057086614168
21
-4.9095145669291336
0
LINE
8
BLACK
6
CONTINUOUS
10
5.7674057086614168
20
-4.9095145669291336
11
5.7674375984251967
21
-4.9097300787401572
0
LINE
8
BLACK
6
CONTINUOUS
10
5.7674375984251967
20
-4.9097300787401572
11
5.7674311811023617
21
-4.9097730708661418
0
LINE
8
BLACK
6
CONTINUOUS
10
5.7674311811023617
20
-4.9097730708661418
11
5.7674411023622048
21
-4.9098736220472441
0
LINE
8
BLACK
6
CONTINUOUS
10
5.7674411023622048
20
-4.9098736220472441
11
5.7674411023622048
21
-4.9154979133858268
0
LINE
8
BLACK
6
CONTINUOUS
10
5.7674411023622048
20
-4.9154979133858268
11
5.7674311811023617
21
-4.9155984251968503
0
LINE
8
BLACK
6
CONTINUOUS
10
5.7674311811023617
20
-4.9155984251968503
11
5.7674375984251967
21
-4.9156414566929136
0
LINE
8
BLACK
6
CONTINUOUS
10
5.7674375984251967
20
-4.9156414566929136
11
5.7674057086614168
21
-4.9158569291338585
0
LINE
8
BLACK
6
CONTINUOUS
10
5.7674057086614168
20
-4.9158569291338585
11
5.7673843700787399
21
-4.9160739763779526
0
LINE
8
BLACK
6
CONTINUOUS
10
5.7673843700787399
20
-4.9160739763779526
11
5.7673677165354329
21
-4.9161141732283467
0
LINE
8
BLACK
6
CONTINUOUS
10
5.7673677165354329
20
-4.9161141732283467
11
5.7673529527559051
21
-4.9162140551181102
0
LINE
8
BLACK
6
CONTINUOUS
10
5.7673529527559051
20
-4.9162140551181102
11
5.7654781889763775
21
-4.9237131102362204
0
LINE
8
BLACK
6
CONTINUOUS
10
5.7654781889763775
20
-4.9237131102362204
11
5.7654629921259843
21
-4.9237555905511812
0
LINE
8
BLACK
6
CONTINUOUS
10
5.7654629921259843
20
-4.9237555905511812
11
5.7654614960629917
21
-4.9237768897637793
0
LINE
8
BLACK
6
CONTINUOUS
10
5.7654614960629917
20
-4.9237768897637793
11
5.7653697244094486
21
-4.9240166141732287
0
LINE
8
BLACK
6
CONTINUOUS
10
5.7653697244094486
20
-4.9240166141732287
11
5.7652834251968503
21
-4.9242582283464564
0
LINE
8
BLACK
6
CONTINUOUS
10
5.7652834251968503
20
-4.9242582283464564
11
5.7652707086614168
21
-4.9242753543307085
0
LINE
8
BLACK
6
CONTINUOUS
10
5.7652707086614168
20
-4.9242753543307085
11
5.7652546062992123
21
-4.9243174803149605
0
LINE
8
BLACK
6
CONTINUOUS
10
5.7652546062992123
20
-4.9243174803149605
11
5.7633798425196847
21
-4.9280670078740156
0
LINE
8
BLACK
6
CONTINUOUS
10
5.7633798425196847
20
-4.9280670078740156
11
5.7632237795275589
21
-4.9283148818897633
0
LINE
8
BLACK
6
CONTINUOUS
10
5.7632237795275589
20
-4.9283148818897633
11
5.7631939763779529
21
-4.9283869291338585
0
LINE
8
BLACK
6
CONTINUOUS
10
5.7631939763779529
20
-4.9283869291338585
11
5.7631274409448814
21
-4.9284679527559057
0
LINE
8
BLACK
6
CONTINUOUS
10
5.7631274409448814
20
-4.9284679527559057
11
5.7630714960629916
21
-4.9285568897637795
0
LINE
8
BLACK
6
CONTINUOUS
10
5.7630714960629916
20
-4.9285568897637795
11
5.7630124803149609
21
-4.9286080314960632
0
LINE
8
BLACK
6
CONTINUOUS
10
5.7630124803149609
20
-4.9286080314960632
11
5.7628267716535433
21
-4.9288343700787403
0
LINE
8
BLACK
6
CONTINUOUS
10
5.7628267716535433
20
-4.9288343700787403
11
5.7590772047244094
21
-4.9325839763779529
0
LINE
8
BLACK
6
CONTINUOUS
10
5.7590772047244094
20
-4.9325839763779529
11
5.7586297637795276
21
-4.9329511811023625
0
LINE
8
BLACK
6
CONTINUOUS
10
5.7586297637795276
20
-4.9329511811023625
11
5.7585316929133858
21
-4.9329917716535432
0
LINE
8
BLACK
6
CONTINUOUS
10
5.7585316929133858
20
-4.9329917716535432
11
5.7584515748031491
21
-4.9330612992125982
0
LINE
8
BLACK
6
CONTINUOUS
10
5.7584515748031491
20
-4.9330612992125982
11
5.7579230314960625
21
-4.933297283464567
0
LINE
8
BLACK
6
CONTINUOUS
10
5.7579230314960625
20
-4.933297283464567
11
5.7522987401574799
21
-4.9351720472440945
0
LINE
8
BLACK
6
CONTINUOUS
10
5.7522987401574799
20
-4.9351720472440945
11
5.7520131496062987
21
-4.9352369685039372
0
LINE
8
BLACK
6
CONTINUOUS
10
5.7520131496062987
20
-4.9352369685039372
11
5.7519410629921257
21
-4.9352668503937007
0
LINE
8
BLACK
6
CONTINUOUS
10
5.7519410629921257
20
-4.9352668503937007
11
5.7518365354330712
21
-4.9352771259842516
0
LINE
8
BLACK
6
CONTINUOUS
10
5.7518365354330712
20
-4.9352771259842516
11
5.7517342913385825
21
-4.9353003937007873
0
LINE
8
BLACK
6
CONTINUOUS
10
5.7517342913385825
20
-4.9353003937007873
11
5.7516565354330709
21
-4.935294842519685
0
LINE
8
BLACK
6
CONTINUOUS
10
5.7516565354330709
20
-4.935294842519685
11
5.7513649999999998
21
-4.9353235826771655
0
LINE
8
BLACK
6
CONTINUOUS
10
5.7513649999999998
20
-4.9353235826771655
11
5.7476154724409447
21
-4.9353235826771655
0
LINE
8
BLACK
6
CONTINUOUS
10
5.7476154724409447
20
-4.9353235826771655
11
5.7473238582677162
21
-4.935294842519685
0
LINE
8
BLACK
6
CONTINUOUS
10
5.7473238582677162
20
-4.935294842519685
11
5.7472461417322833
21
-4.9353003937007873
0
LINE
8
BLACK
6
CONTINUOUS
10
5.7472461417322833
20
-4.9353003937007873
11
5.7471438582677168
21
-4.9352771259842516
0
LINE
8
BLACK
6
CONTINUOUS
10
5.7471438582677168
20
-4.9352771259842516
11
5.7470394094488189
21
-4.9352668503937007
0
LINE
8
BLACK
6
CONTINUOUS
10
5.7470394094488189
20
-4.9352668503937007
11
5.7469673228346458
21
-4.9352369685039372
0
LINE
8
BLACK
6
CONTINUOUS
10
5.7469673228346458
20
-4.9352369685039372
11
5.7466816929133859
21
-4.9351720472440945
0
LINE
8
BLACK
6
CONTINUOUS
10
5.7466816929133859
20
-4.9351720472440945
11
5.741057440944882
21
-4.933297283464567
0
LINE
8
BLACK
6
CONTINUOUS
10
5.741057440944882
20
-4.933297283464567
11
5.7405288582677167
21
-4.9330612992125982
0
LINE
8
BLACK
6
CONTINUOUS
10
5.7405288582677167
20
-4.9330612992125982
11
5.7404486614173225
21
-4.9329917322834644
0
LINE
8
BLACK
6
CONTINUOUS
10
5.7404486614173225
20
-4.9329917322834644
11
5.7403507086614169
21
-4.9329511811023625
0
LINE
8
BLACK
6
CONTINUOUS
10
5.7403507086614169
20
-4.9329511811023625
11
5.7399032283464564
21
-4.9325839370078741
0
LINE
8
BLACK
6
CONTINUOUS
10
5.7399032283464564
20
-4.9325839370078741
11
5.7380284645669288
21
-4.9307091338582678
0
LINE
8
BLACK
6
CONTINUOUS
10
5.7380284645669288
20
-4.9307091338582678
11
5.7376612598425192
21
-4.930261692913386
0
LINE
8
BLACK
6
CONTINUOUS
10
5.7376612598425192
20
-4.930261692913386
11
5.7372203937007873
21
-4.9291972834645668
0
LINE
8
BLACK
6
CONTINUOUS
10
5.7372203937007873
20
-4.9291972834645668
11
5.7372203937007873
21
-4.9280451968503938
0
LINE
8
BLACK
6
CONTINUOUS
10
5.7372203937007873
20
-4.9280451968503938
11
5.7376612992125979
21
-4.9269807874015745
0
LINE
8
BLACK
6
CONTINUOUS
10
5.7376612992125979
20
-4.9269807874015745
11
5.7384759842519681
21
-4.9261661023622043
0
LINE
8
BLACK
6
CONTINUOUS
10
5.7384759842519681
20
-4.9261661023622043
11
5.7395403937007874
21
-4.9257252362204724
0
LINE
8
BLACK
6
CONTINUOUS
10
5.7395403937007874
20
-4.9257252362204724
11
5.7406924803149604
21
-4.9257252362204724
0
LINE
8
BLACK
6
CONTINUOUS
10
5.7406924803149604
20
-4.9257252362204724
11
5.7417568897637796
21
-4.9261661417322831
0
LINE
8
BLACK
6
CONTINUOUS
10
5.7417568897637796
20
-4.9261661417322831
11
5.7422043700787402
21
-4.9265333858267715
0
LINE
8
BLACK
6
CONTINUOUS
10
5.7422043700787402
20
-4.9265333858267715
11
5.7435862204724408
21
-4.9279152755905509
0
LINE
8
BLACK
6
CONTINUOUS
10
5.7435862204724408
20
-4.9279152755905509
11
5.7480946062992126
21
-4.9294180708661415
0
LINE
8
BLACK
6
CONTINUOUS
10
5.7480946062992126
20
-4.9294180708661415
11
5.7508858661417319
21
-4.9294180708661415
0
LINE
8
BLACK
6
CONTINUOUS
10
5.7508858661417319
20
-4.9294180708661415
11
5.7553942519685037
21
-4.9279152362204721
0
LINE
8
BLACK
6
CONTINUOUS
10
5.7553942519685037
20
-4.9279152362204721
11
5.7583120472440941
21
-4.924997401574803
0
LINE
8
BLACK
6
CONTINUOUS
10
5.7583120472440941
20
-4.924997401574803
11
5.7598275590551182
21
-4.9219664173228344
0
LINE
8
BLACK
6
CONTINUOUS
10
5.7598275590551182
20
-4.9219664173228344
11
5.7615355905511807
21
-4.9151343700787402
0
LINE
8
BLACK
6
CONTINUOUS
10
5.7615355905511807
20
-4.9151343700787402
11
5.7615355905511807
21
-4.9102371653543306
0
LINE
8
BLACK
6
CONTINUOUS
10
5.7615355905511807
20
-4.9102371653543306
11
5.7598275590551182
21
-4.9034051181102365
0
LINE
8
BLACK
6
CONTINUOUS
10
5.7598275590551182
20
-4.9034051181102365
11
5.7583120866141728
21
-4.9003741338582678
0
LINE
8
BLACK
6
CONTINUOUS
10
5.7583120866141728
20
-4.9003741338582678
11
5.7553942519685037
21
-4.8974562992125987
0
LINE
8
BLACK
6
CONTINUOUS
10
5.7553942519685037
20
-4.8974562992125987
11
5.7508858661417319
21
-4.8959535039370081
0
LINE
8
BLACK
6
CONTINUOUS
10
5.7508858661417319
20
-4.8959535039370081
11
5.7480946062992126
21
-4.8959535039370081
0
LINE
8
BLACK
6
CONTINUOUS
10
5.7480946062992126
20
-4.8959535039370081
11
5.7435862204724408
21
-4.8974562992125987
0
LINE
8
BLACK
6
CONTINUOUS
10
5.7435862204724408
20
-4.8974562992125987
11
5.7422043307086614
21
-4.8988381889763781
0
LINE
8
BLACK
6
CONTINUOUS
10
5.7422043307086614
20
-4.8988381889763781
11
5.7417568897637796
21
-4.8992053937007869
0
LINE
8
BLACK
6
CONTINUOUS
10
5.7417568897637796
20
-4.8992053937007869
11
5.7406924409448816
21
-4.8996462992125984
0
LINE
8
BLACK
6
CONTINUOUS
10
5.7406924409448816
20
-4.8996462992125984
11
5.7395403937007874
21
-4.8996462992125984
0
LINE
8
BLACK
6
CONTINUOUS
10
5.7395403937007874
20
-4.8996462992125984
11
5.7384759448818894
21
-4.8992053937007869
0
LINE
8
BLACK
6
CONTINUOUS
10
5.7384759448818894
20
-4.8992053937007869
11
5.7376612992125979
21
-4.8983907480314963
0
LINE
8
BLACK
6
CONTINUOUS
10
5.7376612992125979
20
-4.8983907480314963
11
5.7372203937007873
21
-4.8973262992125983
0
LINE
8
BLACK
6
CONTINUOUS
10
5.7372203937007873
20
-4.8973262992125983
11
5.7372203937007873
21
-4.8961742519685041
0
LINE
8
BLACK
6
CONTINUOUS
10
5.7372203937007873
20
-4.8961742519685041
11
5.7376612992125979
21
-4.8951098031496061
0
LINE
8
BLACK
6
CONTINUOUS
10
5.7376612992125979
20
-4.8951098031496061
11
5.7380285039370076
21
-4.8946623622047243
0
LINE
8
BLACK
6
CONTINUOUS
10
5.7380285039370076
20
-4.8946623622047243
11
5.7399032677165351
21
-4.8927875984251967
0
LINE
8
BLACK
6
CONTINUOUS
10
5.7399032677165351
20
-4.8927875984251967
11
5.7403507086614169
21
-4.8924203937007871
0
LINE
8
BLACK
6
CONTINUOUS
10
5.7403507086614169
20
-4.8924203937007871
11
5.7404486614173225
21
-4.8923798031496064
0
LINE
8
BLACK
6
CONTINUOUS
10
5.7404486614173225
20
-4.8923798031496064
11
5.7405288582677167
21
-4.8923102755905514
0
LINE
8
BLACK
6
CONTINUOUS
10
5.7405288582677167
20
-4.8923102755905514
11
5.741057440944882
21
-4.8920742913385826
0
LINE
8
BLACK
6
CONTINUOUS
10
5.741057440944882
20
-4.8920742913385826
11
5.7466816929133859
21
-4.8901995275590551
0
LINE
8
BLACK
6
CONTINUOUS
10
5.7466816929133859
20
-4.8901995275590551
11
5.7469673228346458
21
-4.8901345669291336
0
LINE
8
BLACK
6
CONTINUOUS
10
5.7469673228346458
20
-4.8901345669291336
11
5.7470394094488189
21
-4.8901047244094489
0
LINE
8
BLACK
6
CONTINUOUS
10
5.7470394094488189
20
-4.8901047244094489
11
5.7471438582677168
21
-4.8900944094488183
0
LINE
8
BLACK
6
CONTINUOUS
10
5.7471438582677168
20
-4.8900944094488183
11
5.7472461417322833
21
-4.8900711811023623
0
LINE
8
BLACK
6
CONTINUOUS
10
5.7472461417322833
20
-4.8900711811023623
11
5.7473238582677162
21
-4.8900766929133859
0
LINE
8
BLACK
6
CONTINUOUS
10
5.7473238582677162
20
-4.8900766929133859
11
5.7476154724409447
21
-4.8900479921259841
0
LINE
8
BLACK
6
CONTINUOUS
10
5.7476154724409447
20
-4.8900479921259841
11
5.7513649999999998
21
-4.8900479921259841
0
LINE
8
BLACK
6
CONTINUOUS
10
5.7513649999999998
20
-4.8900479921259841
11
5.7516565354330709
21
-4.8900766929133859
0
LINE
8
BLACK
6
CONTINUOUS
10
6.1968416929133854
20
-4.8836086614173224
11
6.1969396850393696
21
-4.883649251968504
0
LINE
8
BLACK
6
CONTINUOUS
10
6.1969396850393696
20
-4.883649251968504
11
6.1970455118110239
21
-4.8836567716535431
0
LINE
8
BLACK
6
CONTINUOUS
10
6.1970455118110239
20
-4.8836567716535431
11
6.1975861417322831
21
-4.8838636614173225
0
LINE
8
BLACK
6
CONTINUOUS
10
6.1975861417322831
20
-4.8838636614173225
11
6.2013356692913382
21
-4.8857384251968501
0
LINE
8
BLACK
6
CONTINUOUS
10
6.2013356692913382
20
-4.8857384251968501
11
6.201583661417323
21
-4.8858944881889759
0
LINE
8
BLACK
6
CONTINUOUS
10
6.201583661417323
20
-4.8858944881889759
11
6.2016556299212597
21
-4.8859243307086615
0
LINE
8
BLACK
6
CONTINUOUS
10
6.2016556299212597
20
-4.8859243307086615
11
6.2017365748031494
21
-4.8859907874015747
0
LINE
8
BLACK
6
CONTINUOUS
10
6.2017365748031494
20
-4.8859907874015747
11
6.201825551181102
21
-4.8860467716535432
0
LINE
8
BLACK
6
CONTINUOUS
10
6.201825551181102
20
-4.8860467716535432
11
6.2018766929133857
21
-4.886105748031496
0
LINE
8
BLACK
6
CONTINUOUS
10
6.2018766929133857
20
-4.886105748031496
11
6.2021030708661415
21
-4.8862915354330712
0
LINE
8
BLACK
6
CONTINUOUS
10
6.2021030708661415
20
-4.8862915354330712
11
6.2039778346456691
21
-4.8881662992125987
0
LINE
8
BLACK
6
CONTINUOUS
10
6.2039778346456691
20
-4.8881662992125987
11
6.2043450393700788
21
-4.8886137401574805
0
LINE
8
BLACK
6
CONTINUOUS
10
6.2043450393700788
20
-4.8886137401574805
11
6.2047859448818894
21
-4.8896781496062989
0
LINE
8
BLACK
6
CONTINUOUS
10
6.2047859448818894
20
-4.8896781496062989
11
6.2047859448818894
21
-4.8908302362204727
0
LINE
8
BLACK
6
CONTINUOUS
10
6.2047859448818894
20
-4.8908302362204727
11
6.2043450393700788
21
-4.8918946456692911
0
LINE
8
BLACK
6
CONTINUOUS
10
6.2043450393700788
20
-4.8918946456692911
11
6.2035303543307085
21
-4.8927093307086613
0
LINE
8
BLACK
6
CONTINUOUS
10
6.2035303543307085
20
-4.8927093307086613
11
6.2024659448818893
21
-4.893150236220472
0
LINE
8
BLACK
6
CONTINUOUS
10
6.2024659448818893
20
-4.893150236220472
11
6.2013138582677163
21
-4.893150236220472
0
LINE
8
BLACK
6
CONTINUOUS
10
6.2013138582677163
20
-4.893150236220472
11
6.2002494488188971
21
-4.8927093307086613
0
LINE
8
BLACK
6
CONTINUOUS
10
6.2002494488188971
20
-4.8927093307086613
11
6.1998020078740153
21
-4.8923421259842517
0
LINE
8
BLACK
6
CONTINUOUS
10
6.1998020078740153
20
-4.8923421259842517
11
6.1982660629921256
21
-4.890806181102362
0
LINE
8
BLACK
6
CONTINUOUS
10
6.1982660629921256
20
-4.890806181102362
11
6.1955685826771649
21
-4.8894574409448817
0
LINE
8
BLACK
6
CONTINUOUS
10
6.1955685826771649
20
-4.8894574409448817
11
6.1875888582677163
21
-4.8894574409448817
0
LINE
8
BLACK
6
CONTINUOUS
10
6.1875888582677163
20
-4.8894574409448817
11
6.1848913779527557
21
-4.890806181102362
0
LINE
8
BLACK
6
CONTINUOUS
10
6.1848913779527557
20
-4.890806181102362
11
6.1836942519685039
21
-4.8920033070866138
0
LINE
8
BLACK
6
CONTINUOUS
10
6.1836942519685039
20
-4.8920033070866138
11
6.1823455118110235
21
-4.8947007874015744
0
LINE
8
BLACK
6
CONTINUOUS
10
6.1823455118110235
20
-4.8947007874015744
11
6.1823455118110235
21
-4.8972740944881892
0
LINE
8
BLACK
6
CONTINUOUS
10
6.1823455118110235
20
-4.8972740944881892
11
6.1838483070866141
21
-4.9017825196850389
0
LINE
8
BLACK
6
CONTINUOUS
10
6.1838483070866141
20
-4.9017825196850389
11
6.2058525984251967
21
-4.923786850393701
0
LINE
8
BLACK
6
CONTINUOUS
10
6.2058525984251967
20
-4.923786850393701
11
6.2062198425196851
21
-4.9242342913385828
0
LINE
8
BLACK
6
CONTINUOUS
10
6.2062198425196851
20
-4.9242342913385828
11
6.2066607086614169
21
-4.9252987401574799
0
LINE
8
BLACK
6
CONTINUOUS
10
6.2066607086614169
20
-4.9252987401574799
11
6.2066607086614169
21
-4.9264508267716538
0
LINE
8
BLACK
6
CONTINUOUS
10
6.2066607086614169
20
-4.9264508267716538
11
6.2062198031496063
21
-4.9275152362204722
0
LINE
8
BLACK
6
CONTINUOUS
10
6.2062198031496063
20
-4.9275152362204722
11
6.2054051574803148
21
-4.9283299212598424
0
LINE
8
BLACK
6
CONTINUOUS
10
6.2054051574803148
20
-4.9283299212598424
11
6.2046524803149605
21
-4.9286416535433073
0
LINE
8
BLACK
6
CONTINUOUS
10
6.2046524803149605
20
-4.9286416535433073
11
6.2043407480314956
21
-4.9287707874015743
0
LINE
8
BLACK
6
CONTINUOUS
10
6.2043407480314956
20
-4.9287707874015743
11
6.2037646850393697
21
-4.9288275196850391
0
LINE
8
BLACK
6
CONTINUOUS
10
6.2037646850393697
20
-4.9288275196850391
11
6.1793927559055115
21
-4.9288275196850391
0
LINE
8
BLACK
6
CONTINUOUS
10
6.1793927559055115
20
-4.9288275196850391
11
6.1788166929133856
21
-4.9287707874015743
0
LINE
8
BLACK
6
CONTINUOUS
10
6.1788166929133856
20
-4.9287707874015743
11
6.1777522834645664
21
-4.9283298818897636
0
LINE
8
BLACK
6
CONTINUOUS
10
6.1777522834645664
20
-4.9283298818897636
11
6.1769376377952758
21
-4.9275152362204722
0
LINE
8
BLACK
6
CONTINUOUS
10
6.1769376377952758
20
-4.9275152362204722
11
6.1764967322834643
21
-4.9264508267716538
0
LINE
8
BLACK
6
CONTINUOUS
10
6.1764967322834643
20
-4.9264508267716538
11
6.1764967322834643
21
-4.9252987007874012
0
LINE
8
BLACK
6
CONTINUOUS
10
6.1764967322834643
20
-4.9252987007874012
11
6.1769376377952758
21
-4.9242342913385828
0
LINE
8
BLACK
6
CONTINUOUS
10
6.1769376377952758
20
-4.9242342913385828
11
6.1777522834645664
21
-4.9234196456692914
0
LINE
8
BLACK
6
CONTINUOUS
10
6.1777522834645664
20
-4.9234196456692914
11
6.1788166929133856
21
-4.9229787401574798
0
LINE
8
BLACK
6
CONTINUOUS
10
6.1788166929133856
20
-4.9229787401574798
11
6.1793927559055115
21
-4.9229220078740159
0
LINE
8
BLACK
6
CONTINUOUS
10
6.1793927559055115
20
-4.9229220078740159
11
6.1966361023622047
21
-4.9229220078740159
0
LINE
8
BLACK
6
CONTINUOUS
10
6.1966361023622047
20
-4.9229220078740159
11
6.1791796062992121
21
-4.9054654724409446
0
LINE
8
BLACK
6
CONTINUOUS
10
6.1791796062992121
20
-4.9054654724409446
11
6.1788124015748034
21
-4.9050180314960627
0
LINE
8
BLACK
6
CONTINUOUS
10
6.1788124015748034
20
-4.9050180314960627
11
6.1787717716535431
21
-4.904919960629921
0
LINE
8
BLACK
6
CONTINUOUS
10
6.1787717716535431
20
-4.904919960629921
11
6.1787022834645668
21
-4.9048398425196851
0
LINE
8
BLACK
6
CONTINUOUS
10
6.1787022834645668
20
-4.9048398425196851
11
6.178466299212598
21
-4.9043112992125986
0
LINE
8
BLACK
6
CONTINUOUS
10
6.178466299212598
20
-4.9043112992125986
11
6.1765915354330705
21
-4.8986870078740159
0
LINE
8
BLACK
6
CONTINUOUS
10
6.1765915354330705
20
-4.8986870078740159
11
6.176526574803149
21
-4.8984014173228347
0
LINE
8
BLACK
6
CONTINUOUS
10
6.176526574803149
20
-4.8984014173228347
11
6.1764967322834643
21
-4.8983293307086617
0
LINE
8
BLACK
6
CONTINUOUS
10
6.1764967322834643
20
-4.8983293307086617
11
6.1764864173228347
21
-4.8982248031496063
0
LINE
8
BLACK
6
CONTINUOUS
10
6.1764864173228347
20
-4.8982248031496063
11
6.1764631889763777
21
-4.8981225590551176
0
LINE
8
BLACK
6
CONTINUOUS
10
6.1764631889763777
20
-4.8981225590551176
11
6.1764687007874013
21
-4.898044803149606
0
LINE
8
BLACK
6
CONTINUOUS
10
6.1764687007874013
20
-4.898044803149606
11
6.1764399999999995
21
-4.897753267716535
0
LINE
8
BLACK
6
CONTINUOUS
10
6.1764399999999995
20
-4.897753267716535
11
6.1764399999999995
21
-4.8940037401574799
0
LINE
8
BLACK
6
CONTINUOUS
10
6.1764399999999995
20
-4.8940037401574799
11
6.1764967322834643
21
-4.893427677165354
0
LINE
8
BLACK
6
CONTINUOUS
10
6.1764967322834643
20
-4.893427677165354
11
6.1765373228346458
21
-4.893329645669291
0
LINE
8
BLACK
6
CONTINUOUS
10
6.1765373228346458
20
-4.893329645669291
11
6.1765448425196849
21
-4.8932238582677163
0
LINE
8
BLACK
6
CONTINUOUS
10
6.1765448425196849
20
-4.8932238582677163
11
6.1767517322834644
21
-4.8926832283464563
0
LINE
8
BLACK
6
CONTINUOUS
10
6.1767517322834644
20
-4.8926832283464563
11
6.178626496062992
21
-4.8889337007874012
0
LINE
8
BLACK
6
CONTINUOUS
10
6.178626496062992
20
-4.8889337007874012
11
6.1787825590551178
21
-4.8886856692913385
0
LINE
8
BLACK
6
CONTINUOUS
10
6.1787825590551178
20
-4.8886856692913385
11
6.1788124015748034
21
-4.8886137401574805
0
LINE
8
BLACK
6
CONTINUOUS
10
6.1788124015748034
20
-4.8886137401574805
11
6.1788788582677165
21
-4.8885327559055121
0
LINE
8
BLACK
6
CONTINUOUS
10
6.1788788582677165
20
-4.8885327559055121
11
6.1789348425196851
21
-4.8884438188976373
0
LINE
8
BLACK
6
CONTINUOUS
10
6.1789348425196851
20
-4.8884438188976373
11
6.1789938188976379
21
-4.8883926377952758
0
LINE
8
BLACK
6
CONTINUOUS
10
6.1789938188976379
20
-4.8883926377952758
11
6.1791796062992121
21
-4.8881662992125987
0
LINE
8
BLACK
6
CONTINUOUS
10
6.1791796062992121
20
-4.8881662992125987
11
6.1810543700787397
21
-4.8862915354330712
0
LINE
8
BLACK
6
CONTINUOUS
10
6.1810543700787397
20
-4.8862915354330712
11
6.1812807086614168
21
-4.886105748031496
0
LINE
8
BLACK
6
CONTINUOUS
10
6.1812807086614168
20
-4.886105748031496
11
6.1813318897637792
21
-4.8860467716535432
0
LINE
8
BLACK
6
CONTINUOUS
10
6.1813318897637792
20
-4.8860467716535432
11
6.1814208267716531
21
-4.8859907874015747
0
LINE
8
BLACK
6
CONTINUOUS
10
6.1814208267716531
20
-4.8859907874015747
11
6.1815018110236215
21
-4.8859243307086615
0
LINE
8
BLACK
6
CONTINUOUS
10
6.1815018110236215
20
-4.8859243307086615
11
6.1815737401574804
21
-4.8858944881889759
0
LINE
8
BLACK
6
CONTINUOUS
10
6.1815737401574804
20
-4.8858944881889759
11
6.1818217716535431
21
-4.8857384251968501
0
LINE
8
BLACK
6
CONTINUOUS
10
6.1818217716535431
20
-4.8857384251968501
11
6.1855712992125982
21
-4.8838636614173225
0
LINE
8
BLACK
6
CONTINUOUS
10
6.1855712992125982
20
-4.8838636614173225
11
6.1861118897637795
21
-4.8836567716535431
0
LINE
8
BLACK
6
CONTINUOUS
10
6.1861118897637795
20
-4.8836567716535431
11
6.1862177559055116
21
-4.8836492125984252
0
LINE
8
BLACK
6
CONTINUOUS
10
6.1862177559055116
20
-4.8836492125984252
11
6.1863157480314959
21
-4.8836086614173224
0
LINE
8
BLACK
6
CONTINUOUS
10
6.1863157480314959
20
-4.8836086614173224
11
6.1868918110236217
21
-4.8835519291338585
0
LINE
8
BLACK
6
CONTINUOUS
10
6.1868918110236217
20
-4.8835519291338585
11
6.1962656299212595
21
-4.8835519291338585
0
LINE
8
BLACK
6
CONTINUOUS
10
6.1962656299212595
20
-4.8835519291338585
11
6.1968416929133854
21
-4.8836086614173224
0
LINE
8
BLACK
6
CONTINUOUS
10
6.220403307086614
20
-4.8840495669291339
11
6.2212179527559055
21
-4.8848642125984254
0
LINE
8
BLACK
6
CONTINUOUS
10
6.2212179527559055
20
-4.8848642125984254
11
6.2216588582677161
21
-4.8859286220472438
0
LINE
8
BLACK
6
CONTINUOUS
10
6.2216588582677161
20
-4.8859286220472438
11
6.221715590551181
21
-4.8865046850393696
0
LINE
8
BLACK
6
CONTINUOUS
10
6.221715590551181
20
-4.8865046850393696
11
6.221715590551181
21
-4.9176786220472444
0
LINE
8
BLACK
6
CONTINUOUS
10
6.221715590551181
20
-4.9176786220472444
11
6.2230643307086613
21
-4.920376102362205
0
LINE
8
BLACK
6
CONTINUOUS
10
6.2230643307086613
20
-4.920376102362205
11
6.2242614566929131
21
-4.9215732677165356
0
LINE
8
BLACK
6
CONTINUOUS
10
6.2242614566929131
20
-4.9215732677165356
11
6.2269589370078737
21
-4.9229220078740159
0
LINE
8
BLACK
6
CONTINUOUS
10
6.2269589370078737
20
-4.9229220078740159
11
6.2330638976377948
21
-4.9229220078740159
0
LINE
8
BLACK
6
CONTINUOUS
10
6.2330638976377948
20
-4.9229220078740159
11
6.2357613385826767
21
-4.9215732677165356
0
LINE
8
BLACK
6
CONTINUOUS
10
6.2357613385826767
20
-4.9215732677165356
11
6.2369584645669294
21
-4.920376102362205
0
LINE
8
BLACK
6
CONTINUOUS
10
6.2369584645669294
20
-4.920376102362205
11
6.2383072440944884
21
-4.9176786220472444
0
LINE
8
BLACK
6
CONTINUOUS
10
6.2383072440944884
20
-4.9176786220472444
11
6.2383072440944884
21
-4.8865046850393696
0
LINE
8
BLACK
6
CONTINUOUS
10
6.2383072440944884
20
-4.8865046850393696
11
6.2383639763779524
21
-4.8859286220472438
0
LINE
8
BLACK
6
CONTINUOUS
10
6.2383639763779524
20
-4.8859286220472438
11
6.2388048818897639
21
-4.8848642125984254
0
LINE
8
BLACK
6
CONTINUOUS
10
6.2388048818897639
20
-4.8848642125984254
11
6.2396195275590554
21
-4.8840495669291339
0
LINE
8
BLACK
6
CONTINUOUS
10
6.2396195275590554
20
-4.8840495669291339
11
6.2406839370078737
21
-4.8836086614173224
0
LINE
8
BLACK
6
CONTINUOUS
10
6.2406839370078737
20
-4.8836086614173224
11
6.2418360629921255
21
-4.8836086614173224
0
LINE
8
BLACK
6
CONTINUOUS
10
6.2418360629921255
20
-4.8836086614173224
11
6.2429004724409447
21
-4.8840495669291339
0
LINE
8
BLACK
6
CONTINUOUS
10
6.2429004724409447
20
-4.8840495669291339
11
6.2437151181102362
21
-4.8848642125984254
0
LINE
8
BLACK
6
CONTINUOUS
10
6.2437151181102362
20
-4.8848642125984254
11
6.2441560236220468
21
-4.8859286220472438
0
LINE
8
BLACK
6
CONTINUOUS
10
6.2441560236220468
20
-4.8859286220472438
11
6.2442127559055116
21
-4.8865046850393696
0
LINE
8
BLACK
6
CONTINUOUS
10
6.2442127559055116
20
-4.8865046850393696
11
6.2442127559055116
21
-4.9183756692913381
0
LINE
8
BLACK
6
CONTINUOUS
10
6.2442127559055116
20
-4.9183756692913381
11
6.2441560236220468
21
-4.9189517322834648
0
LINE
8
BLACK
6
CONTINUOUS
10
6.2441560236220468
20
-4.9189517322834648
11
6.2441154330708661
21
-4.9190496850393703
0
LINE
8
BLACK
6
CONTINUOUS
10
6.2441154330708661
20
-4.9190496850393703
11
6.244107913385827
21
-4.9191555905511812
0
LINE
8
BLACK
6
CONTINUOUS
10
6.244107913385827
20
-4.9191555905511812
11
6.2439010236220467
21
-4.9196961811023625
0
LINE
8
BLACK
6
CONTINUOUS
10
6.2439010236220467
20
-4.9196961811023625
11
6.2420262598425191
21
-4.9234457086614176
0
LINE
8
BLACK
6
CONTINUOUS
10
6.2420262598425191
20
-4.9234457086614176
11
6.2418701968503933
21
-4.9236935826771653
0
LINE
8
BLACK
6
CONTINUOUS
10
6.2418701968503933
20
-4.9236935826771653
11
6.2418403937007874
21
-4.9237656299212595
0
LINE
8
BLACK
6
CONTINUOUS
10
6.2418403937007874
20
-4.9237656299212595
11
6.2417738582677167
21
-4.9238466535433068
0
LINE
8
BLACK
6
CONTINUOUS
10
6.2417738582677167
20
-4.9238466535433068
11
6.2417179133858269
21
-4.9239355905511806
0
LINE
8
BLACK
6
CONTINUOUS
10
6.2417179133858269
20
-4.9239355905511806
11
6.2416588976377954
21
-4.9239867322834643
0
LINE
8
BLACK
6
CONTINUOUS
10
6.2416588976377954
20
-4.9239867322834643
11
6.241473149606299
21
-4.9242131102362201
0
LINE
8
BLACK
6
CONTINUOUS
10
6.241473149606299
20
-4.9242131102362201
11
6.2395984251968502
21
-4.9260878740157477
0
LINE
8
BLACK
6
CONTINUOUS
10
6.2395984251968502
20
-4.9260878740157477
11
6.2393720472440943
21
-4.9262736220472441
0
LINE
8
BLACK
6
CONTINUOUS
10
6.2393720472440943
20
-4.9262736220472441
11
6.2393208661417319
21
-4.9263326771653544
0
LINE
8
BLACK
6
CONTINUOUS
10
6.2393208661417319
20
-4.9263326771653544
11
6.2392318897637793
21
-4.9263886614173229
0
LINE
8
BLACK
6
CONTINUOUS
10
6.2392318897637793
20
-4.9263886614173229
11
6.2391509448818896
21
-4.9264551181102361
0
LINE
8
BLACK
6
CONTINUOUS
10
6.2391509448818896
20
-4.9264551181102361
11
6.2390789763779528
21
-4.9264849212598421
0
LINE
8
BLACK
6
CONTINUOUS
10
6.2390789763779528
20
-4.9264849212598421
11
6.238830984251968
21
-4.9266410236220475
0
LINE
8
BLACK
6
CONTINUOUS
10
6.238830984251968
20
-4.9266410236220475
11
6.2350814566929129
21
-4.928515787401575
0
LINE
8
BLACK
6
CONTINUOUS
10
6.2350814566929129
20
-4.928515787401575
11
6.2345408267716538
21
-4.9287226771653545
0
LINE
8
BLACK
6
CONTINUOUS
10
6.2345408267716538
20
-4.9287226771653545
11
6.2344349999999995
21
-4.9287301574803148
0
LINE
8
BLACK
6
CONTINUOUS
10
6.2344349999999995
20
-4.9287301574803148
11
6.2343370078740152
21
-4.9287707874015743
0
LINE
8
BLACK
6
CONTINUOUS
10
6.2343370078740152
20
-4.9287707874015743
11
6.2337609448818894
21
-4.9288275196850391
0
LINE
8
BLACK
6
CONTINUOUS
10
6.2337609448818894
20
-4.9288275196850391
11
6.2262618897637791
21
-4.9288275196850391
0
LINE
8
BLACK
6
CONTINUOUS
10
6.2262618897637791
20
-4.9288275196850391
11
6.2256858267716533
21
-4.9287707874015743
0
LINE
8
BLACK
6
CONTINUOUS
10
6.2256858267716533
20
-4.9287707874015743
11
6.225587834645669
21
-4.9287301968503936
0
LINE
8
BLACK
6
CONTINUOUS
10
6.225587834645669
20
-4.9287301968503936
11
6.2254819685039369
21
-4.9287226771653545
0
LINE
8
BLACK
6
CONTINUOUS
10
6.2254819685039369
20
-4.9287226771653545
11
6.2249413779527556
21
-4.928515787401575
0
LINE
8
BLACK
6
CONTINUOUS
10
6.2249413779527556
20
-4.928515787401575
11
6.2211918503937005
21
-4.9266410236220475
0
LINE
8
BLACK
6
CONTINUOUS
10
6.2211918503937005
20
-4.9266410236220475
11
6.2209438188976378
21
-4.9264849212598421
0
LINE
8
BLACK
6
CONTINUOUS
10
6.2209438188976378
20
-4.9264849212598421
11
6.2208718897637798
21
-4.9264551181102361
0
LINE
8
BLACK
6
CONTINUOUS
10
6.2208718897637798
20
-4.9264551181102361
11
6.2207909055118105
21
-4.9263886614173229
0
LINE
8
BLACK
6
CONTINUOUS
10
6.2207909055118105
20
-4.9263886614173229
11
6.2207019685039366
21
-4.9263326771653544
0
LINE
8
BLACK
6
CONTINUOUS
10
6.2207019685039366
20
-4.9263326771653544
11
6.2206507480314963
21
-4.9262736220472441
0
LINE
8
BLACK
6
CONTINUOUS
10
6.2206507480314963
20
-4.9262736220472441
11
6.2204244094488184
21
-4.9260878740157477
0
LINE
8
BLACK
6
CONTINUOUS
10
6.2204244094488184
20
-4.9260878740157477
11
6.2185496456692908
21
-4.9242130708661414
0
LINE
8
BLACK
6
CONTINUOUS
10
6.2185496456692908
20
-4.9242130708661414
11
6.2183638976377953
21
-4.9239867322834643
0
LINE
8
BLACK
6
CONTINUOUS
10
6.2183638976377953
20
-4.9239867322834643
11
6.2183049212598425
21
-4.9239355905511806
0
LINE
8
BLACK
6
CONTINUOUS
10
6.2183049212598425
20
-4.9239355905511806
11
6.218248937007874
21
-4.9238466535433068
0
LINE
8
BLACK
6
CONTINUOUS
10
6.218248937007874
20
-4.9238466535433068
11
6.218182440944882
21
-4.9237656299212595
0
LINE
8
BLACK
6
CONTINUOUS
10
6.218182440944882
20
-4.9237656299212595
11
6.2181525984251964
21
-4.9236935826771653
0
LINE
8
BLACK
6
CONTINUOUS
10
6.2181525984251964
20
-4.9236935826771653
11
6.2179965748031494
21
-4.9234457086614176
0
LINE
8
BLACK
6
CONTINUOUS
10
6.2179965748031494
20
-4.9234457086614176
11
6.2161218110236218
21
-4.9196961811023625
0
LINE
8
BLACK
6
CONTINUOUS
10
6.2161218110236218
20
-4.9196961811023625
11
6.2159149212598424
21
-4.9191555511811025
0
LINE
8
BLACK
6
CONTINUOUS
10
6.2159149212598424
20
-4.9191555511811025
11
6.2159074015748033
21
-4.9190497244094491
0
LINE
8
BLACK
6
CONTINUOUS
10
6.2159074015748033
20
-4.9190497244094491
11
6.2158668110236217
21
-4.9189517322834648
0
LINE
8
BLACK
6
CONTINUOUS
10
6.2158668110236217
20
-4.9189517322834648
11
6.2158100787401569
21
-4.9183756692913381
0
LINE
8
BLACK
6
CONTINUOUS
10
6.2158100787401569
20
-4.9183756692913381
11
6.2158100787401569
21
-4.8865046850393696
0
LINE
8
BLACK
6
CONTINUOUS
10
6.2158100787401569
20
-4.8865046850393696
11
6.2158668110236217
21
-4.8859286220472438
0
LINE
8
BLACK
6
CONTINUOUS
10
6.2158668110236217
20
-4.8859286220472438
11
6.2163077165354332
21
-4.8848642125984254
0
LINE
8
BLACK
6
CONTINUOUS
10
6.2163077165354332
20
-4.8848642125984254
11
6.2171223622047247
21
-4.8840495669291339
0
LINE
8
BLACK
6
CONTINUOUS
10
6.2171223622047247
20
-4.8840495669291339
11
6.2181867716535431
21
-4.8836086614173224
0
LINE
8
BLACK
6
CONTINUOUS
10
6.2181867716535431
20
-4.8836086614173224
11
6.2193388976377948
21
-4.8836086614173224
0
LINE
8
BLACK
6
CONTINUOUS
10
6.2193388976377948
20
-4.8836086614173224
11
6.220403307086614
21
-4.8840495669291339
0
LINE
8
BLACK
6
CONTINUOUS
10
6.0965065748031497
20
-4.8651097244094483
11
6.09703594488189
21
-4.8656390944881887
0
LINE
8
BLACK
6
CONTINUOUS
10
6.09703594488189
20
-4.8656390944881887
11
6.1104217716535434
21
-4.8841430314960625
0
LINE
8
BLACK
6
CONTINUOUS
10
6.1104217716535434
20
-4.8841430314960625
11
6.1108402362204721
21
-4.8859018897637796
0
LINE
8
BLACK
6
CONTINUOUS
10
6.1108402362204721
20
-4.8859018897637796
11
6.1098924015748031
21
-4.8874414566929136
0
LINE
8
BLACK
6
CONTINUOUS
10
6.1098924015748031
20
-4.8874414566929136
11
6.1085078740157481
21
-4.8878897637795271
0
LINE
8
BLACK
6
CONTINUOUS
10
6.1085078740157481
20
-4.8878897637795271
11
6.0817362204724406
21
-4.8878897637795271
0
LINE
8
BLACK
6
CONTINUOUS
10
6.0817362204724406
20
-4.8878897637795271
11
6.0800659055118107
21
-4.8871978740157482
0
LINE
8
BLACK
6
CONTINUOUS
10
6.0800659055118107
20
-4.8871978740157482
11
6.0793740157480309
21
-4.8855275590551184
0
LINE
8
BLACK
6
CONTINUOUS
10
6.0793740157480309
20
-4.8855275590551184
11
6.0798223228346453
21
-4.8841430314960625
0
LINE
8
BLACK
6
CONTINUOUS
10
6.0798223228346453
20
-4.8841430314960625
11
6.0932081496062986
21
-4.8656390944881887
0
LINE
8
BLACK
6
CONTINUOUS
10
6.0932081496062986
20
-4.8656390944881887
11
6.0947477165354327
21
-4.8646912598425196
0
LINE
8
BLACK
6
CONTINUOUS
10
6.0947477165354327
20
-4.8646912598425196
11
6.0965065748031497
21
-4.8651097244094483
0
LINE
8
BLACK
6
CONTINUOUS
10
5.1570724803149606
20
-4.8760616929133853
11
5.1583509055118109
21
-4.8773401181102365
0
LINE
8
BLACK
6
CONTINUOUS
10
5.1583509055118109
20
-4.8773401181102365
11
5.1583509055118109
21
-4.8791480708661412
0
LINE
8
BLACK
6
CONTINUOUS
10
5.1583509055118109
20
-4.8791480708661412
11
5.1570724803149606
21
-4.8804264960629924
0
LINE
8
BLACK
6
CONTINUOUS
10
5.1570724803149606
20
-4.8804264960629924
11
5.1561685039370078
21
-4.880606299212598
0
LINE
8
BLACK
6
CONTINUOUS
10
5.1561685039370078
20
-4.880606299212598
11
5.1450992125984252
21
-4.880606299212598
0
LINE
8
BLACK
6
CONTINUOUS
10
5.1450992125984252
20
-4.880606299212598
11
5.1441952362204724
21
-4.8804264960629924
0
LINE
8
BLACK
6
CONTINUOUS
10
5.1441952362204724
20
-4.8804264960629924
11
5.1429168110236221
21
-4.8791480708661412
0
LINE
8
BLACK
6
CONTINUOUS
10
5.1429168110236221
20
-4.8791480708661412
11
5.1429168110236221
21
-4.8773401181102365
0
LINE
8
BLACK
6
CONTINUOUS
10
5.1429168110236221
20
-4.8773401181102365
11
5.1441952362204724
21
-4.8760616929133853
0
LINE
8
BLACK
6
CONTINUOUS
10
5.1441952362204724
20
-4.8760616929133853
11
5.1450992125984252
21
-4.8758818897637797
0
LINE
8
BLACK
6
CONTINUOUS
10
5.1450992125984252
20
-4.8758818897637797
11
5.1561685039370078
21
-4.8758818897637797
0
LINE
8
BLACK
6
CONTINUOUS
10
5.1561685039370078
20
-4.8758818897637797
11
5.1570724803149606
21
-4.8760616929133853
0
LINE
8
BLACK
6
CONTINUOUS
10
5.3149464960629924
20
-4.8760616929133853
11
5.3162249212598427
21
-4.8773401181102365
0
LINE
8
BLACK
6
CONTINUOUS
10
5.3162249212598427
20
-4.8773401181102365
11
5.3162249212598427
21
-4.8791480708661412
0
LINE
8
BLACK
6
CONTINUOUS
10
5.3162249212598427
20
-4.8791480708661412
11
5.3149464960629924
21
-4.8804264960629924
0
LINE
8
BLACK
6
CONTINUOUS
10
5.3149464960629924
20
-4.8804264960629924
11
5.3140425196850396
21
-4.880606299212598
0
LINE
8
BLACK
6
CONTINUOUS
10
5.3140425196850396
20
-4.880606299212598
11
5.302973228346457
21
-4.880606299212598
0
LINE
8
BLACK
6
CONTINUOUS
10
5.302973228346457
20
-4.880606299212598
11
5.3020692519685042
21
-4.8804264960629924
0
LINE
8
BLACK
6
CONTINUOUS
10
5.3020692519685042
20
-4.8804264960629924
11
5.300790826771653
21
-4.8791480708661412
0
LINE
8
BLACK
6
CONTINUOUS
10
5.300790826771653
20
-4.8791480708661412
11
5.300790826771653
21
-4.8773401181102365
0
LINE
8
BLACK
6
CONTINUOUS
10
5.300790826771653
20
-4.8773401181102365
11
5.3020692519685042
21
-4.8760616929133853
0
LINE
8
BLACK
6
CONTINUOUS
10
5.3020692519685042
20
-4.8760616929133853
11
5.302973228346457
21
-4.8758818897637797
0
LINE
8
BLACK
6
CONTINUOUS
10
5.302973228346457
20
-4.8758818897637797
11
5.3140425196850396
21
-4.8758818897637797
0
LINE
8
BLACK
6
CONTINUOUS
10
5.3140425196850396
20
-4.8758818897637797
11
5.3149464960629924
21
-4.8760616929133853
0
LINE
8
BLACK
6
CONTINUOUS
10
5.4728205118110234
20
-4.8760616929133853
11
5.4740989370078736
21
-4.8773401181102365
0
LINE
8
BLACK
6
CONTINUOUS
10
5.4740989370078736
20
-4.8773401181102365
11
5.4740989370078736
21
-4.8791480708661412
0
LINE
8
BLACK
6
CONTINUOUS
10
5.4740989370078736
20
-4.8791480708661412
11
5.4728205118110234
21
-4.8804264960629924
0
LINE
8
BLACK
6
CONTINUOUS
10
5.4728205118110234
20
-4.8804264960629924
11
5.4719165354330705
21
-4.880606299212598
0
LINE
8
BLACK
6
CONTINUOUS
10
5.4719165354330705
20
-4.880606299212598
11
5.460847244094488
21
-4.880606299212598
0
LINE
8
BLACK
6
CONTINUOUS
10
5.460847244094488
20
-4.880606299212598
11
5.4599432677165352
21
-4.8804264960629924
0
LINE
8
BLACK
6
CONTINUOUS
10
5.4599432677165352
20
-4.8804264960629924
11
5.4586648425196849
21
-4.8791480708661412
0
LINE
8
BLACK
6
CONTINUOUS
10
5.4586648425196849
20
-4.8791480708661412
11
5.4586648425196849
21
-4.8773401181102365
0
LINE
8
BLACK
6
CONTINUOUS
10
5.4586648425196849
20
-4.8773401181102365
11
5.4599432677165352
21
-4.8760616929133853
0
LINE
8
BLACK
6
CONTINUOUS
10
5.4599432677165352
20
-4.8760616929133853
11
5.460847244094488
21
-4.8758818897637797
0
LINE
8
BLACK
6
CONTINUOUS
10
5.460847244094488
20
-4.8758818897637797
11
5.4719165354330705
21
-4.8758818897637797
0
LINE
8
BLACK
6
CONTINUOUS
10
5.4719165354330705
20
-4.8758818897637797
11
5.4728205118110234
21
-4.8760616929133853
0
LINE
8
BLACK
6
CONTINUOUS
10
5.7212457086614172
20
-4.8760616929133853
11
5.7225241338582675
21
-4.8773401181102365
0
LINE
8
BLACK
6
CONTINUOUS
10
5.7225241338582675
20
-4.8773401181102365
11
5.7225241338582675
21
-4.8791480708661412
0
LINE
8
BLACK
6
CONTINUOUS
10
5.7225241338582675
20
-4.8791480708661412
11
5.7212457086614172
21
-4.8804264960629924
0
LINE
8
BLACK
6
CONTINUOUS
10
5.7212457086614172
20
-4.8804264960629924
11
5.7203417322834644
21
-4.880606299212598
0
LINE
8
BLACK
6
CONTINUOUS
10
5.7203417322834644
20
-4.880606299212598
11
5.7092724409448818
21
-4.880606299212598
0
LINE
8
BLACK
6
CONTINUOUS
10
5.7092724409448818
20
-4.880606299212598
11
5.708368464566929
21
-4.8804264960629924
0
LINE
8
BLACK
6
CONTINUOUS
10
5.708368464566929
20
-4.8804264960629924
11
5.7070900393700787
21
-4.8791480708661412
0
LINE
8
BLACK
6
CONTINUOUS
10
5.7070900393700787
20
-4.8791480708661412
11
5.7070900393700787
21
-4.8773401181102365
0
LINE
8
BLACK
6
CONTINUOUS
10
5.7070900393700787
20
-4.8773401181102365
11
5.708368464566929
21
-4.8760616929133853
0
LINE
8
BLACK
6
CONTINUOUS
10
5.708368464566929
20
-4.8760616929133853
11
5.7092724409448818
21
-4.8758818897637797
0
LINE
8
BLACK
6
CONTINUOUS
10
5.7092724409448818
20
-4.8758818897637797
11
5.7203417322834644
21
-4.8758818897637797
0
LINE
8
BLACK
6
CONTINUOUS
10
5.7203417322834644
20
-4.8758818897637797
11
5.7212457086614172
21
-4.8760616929133853
0
LINE
8
BLACK
6
CONTINUOUS
10
6.1225012992125984
20
-4.8661196456692917
11
6.122681102362205
21
-4.8670236220472436
0
LINE
8
BLACK
6
CONTINUOUS
10
6.122681102362205
20
-4.8670236220472436
11
6.122681102362205
21
-4.8725354330708663
0
LINE
8
BLACK
6
CONTINUOUS
10
6.122681102362205
20
-4.8725354330708663
11
6.2998464566929133
21
-4.8725354330708663
0
LINE
8
BLACK
6
CONTINUOUS
10
6.2998464566929133
20
-4.8725354330708663
11
6.2998464566929133
21
-4.8670236220472436
0
LINE
8
BLACK
6
CONTINUOUS
10
6.2998464566929133
20
-4.8670236220472436
11
6.3000262598425198
21
-4.8661196456692917
0
LINE
8
BLACK
6
CONTINUOUS
10
6.3000262598425198
20
-4.8661196456692917
11
6.3013046850393701
21
-4.8648412204724405
0
LINE
8
BLACK
6
CONTINUOUS
10
6.3013046850393701
20
-4.8648412204724405
11
6.3031126377952758
21
-4.8648412204724405
0
LINE
8
BLACK
6
CONTINUOUS
10
6.3031126377952758
20
-4.8648412204724405
11
6.304391062992126
21
-4.8661196456692917
0
LINE
8
BLACK
6
CONTINUOUS
10
6.304391062992126
20
-4.8661196456692917
11
6.3045708661417326
21
-4.8670236220472436
0
LINE
8
BLACK
6
CONTINUOUS
10
6.3045708661417326
20
-4.8670236220472436
11
6.3045708661417326
21
-4.8748976377952751
0
LINE
8
BLACK
6
CONTINUOUS
10
6.3045708661417326
20
-4.8748976377952751
11
6.304391062992126
21
-4.8758016141732279
0
LINE
8
BLACK
6
CONTINUOUS
10
6.304391062992126
20
-4.8758016141732279
11
6.3031126377952758
21
-4.8770800393700791
0
LINE
8
BLACK
6
CONTINUOUS
10
6.3031126377952758
20
-4.8770800393700791
11
6.3022086614173229
21
-4.8772598425196847
0
LINE
8
BLACK
6
CONTINUOUS
10
6.3022086614173229
20
-4.8772598425196847
11
6.1203188976377954
21
-4.8772598425196847
0
LINE
8
BLACK
6
CONTINUOUS
10
6.1203188976377954
20
-4.8772598425196847
11
6.1194149212598425
21
-4.8770800393700791
0
LINE
8
BLACK
6
CONTINUOUS
10
6.1194149212598425
20
-4.8770800393700791
11
6.1181364960629923
21
-4.8758016141732279
0
LINE
8
BLACK
6
CONTINUOUS
10
6.1181364960629923
20
-4.8758016141732279
11
6.1179566929133857
21
-4.8748976377952751
0
LINE
8
BLACK
6
CONTINUOUS
10
6.1179566929133857
20
-4.8748976377952751
11
6.1179566929133857
21
-4.8670236220472436
0
LINE
8
BLACK
6
CONTINUOUS
10
6.1179566929133857
20
-4.8670236220472436
11
6.1181364960629923
21
-4.8661196456692917
0
LINE
8
BLACK
6
CONTINUOUS
10
6.1181364960629923
20
-4.8661196456692917
11
6.1194149212598425
21
-4.8648412204724405
0
LINE
8
BLACK
6
CONTINUOUS
10
6.1194149212598425
20
-4.8648412204724405
11
6.1212228740157482
21
-4.8648412204724405
0
LINE
8
BLACK
6
CONTINUOUS
10
6.1212228740157482
20
-4.8648412204724405
11
6.1225012992125984
21
-4.8661196456692917
0
LINE
8
BLACK
6
CONTINUOUS
10
5.1371491338582675
20
-4.7912858267716532
11
5.1372471259842518
21
-4.7913264173228347
0
LINE
8
BLACK
6
CONTINUOUS
10
5.1372471259842518
20
-4.7913264173228347
11
5.1373529527559052
21
-4.7913339370078738
0
LINE
8
BLACK
6
CONTINUOUS
10
5.1373529527559052
20
-4.7913339370078738
11
5.1378935826771652
21
-4.7915408267716533
0
LINE
8
BLACK
6
CONTINUOUS
10
5.1378935826771652
20
-4.7915408267716533
11
5.1416431102362203
21
-4.7934155905511808
0
LINE
8
BLACK
6
CONTINUOUS
10
5.1416431102362203
20
-4.7934155905511808
11
5.1418911023622043
21
-4.7935716535433066
0
LINE
8
BLACK
6
CONTINUOUS
10
5.1418911023622043
20
-4.7935716535433066
11
5.1419630708661419
21
-4.7936014960629922
0
LINE
8
BLACK
6
CONTINUOUS
10
5.1419630708661419
20
-4.7936014960629922
11
5.1420440157480316
21
-4.7936679527559054
0
LINE
8
BLACK
6
CONTINUOUS
10
5.1420440157480316
20
-4.7936679527559054
11
5.1421329921259842
21
-4.7937239370078739
0
LINE
8
BLACK
6
CONTINUOUS
10
5.1421329921259842
20
-4.7937239370078739
11
5.1421841338582679
21
-4.7937829133858267
0
LINE
8
BLACK
6
CONTINUOUS
10
5.1421841338582679
20
-4.7937829133858267
11
5.1424105118110237
21
-4.7939687007874019
0
LINE
8
BLACK
6
CONTINUOUS
10
5.1424105118110237
20
-4.7939687007874019
11
5.1442852755905513
21
-4.7958434645669294
0
LINE
8
BLACK
6
CONTINUOUS
10
5.1442852755905513
20
-4.7958434645669294
11
5.1446524803149609
21
-4.7962909055118113
0
LINE
8
BLACK
6
CONTINUOUS
10
5.1446524803149609
20
-4.7962909055118113
11
5.1450933858267716
21
-4.7973553149606296
0
LINE
8
BLACK
6
CONTINUOUS
10
5.1450933858267716
20
-4.7973553149606296
11
5.1450933858267716
21
-4.7985074015748026
0
LINE
8
BLACK
6
CONTINUOUS
10
5.1450933858267716
20
-4.7985074015748026
11
5.1446524803149609
21
-4.7995718110236218
0
LINE
8
BLACK
6
CONTINUOUS
10
5.1446524803149609
20
-4.7995718110236218
11
5.1438377952755907
21
-4.8003864960629921
0
LINE
8
BLACK
6
CONTINUOUS
10
5.1438377952755907
20
-4.8003864960629921
11
5.1427733858267715
21
-4.8008274015748027
0
LINE
8
BLACK
6
CONTINUOUS
10
5.1427733858267715
20
-4.8008274015748027
11
5.1416212992125985
21
-4.8008274015748027
0
LINE
8
BLACK
6
CONTINUOUS
10
5.1416212992125985
20
-4.8008274015748027
11
5.1405568897637792
21
-4.8003864960629921
0
LINE
8
BLACK
6
CONTINUOUS
10
5.1405568897637792
20
-4.8003864960629921
11
5.1401094488188974
21
-4.8000192913385824
0
LINE
8
BLACK
6
CONTINUOUS
10
5.1401094488188974
20
-4.8000192913385824
11
5.1385735039370077
21
-4.7984833464566927
0
LINE
8
BLACK
6
CONTINUOUS
10
5.1385735039370077
20
-4.7984833464566927
11
5.1358760236220471
21
-4.7971346062992124
0
LINE
8
BLACK
6
CONTINUOUS
10
5.1358760236220471
20
-4.7971346062992124
11
5.1278962992125985
21
-4.7971346062992124
0
LINE
8
BLACK
6
CONTINUOUS
10
5.1278962992125985
20
-4.7971346062992124
11
5.1251988188976378
21
-4.7984833464566927
0
LINE
8
BLACK
6
CONTINUOUS
10
5.1251988188976378
20
-4.7984833464566927
11
5.124001692913386
21
-4.7996804724409445
0
LINE
8
BLACK
6
CONTINUOUS
10
5.124001692913386
20
-4.7996804724409445
11
5.1226529527559057
21
-4.8023779527559052
0
LINE
8
BLACK
6
CONTINUOUS
10
5.1226529527559057
20
-4.8023779527559052
11
5.1226529527559057
21
-4.8049512598425199
0
LINE
8
BLACK
6
CONTINUOUS
10
5.1226529527559057
20
-4.8049512598425199
11
5.1241557480314963
21
-4.8094596850393696
0
LINE
8
BLACK
6
CONTINUOUS
10
5.1241557480314963
20
-4.8094596850393696
11
5.1461600393700788
21
-4.8314640157480317
0
LINE
8
BLACK
6
CONTINUOUS
10
5.1461600393700788
20
-4.8314640157480317
11
5.1465272834645672
21
-4.8319114566929136
0
LINE
8
BLACK
6
CONTINUOUS
10
5.1465272834645672
20
-4.8319114566929136
11
5.1469681496062991
21
-4.8329759055118107
0
LINE
8
BLACK
6
CONTINUOUS
10
5.1469681496062991
20
-4.8329759055118107
11
5.1469681496062991
21
-4.8341279921259845
0
LINE
8
BLACK
6
CONTINUOUS
10
5.1469681496062991
20
-4.8341279921259845
11
5.1465272440944885
21
-4.8351924015748029
0
LINE
8
BLACK
6
CONTINUOUS
10
5.1465272440944885
20
-4.8351924015748029
11
5.1459952755905514
21
-4.8357244094488188
0
LINE
8
BLACK
6
CONTINUOUS
10
5.1459952755905514
20
-4.8357244094488188
11
5.1561685039370078
21
-4.8357244094488188
0
LINE
8
BLACK
6
CONTINUOUS
10
5.1561685039370078
20
-4.8357244094488188
11
5.1570724803149606
21
-4.8359042125984253
0
LINE
8
BLACK
6
CONTINUOUS
10
5.1570724803149606
20
-4.8359042125984253
11
5.1583509055118109
21
-4.8371826377952756
0
LINE
8
BLACK
6
CONTINUOUS
10
5.1583509055118109
20
-4.8371826377952756
11
5.1583509055118109
21
-4.8389905905511812
0
LINE
8
BLACK
6
CONTINUOUS
10
5.1583509055118109
20
-4.8389905905511812
11
5.1570724803149606
21
-4.8402690157480315
0
LINE
8
BLACK
6
CONTINUOUS
10
5.1570724803149606
20
-4.8402690157480315
11
5.1561685039370078
21
-4.840448818897638
0
LINE
8
BLACK
6
CONTINUOUS
10
5.1561685039370078
20
-4.840448818897638
11
5.1450992125984252
21
-4.840448818897638
0
LINE
8
BLACK
6
CONTINUOUS
10
5.1450992125984252
20
-4.840448818897638
11
5.1441952362204724
21
-4.8402690157480315
0
LINE
8
BLACK
6
CONTINUOUS
10
5.1441952362204724
20
-4.8402690157480315
11
5.1429168110236221
21
-4.8389905905511812
0
LINE
8
BLACK
6
CONTINUOUS
10
5.1429168110236221
20
-4.8389905905511812
11
5.1429168110236221
21
-4.8371826377952756
0
LINE
8
BLACK
6
CONTINUOUS
10
5.1429168110236221
20
-4.8371826377952756
11
5.1435947637795278
21
-4.8365046850393698
0
LINE
8
BLACK
6
CONTINUOUS
10
5.1435947637795278
20
-4.8365046850393698
11
5.1197001968503937
21
-4.8365046850393698
0
LINE
8
BLACK
6
CONTINUOUS
10
5.1197001968503937
20
-4.8365046850393698
11
5.1191241338582678
21
-4.836447952755905
0
LINE
8
BLACK
6
CONTINUOUS
10
5.1191241338582678
20
-4.836447952755905
11
5.1180597244094486
21
-4.8360070472440944
0
LINE
8
BLACK
6
CONTINUOUS
10
5.1180597244094486
20
-4.8360070472440944
11
5.1172450787401571
21
-4.8351924015748029
0
LINE
8
BLACK
6
CONTINUOUS
10
5.1172450787401571
20
-4.8351924015748029
11
5.1168041732283465
21
-4.8341279921259845
0
LINE
8
BLACK
6
CONTINUOUS
10
5.1168041732283465
20
-4.8341279921259845
11
5.1168041732283465
21
-4.8329758661417319
0
LINE
8
BLACK
6
CONTINUOUS
10
5.1168041732283465
20
-4.8329758661417319
11
5.1172450787401571
21
-4.8319114566929136
0
LINE
8
BLACK
6
CONTINUOUS
10
5.1172450787401571
20
-4.8319114566929136
11
5.1180597244094486
21
-4.8310968110236221
0
LINE
8
BLACK
6
CONTINUOUS
10
5.1180597244094486
20
-4.8310968110236221
11
5.1191241338582678
21
-4.8306559055118106
0
LINE
8
BLACK
6
CONTINUOUS
10
5.1191241338582678
20
-4.8306559055118106
11
5.1197001968503937
21
-4.8305991732283466
0
LINE
8
BLACK
6
CONTINUOUS
10
5.1197001968503937
20
-4.8305991732283466
11
5.1369435433070869
21
-4.8305991732283466
0
LINE
8
BLACK
6
CONTINUOUS
10
5.1369435433070869
20
-4.8305991732283466
11
5.1194870472440943
21
-4.8131426377952753
0
LINE
8
BLACK
6
CONTINUOUS
10
5.1194870472440943
20
-4.8131426377952753
11
5.1191198425196847
21
-4.8126951968503935
0
LINE
8
BLACK
6
CONTINUOUS
10
5.1191198425196847
20
-4.8126951968503935
11
5.1190792125984252
21
-4.8125971259842517
0
LINE
8
BLACK
6
CONTINUOUS
10
5.1190792125984252
20
-4.8125971259842517
11
5.119009724409449
21
-4.8125170078740158
0
LINE
8
BLACK
6
CONTINUOUS
10
5.119009724409449
20
-4.8125170078740158
11
5.1187737401574802
21
-4.8119884645669293
0
LINE
8
BLACK
6
CONTINUOUS
10
5.1187737401574802
20
-4.8119884645669293
11
5.1168989763779527
21
-4.8063641732283466
0
LINE
8
BLACK
6
CONTINUOUS
10
5.1168989763779527
20
-4.8063641732283466
11
5.1168340157480312
21
-4.8060785826771655
0
LINE
8
BLACK
6
CONTINUOUS
10
5.1168340157480312
20
-4.8060785826771655
11
5.1168041732283465
21
-4.8060064960629916
0
LINE
8
BLACK
6
CONTINUOUS
10
5.1168041732283465
20
-4.8060064960629916
11
5.1167938582677168
21
-4.805901968503937
0
LINE
8
BLACK
6
CONTINUOUS
10
5.1167938582677168
20
-4.805901968503937
11
5.1167706299212599
21
-4.8057997244094484
0
LINE
8
BLACK
6
CONTINUOUS
10
5.1167706299212599
20
-4.8057997244094484
11
5.1167761417322835
21
-4.8057219685039367
0
LINE
8
BLACK
6
CONTINUOUS
10
5.1167761417322835
20
-4.8057219685039367
11
5.1167474409448817
21
-4.8054304330708657
0
LINE
8
BLACK
6
CONTINUOUS
10
5.1167474409448817
20
-4.8054304330708657
11
5.1167474409448817
21
-4.8016809055118106
0
LINE
8
BLACK
6
CONTINUOUS
10
5.1167474409448817
20
-4.8016809055118106
11
5.1168041732283465
21
-4.8011048425196847
0
LINE
8
BLACK
6
CONTINUOUS
10
5.1168041732283465
20
-4.8011048425196847
11
5.1168447637795271
21
-4.8010068110236217
0
LINE
8
BLACK
6
CONTINUOUS
10
5.1168447637795271
20
-4.8010068110236217
11
5.1168522834645671
21
-4.8009010236220471
0
LINE
8
BLACK
6
CONTINUOUS
10
5.1168522834645671
20
-4.8009010236220471
11
5.1170591732283466
21
-4.800360393700787
0
LINE
8
BLACK
6
CONTINUOUS
10
5.1170591732283466
20
-4.800360393700787
11
5.1189339370078741
21
-4.7966108661417319
0
LINE
8
BLACK
6
CONTINUOUS
10
5.1189339370078741
20
-4.7966108661417319
11
5.1190899999999999
21
-4.7963628346456693
0
LINE
8
BLACK
6
CONTINUOUS
10
5.1190899999999999
20
-4.7963628346456693
11
5.1191198425196847
21
-4.7962909055118113
0
LINE
8
BLACK
6
CONTINUOUS
10
5.1191198425196847
20
-4.7962909055118113
11
5.1191862992125987
21
-4.7962099212598428
0
LINE
8
BLACK
6
CONTINUOUS
10
5.1191862992125987
20
-4.7962099212598428
11
5.1192422834645672
21
-4.7961209842519681
0
LINE
8
BLACK
6
CONTINUOUS
10
5.1192422834645672
20
-4.7961209842519681
11
5.1193012598425192
21
-4.7960698031496065
0
LINE
8
BLACK
6
CONTINUOUS
10
5.1193012598425192
20
-4.7960698031496065
11
5.1194870472440943
21
-4.7958434645669294
0
LINE
8
BLACK
6
CONTINUOUS
10
5.1194870472440943
20
-4.7958434645669294
11
5.1213618110236219
21
-4.7939687007874019
0
LINE
8
BLACK
6
CONTINUOUS
10
5.1213618110236219
20
-4.7939687007874019
11
5.1215881496062989
21
-4.7937829133858267
0
LINE
8
BLACK
6
CONTINUOUS
10
5.1215881496062989
20
-4.7937829133858267
11
5.1216393307086614
21
-4.7937239370078739
0
LINE
8
BLACK
6
CONTINUOUS
10
5.1216393307086614
20
-4.7937239370078739
11
5.1217282677165352
21
-4.7936679527559054
0
LINE
8
BLACK
6
CONTINUOUS
10
5.1217282677165352
20
-4.7936679527559054
11
5.1218092519685037
21
-4.7936014960629922
0
LINE
8
BLACK
6
CONTINUOUS
10
5.1218092519685037
20
-4.7936014960629922
11
5.1218811811023617
21
-4.7935716535433066
0
LINE
8
BLACK
6
CONTINUOUS
10
5.1218811811023617
20
-4.7935716535433066
11
5.1221292125984252
21
-4.7934155905511808
0
LINE
8
BLACK
6
CONTINUOUS
10
5.1221292125984252
20
-4.7934155905511808
11
5.1258787401574804
21
-4.7915408267716533
0
LINE
8
BLACK
6
CONTINUOUS
10
5.1258787401574804
20
-4.7915408267716533
11
5.1264193307086616
21
-4.7913339370078738
0
LINE
8
BLACK
6
CONTINUOUS
10
5.1264193307086616
20
-4.7913339370078738
11
5.1265251968503938
21
-4.791326377952756
0
LINE
8
BLACK
6
CONTINUOUS
10
5.1265251968503938
20
-4.791326377952756
11
5.126623188976378
21
-4.7912858267716532
0
LINE
8
BLACK
6
CONTINUOUS
10
5.126623188976378
20
-4.7912858267716532
11
5.1271992519685039
21
-4.7912290944881892
0
LINE
8
BLACK
6
CONTINUOUS
10
5.1271992519685039
20
-4.7912290944881892
11
5.1365730708661417
21
-4.7912290944881892
0
LINE
8
BLACK
6
CONTINUOUS
10
5.1365730708661417
20
-4.7912290944881892
11
5.1371491338582675
21
-4.7912858267716532
0
LINE
8
BLACK
6
CONTINUOUS
10
5.3149464960629924
20
-4.8359042125984253
11
5.3162249212598427
21
-4.8371826377952756
0
LINE
8
BLACK
6
CONTINUOUS
10
5.3162249212598427
20
-4.8371826377952756
11
5.3162249212598427
21
-4.8389905905511812
0
LINE
8
BLACK
6
CONTINUOUS
10
5.3162249212598427
20
-4.8389905905511812
11
5.3149464960629924
21
-4.8402690157480315
0
LINE
8
BLACK
6
CONTINUOUS
10
5.3149464960629924
20
-4.8402690157480315
11
5.3140425196850396
21
-4.840448818897638
0
LINE
8
BLACK
6
CONTINUOUS
10
5.3140425196850396
20
-4.840448818897638
11
5.302973228346457
21
-4.840448818897638
0
LINE
8
BLACK
6
CONTINUOUS
10
5.302973228346457
20
-4.840448818897638
11
5.3020692519685042
21
-4.8402690157480315
0
LINE
8
BLACK
6
CONTINUOUS
10
5.3020692519685042
20
-4.8402690157480315
11
5.300790826771653
21
-4.8389905905511812
0
LINE
8
BLACK
6
CONTINUOUS
10
5.300790826771653
20
-4.8389905905511812
11
5.300790826771653
21
-4.8371826377952756
0
LINE
8
BLACK
6
CONTINUOUS
10
5.300790826771653
20
-4.8371826377952756
11
5.3020692519685042
21
-4.8359042125984253
0
LINE
8
BLACK
6
CONTINUOUS
10
5.3020692519685042
20
-4.8359042125984253
11
5.302973228346457
21
-4.8357244094488188
0
LINE
8
BLACK
6
CONTINUOUS
10
5.302973228346457
20
-4.8357244094488188
11
5.3140425196850396
21
-4.8357244094488188
0
LINE
8
BLACK
6
CONTINUOUS
10
5.3140425196850396
20
-4.8357244094488188
11
5.3149464960629924
21
-4.8359042125984253
0
LINE
8
BLACK
6
CONTINUOUS
10
5.4657312598425198
20
-4.7912858267716532
11
5.466020551181102
21
-4.7912858267716532
0
LINE
8
BLACK
6
CONTINUOUS
10
5.466020551181102
20
-4.7912858267716532
11
5.4662906299212599
21
-4.7913976771653539
0
LINE
8
BLACK
6
CONTINUOUS
10
5.4662906299212599
20
-4.7913976771653539
11
5.4665772834645665
21
-4.7914550393700788
0
LINE
8
BLACK
6
CONTINUOUS
10
5.4665772834645665
20
-4.7914550393700788
11
5.4668176377952751
21
-4.7916159842519681
0
LINE
8
BLACK
6
CONTINUOUS
10
5.4668176377952751
20
-4.7916159842519681
11
5.4670849606299212
21
-4.7917267322834647
0
LINE
8
BLACK
6
CONTINUOUS
10
5.4670849606299212
20
-4.7917267322834647
11
5.4672916535433069
21
-4.7919334251968504
0
LINE
8
BLACK
6
CONTINUOUS
10
5.4672916535433069
20
-4.7919334251968504
11
5.4675345669291335
21
-4.7920961023622048
0
LINE
8
BLACK
6
CONTINUOUS
10
5.4675345669291335
20
-4.7920961023622048
11
5.4678975590551184
21
-4.792539330708661
0
LINE
8
BLACK
6
CONTINUOUS
10
5.4678975590551184
20
-4.792539330708661
11
5.4678996062992127
21
-4.7925413779527561
0
LINE
8
BLACK
6
CONTINUOUS
10
5.4678996062992127
20
-4.7925413779527561
11
5.4678999606299215
21
-4.7925422440944878
0
LINE
8
BLACK
6
CONTINUOUS
10
5.4678999606299215
20
-4.7925422440944878
11
5.4679013385826769
21
-4.7925439370078742
0
LINE
8
BLACK
6
CONTINUOUS
10
5.4679013385826769
20
-4.7925439370078742
11
5.4714886614173226
21
-4.7979249606299215
0
LINE
8
BLACK
6
CONTINUOUS
10
5.4714886614173226
20
-4.7979249606299215
11
5.4746926377952754
21
-4.8011289370078742
0
LINE
8
BLACK
6
CONTINUOUS
10
5.4746926377952754
20
-4.8011289370078742
11
5.478013582677165
21
-4.8027894094488186
0
LINE
8
BLACK
6
CONTINUOUS
10
5.478013582677165
20
-4.8027894094488186
11
5.4785034645669288
21
-4.8030977559055117
0
LINE
8
BLACK
6
CONTINUOUS
10
5.4785034645669288
20
-4.8030977559055117
11
5.4792583070866137
21
-4.8039681496062991
0
LINE
8
BLACK
6
CONTINUOUS
10
5.4792583070866137
20
-4.8039681496062991
11
5.4796226377952753
21
-4.8050611023622043
0
LINE
8
BLACK
6
CONTINUOUS
10
5.4796226377952753
20
-4.8050611023622043
11
5.479540984251968
21
-4.8062103149606301
0
LINE
8
BLACK
6
CONTINUOUS
10
5.479540984251968
20
-4.8062103149606301
11
5.4790257086614176
21
-4.8072408267716531
0
LINE
8
BLACK
6
CONTINUOUS
10
5.4790257086614176
20
-4.8072408267716531
11
5.4781553543307089
21
-4.8079956692913388
0
LINE
8
BLACK
6
CONTINUOUS
10
5.4781553543307089
20
-4.8079956692913388
11
5.4770623622047241
21
-4.8083599999999995
0
LINE
8
BLACK
6
CONTINUOUS
10
5.4770623622047241
20
-4.8083599999999995
11
5.4759131496062992
21
-4.8082783464566932
0
LINE
8
BLACK
6
CONTINUOUS
10
5.4759131496062992
20
-4.8082783464566932
11
5.4753725590551179
21
-4.8080714566929137
0
LINE
8
BLACK
6
CONTINUOUS
10
5.4753725590551179
20
-4.8080714566929137
11
5.4716230314960628
21
-4.8061966929133861
0
LINE
8
BLACK
6
CONTINUOUS
10
5.4716230314960628
20
-4.8061966929133861
11
5.4713751968503939
21
-4.8060406692913382
0
LINE
8
BLACK
6
CONTINUOUS
10
5.4713751968503939
20
-4.8060406692913382
11
5.4713030708661412
21
-4.8060108267716535
0
LINE
8
BLACK
6
CONTINUOUS
10
5.4713030708661412
20
-4.8060108267716535
11
5.471221889763779
21
-4.8059442125984253
0
LINE
8
BLACK
6
CONTINUOUS
10
5.471221889763779
20
-4.8059442125984253
11
5.4711331496062989
21
-4.805888346456693
0
LINE
8
BLACK
6
CONTINUOUS
10
5.4711331496062989
20
-4.805888346456693
11
5.4710820078740152
21
-4.805829409448819
0
LINE
8
BLACK
6
CONTINUOUS
10
5.4710820078740152
20
-4.805829409448819
11
5.4708556299212594
21
-4.8056435826771651
0
LINE
8
BLACK
6
CONTINUOUS
10
5.4708556299212594
20
-4.8056435826771651
11
5.4683972440944881
21
-4.8031851968503938
0
LINE
8
BLACK
6
CONTINUOUS
10
5.4683972440944881
20
-4.8031851968503938
11
5.4683972440944881
21
-4.8305991732283466
0
LINE
8
BLACK
6
CONTINUOUS
10
5.4683972440944881
20
-4.8305991732283466
11
5.4766930708661414
21
-4.8305991732283466
0
LINE
8
BLACK
6
CONTINUOUS
10
5.4766930708661414
20
-4.8305991732283466
11
5.4772691338582673
21
-4.8306559055118106
0
LINE
8
BLACK
6
CONTINUOUS
10
5.4772691338582673
20
-4.8306559055118106
11
5.4783335433070866
21
-4.8310968110236221
0
LINE
8
BLACK
6
CONTINUOUS
10
5.4783335433070866
20
-4.8310968110236221
11
5.479148188976378
21
-4.8319114566929136
0
LINE
8
BLACK
6
CONTINUOUS
10
5.479148188976378
20
-4.8319114566929136
11
5.4795890944881886
21
-4.8329758661417319
0
LINE
8
BLACK
6
CONTINUOUS
10
5.4795890944881886
20
-4.8329758661417319
11
5.4795890944881886
21
-4.8341279921259845
0
LINE
8
BLACK
6
CONTINUOUS
10
5.4795890944881886
20
-4.8341279921259845
11
5.479148188976378
21
-4.8351924015748029
0
LINE
8
BLACK
6
CONTINUOUS
10
5.479148188976378
20
-4.8351924015748029
11
5.4783335433070866
21
-4.8360070472440944
0
LINE
8
BLACK
6
CONTINUOUS
10
5.4783335433070866
20
-4.8360070472440944
11
5.4772691338582673
21
-4.836447952755905
0
LINE
8
BLACK
6
CONTINUOUS
10
5.4772691338582673
20
-4.836447952755905
11
5.4766930708661414
21
-4.8365046850393698
0
LINE
8
BLACK
6
CONTINUOUS
10
5.4766930708661414
20
-4.8365046850393698
11
5.4734209842519688
21
-4.8365046850393698
0
LINE
8
BLACK
6
CONTINUOUS
10
5.4734209842519688
20
-4.8365046850393698
11
5.4740989370078736
21
-4.8371826377952756
0
LINE
8
BLACK
6
CONTINUOUS
10
5.4740989370078736
20
-4.8371826377952756
11
5.4740989370078736
21
-4.8389905905511812
0
LINE
8
BLACK
6
CONTINUOUS
10
5.4740989370078736
20
-4.8389905905511812
11
5.4728205118110234
21
-4.8402690157480315
0
LINE
8
BLACK
6
CONTINUOUS
10
5.4728205118110234
20
-4.8402690157480315
11
5.4719165354330705
21
-4.840448818897638
0
LINE
8
BLACK
6
CONTINUOUS
10
5.4719165354330705
20
-4.840448818897638
11
5.460847244094488
21
-4.840448818897638
0
LINE
8
BLACK
6
CONTINUOUS
10
5.460847244094488
20
-4.840448818897638
11
5.4599432677165352
21
-4.8402690157480315
0
LINE
8
BLACK
6
CONTINUOUS
10
5.4599432677165352
20
-4.8402690157480315
11
5.4586648425196849
21
-4.8389905905511812
0
LINE
8
BLACK
6
CONTINUOUS
10
5.4586648425196849
20
-4.8389905905511812
11
5.4586648425196849
21
-4.8371826377952756
0
LINE
8
BLACK
6
CONTINUOUS
10
5.4586648425196849
20
-4.8371826377952756
11
5.4593427952755906
21
-4.8365046850393698
0
LINE
8
BLACK
6
CONTINUOUS
10
5.4593427952755906
20
-4.8365046850393698
11
5.4541959055118108
21
-4.8365046850393698
0
LINE
8
BLACK
6
CONTINUOUS
10
5.4541959055118108
20
-4.8365046850393698
11
5.4536198425196849
21
-4.836447952755905
0
LINE
8
BLACK
6
CONTINUOUS
10
5.4536198425196849
20
-4.836447952755905
11
5.4525554330708657
21
-4.8360070472440944
0
LINE
8
BLACK
6
CONTINUOUS
10
5.4525554330708657
20
-4.8360070472440944
11
5.4517407874015751
21
-4.8351924015748029
0
LINE
8
BLACK
6
CONTINUOUS
10
5.4517407874015751
20
-4.8351924015748029
11
5.4512998818897636
21
-4.8341279921259845
0
LINE
8
BLACK
6
CONTINUOUS
10
5.4512998818897636
20
-4.8341279921259845
11
5.4512998818897636
21
-4.8329758661417319
0
LINE
8
BLACK
6
CONTINUOUS
10
5.4512998818897636
20
-4.8329758661417319
11
5.4517407874015751
21
-4.8319114566929136
0
LINE
8
BLACK
6
CONTINUOUS
10
5.4517407874015751
20
-4.8319114566929136
11
5.4525554330708657
21
-4.8310968110236221
0
LINE
8
BLACK
6
CONTINUOUS
10
5.4525554330708657
20
-4.8310968110236221
11
5.4536198425196849
21
-4.8306559055118106
0
LINE
8
BLACK
6
CONTINUOUS
10
5.4536198425196849
20
-4.8306559055118106
11
5.4541959055118108
21
-4.8305991732283466
0
LINE
8
BLACK
6
CONTINUOUS
10
5.4541959055118108
20
-4.8305991732283466
11
5.4624917322834641
21
-4.8305991732283466
0
LINE
8
BLACK
6
CONTINUOUS
10
5.4624917322834641
20
-4.8305991732283466
11
5.4624917322834641
21
-4.7941818503937004
0
LINE
8
BLACK
6
CONTINUOUS
10
5.4624917322834641
20
-4.7941818503937004
11
5.4624919291338578
21
-4.7941797637795274
0
LINE
8
BLACK
6
CONTINUOUS
10
5.4624919291338578
20
-4.7941797637795274
11
5.4624917322834641
21
-4.7941787401574798
0
LINE
8
BLACK
6
CONTINUOUS
10
5.4624917322834641
20
-4.7941787401574798
11
5.4624923228346454
21
-4.7941757086614176
0
LINE
8
BLACK
6
CONTINUOUS
10
5.4624923228346454
20
-4.7941757086614176
11
5.4625484645669289
21
-4.7936057874015745
0
LINE
8
BLACK
6
CONTINUOUS
10
5.4625484645669289
20
-4.7936057874015745
11
5.4626603149606296
21
-4.7933356692913387
0
LINE
8
BLACK
6
CONTINUOUS
10
5.4626603149606296
20
-4.7933356692913387
11
5.4627176771653545
21
-4.79304905511811
0
LINE
8
BLACK
6
CONTINUOUS
10
5.4627176771653545
20
-4.79304905511811
11
5.4628786220472438
21
-4.7928086614173226
0
LINE
8
BLACK
6
CONTINUOUS
10
5.4628786220472438
20
-4.7928086614173226
11
5.4629893700787404
21
-4.7925413779527561
0
LINE
8
BLACK
6
CONTINUOUS
10
5.4629893700787404
20
-4.7925413779527561
11
5.4631960629921261
21
-4.7923346456692908
0
LINE
8
BLACK
6
CONTINUOUS
10
5.4631960629921261
20
-4.7923346456692908
11
5.4633587401574806
21
-4.7920917716535429
0
LINE
8
BLACK
6
CONTINUOUS
10
5.4633587401574806
20
-4.7920917716535429
11
5.4635994488188979
21
-4.7919312598425199
0
LINE
8
BLACK
6
CONTINUOUS
10
5.4635994488188979
20
-4.7919312598425199
11
5.463804015748031
21
-4.7917267322834647
0
LINE
8
BLACK
6
CONTINUOUS
10
5.463804015748031
20
-4.7917267322834647
11
5.4640740944881889
21
-4.7916148425196852
0
LINE
8
BLACK
6
CONTINUOUS
10
5.4640740944881889
20
-4.7916148425196852
11
5.4643173622047243
21
-4.7914526771653545
0
LINE
8
BLACK
6
CONTINUOUS
10
5.4643173622047243
20
-4.7914526771653545
11
5.4646011417322837
21
-4.791396535433071
0
LINE
8
BLACK
6
CONTINUOUS
10
5.4646011417322837
20
-4.791396535433071
11
5.4648684251968502
21
-4.7912858267716532
0
LINE
8
BLACK
6
CONTINUOUS
10
5.4648684251968502
20
-4.7912858267716532
11
5.4651608267716538
21
-4.7912858267716532
0
LINE
8
BLACK
6
CONTINUOUS
10
5.4651608267716538
20
-4.7912858267716532
11
5.4654475984251967
21
-4.7912290944881892
0
LINE
8
BLACK
6
CONTINUOUS
10
5.4654475984251967
20
-4.7912290944881892
11
5.4657312598425198
21
-4.7912858267716532
0
LINE
8
BLACK
6
CONTINUOUS
10
5.7141564566929128
20
-4.7912858267716532
11
5.7144457480314959
21
-4.7912858267716532
0
LINE
8
BLACK
6
CONTINUOUS
10
5.7144457480314959
20
-4.7912858267716532
11
5.7147158267716538
21
-4.7913976771653539
0
LINE
8
BLACK
6
CONTINUOUS
10
5.7147158267716538
20
-4.7913976771653539
11
5.7150024803149604
21
-4.7914550393700788
0
LINE
8
BLACK
6
CONTINUOUS
10
5.7150024803149604
20
-4.7914550393700788
11
5.715242834645669
21
-4.7916159842519681
0
LINE
8
BLACK
6
CONTINUOUS
10
5.715242834645669
20
-4.7916159842519681
11
5.7155101574803151
21
-4.7917267322834647
0
LINE
8
BLACK
6
CONTINUOUS
10
5.7155101574803151
20
-4.7917267322834647
11
5.7157168503937008
21
-4.7919334251968504
0
LINE
8
BLACK
6
CONTINUOUS
10
5.7157168503937008
20
-4.7919334251968504
11
5.7159597637795274
21
-4.7920961023622048
0
LINE
8
BLACK
6
CONTINUOUS
10
5.7159597637795274
20
-4.7920961023622048
11
5.7163227559055114
21
-4.792539330708661
0
LINE
8
BLACK
6
CONTINUOUS
10
5.7163227559055114
20
-4.792539330708661
11
5.7163248031496066
21
-4.7925413779527561
0
LINE
8
BLACK
6
CONTINUOUS
10
5.7163248031496066
20
-4.7925413779527561
11
5.7163251574803144
21
-4.7925422440944878
0
LINE
8
BLACK
6
CONTINUOUS
10
5.7163251574803144
20
-4.7925422440944878
11
5.7163265354330708
21
-4.7925439370078742
0
LINE
8
BLACK
6
CONTINUOUS
10
5.7163265354330708
20
-4.7925439370078742
11
5.7199138582677165
21
-4.7979249606299215
0
LINE
8
BLACK
6
CONTINUOUS
10
5.7199138582677165
20
-4.7979249606299215
11
5.7231178346456693
21
-4.8011289370078742
0
LINE
8
BLACK
6
CONTINUOUS
10
5.7231178346456693
20
-4.8011289370078742
11
5.7264387795275589
21
-4.8027894094488186
0
LINE
8
BLACK
6
CONTINUOUS
10
5.7264387795275589
20
-4.8027894094488186
11
5.7269286614173227
21
-4.8030977559055117
0
LINE
8
BLACK
6
CONTINUOUS
10
5.7269286614173227
20
-4.8030977559055117
11
5.7276835039370075
21
-4.8039681496062991
0
LINE
8
BLACK
6
CONTINUOUS
10
5.7276835039370075
20
-4.8039681496062991
11
5.7280478346456691
21
-4.8050611023622043
0
LINE
8
BLACK
6
CONTINUOUS
10
5.7280478346456691
20
-4.8050611023622043
11
5.7279661811023619
21
-4.8062103149606301
0
LINE
8
BLACK
6
CONTINUOUS
10
5.7279661811023619
20
-4.8062103149606301
11
5.7274509055118106
21
-4.8072408267716531
0
LINE
8
BLACK
6
CONTINUOUS
10
5.7274509055118106
20
-4.8072408267716531
11
5.7265805511811019
21
-4.8079956692913388
0
LINE
8
BLACK
6
CONTINUOUS
10
5.7265805511811019
20
-4.8079956692913388
11
5.725487559055118
21
-4.8083599999999995
0
LINE
8
BLACK
6
CONTINUOUS
10
5.725487559055118
20
-4.8083599999999995
11
5.724338346456693
21
-4.8082783464566932
0
LINE
8
BLACK
6
CONTINUOUS
10
5.724338346456693
20
-4.8082783464566932
11
5.7237977559055118
21
-4.8080714566929137
0
LINE
8
BLACK
6
CONTINUOUS
10
5.7237977559055118
20
-4.8080714566929137
11
5.7200482283464567
21
-4.8061966929133861
0
LINE
8
BLACK
6
CONTINUOUS
10
5.7200482283464567
20
-4.8061966929133861
11
5.7198003937007869
21
-4.8060406692913382
0
LINE
8
BLACK
6
CONTINUOUS
10
5.7198003937007869
20
-4.8060406692913382
11
5.7197282677165351
21
-4.8060108267716535
0
LINE
8
BLACK
6
CONTINUOUS
10
5.7197282677165351
20
-4.8060108267716535
11
5.7196470866141729
21
-4.8059442125984253
0
LINE
8
BLACK
6
CONTINUOUS
10
5.7196470866141729
20
-4.8059442125984253
11
5.7195583464566928
21
-4.805888346456693
0
LINE
8
BLACK
6
CONTINUOUS
10
5.7195583464566928
20
-4.805888346456693
11
5.7195072047244091
21
-4.805829409448819
0
LINE
8
BLACK
6
CONTINUOUS
10
5.7195072047244091
20
-4.805829409448819
11
5.7192808267716533
21
-4.8056435826771651
0
LINE
8
BLACK
6
CONTINUOUS
10
5.7192808267716533
20
-4.8056435826771651
11
5.716822440944882
21
-4.8031851968503938
0
LINE
8
BLACK
6
CONTINUOUS
10
5.716822440944882
20
-4.8031851968503938
11
5.716822440944882
21
-4.8305991732283466
0
LINE
8
BLACK
6
CONTINUOUS
10
5.716822440944882
20
-4.8305991732283466
11
5.7251182677165353
21
-4.8305991732283466
0
LINE
8
BLACK
6
CONTINUOUS
10
5.7251182677165353
20
-4.8305991732283466
11
5.7256943307086612
21
-4.8306559055118106
0
LINE
8
BLACK
6
CONTINUOUS
10
5.7256943307086612
20
-4.8306559055118106
11
5.7267587401574804
21
-4.8310968110236221
0
LINE
8
BLACK
6
CONTINUOUS
10
5.7267587401574804
20
-4.8310968110236221
11
5.7275733858267719
21
-4.8319114566929136
0
LINE
8
BLACK
6
CONTINUOUS
10
5.7275733858267719
20
-4.8319114566929136
11
5.7280142913385825
21
-4.8329758661417319
0
LINE
8
BLACK
6
CONTINUOUS
10
5.7280142913385825
20
-4.8329758661417319
11
5.7280142913385825
21
-4.8341279921259845
0
LINE
8
BLACK
6
CONTINUOUS
10
5.7280142913385825
20
-4.8341279921259845
11
5.7275733858267719
21
-4.8351924015748029
0
LINE
8
BLACK
6
CONTINUOUS
10
5.7275733858267719
20
-4.8351924015748029
11
5.7267587401574804
21
-4.8360070472440944
0
LINE
8
BLACK
6
CONTINUOUS
10
5.7267587401574804
20
-4.8360070472440944
11
5.7256943307086612
21
-4.836447952755905
0
LINE
8
BLACK
6
CONTINUOUS
10
5.7256943307086612
20
-4.836447952755905
11
5.7251182677165353
21
-4.8365046850393698
0
LINE
8
BLACK
6
CONTINUOUS
10
5.7251182677165353
20
-4.8365046850393698
11
5.7218461811023618
21
-4.8365046850393698
0
LINE
8
BLACK
6
CONTINUOUS
10
5.7218461811023618
20
-4.8365046850393698
11
5.7225241338582675
21
-4.8371826377952756
0
LINE
8
BLACK
6
CONTINUOUS
10
5.7225241338582675
20
-4.8371826377952756
11
5.7225241338582675
21
-4.8389905905511812
0
LINE
8
BLACK
6
CONTINUOUS
10
5.7225241338582675
20
-4.8389905905511812
11
5.7212457086614172
21
-4.8402690157480315
0
LINE
8
BLACK
6
CONTINUOUS
10
5.7212457086614172
20
-4.8402690157480315
11
5.7203417322834644
21
-4.840448818897638
0
LINE
8
BLACK
6
CONTINUOUS
10
5.7203417322834644
20
-4.840448818897638
11
5.7092724409448818
21
-4.840448818897638
0
LINE
8
BLACK
6
CONTINUOUS
10
5.7092724409448818
20
-4.840448818897638
11
5.708368464566929
21
-4.8402690157480315
0
LINE
8
BLACK
6
CONTINUOUS
10
5.708368464566929
20
-4.8402690157480315
11
5.7070900393700787
21
-4.8389905905511812
0
LINE
8
BLACK
6
CONTINUOUS
10
5.7070900393700787
20
-4.8389905905511812
11
5.7070900393700787
21
-4.8371826377952756
0
LINE
8
BLACK
6
CONTINUOUS
10
5.7070900393700787
20
-4.8371826377952756
11
5.7077679921259845
21
-4.8365046850393698
0
LINE
8
BLACK
6
CONTINUOUS
10
5.7077679921259845
20
-4.8365046850393698
11
5.7026211023622047
21
-4.8365046850393698
0
LINE
8
BLACK
6
CONTINUOUS
10
5.7026211023622047
20
-4.8365046850393698
11
5.7020450393700788
21
-4.836447952755905
0
LINE
8
BLACK
6
CONTINUOUS
10
5.7020450393700788
20
-4.836447952755905
11
5.7009806299212595
21
-4.8360070472440944
0
LINE
8
BLACK
6
CONTINUOUS
10
5.7009806299212595
20
-4.8360070472440944
11
5.7001659842519681
21
-4.8351924015748029
0
LINE
8
BLACK
6
CONTINUOUS
10
5.7001659842519681
20
-4.8351924015748029
11
5.6997250787401574
21
-4.8341279921259845
0
LINE
8
BLACK
6
CONTINUOUS
10
5.6997250787401574
20
-4.8341279921259845
11
5.6997250787401574
21
-4.8329758661417319
0
LINE
8
BLACK
6
CONTINUOUS
10
5.6997250787401574
20
-4.8329758661417319
11
5.7001659842519681
21
-4.8319114566929136
0
LINE
8
BLACK
6
CONTINUOUS
10
5.7001659842519681
20
-4.8319114566929136
11
5.7009806299212595
21
-4.8310968110236221
0
LINE
8
BLACK
6
CONTINUOUS
10
5.7009806299212595
20
-4.8310968110236221
11
5.7020450393700788
21
-4.8306559055118106
0
LINE
8
BLACK
6
CONTINUOUS
10
5.7020450393700788
20
-4.8306559055118106
11
5.7026211023622047
21
-4.8305991732283466
0
LINE
8
BLACK
6
CONTINUOUS
10
5.7026211023622047
20
-4.8305991732283466
11
5.710916929133858
21
-4.8305991732283466
0
LINE
8
BLACK
6
CONTINUOUS
10
5.710916929133858
20
-4.8305991732283466
11
5.710916929133858
21
-4.7941818503937004
0
LINE
8
BLACK
6
CONTINUOUS
10
5.710916929133858
20
-4.7941818503937004
11
5.7109171259842517
21
-4.7941797637795274
0
LINE
8
BLACK
6
CONTINUOUS
10
5.7109171259842517
20
-4.7941797637795274
11
5.710916929133858
21
-4.7941787401574798
0
LINE
8
BLACK
6
CONTINUOUS
10
5.710916929133858
20
-4.7941787401574798
11
5.7109175196850392
21
-4.7941757086614176
0
LINE
8
BLACK
6
CONTINUOUS
10
5.7109175196850392
20
-4.7941757086614176
11
5.7109736614173228
21
-4.7936057874015745
0
LINE
8
BLACK
6
CONTINUOUS
10
5.7109736614173228
20
-4.7936057874015745
11
5.7110855118110235
21
-4.7933356692913387
0
LINE
8
BLACK
6
CONTINUOUS
10
5.7110855118110235
20
-4.7933356692913387
11
5.7111428740157475
21
-4.79304905511811
0
LINE
8
BLACK
6
CONTINUOUS
10
5.7111428740157475
20
-4.79304905511811
11
5.7113038188976377
21
-4.7928086614173226
0
LINE
8
BLACK
6
CONTINUOUS
10
5.7113038188976377
20
-4.7928086614173226
11
5.7114145669291334
21
-4.7925413779527561
0
LINE
8
BLACK
6
CONTINUOUS
10
5.7114145669291334
20
-4.7925413779527561
11
5.7116212598425191
21
-4.7923346456692908
0
LINE
8
BLACK
6
CONTINUOUS
10
5.7116212598425191
20
-4.7923346456692908
11
5.7117839370078736
21
-4.7920917716535429
0
LINE
8
BLACK
6
CONTINUOUS
10
5.7117839370078736
20
-4.7920917716535429
11
5.7120246456692909
21
-4.7919312598425199
0
LINE
8
BLACK
6
CONTINUOUS
10
5.7120246456692909
20
-4.7919312598425199
11
5.7122292125984249
21
-4.7917267322834647
0
LINE
8
BLACK
6
CONTINUOUS
10
5.7122292125984249
20
-4.7917267322834647
11
5.7124992913385828
21
-4.7916148425196852
0
LINE
8
BLACK
6
CONTINUOUS
10
5.7124992913385828
20
-4.7916148425196852
11
5.7127425590551182
21
-4.7914526771653545
0
LINE
8
BLACK
6
CONTINUOUS
10
5.7127425590551182
20
-4.7914526771653545
11
5.7130263385826767
21
-4.791396535433071
0
LINE
8
BLACK
6
CONTINUOUS
10
5.7130263385826767
20
-4.791396535433071
11
5.7132936220472441
21
-4.7912858267716532
0
LINE
8
BLACK
6
CONTINUOUS
10
5.7132936220472441
20
-4.7912858267716532
11
5.7135860236220468
21
-4.7912858267716532
0
LINE
8
BLACK
6
CONTINUOUS
10
5.7135860236220468
20
-4.7912858267716532
11
5.7138727952755906
21
-4.7912290944881892
0
LINE
8
BLACK
6
CONTINUOUS
10
5.7138727952755906
20
-4.7912290944881892
11
5.7141564566929128
21
-4.7912858267716532
0
LINE
8
BLACK
6
CONTINUOUS
10
5.1687356299212599
20
-4.7912577952755901
11
5.1688133858267715
21
-4.7912522834645666
0
LINE
8
BLACK
6
CONTINUOUS
10
5.1688133858267715
20
-4.7912522834645666
11
5.1689156299212593
21
-4.7912755118110235
0
LINE
8
BLACK
6
CONTINUOUS
10
5.1689156299212593
20
-4.7912755118110235
11
5.1690201574803147
21
-4.7912858267716532
0
LINE
8
BLACK
6
CONTINUOUS
10
5.1690201574803147
20
-4.7912858267716532
11
5.1690922440944878
21
-4.7913156692913388
0
LINE
8
BLACK
6
CONTINUOUS
10
5.1690922440944878
20
-4.7913156692913388
11
5.1693778346456689
21
-4.7913806299212593
0
LINE
8
BLACK
6
CONTINUOUS
10
5.1693778346456689
20
-4.7913806299212593
11
5.1750021259842516
21
-4.7932553937007869
0
LINE
8
BLACK
6
CONTINUOUS
10
5.1750021259842516
20
-4.7932553937007869
11
5.1755306692913381
21
-4.7934913779527557
0
LINE
8
BLACK
6
CONTINUOUS
10
5.1755306692913381
20
-4.7934913779527557
11
5.1756107874015749
21
-4.7935608661417319
0
LINE
8
BLACK
6
CONTINUOUS
10
5.1756107874015749
20
-4.7935608661417319
11
5.1757088582677166
21
-4.7936014960629922
0
LINE
8
BLACK
6
CONTINUOUS
10
5.1757088582677166
20
-4.7936014960629922
11
5.1761562992125985
21
-4.7939687007874019
0
LINE
8
BLACK
6
CONTINUOUS
10
5.1761562992125985
20
-4.7939687007874019
11
5.1799058267716536
21
-4.797718228346457
0
LINE
8
BLACK
6
CONTINUOUS
10
5.1799058267716536
20
-4.797718228346457
11
5.1800916535433066
21
-4.7979446062992128
0
LINE
8
BLACK
6
CONTINUOUS
10
5.1800916535433066
20
-4.7979446062992128
11
5.1801505905511807
21
-4.7979957480314956
0
LINE
8
BLACK
6
CONTINUOUS
10
5.1801505905511807
20
-4.7979957480314956
11
5.1802064566929129
21
-4.7980844881889766
0
LINE
8
BLACK
6
CONTINUOUS
10
5.1802064566929129
20
-4.7980844881889766
11
5.180273070866142
21
-4.7981656692913388
0
LINE
8
BLACK
6
CONTINUOUS
10
5.180273070866142
20
-4.7981656692913388
11
5.1803029133858267
21
-4.7982377952755906
0
LINE
8
BLACK
6
CONTINUOUS
10
5.1803029133858267
20
-4.7982377952755906
11
5.1804589370078737
21
-4.7984856299212595
0
LINE
8
BLACK
6
CONTINUOUS
10
5.1804589370078737
20
-4.7984856299212595
11
5.1823337007874013
21
-4.8022351574803146
0
LINE
8
BLACK
6
CONTINUOUS
10
5.1823337007874013
20
-4.8022351574803146
11
5.1823498031496058
21
-4.8022772440944879
0
LINE
8
BLACK
6
CONTINUOUS
10
5.1823498031496058
20
-4.8022772440944879
11
5.1823625196850394
21
-4.8022944094488187
0
LINE
8
BLACK
6
CONTINUOUS
10
5.1823625196850394
20
-4.8022944094488187
11
5.1824488188976376
21
-4.8025359842519686
0
LINE
8
BLACK
6
CONTINUOUS
10
5.1824488188976376
20
-4.8025359842519686
11
5.1825405905511808
21
-4.8027757480314959
0
LINE
8
BLACK
6
CONTINUOUS
10
5.1825405905511808
20
-4.8027757480314959
11
5.1825420866141734
21
-4.8027970078740152
0
LINE
8
BLACK
6
CONTINUOUS
10
5.1825420866141734
20
-4.8027970078740152
11
5.1825572834645666
21
-4.8028395275590547
0
LINE
8
BLACK
6
CONTINUOUS
10
5.1825572834645666
20
-4.8028395275590547
11
5.1844320472440941
21
-4.810338582677165
0
LINE
8
BLACK
6
CONTINUOUS
10
5.1844320472440941
20
-4.810338582677165
11
5.1844468110236219
21
-4.8104384251968506
0
LINE
8
BLACK
6
CONTINUOUS
10
5.1844468110236219
20
-4.8104384251968506
11
5.184463464566929
21
-4.8104786614173225
0
LINE
8
BLACK
6
CONTINUOUS
10
5.184463464566929
20
-4.8104786614173225
11
5.1844848031496058
21
-4.8106956692913387
0
LINE
8
BLACK
6
CONTINUOUS
10
5.1844848031496058
20
-4.8106956692913387
11
5.1845166929133857
21
-4.8109111811023624
0
LINE
8
BLACK
6
CONTINUOUS
10
5.1845166929133857
20
-4.8109111811023624
11
5.1845102755905508
21
-4.8109541732283461
0
LINE
8
BLACK
6
CONTINUOUS
10
5.1845102755905508
20
-4.8109541732283461
11
5.1845201968503938
21
-4.8110547244094484
0
LINE
8
BLACK
6
CONTINUOUS
10
5.1845201968503938
20
-4.8110547244094484
11
5.1845201968503938
21
-4.816679015748031
0
LINE
8
BLACK
6
CONTINUOUS
10
5.1845201968503938
20
-4.816679015748031
11
5.1845102755905508
21
-4.8167795275590546
0
LINE
8
BLACK
6
CONTINUOUS
10
5.1845102755905508
20
-4.8167795275590546
11
5.1845166929133857
21
-4.8168225590551179
0
LINE
8
BLACK
6
CONTINUOUS
10
5.1845166929133857
20
-4.8168225590551179
11
5.1844848031496058
21
-4.8170380314960628
0
LINE
8
BLACK
6
CONTINUOUS
10
5.1844848031496058
20
-4.8170380314960628
11
5.184463464566929
21
-4.8172550787401578
0
LINE
8
BLACK
6
CONTINUOUS
10
5.184463464566929
20
-4.8172550787401578
11
5.1844468110236219
21
-4.8172952755905509
0
LINE
8
BLACK
6
CONTINUOUS
10
5.1844468110236219
20
-4.8172952755905509
11
5.1844320472440941
21
-4.8173951574803144
0
LINE
8
BLACK
6
CONTINUOUS
10
5.1844320472440941
20
-4.8173951574803144
11
5.1825572834645666
21
-4.8248942125984247
0
LINE
8
BLACK
6
CONTINUOUS
10
5.1825572834645666
20
-4.8248942125984247
11
5.1825420866141734
21
-4.8249366929133854
0
LINE
8
BLACK
6
CONTINUOUS
10
5.1825420866141734
20
-4.8249366929133854
11
5.1825405905511808
21
-4.8249579921259844
0
LINE
8
BLACK
6
CONTINUOUS
10
5.1825405905511808
20
-4.8249579921259844
11
5.1824488188976376
21
-4.8251977165354329
0
LINE
8
BLACK
6
CONTINUOUS
10
5.1824488188976376
20
-4.8251977165354329
11
5.1823625196850394
21
-4.8254393307086616
0
LINE
8
BLACK
6
CONTINUOUS
10
5.1823625196850394
20
-4.8254393307086616
11
5.1823498031496058
21
-4.8254564566929137
0
LINE
8
BLACK
6
CONTINUOUS
10
5.1823498031496058
20
-4.8254564566929137
11
5.1823337007874013
21
-4.8254985826771648
0
LINE
8
BLACK
6
CONTINUOUS
10
5.1823337007874013
20
-4.8254985826771648
11
5.1804589370078737
21
-4.8292481102362208
0
LINE
8
BLACK
6
CONTINUOUS
10
5.1804589370078737
20
-4.8292481102362208
11
5.180302874015748
21
-4.8294959842519685
0
LINE
8
BLACK
6
CONTINUOUS
10
5.180302874015748
20
-4.8294959842519685
11
5.180273070866142
21
-4.8295680314960627
0
LINE
8
BLACK
6
CONTINUOUS
10
5.180273070866142
20
-4.8295680314960627
11
5.1802065354330704
21
-4.8296490551181099
0
LINE
8
BLACK
6
CONTINUOUS
10
5.1802065354330704
20
-4.8296490551181099
11
5.1801505905511807
21
-4.8297379921259838
0
LINE
8
BLACK
6
CONTINUOUS
10
5.1801505905511807
20
-4.8297379921259838
11
5.1800915748031491
21
-4.8297891338582675
0
LINE
8
BLACK
6
CONTINUOUS
10
5.1800915748031491
20
-4.8297891338582675
11
5.1799058661417323
21
-4.8300154724409445
0
LINE
8
BLACK
6
CONTINUOUS
10
5.1799058661417323
20
-4.8300154724409445
11
5.1761562992125985
21
-4.8337650787401572
0
LINE
8
BLACK
6
CONTINUOUS
10
5.1761562992125985
20
-4.8337650787401572
11
5.1757088582677166
21
-4.8341322834645668
0
LINE
8
BLACK
6
CONTINUOUS
10
5.1757088582677166
20
-4.8341322834645668
11
5.1756107874015749
21
-4.8341728740157484
0
LINE
8
BLACK
6
CONTINUOUS
10
5.1756107874015749
20
-4.8341728740157484
11
5.1755306692913381
21
-4.8342424015748033
0
LINE
8
BLACK
6
CONTINUOUS
10
5.1755306692913381
20
-4.8342424015748033
11
5.1750021259842516
21
-4.8344783858267713
0
LINE
8
BLACK
6
CONTINUOUS
10
5.1750021259842516
20
-4.8344783858267713
11
5.1693778346456689
21
-4.8363531496062988
0
LINE
8
BLACK
6
CONTINUOUS
10
5.1693778346456689
20
-4.8363531496062988
11
5.1690922440944878
21
-4.8364180708661415
0
LINE
8
BLACK
6
CONTINUOUS
10
5.1690922440944878
20
-4.8364180708661415
11
5.1690201574803147
21
-4.836447952755905
0
LINE
8
BLACK
6
CONTINUOUS
10
5.1690201574803147
20
-4.836447952755905
11
5.1689156299212593
21
-4.8364582283464568
0
LINE
8
BLACK
6
CONTINUOUS
10
5.1689156299212593
20
-4.8364582283464568
11
5.1688133858267715
21
-4.8364814960629916
0
LINE
8
BLACK
6
CONTINUOUS
10
5.1688133858267715
20
-4.8364814960629916
11
5.1687356299212599
21
-4.8364759448818893
0
LINE
8
BLACK
6
CONTINUOUS
10
5.1687356299212599
20
-4.8364759448818893
11
5.1684440944881889
21
-4.8365046850393698
0
LINE
8
BLACK
6
CONTINUOUS
10
5.1684440944881889
20
-4.8365046850393698
11
5.1646945669291338
21
-4.8365046850393698
0
LINE
8
BLACK
6
CONTINUOUS
10
5.1646945669291338
20
-4.8365046850393698
11
5.1644029527559052
21
-4.8364759448818893
0
LINE
8
BLACK
6
CONTINUOUS
10
5.1644029527559052
20
-4.8364759448818893
11
5.1643252362204723
21
-4.8364814960629916
0
LINE
8
BLACK
6
CONTINUOUS
10
5.1643252362204723
20
-4.8364814960629916
11
5.1642229527559058
21
-4.8364582283464568
0
LINE
8
BLACK
6
CONTINUOUS
10
5.1642229527559058
20
-4.8364582283464568
11
5.1641185039370079
21
-4.836447952755905
0
LINE
8
BLACK
6
CONTINUOUS
10
5.1641185039370079
20
-4.836447952755905
11
5.1640464173228349
21
-4.8364180708661415
0
LINE
8
BLACK
6
CONTINUOUS
10
5.1640464173228349
20
-4.8364180708661415
11
5.163760787401575
21
-4.8363531496062988
0
LINE
8
BLACK
6
CONTINUOUS
10
5.163760787401575
20
-4.8363531496062988
11
5.158136535433071
21
-4.8344783858267713
0
LINE
8
BLACK
6
CONTINUOUS
10
5.158136535433071
20
-4.8344783858267713
11
5.1576079527559058
21
-4.8342424015748033
0
LINE
8
BLACK
6
CONTINUOUS
10
5.1576079527559058
20
-4.8342424015748033
11
5.1575277559055115
21
-4.8341728346456696
0
LINE
8
BLACK
6
CONTINUOUS
10
5.1575277559055115
20
-4.8341728346456696
11
5.157429803149606
21
-4.8341322834645668
0
LINE
8
BLACK
6
CONTINUOUS
10
5.157429803149606
20
-4.8341322834645668
11
5.1569823228346454
21
-4.8337650393700784
0
LINE
8
BLACK
6
CONTINUOUS
10
5.1569823228346454
20
-4.8337650393700784
11
5.1551075590551179
21
-4.8318902362204721
0
LINE
8
BLACK
6
CONTINUOUS
10
5.1551075590551179
20
-4.8318902362204721
11
5.1547403543307082
21
-4.8314427952755903
0
LINE
8
BLACK
6
CONTINUOUS
10
5.1547403543307082
20
-4.8314427952755903
11
5.1542994881889763
21
-4.8303783858267719
0
LINE
8
BLACK
6
CONTINUOUS
10
5.1542994881889763
20
-4.8303783858267719
11
5.1542994881889763
21
-4.8292262992125981
0
LINE
8
BLACK
6
CONTINUOUS
10
5.1542994881889763
20
-4.8292262992125981
11
5.154740393700787
21
-4.8281618897637797
0
LINE
8
BLACK
6
CONTINUOUS
10
5.154740393700787
20
-4.8281618897637797
11
5.1555550787401572
21
-4.8273472047244095
0
LINE
8
BLACK
6
CONTINUOUS
10
5.1555550787401572
20
-4.8273472047244095
11
5.1566194881889764
21
-4.8269063385826767
0
LINE
8
BLACK
6
CONTINUOUS
10
5.1566194881889764
20
-4.8269063385826767
11
5.1577715748031494
21
-4.8269063385826767
0
LINE
8
BLACK
6
CONTINUOUS
10
5.1577715748031494
20
-4.8269063385826767
11
5.1588359842519687
21
-4.8273472440944882
0
LINE
8
BLACK
6
CONTINUOUS
10
5.1588359842519687
20
-4.8273472440944882
11
5.1592834645669292
21
-4.8277144881889766
0
LINE
8
BLACK
6
CONTINUOUS
10
5.1592834645669292
20
-4.8277144881889766
11
5.1606653149606299
21
-4.829096377952756
0
LINE
8
BLACK
6
CONTINUOUS
10
5.1606653149606299
20
-4.829096377952756
11
5.1651737007874017
21
-4.8305991732283466
0
LINE
8
BLACK
6
CONTINUOUS
10
5.1651737007874017
20
-4.8305991732283466
11
5.1679649606299209
21
-4.8305991732283466
0
LINE
8
BLACK
6
CONTINUOUS
10
5.1679649606299209
20
-4.8305991732283466
11
5.1724733464566928
21
-4.8290963385826773
0
LINE
8
BLACK
6
CONTINUOUS
10
5.1724733464566928
20
-4.8290963385826773
11
5.1753911417322831
21
-4.8261785039370082
0
LINE
8
BLACK
6
CONTINUOUS
10
5.1753911417322831
20
-4.8261785039370082
11
5.1769066535433073
21
-4.8231475196850395
0
LINE
8
BLACK
6
CONTINUOUS
10
5.1769066535433073
20
-4.8231475196850395
11
5.1786146850393697
21
-4.8163154724409445
0
LINE
8
BLACK
6
CONTINUOUS
10
5.1786146850393697
20
-4.8163154724409445
11
5.1786146850393697
21
-4.8114182677165349
0
LINE
8
BLACK
6
CONTINUOUS
10
5.1786146850393697
20
-4.8114182677165349
11
5.1769066535433073
21
-4.8045862204724408
0
LINE
8
BLACK
6
CONTINUOUS
10
5.1769066535433073
20
-4.8045862204724408
11
5.1753911811023618
21
-4.8015552362204721
0
LINE
8
BLACK
6
CONTINUOUS
10
5.1753911811023618
20
-4.8015552362204721
11
5.1724733464566928
21
-4.798637401574803
0
LINE
8
BLACK
6
CONTINUOUS
10
5.1724733464566928
20
-4.798637401574803
11
5.1679649606299209
21
-4.7971346062992124
0
LINE
8
BLACK
6
CONTINUOUS
10
5.1679649606299209
20
-4.7971346062992124
11
5.1651737007874017
21
-4.7971346062992124
0
LINE
8
BLACK
6
CONTINUOUS
10
5.1651737007874017
20
-4.7971346062992124
11
5.1606653149606299
21
-4.798637401574803
0
LINE
8
BLACK
6
CONTINUOUS
10
5.1606653149606299
20
-4.798637401574803
11
5.1592834251968505
21
-4.8000192913385824
0
LINE
8
BLACK
6
CONTINUOUS
10
5.1592834251968505
20
-4.8000192913385824
11
5.1588359842519687
21
-4.8003864960629921
0
LINE
8
BLACK
6
CONTINUOUS
10
5.1588359842519687
20
-4.8003864960629921
11
5.1577715354330707
21
-4.8008274015748027
0
LINE
8
BLACK
6
CONTINUOUS
10
5.1577715354330707
20
-4.8008274015748027
11
5.1566194881889764
21
-4.8008274015748027
0
LINE
8
BLACK
6
CONTINUOUS
10
5.1566194881889764
20
-4.8008274015748027
11
5.1555550393700784
21
-4.8003864960629921
0
LINE
8
BLACK
6
CONTINUOUS
10
5.1555550393700784
20
-4.8003864960629921
11
5.154740393700787
21
-4.7995718503937006
0
LINE
8
BLACK
6
CONTINUOUS
10
5.154740393700787
20
-4.7995718503937006
11
5.1542994881889763
21
-4.7985074015748026
0
LINE
8
BLACK
6
CONTINUOUS
10
5.1542994881889763
20
-4.7985074015748026
11
5.1542994881889763
21
-4.7973553543307084
0
LINE
8
BLACK
6
CONTINUOUS
10
5.1542994881889763
20
-4.7973553543307084
11
5.154740393700787
21
-4.7962909055118113
0
LINE
8
BLACK
6
CONTINUOUS
10
5.154740393700787
20
-4.7962909055118113
11
5.1551075984251966
21
-4.7958434645669294
0
LINE
8
BLACK
6
CONTINUOUS
10
5.1551075984251966
20
-4.7958434645669294
11
5.1569823622047242
21
-4.7939687007874019
0
LINE
8
BLACK
6
CONTINUOUS
10
5.1569823622047242
20
-4.7939687007874019
11
5.157429803149606
21
-4.7936014960629922
0
LINE
8
BLACK
6
CONTINUOUS
10
5.157429803149606
20
-4.7936014960629922
11
5.1575277559055115
21
-4.7935609055118107
0
LINE
8
BLACK
6
CONTINUOUS
10
5.1575277559055115
20
-4.7935609055118107
11
5.1576079527559058
21
-4.7934913779527557
0
LINE
8
BLACK
6
CONTINUOUS
10
5.1576079527559058
20
-4.7934913779527557
11
5.158136535433071
21
-4.7932553937007869
0
LINE
8
BLACK
6
CONTINUOUS
10
5.158136535433071
20
-4.7932553937007869
11
5.163760787401575
21
-4.7913806299212593
0
LINE
8
BLACK
6
CONTINUOUS
10
5.163760787401575
20
-4.7913806299212593
11
5.1640464173228349
21
-4.7913156692913388
0
LINE
8
BLACK
6
CONTINUOUS
10
5.1640464173228349
20
-4.7913156692913388
11
5.1641185039370079
21
-4.7912858267716532
0
LINE
8
BLACK
6
CONTINUOUS
10
5.1641185039370079
20
-4.7912858267716532
11
5.1642229527559058
21
-4.7912755118110235
0
LINE
8
BLACK
6
CONTINUOUS
10
5.1642229527559058
20
-4.7912755118110235
11
5.1643252362204723
21
-4.7912522834645666
0
LINE
8
BLACK
6
CONTINUOUS
10
5.1643252362204723
20
-4.7912522834645666
11
5.1644029527559052
21
-4.7912577952755901
0
LINE
8
BLACK
6
CONTINUOUS
10
5.1644029527559052
20
-4.7912577952755901
11
5.1646945669291338
21
-4.7912290944881892
0
LINE
8
BLACK
6
CONTINUOUS
10
5.1646945669291338
20
-4.7912290944881892
11
5.1684440944881889
21
-4.7912290944881892
0
LINE
8
BLACK
6
CONTINUOUS
10
5.1684440944881889
20
-4.7912290944881892
11
5.1687356299212599
21
-4.7912577952755901
0
LINE
8
BLACK
6
CONTINUOUS
10
5.3266096456692908
20
-4.7912577952755901
11
5.3266874015748034
21
-4.7912522834645666
0
LINE
8
BLACK
6
CONTINUOUS
10
5.3266874015748034
20
-4.7912522834645666
11
5.3267896456692911
21
-4.7912755118110235
0
LINE
8
BLACK
6
CONTINUOUS
10
5.3267896456692911
20
-4.7912755118110235
11
5.3268941732283466
21
-4.7912858267716532
0
LINE
8
BLACK
6
CONTINUOUS
10
5.3268941732283466
20
-4.7912858267716532
11
5.3269662598425196
21
-4.7913156692913388
0
LINE
8
BLACK
6
CONTINUOUS
10
5.3269662598425196
20
-4.7913156692913388
11
5.3272518503937007
21
-4.7913806299212593
0
LINE
8
BLACK
6
CONTINUOUS
10
5.3272518503937007
20
-4.7913806299212593
11
5.3328761417322834
21
-4.7932553937007869
0
LINE
8
BLACK
6
CONTINUOUS
10
5.3328761417322834
20
-4.7932553937007869
11
5.3334046850393699
21
-4.7934913779527557
0
LINE
8
BLACK
6
CONTINUOUS
10
5.3334046850393699
20
-4.7934913779527557
11
5.3334848031496058
21
-4.7935608661417319
0
LINE
8
BLACK
6
CONTINUOUS
10
5.3334848031496058
20
-4.7935608661417319
11
5.3335828740157476
21
-4.7936014960629922
0
LINE
8
BLACK
6
CONTINUOUS
10
5.3335828740157476
20
-4.7936014960629922
11
5.3340303149606294
21
-4.7939687007874019
0
LINE
8
BLACK
6
CONTINUOUS
10
5.3340303149606294
20
-4.7939687007874019
11
5.3377798425196845
21
-4.797718228346457
0
LINE
8
BLACK
6
CONTINUOUS
10
5.3377798425196845
20
-4.797718228346457
11
5.3379656692913384
21
-4.7979446062992128
0
LINE
8
BLACK
6
CONTINUOUS
10
5.3379656692913384
20
-4.7979446062992128
11
5.3380246062992125
21
-4.7979957480314956
0
LINE
8
BLACK
6
CONTINUOUS
10
5.3380246062992125
20
-4.7979957480314956
11
5.3380804724409447
21
-4.7980844881889766
0
LINE
8
BLACK
6
CONTINUOUS
10
5.3380804724409447
20
-4.7980844881889766
11
5.3381470866141729
21
-4.7981656692913388
0
LINE
8
BLACK
6
CONTINUOUS
10
5.3381470866141729
20
-4.7981656692913388
11
5.3381769291338586
21
-4.7982377952755906
0
LINE
8
BLACK
6
CONTINUOUS
10
5.3381769291338586
20
-4.7982377952755906
11
5.3383329527559056
21
-4.7984856299212595
0
LINE
8
BLACK
6
CONTINUOUS
10
5.3383329527559056
20
-4.7984856299212595
11
5.3402077165354331
21
-4.8022351574803146
0
LINE
8
BLACK
6
CONTINUOUS
10
5.3402077165354331
20
-4.8022351574803146
11
5.3402238188976376
21
-4.8022772440944879
0
LINE
8
BLACK
6
CONTINUOUS
10
5.3402238188976376
20
-4.8022772440944879
11
5.3402365354330703
21
-4.8022944094488187
0
LINE
8
BLACK
6
CONTINUOUS
10
5.3402365354330703
20
-4.8022944094488187
11
5.3403228346456695
21
-4.8025359842519686
0
LINE
8
BLACK
6
CONTINUOUS
10
5.3403228346456695
20
-4.8025359842519686
11
5.3404146062992126
21
-4.8027757480314959
0
LINE
8
BLACK
6
CONTINUOUS
10
5.3404146062992126
20
-4.8027757480314959
11
5.3404161023622043
21
-4.8027970078740152
0
LINE
8
BLACK
6
CONTINUOUS
10
5.3404161023622043
20
-4.8027970078740152
11
5.3404312992125984
21
-4.8028395275590547
0
LINE
8
BLACK
6
CONTINUOUS
10
5.3404312992125984
20
-4.8028395275590547
11
5.342306062992126
21
-4.810338582677165
0
LINE
8
BLACK
6
CONTINUOUS
10
5.342306062992126
20
-4.810338582677165
11
5.3423208267716538
21
-4.8104384251968506
0
LINE
8
BLACK
6
CONTINUOUS
10
5.3423208267716538
20
-4.8104384251968506
11
5.3423374803149608
21
-4.8104786614173225
0
LINE
8
BLACK
6
CONTINUOUS
10
5.3423374803149608
20
-4.8104786614173225
11
5.3423588188976376
21
-4.8106956692913387
0
LINE
8
BLACK
6
CONTINUOUS
10
5.3423588188976376
20
-4.8106956692913387
11
5.3423907086614175
21
-4.8109111811023624
0
LINE
8
BLACK
6
CONTINUOUS
10
5.3423907086614175
20
-4.8109111811023624
11
5.3423842913385826
21
-4.8109541732283461
0
LINE
8
BLACK
6
CONTINUOUS
10
5.3423842913385826
20
-4.8109541732283461
11
5.3423942125984247
21
-4.8110547244094484
0
LINE
8
BLACK
6
CONTINUOUS
10
5.3423942125984247
20
-4.8110547244094484
11
5.3423942125984247
21
-4.816679015748031
0
LINE
8
BLACK
6
CONTINUOUS
10
5.3423942125984247
20
-4.816679015748031
11
5.3423842913385826
21
-4.8167795275590546
0
LINE
8
BLACK
6
CONTINUOUS
10
5.3423842913385826
20
-4.8167795275590546
11
5.3423907086614175
21
-4.8168225590551179
0
LINE
8
BLACK
6
CONTINUOUS
10
5.3423907086614175
20
-4.8168225590551179
11
5.3423588188976376
21
-4.8170380314960628
0
LINE
8
BLACK
6
CONTINUOUS
10
5.3423588188976376
20
-4.8170380314960628
11
5.3423374803149608
21
-4.8172550787401578
0
LINE
8
BLACK
6
CONTINUOUS
10
5.3423374803149608
20
-4.8172550787401578
11
5.3423208267716538
21
-4.8172952755905509
0
LINE
8
BLACK
6
CONTINUOUS
10
5.3423208267716538
20
-4.8172952755905509
11
5.342306062992126
21
-4.8173951574803144
0
LINE
8
BLACK
6
CONTINUOUS
10
5.342306062992126
20
-4.8173951574803144
11
5.3404312992125984
21
-4.8248942125984247
0
LINE
8
BLACK
6
CONTINUOUS
10
5.3404312992125984
20
-4.8248942125984247
11
5.3404161023622043
21
-4.8249366929133854
0
LINE
8
BLACK
6
CONTINUOUS
10
5.3404161023622043
20
-4.8249366929133854
11
5.3404146062992126
21
-4.8249579921259844
0
LINE
8
BLACK
6
CONTINUOUS
10
5.3404146062992126
20
-4.8249579921259844
11
5.3403228346456695
21
-4.8251977165354329
0
LINE
8
BLACK
6
CONTINUOUS
10
5.3403228346456695
20
-4.8251977165354329
11
5.3402365354330703
21
-4.8254393307086616
0
LINE
8
BLACK
6
CONTINUOUS
10
5.3402365354330703
20
-4.8254393307086616
11
5.3402238188976376
21
-4.8254564566929137
0
LINE
8
BLACK
6
CONTINUOUS
10
5.3402238188976376
20
-4.8254564566929137
11
5.3402077165354331
21
-4.8254985826771648
0
LINE
8
BLACK
6
CONTINUOUS
10
5.3402077165354331
20
-4.8254985826771648
11
5.3383329527559056
21
-4.8292481102362208
0
LINE
8
BLACK
6
CONTINUOUS
10
5.3383329527559056
20
-4.8292481102362208
11
5.3381768897637798
21
-4.8294959842519685
0
LINE
8
BLACK
6
CONTINUOUS
10
5.3381768897637798
20
-4.8294959842519685
11
5.3381470866141729
21
-4.8295680314960627
0
LINE
8
BLACK
6
CONTINUOUS
10
5.3381470866141729
20
-4.8295680314960627
11
5.3380805511811023
21
-4.8296490551181099
0
LINE
8
BLACK
6
CONTINUOUS
10
5.3380805511811023
20
-4.8296490551181099
11
5.3380246062992125
21
-4.8297379921259838
0
LINE
8
BLACK
6
CONTINUOUS
10
5.3380246062992125
20
-4.8297379921259838
11
5.3379655905511809
21
-4.8297891338582675
0
LINE
8
BLACK
6
CONTINUOUS
10
5.3379655905511809
20
-4.8297891338582675
11
5.3377798818897633
21
-4.8300154724409445
0
LINE
8
BLACK
6
CONTINUOUS
10
5.3377798818897633
20
-4.8300154724409445
11
5.3340303149606294
21
-4.8337650787401572
0
LINE
8
BLACK
6
CONTINUOUS
10
5.3340303149606294
20
-4.8337650787401572
11
5.3335828740157476
21
-4.8341322834645668
0
LINE
8
BLACK
6
CONTINUOUS
10
5.3335828740157476
20
-4.8341322834645668
11
5.3334848031496058
21
-4.8341728740157484
0
LINE
8
BLACK
6
CONTINUOUS
10
5.3334848031496058
20
-4.8341728740157484
11
5.3334046850393699
21
-4.8342424015748033
0
LINE
8
BLACK
6
CONTINUOUS
10
5.3334046850393699
20
-4.8342424015748033
11
5.3328761417322834
21
-4.8344783858267713
0
LINE
8
BLACK
6
CONTINUOUS
10
5.3328761417322834
20
-4.8344783858267713
11
5.3272518503937007
21
-4.8363531496062988
0
LINE
8
BLACK
6
CONTINUOUS
10
5.3272518503937007
20
-4.8363531496062988
11
5.3269662598425196
21
-4.8364180708661415
0
LINE
8
BLACK
6
CONTINUOUS
10
5.3269662598425196
20
-4.8364180708661415
11
5.3268941732283466
21
-4.836447952755905
0
LINE
8
BLACK
6
CONTINUOUS
10
5.3268941732283466
20
-4.836447952755905
11
5.3267896456692911
21
-4.8364582283464568
0
LINE
8
BLACK
6
CONTINUOUS
10
5.3267896456692911
20
-4.8364582283464568
11
5.3266874015748034
21
-4.8364814960629916
0
LINE
8
BLACK
6
CONTINUOUS
10
5.3266874015748034
20
-4.8364814960629916
11
5.3266096456692908
21
-4.8364759448818893
0
LINE
8
BLACK
6
CONTINUOUS
10
5.3266096456692908
20
-4.8364759448818893
11
5.3263181102362207
21
-4.8365046850393698
0
LINE
8
BLACK
6
CONTINUOUS
10
5.3263181102362207
20
-4.8365046850393698
11
5.3225685826771656
21
-4.8365046850393698
0
LINE
8
BLACK
6
CONTINUOUS
10
5.3225685826771656
20
-4.8365046850393698
11
5.3222769685039371
21
-4.8364759448818893
0
LINE
8
BLACK
6
CONTINUOUS
10
5.3222769685039371
20
-4.8364759448818893
11
5.3221992519685042
21
-4.8364814960629916
0
LINE
8
BLACK
6
CONTINUOUS
10
5.3221992519685042
20
-4.8364814960629916
11
5.3220969685039368
21
-4.8364582283464568
0
LINE
8
BLACK
6
CONTINUOUS
10
5.3220969685039368
20
-4.8364582283464568
11
5.3219925196850388
21
-4.836447952755905
0
LINE
8
BLACK
6
CONTINUOUS
10
5.3219925196850388
20
-4.836447952755905
11
5.3219204330708658
21
-4.8364180708661415
0
LINE
8
BLACK
6
CONTINUOUS
10
5.3219204330708658
20
-4.8364180708661415
11
5.3216348031496059
21
-4.8363531496062988
0
LINE
8
BLACK
6
CONTINUOUS
10
5.3216348031496059
20
-4.8363531496062988
11
5.316010551181102
21
-4.8344783858267713
0
LINE
8
BLACK
6
CONTINUOUS
10
5.316010551181102
20
-4.8344783858267713
11
5.3154819685039367
21
-4.8342424015748033
0
LINE
8
BLACK
6
CONTINUOUS
10
5.3154819685039367
20
-4.8342424015748033
11
5.3154017716535433
21
-4.8341728346456696
0
LINE
8
BLACK
6
CONTINUOUS
10
5.3154017716535433
20
-4.8341728346456696
11
5.3153038188976378
21
-4.8341322834645668
0
LINE
8
BLACK
6
CONTINUOUS
10
5.3153038188976378
20
-4.8341322834645668
11
5.3148563385826773
21
-4.8337650393700784
0
LINE
8
BLACK
6
CONTINUOUS
10
5.3148563385826773
20
-4.8337650393700784
11
5.3129815748031497
21
-4.8318902362204721
0
LINE
8
BLACK
6
CONTINUOUS
10
5.3129815748031497
20
-4.8318902362204721
11
5.31261437007874
21
-4.8314427952755903
0
LINE
8
BLACK
6
CONTINUOUS
10
5.31261437007874
20
-4.8314427952755903
11
5.3121735039370082
21
-4.8303783858267719
0
LINE
8
BLACK
6
CONTINUOUS
10
5.3121735039370082
20
-4.8303783858267719
11
5.3121735039370082
21
-4.8292262992125981
0
LINE
8
BLACK
6
CONTINUOUS
10
5.3121735039370082
20
-4.8292262992125981
11
5.3126144094488188
21
-4.8281618897637797
0
LINE
8
BLACK
6
CONTINUOUS
10
5.3126144094488188
20
-4.8281618897637797
11
5.313429094488189
21
-4.8273472047244095
0
LINE
8
BLACK
6
CONTINUOUS
10
5.313429094488189
20
-4.8273472047244095
11
5.3144935039370074
21
-4.8269063385826767
0
LINE
8
BLACK
6
CONTINUOUS
10
5.3144935039370074
20
-4.8269063385826767
11
5.3156455905511812
21
-4.8269063385826767
0
LINE
8
BLACK
6
CONTINUOUS
10
5.3156455905511812
20
-4.8269063385826767
11
5.3167099999999996
21
-4.8273472440944882
0
LINE
8
BLACK
6
CONTINUOUS
10
5.3167099999999996
20
-4.8273472440944882
11
5.3171574803149602
21
-4.8277144881889766
0
LINE
8
BLACK
6
CONTINUOUS
10
5.3171574803149602
20
-4.8277144881889766
11
5.3185393307086617
21
-4.829096377952756
0
LINE
8
BLACK
6
CONTINUOUS
10
5.3185393307086617
20
-4.829096377952756
11
5.3230477165354326
21
-4.8305991732283466
0
LINE
8
BLACK
6
CONTINUOUS
10
5.3230477165354326
20
-4.8305991732283466
11
5.3258389763779528
21
-4.8305991732283466
0
LINE
8
BLACK
6
CONTINUOUS
10
5.3258389763779528
20
-4.8305991732283466
11
5.3303473622047246
21
-4.8290963385826773
0
LINE
8
BLACK
6
CONTINUOUS
10
5.3303473622047246
20
-4.8290963385826773
11
5.3332651574803149
21
-4.8261785039370082
0
LINE
8
BLACK
6
CONTINUOUS
10
5.3332651574803149
20
-4.8261785039370082
11
5.3347806692913382
21
-4.8231475196850395
0
LINE
8
BLACK
6
CONTINUOUS
10
5.3347806692913382
20
-4.8231475196850395
11
5.3364887007874016
21
-4.8163154724409445
0
LINE
8
BLACK
6
CONTINUOUS
10
5.3364887007874016
20
-4.8163154724409445
11
5.3364887007874016
21
-4.8114182677165349
0
LINE
8
BLACK
6
CONTINUOUS
10
5.3364887007874016
20
-4.8114182677165349
11
5.3347806692913382
21
-4.8045862204724408
0
LINE
8
BLACK
6
CONTINUOUS
10
5.3347806692913382
20
-4.8045862204724408
11
5.3332651968503937
21
-4.8015552362204721
0
LINE
8
BLACK
6
CONTINUOUS
10
5.3332651968503937
20
-4.8015552362204721
11
5.3303473622047246
21
-4.798637401574803
0
LINE
8
BLACK
6
CONTINUOUS
10
5.3303473622047246
20
-4.798637401574803
11
5.3258389763779528
21
-4.7971346062992124
0
LINE
8
BLACK
6
CONTINUOUS
10
5.3258389763779528
20
-4.7971346062992124
11
5.3230477165354326
21
-4.7971346062992124
0
LINE
8
BLACK
6
CONTINUOUS
10
5.3230477165354326
20
-4.7971346062992124
11
5.3185393307086617
21
-4.798637401574803
0
LINE
8
BLACK
6
CONTINUOUS
10
5.3185393307086617
20
-4.798637401574803
11
5.3171574409448814
21
-4.8000192913385824
0
LINE
8
BLACK
6
CONTINUOUS
10
5.3171574409448814
20
-4.8000192913385824
11
5.3167099999999996
21
-4.8003864960629921
0
LINE
8
BLACK
6
CONTINUOUS
10
5.3167099999999996
20
-4.8003864960629921
11
5.3156455511811025
21
-4.8008274015748027
0
LINE
8
BLACK
6
CONTINUOUS
10
5.3156455511811025
20
-4.8008274015748027
11
5.3144935039370074
21
-4.8008274015748027
0
LINE
8
BLACK
6
CONTINUOUS
10
5.3144935039370074
20
-4.8008274015748027
11
5.3134290551181103
21
-4.8003864960629921
0
LINE
8
BLACK
6
CONTINUOUS
10
5.3134290551181103
20
-4.8003864960629921
11
5.3126144094488188
21
-4.7995718503937006
0
LINE
8
BLACK
6
CONTINUOUS
10
5.3126144094488188
20
-4.7995718503937006
11
5.3121735039370082
21
-4.7985074015748026
0
LINE
8
BLACK
6
CONTINUOUS
10
5.3121735039370082
20
-4.7985074015748026
11
5.3121735039370082
21
-4.7973553543307084
0
LINE
8
BLACK
6
CONTINUOUS
10
5.3121735039370082
20
-4.7973553543307084
11
5.3126144094488188
21
-4.7962909055118113
0
LINE
8
BLACK
6
CONTINUOUS
10
5.3126144094488188
20
-4.7962909055118113
11
5.3129816141732285
21
-4.7958434645669294
0
LINE
8
BLACK
6
CONTINUOUS
10
5.3129816141732285
20
-4.7958434645669294
11
5.314856377952756
21
-4.7939687007874019
0
LINE
8
BLACK
6
CONTINUOUS
10
5.314856377952756
20
-4.7939687007874019
11
5.3153038188976378
21
-4.7936014960629922
0
LINE
8
BLACK
6
CONTINUOUS
10
5.3153038188976378
20
-4.7936014960629922
11
5.3154017716535433
21
-4.7935609055118107
0
LINE
8
BLACK
6
CONTINUOUS
10
5.3154017716535433
20
-4.7935609055118107
11
5.3154819685039367
21
-4.7934913779527557
0
LINE
8
BLACK
6
CONTINUOUS
10
5.3154819685039367
20
-4.7934913779527557
11
5.316010551181102
21
-4.7932553937007869
0
LINE
8
BLACK
6
CONTINUOUS
10
5.316010551181102
20
-4.7932553937007869
11
5.3216348031496059
21
-4.7913806299212593
0
LINE
8
BLACK
6
CONTINUOUS
10
5.3216348031496059
20
-4.7913806299212593
11
5.3219204330708658
21
-4.7913156692913388
0
LINE
8
BLACK
6
CONTINUOUS
10
5.3219204330708658
20
-4.7913156692913388
11
5.3219925196850388
21
-4.7912858267716532
0
LINE
8
BLACK
6
CONTINUOUS
10
5.3219925196850388
20
-4.7912858267716532
11
5.3220969685039368
21
-4.7912755118110235
0
LINE
8
BLACK
6
CONTINUOUS
10
5.3220969685039368
20
-4.7912755118110235
11
5.3221992519685042
21
-4.7912522834645666
0
LINE
8
BLACK
6
CONTINUOUS
10
5.3221992519685042
20
-4.7912522834645666
11
5.3222769685039371
21
-4.7912577952755901
0
LINE
8
BLACK
6
CONTINUOUS
10
5.3222769685039371
20
-4.7912577952755901
11
5.3225685826771656
21
-4.7912290944881892
0
LINE
8
BLACK
6
CONTINUOUS
10
5.3225685826771656
20
-4.7912290944881892
11
5.3263181102362207
21
-4.7912290944881892
0
LINE
8
BLACK
6
CONTINUOUS
10
5.3263181102362207
20
-4.7912290944881892
11
5.3266096456692908
21
-4.7912577952755901
0
LINE
8
BLACK
6
CONTINUOUS
10
5.4375360236220471
20
-4.7912500393700785
11
5.4376080314960626
21
-4.7912428740157482
0
LINE
8
BLACK
6
CONTINUOUS
10
5.4376080314960626
20
-4.7912428740157482
11
5.4376783464566927
21
-4.79126405511811
0
LINE
8
BLACK
6
CONTINUOUS
10
5.4376783464566927
20
-4.79126405511811
11
5.4378990551181099
21
-4.7912858267716532
0
LINE
8
BLACK
6
CONTINUOUS
10
5.4378990551181099
20
-4.7912858267716532
11
5.4382977165354331
21
-4.7914509448818894
0
LINE
8
BLACK
6
CONTINUOUS
10
5.4382977165354331
20
-4.7914509448818894
11
5.4387110236220471
21
-4.7915756692913387
0
LINE
8
BLACK
6
CONTINUOUS
10
5.4387110236220471
20
-4.7915756692913387
11
5.4388261023622047
21
-4.7916698031496061
0
LINE
8
BLACK
6
CONTINUOUS
10
5.4388261023622047
20
-4.7916698031496061
11
5.4389634645669291
21
-4.7917267322834647
0
LINE
8
BLACK
6
CONTINUOUS
10
5.4389634645669291
20
-4.7917267322834647
11
5.4392687007874017
21
-4.7920319685039372
0
LINE
8
BLACK
6
CONTINUOUS
10
5.4392687007874017
20
-4.7920319685039372
11
5.4396026771653538
21
-4.7923052362204723
0
LINE
8
BLACK
6
CONTINUOUS
10
5.4396026771653538
20
-4.7923052362204723
11
5.4396729133858264
21
-4.7924361811023619
0
LINE
8
BLACK
6
CONTINUOUS
10
5.4396729133858264
20
-4.7924361811023619
11
5.4397781102362206
21
-4.7925413779527561
0
LINE
8
BLACK
6
CONTINUOUS
10
5.4397781102362206
20
-4.7925413779527561
11
5.4399432677165356
21
-4.7929401574803148
0
LINE
8
BLACK
6
CONTINUOUS
10
5.4399432677165356
20
-4.7929401574803148
11
5.4401473228346457
21
-4.7933204724409446
0
LINE
8
BLACK
6
CONTINUOUS
10
5.4401473228346457
20
-4.7933204724409446
11
5.4401909055118107
21
-4.793537952755905
0
LINE
8
BLACK
6
CONTINUOUS
10
5.4401909055118107
20
-4.793537952755905
11
5.4402190157480312
21
-4.7936057874015745
0
LINE
8
BLACK
6
CONTINUOUS
10
5.4402190157480312
20
-4.7936057874015745
11
5.4402190157480312
21
-4.7936780708661413
0
LINE
8
BLACK
6
CONTINUOUS
10
5.4402190157480312
20
-4.7936780708661413
11
5.4402611023622045
21
-4.7938880314960626
0
LINE
8
BLACK
6
CONTINUOUS
10
5.4402611023622045
20
-4.7938880314960626
11
5.4421358661417321
21
-4.8126356692913381
0
LINE
8
BLACK
6
CONTINUOUS
10
5.4421358661417321
20
-4.8126356692913381
11
5.4421367322834646
21
-4.8132145275590554
0
LINE
8
BLACK
6
CONTINUOUS
10
5.4421367322834646
20
-4.8132145275590554
11
5.4420937795275588
21
-4.813356850393701
0
LINE
8
BLACK
6
CONTINUOUS
10
5.4420937795275588
20
-4.813356850393701
11
5.4420937795275588
21
-4.8135055118110239
0
LINE
8
BLACK
6
CONTINUOUS
10
5.4420937795275588
20
-4.8135055118110239
11
5.4419286614173226
21
-4.8139040944881888
0
LINE
8
BLACK
6
CONTINUOUS
10
5.4419286614173226
20
-4.8139040944881888
11
5.4418039370078741
21
-4.814317519685039
0
LINE
8
BLACK
6
CONTINUOUS
10
5.4418039370078741
20
-4.814317519685039
11
5.4417097244094483
21
-4.8144326377952753
0
LINE
8
BLACK
6
CONTINUOUS
10
5.4417097244094483
20
-4.8144326377952753
11
5.4416528740157482
21
-4.8145699212598423
0
LINE
8
BLACK
6
CONTINUOUS
10
5.4416528740157482
20
-4.8145699212598423
11
5.4413477952755906
21
-4.814874960629921
0
LINE
8
BLACK
6
CONTINUOUS
10
5.4413477952755906
20
-4.814874960629921
11
5.4410743700787396
21
-4.8152091732283466
0
LINE
8
BLACK
6
CONTINUOUS
10
5.4410743700787396
20
-4.8152091732283466
11
5.4409433070866138
21
-4.8152794488188979
0
LINE
8
BLACK
6
CONTINUOUS
10
5.4409433070866138
20
-4.8152794488188979
11
5.4408381889763779
21
-4.8153846062992125
0
LINE
8
BLACK
6
CONTINUOUS
10
5.4408381889763779
20
-4.8153846062992125
11
5.4404395669291334
21
-4.81554968503937
0
LINE
8
BLACK
6
CONTINUOUS
10
5.4404395669291334
20
-4.81554968503937
11
5.4400591338582673
21
-4.8157538188976377
0
LINE
8
BLACK
6
CONTINUOUS
10
5.4400591338582673
20
-4.8157538188976377
11
5.4399111023622044
21
-4.8157685826771655
0
LINE
8
BLACK
6
CONTINUOUS
10
5.4399111023622044
20
-4.8157685826771655
11
5.4397737795275587
21
-4.8158255118110231
0
LINE
8
BLACK
6
CONTINUOUS
10
5.4397737795275587
20
-4.8158255118110231
11
5.4393422440944876
21
-4.8158255118110231
0
LINE
8
BLACK
6
CONTINUOUS
10
5.4393422440944876
20
-4.8158255118110231
11
5.438912716535433
21
-4.815868464566929
0
LINE
8
BLACK
6
CONTINUOUS
10
5.438912716535433
20
-4.815868464566929
11
5.4387703543307087
21
-4.8158255118110231
0
LINE
8
BLACK
6
CONTINUOUS
10
5.4387703543307087
20
-4.8158255118110231
11
5.4386216929133857
21
-4.8158255118110231
0
LINE
8
BLACK
6
CONTINUOUS
10
5.4386216929133857
20
-4.8158255118110231
11
5.4382229921259837
21
-4.8156603543307082
0
LINE
8
BLACK
6
CONTINUOUS
10
5.4382229921259837
20
-4.8156603543307082
11
5.4378097244094485
21
-4.8155356692913385
0
LINE
8
BLACK
6
CONTINUOUS
10
5.4378097244094485
20
-4.8155356692913385
11
5.4376946062992122
21
-4.8154414960629923
0
LINE
8
BLACK
6
CONTINUOUS
10
5.4376946062992122
20
-4.8154414960629923
11
5.4375572834645665
21
-4.8153846062992125
0
LINE
8
BLACK
6
CONTINUOUS
10
5.4375572834645665
20
-4.8153846062992125
11
5.4371098425196847
21
-4.8150174015748028
0
LINE
8
BLACK
6
CONTINUOUS
10
5.4371098425196847
20
-4.8150174015748028
11
5.435573897637795
21
-4.8134814566929132
0
LINE
8
BLACK
6
CONTINUOUS
10
5.435573897637795
20
-4.8134814566929132
11
5.4328764173228343
21
-4.8121327165354328
0
LINE
8
BLACK
6
CONTINUOUS
10
5.4328764173228343
20
-4.8121327165354328
11
5.4248966929133857
21
-4.8121327165354328
0
LINE
8
BLACK
6
CONTINUOUS
10
5.4248966929133857
20
-4.8121327165354328
11
5.4221992125984251
21
-4.8134814566929132
0
LINE
8
BLACK
6
CONTINUOUS
10
5.4221992125984251
20
-4.8134814566929132
11
5.4210020866141733
21
-4.814678582677165
0
LINE
8
BLACK
6
CONTINUOUS
10
5.4210020866141733
20
-4.814678582677165
11
5.4196533464566929
21
-4.8173760629921256
0
LINE
8
BLACK
6
CONTINUOUS
10
5.4196533464566929
20
-4.8173760629921256
11
5.4196533464566929
21
-4.8253557874015751
0
LINE
8
BLACK
6
CONTINUOUS
10
5.4196533464566929
20
-4.8253557874015751
11
5.4210020866141733
21
-4.8280532677165358
0
LINE
8
BLACK
6
CONTINUOUS
10
5.4210020866141733
20
-4.8280532677165358
11
5.4221992125984251
21
-4.8292504330708663
0
LINE
8
BLACK
6
CONTINUOUS
10
5.4221992125984251
20
-4.8292504330708663
11
5.4248966929133857
21
-4.8305991732283466
0
LINE
8
BLACK
6
CONTINUOUS
10
5.4248966929133857
20
-4.8305991732283466
11
5.4328764173228343
21
-4.8305991732283466
0
LINE
8
BLACK
6
CONTINUOUS
10
5.4328764173228343
20
-4.8305991732283466
11
5.4355738582677162
21
-4.8292504330708663
0
LINE
8
BLACK
6
CONTINUOUS
10
5.4355738582677162
20
-4.8292504330708663
11
5.4371098031496059
21
-4.8277144881889766
0
LINE
8
BLACK
6
CONTINUOUS
10
5.4371098031496059
20
-4.8277144881889766
11
5.4375572834645665
21
-4.8273472440944882
0
LINE
8
BLACK
6
CONTINUOUS
10
5.4375572834645665
20
-4.8273472440944882
11
5.4386216929133857
21
-4.8269063385826767
0
LINE
8
BLACK
6
CONTINUOUS
10
5.4386216929133857
20
-4.8269063385826767
11
5.4397737795275587
21
-4.8269063385826767
0
LINE
8
BLACK
6
CONTINUOUS
10
5.4397737795275587
20
-4.8269063385826767
11
5.4408381889763779
21
-4.8273472047244095
0
LINE
8
BLACK
6
CONTINUOUS
10
5.4408381889763779
20
-4.8273472047244095
11
5.4416528740157482
21
-4.8281618897637797
0
LINE
8
BLACK
6
CONTINUOUS
10
5.4416528740157482
20
-4.8281618897637797
11
5.4420937795275588
21
-4.8292262992125981
0
LINE
8
BLACK
6
CONTINUOUS
10
5.4420937795275588
20
-4.8292262992125981
11
5.4420937795275588
21
-4.8303783858267719
0
LINE
8
BLACK
6
CONTINUOUS
10
5.4420937795275588
20
-4.8303783858267719
11
5.4416529133858269
21
-4.8314427952755903
0
LINE
8
BLACK
6
CONTINUOUS
10
5.4416529133858269
20
-4.8314427952755903
11
5.4412856692913385
21
-4.8318902755905508
0
LINE
8
BLACK
6
CONTINUOUS
10
5.4412856692913385
20
-4.8318902755905508
11
5.4394109448818897
21
-4.8337650393700784
0
LINE
8
BLACK
6
CONTINUOUS
10
5.4394109448818897
20
-4.8337650393700784
11
5.4391845669291339
21
-4.8339507874015748
0
LINE
8
BLACK
6
CONTINUOUS
10
5.4391845669291339
20
-4.8339507874015748
11
5.4391333858267714
21
-4.8340098425196851
0
LINE
8
BLACK
6
CONTINUOUS
10
5.4391333858267714
20
-4.8340098425196851
11
5.4390444094488188
21
-4.8340658267716536
0
LINE
8
BLACK
6
CONTINUOUS
10
5.4390444094488188
20
-4.8340658267716536
11
5.4389634645669291
21
-4.8341322834645668
0
LINE
8
BLACK
6
CONTINUOUS
10
5.4389634645669291
20
-4.8341322834645668
11
5.4388914960629924
21
-4.8341620866141728
0
LINE
8
BLACK
6
CONTINUOUS
10
5.4388914960629924
20
-4.8341620866141728
11
5.4386435039370076
21
-4.8343181889763782
0
LINE
8
BLACK
6
CONTINUOUS
10
5.4386435039370076
20
-4.8343181889763782
11
5.4348939763779525
21
-4.8361929527559058
0
LINE
8
BLACK
6
CONTINUOUS
10
5.4348939763779525
20
-4.8361929527559058
11
5.4343533464566924
21
-4.8363998425196852
0
LINE
8
BLACK
6
CONTINUOUS
10
5.4343533464566924
20
-4.8363998425196852
11
5.4342475196850391
21
-4.8364073228346456
0
LINE
8
BLACK
6
CONTINUOUS
10
5.4342475196850391
20
-4.8364073228346456
11
5.4341495275590548
21
-4.836447952755905
0
LINE
8
BLACK
6
CONTINUOUS
10
5.4341495275590548
20
-4.836447952755905
11
5.4335734645669289
21
-4.8365046850393698
0
LINE
8
BLACK
6
CONTINUOUS
10
5.4335734645669289
20
-4.8365046850393698
11
5.4241996456692911
21
-4.8365046850393698
0
LINE
8
BLACK
6
CONTINUOUS
10
5.4241996456692911
20
-4.8365046850393698
11
5.4236235826771653
21
-4.836447952755905
0
LINE
8
BLACK
6
CONTINUOUS
10
5.4236235826771653
20
-4.836447952755905
11
5.423525590551181
21
-4.8364073622047243
0
LINE
8
BLACK
6
CONTINUOUS
10
5.423525590551181
20
-4.8364073622047243
11
5.4234197244094489
21
-4.8363998425196852
0
LINE
8
BLACK
6
CONTINUOUS
10
5.4234197244094489
20
-4.8363998425196852
11
5.4228791338582676
21
-4.8361929527559058
0
LINE
8
BLACK
6
CONTINUOUS
10
5.4228791338582676
20
-4.8361929527559058
11
5.4191296062992125
21
-4.8343181889763782
0
LINE
8
BLACK
6
CONTINUOUS
10
5.4191296062992125
20
-4.8343181889763782
11
5.4188815748031498
21
-4.8341620866141728
0
LINE
8
BLACK
6
CONTINUOUS
10
5.4188815748031498
20
-4.8341620866141728
11
5.4188096456692909
21
-4.8341322834645668
0
LINE
8
BLACK
6
CONTINUOUS
10
5.4188096456692909
20
-4.8341322834645668
11
5.4187286614173225
21
-4.8340658267716536
0
LINE
8
BLACK
6
CONTINUOUS
10
5.4187286614173225
20
-4.8340658267716536
11
5.4186397244094486
21
-4.8340098425196851
0
LINE
8
BLACK
6
CONTINUOUS
10
5.4186397244094486
20
-4.8340098425196851
11
5.4185885039370074
21
-4.8339507874015748
0
LINE
8
BLACK
6
CONTINUOUS
10
5.4185885039370074
20
-4.8339507874015748
11
5.4183621653543304
21
-4.8337650393700784
0
LINE
8
BLACK
6
CONTINUOUS
10
5.4183621653543304
20
-4.8337650393700784
11
5.4164874015748028
21
-4.8318902362204721
0
LINE
8
BLACK
6
CONTINUOUS
10
5.4164874015748028
20
-4.8318902362204721
11
5.4163016535433073
21
-4.831663897637795
0
LINE
8
BLACK
6
CONTINUOUS
10
5.4163016535433073
20
-4.831663897637795
11
5.4162426771653545
21
-4.8316127559055113
0
LINE
8
BLACK
6
CONTINUOUS
10
5.4162426771653545
20
-4.8316127559055113
11
5.4161866929133859
21
-4.8315238188976375
0
LINE
8
BLACK
6
CONTINUOUS
10
5.4161866929133859
20
-4.8315238188976375
11
5.4161201968503931
21
-4.8314427952755903
0
LINE
8
BLACK
6
CONTINUOUS
10
5.4161201968503931
20
-4.8314427952755903
11
5.4160903543307084
21
-4.831370748031496
0
LINE
8
BLACK
6
CONTINUOUS
10
5.4160903543307084
20
-4.831370748031496
11
5.4159343307086614
21
-4.8311228740157484
0
LINE
8
BLACK
6
CONTINUOUS
10
5.4159343307086614
20
-4.8311228740157484
11
5.4140595669291338
21
-4.8273733464566924
0
LINE
8
BLACK
6
CONTINUOUS
10
5.4140595669291338
20
-4.8273733464566924
11
5.4138526771653543
21
-4.8268327165354332
0
LINE
8
BLACK
6
CONTINUOUS
10
5.4138526771653543
20
-4.8268327165354332
11
5.4138451574803153
21
-4.8267268897637798
0
LINE
8
BLACK
6
CONTINUOUS
10
5.4138451574803153
20
-4.8267268897637798
11
5.4138045669291337
21
-4.8266288976377956
0
LINE
8
BLACK
6
CONTINUOUS
10
5.4138045669291337
20
-4.8266288976377956
11
5.4137478346456689
21
-4.8260528346456688
0
LINE
8
BLACK
6
CONTINUOUS
10
5.4137478346456689
20
-4.8260528346456688
11
5.4137478346456689
21
-4.816679015748031
0
LINE
8
BLACK
6
CONTINUOUS
10
5.4137478346456689
20
-4.816679015748031
11
5.4138045669291337
21
-4.8161029527559052
0
LINE
8
BLACK
6
CONTINUOUS
10
5.4138045669291337
20
-4.8161029527559052
11
5.4138451574803153
21
-4.8160049212598421
0
LINE
8
BLACK
6
CONTINUOUS
10
5.4138451574803153
20
-4.8160049212598421
11
5.4138526771653543
21
-4.8158991338582675
0
LINE
8
BLACK
6
CONTINUOUS
10
5.4138526771653543
20
-4.8158991338582675
11
5.4140595669291338
21
-4.8153585039370075
0
LINE
8
BLACK
6
CONTINUOUS
10
5.4140595669291338
20
-4.8153585039370075
11
5.4159343307086614
21
-4.8116089763779524
0
LINE
8
BLACK
6
CONTINUOUS
10
5.4159343307086614
20
-4.8116089763779524
11
5.4160903937007872
21
-4.8113609448818897
0
LINE
8
BLACK
6
CONTINUOUS
10
5.4160903937007872
20
-4.8113609448818897
11
5.4161202362204719
21
-4.8112890157480317
0
LINE
8
BLACK
6
CONTINUOUS
10
5.4161202362204719
20
-4.8112890157480317
11
5.4161866929133859
21
-4.8112080314960632
0
LINE
8
BLACK
6
CONTINUOUS
10
5.4161866929133859
20
-4.8112080314960632
11
5.4162426771653545
21
-4.8111190944881885
0
LINE
8
BLACK
6
CONTINUOUS
10
5.4162426771653545
20
-4.8111190944881885
11
5.4163016535433073
21
-4.811067913385827
0
LINE
8
BLACK
6
CONTINUOUS
10
5.4163016535433073
20
-4.811067913385827
11
5.4164874409448815
21
-4.8108415748031499
0
LINE
8
BLACK
6
CONTINUOUS
10
5.4164874409448815
20
-4.8108415748031499
11
5.4183622047244091
21
-4.8089668110236223
0
LINE
8
BLACK
6
CONTINUOUS
10
5.4183622047244091
20
-4.8089668110236223
11
5.4185885433070862
21
-4.8087810236220472
0
LINE
8
BLACK
6
CONTINUOUS
10
5.4185885433070862
20
-4.8087810236220472
11
5.4186397244094486
21
-4.8087220472440944
0
LINE
8
BLACK
6
CONTINUOUS
10
5.4186397244094486
20
-4.8087220472440944
11
5.4187286614173225
21
-4.8086660629921258
0
LINE
8
BLACK
6
CONTINUOUS
10
5.4187286614173225
20
-4.8086660629921258
11
5.4188096456692909
21
-4.8085996062992127
0
LINE
8
BLACK
6
CONTINUOUS
10
5.4188096456692909
20
-4.8085996062992127
11
5.4188815748031498
21
-4.8085697637795271
0
LINE
8
BLACK
6
CONTINUOUS
10
5.4188815748031498
20
-4.8085697637795271
11
5.4191296062992125
21
-4.8084137007874013
0
LINE
8
BLACK
6
CONTINUOUS
10
5.4191296062992125
20
-4.8084137007874013
11
5.4228791338582676
21
-4.8065389370078737
0
LINE
8
BLACK
6
CONTINUOUS
10
5.4228791338582676
20
-4.8065389370078737
11
5.4234197244094489
21
-4.8063320472440942
0
LINE
8
BLACK
6
CONTINUOUS
10
5.4234197244094489
20
-4.8063320472440942
11
5.423525590551181
21
-4.8063244881889764
0
LINE
8
BLACK
6
CONTINUOUS
10
5.423525590551181
20
-4.8063244881889764
11
5.4236235826771653
21
-4.8062839370078736
0
LINE
8
BLACK
6
CONTINUOUS
10
5.4236235826771653
20
-4.8062839370078736
11
5.4241996456692911
21
-4.8062272047244097
0
LINE
8
BLACK
6
CONTINUOUS
10
5.4241996456692911
20
-4.8062272047244097
11
5.4335734645669289
21
-4.8062272047244097
0
LINE
8
BLACK
6
CONTINUOUS
10
5.4335734645669289
20
-4.8062272047244097
11
5.4341495275590548
21
-4.8062839370078736
0
LINE
8
BLACK
6
CONTINUOUS
10
5.4341495275590548
20
-4.8062839370078736
11
5.4342475196850391
21
-4.8063245275590551
0
LINE
8
BLACK
6
CONTINUOUS
10
5.4342475196850391
20
-4.8063245275590551
11
5.4343533464566924
21
-4.8063320472440942
0
LINE
8
BLACK
6
CONTINUOUS
10
5.4343533464566924
20
-4.8063320472440942
11
5.4348939763779525
21
-4.8065389370078737
0
LINE
8
BLACK
6
CONTINUOUS
10
5.4348939763779525
20
-4.8065389370078737
11
5.435627874015748
21
-4.8069058661417321
0
LINE
8
BLACK
6
CONTINUOUS
10
5.435627874015748
20
-4.8069058661417321
11
5.4346507874015746
21
-4.7971346062992124
0
LINE
8
BLACK
6
CONTINUOUS
10
5.4346507874015746
20
-4.7971346062992124
11
5.4185753543307085
21
-4.7971346062992124
0
LINE
8
BLACK
6
CONTINUOUS
10
5.4185753543307085
20
-4.7971346062992124
11
5.4179992913385826
21
-4.7970778740157476
0
LINE
8
BLACK
6
CONTINUOUS
10
5.4179992913385826
20
-4.7970778740157476
11
5.4169348818897634
21
-4.7966369685039369
0
LINE
8
BLACK
6
CONTINUOUS
10
5.4169348818897634
20
-4.7966369685039369
11
5.4161202362204719
21
-4.7958223228346455
0
LINE
8
BLACK
6
CONTINUOUS
10
5.4161202362204719
20
-4.7958223228346455
11
5.4156793307086613
21
-4.7947579133858262
0
LINE
8
BLACK
6
CONTINUOUS
10
5.4156793307086613
20
-4.7947579133858262
11
5.4156793307086613
21
-4.7936057874015745
0
LINE
8
BLACK
6
CONTINUOUS
10
5.4156793307086613
20
-4.7936057874015745
11
5.4161202362204719
21
-4.7925413779527561
0
LINE
8
BLACK
6
CONTINUOUS
10
5.4161202362204719
20
-4.7925413779527561
11
5.4169348818897634
21
-4.7917267322834647
0
LINE
8
BLACK
6
CONTINUOUS
10
5.4169348818897634
20
-4.7917267322834647
11
5.4179992913385826
21
-4.7912858267716532
0
LINE
8
BLACK
6
CONTINUOUS
10
5.4179992913385826
20
-4.7912858267716532
11
5.4185753543307085
21
-4.7912290944881892
0
LINE
8
BLACK
6
CONTINUOUS
10
5.4185753543307085
20
-4.7912290944881892
11
5.437322992125984
21
-4.7912290944881892
0
LINE
8
BLACK
6
CONTINUOUS
10
5.437322992125984
20
-4.7912290944881892
11
5.4375360236220471
21
-4.7912500393700785
0
LINE
8
BLACK
6
CONTINUOUS
10
5.503231338582677
20
-4.7912577952755901
11
5.5033090944881886
21
-4.7912522834645666
0
LINE
8
BLACK
6
CONTINUOUS
10
5.5033090944881886
20
-4.7912522834645666
11
5.5034113385826773
21
-4.7912755118110235
0
LINE
8
BLACK
6
CONTINUOUS
10
5.5034113385826773
20
-4.7912755118110235
11
5.5035158661417318
21
-4.7912858267716532
0
LINE
8
BLACK
6
CONTINUOUS
10
5.5035158661417318
20
-4.7912858267716532
11
5.5035879527559057
21
-4.7913156692913388
0
LINE
8
BLACK
6
CONTINUOUS
10
5.5035879527559057
20
-4.7913156692913388
11
5.5038735433070869
21
-4.7913806299212593
0
LINE
8
BLACK
6
CONTINUOUS
10
5.5038735433070869
20
-4.7913806299212593
11
5.5094978346456696
21
-4.7932553937007869
0
LINE
8
BLACK
6
CONTINUOUS
10
5.5094978346456696
20
-4.7932553937007869
11
5.5100263779527561
21
-4.7934913779527557
0
LINE
8
BLACK
6
CONTINUOUS
10
5.5100263779527561
20
-4.7934913779527557
11
5.510106496062992
21
-4.7935608661417319
0
LINE
8
BLACK
6
CONTINUOUS
10
5.510106496062992
20
-4.7935608661417319
11
5.5102045669291337
21
-4.7936014960629922
0
LINE
8
BLACK
6
CONTINUOUS
10
5.5102045669291337
20
-4.7936014960629922
11
5.5106520078740155
21
-4.7939687007874019
0
LINE
8
BLACK
6
CONTINUOUS
10
5.5106520078740155
20
-4.7939687007874019
11
5.5144015354330707
21
-4.797718228346457
0
LINE
8
BLACK
6
CONTINUOUS
10
5.5144015354330707
20
-4.797718228346457
11
5.5145873622047246
21
-4.7979446062992128
0
LINE
8
BLACK
6
CONTINUOUS
10
5.5145873622047246
20
-4.7979446062992128
11
5.5146462992125986
21
-4.7979957480314956
0
LINE
8
BLACK
6
CONTINUOUS
10
5.5146462992125986
20
-4.7979957480314956
11
5.5147021653543309
21
-4.7980844881889766
0
LINE
8
BLACK
6
CONTINUOUS
10
5.5147021653543309
20
-4.7980844881889766
11
5.5147687795275591
21
-4.7981656692913388
0
LINE
8
BLACK
6
CONTINUOUS
10
5.5147687795275591
20
-4.7981656692913388
11
5.5147986220472438
21
-4.7982377952755906
0
LINE
8
BLACK
6
CONTINUOUS
10
5.5147986220472438
20
-4.7982377952755906
11
5.5149546456692908
21
-4.7984856299212595
0
LINE
8
BLACK
6
CONTINUOUS
10
5.5149546456692908
20
-4.7984856299212595
11
5.5168294094488184
21
-4.8022351574803146
0
LINE
8
BLACK
6
CONTINUOUS
10
5.5168294094488184
20
-4.8022351574803146
11
5.5168455118110238
21
-4.8022772440944879
0
LINE
8
BLACK
6
CONTINUOUS
10
5.5168455118110238
20
-4.8022772440944879
11
5.5168582283464564
21
-4.8022944094488187
0
LINE
8
BLACK
6
CONTINUOUS
10
5.5168582283464564
20
-4.8022944094488187
11
5.5169442913385822
21
-4.8025353149606298
0
LINE
8
BLACK
6
CONTINUOUS
10
5.5169442913385822
20
-4.8025353149606298
11
5.5170362992125979
21
-4.8027757480314959
0
LINE
8
BLACK
6
CONTINUOUS
10
5.5170362992125979
20
-4.8027757480314959
11
5.5170377952755905
21
-4.8027970078740152
0
LINE
8
BLACK
6
CONTINUOUS
10
5.5170377952755905
20
-4.8027970078740152
11
5.5170529921259845
21
-4.8028395275590547
0
LINE
8
BLACK
6
CONTINUOUS
10
5.5170529921259845
20
-4.8028395275590547
11
5.5189277559055121
21
-4.810338582677165
0
LINE
8
BLACK
6
CONTINUOUS
10
5.5189277559055121
20
-4.810338582677165
11
5.518942519685039
21
-4.8104384251968506
0
LINE
8
BLACK
6
CONTINUOUS
10
5.518942519685039
20
-4.8104384251968506
11
5.5189591732283461
21
-4.8104786614173225
0
LINE
8
BLACK
6
CONTINUOUS
10
5.5189591732283461
20
-4.8104786614173225
11
5.5189805118110238
21
-4.8106956692913387
0
LINE
8
BLACK
6
CONTINUOUS
10
5.5189805118110238
20
-4.8106956692913387
11
5.5190124015748028
21
-4.8109111811023624
0
LINE
8
BLACK
6
CONTINUOUS
10
5.5190124015748028
20
-4.8109111811023624
11
5.5190059842519688
21
-4.8109541732283461
0
LINE
8
BLACK
6
CONTINUOUS
10
5.5190059842519688
20
-4.8109541732283461
11
5.5190159055118109
21
-4.8110547244094484
0
LINE
8
BLACK
6
CONTINUOUS
10
5.5190159055118109
20
-4.8110547244094484
11
5.5190159055118109
21
-4.816679015748031
0
LINE
8
BLACK
6
CONTINUOUS
10
5.5190159055118109
20
-4.816679015748031
11
5.5190059842519688
21
-4.8167795275590546
0
LINE
8
BLACK
6
CONTINUOUS
10
5.5190059842519688
20
-4.8167795275590546
11
5.5190124015748028
21
-4.8168225590551179
0
LINE
8
BLACK
6
CONTINUOUS
10
5.5190124015748028
20
-4.8168225590551179
11
5.5189805118110238
21
-4.8170380314960628
0
LINE
8
BLACK
6
CONTINUOUS
10
5.5189805118110238
20
-4.8170380314960628
11
5.5189591732283461
21
-4.8172550787401578
0
LINE
8
BLACK
6
CONTINUOUS
10
5.5189591732283461
20
-4.8172550787401578
11
5.518942519685039
21
-4.8172952755905509
0
LINE
8
BLACK
6
CONTINUOUS
10
5.518942519685039
20
-4.8172952755905509
11
5.5189277559055121
21
-4.8173951574803144
0
LINE
8
BLACK
6
CONTINUOUS
10
5.5189277559055121
20
-4.8173951574803144
11
5.5170529921259845
21
-4.8248942125984247
0
LINE
8
BLACK
6
CONTINUOUS
10
5.5170529921259845
20
-4.8248942125984247
11
5.5170377952755905
21
-4.8249366929133854
0
LINE
8
BLACK
6
CONTINUOUS
10
5.5170377952755905
20
-4.8249366929133854
11
5.5170362992125979
21
-4.8249579921259844
0
LINE
8
BLACK
6
CONTINUOUS
10
5.5170362992125979
20
-4.8249579921259844
11
5.5169445275590547
21
-4.8251977165354329
0
LINE
8
BLACK
6
CONTINUOUS
10
5.5169445275590547
20
-4.8251977165354329
11
5.5168582283464564
21
-4.8254393307086616
0
LINE
8
BLACK
6
CONTINUOUS
10
5.5168582283464564
20
-4.8254393307086616
11
5.5168455118110238
21
-4.8254564566929137
0
LINE
8
BLACK
6
CONTINUOUS
10
5.5168455118110238
20
-4.8254564566929137
11
5.5168294094488184
21
-4.8254985826771648
0
LINE
8
BLACK
6
CONTINUOUS
10
5.5168294094488184
20
-4.8254985826771648
11
5.5149546456692908
21
-4.8292481102362208
0
LINE
8
BLACK
6
CONTINUOUS
10
5.5149546456692908
20
-4.8292481102362208
11
5.5147985826771651
21
-4.8294959842519685
0
LINE
8
BLACK
6
CONTINUOUS
10
5.5147985826771651
20
-4.8294959842519685
11
5.5147687795275591
21
-4.8295680314960627
0
LINE
8
BLACK
6
CONTINUOUS
10
5.5147687795275591
20
-4.8295680314960627
11
5.5147022440944884
21
-4.8296490551181099
0
LINE
8
BLACK
6
CONTINUOUS
10
5.5147022440944884
20
-4.8296490551181099
11
5.5146462992125986
21
-4.8297379921259838
0
LINE
8
BLACK
6
CONTINUOUS
10
5.5146462992125986
20
-4.8297379921259838
11
5.5145872834645671
21
-4.8297891338582675
0
LINE
8
BLACK
6
CONTINUOUS
10
5.5145872834645671
20
-4.8297891338582675
11
5.5144015748031494
21
-4.8300154724409445
0
LINE
8
BLACK
6
CONTINUOUS
10
5.5144015748031494
20
-4.8300154724409445
11
5.5106520078740155
21
-4.8337650787401572
0
LINE
8
BLACK
6
CONTINUOUS
10
5.5106520078740155
20
-4.8337650787401572
11
5.5102045669291337
21
-4.8341322834645668
0
LINE
8
BLACK
6
CONTINUOUS
10
5.5102045669291337
20
-4.8341322834645668
11
5.510106496062992
21
-4.8341728740157484
0
LINE
8
BLACK
6
CONTINUOUS
10
5.510106496062992
20
-4.8341728740157484
11
5.5100263779527561
21
-4.8342424015748033
0
LINE
8
BLACK
6
CONTINUOUS
10
5.5100263779527561
20
-4.8342424015748033
11
5.5094978346456696
21
-4.8344783858267713
0
LINE
8
BLACK
6
CONTINUOUS
10
5.5094978346456696
20
-4.8344783858267713
11
5.5038735433070869
21
-4.8363531496062988
0
LINE
8
BLACK
6
CONTINUOUS
10
5.5038735433070869
20
-4.8363531496062988
11
5.5035879527559057
21
-4.8364180708661415
0
LINE
8
BLACK
6
CONTINUOUS
10
5.5035879527559057
20
-4.8364180708661415
11
5.5035158661417318
21
-4.836447952755905
0
LINE
8
BLACK
6
CONTINUOUS
10
5.5035158661417318
20
-4.836447952755905
11
5.5034113385826773
21
-4.8364582283464568
0
LINE
8
BLACK
6
CONTINUOUS
10
5.5034113385826773
20
-4.8364582283464568
11
5.5033090944881886
21
-4.8364814960629916
0
LINE
8
BLACK
6
CONTINUOUS
10
5.5033090944881886
20
-4.8364814960629916
11
5.503231338582677
21
-4.8364759448818893
0
LINE
8
BLACK
6
CONTINUOUS
10
5.503231338582677
20
-4.8364759448818893
11
5.502939803149606
21
-4.8365046850393698
0
LINE
8
BLACK
6
CONTINUOUS
10
5.502939803149606
20
-4.8365046850393698
11
5.4991902755905508
21
-4.8365046850393698
0
LINE
8
BLACK
6
CONTINUOUS
10
5.4991902755905508
20
-4.8365046850393698
11
5.4988986614173223
21
-4.8364759448818893
0
LINE
8
BLACK
6
CONTINUOUS
10
5.4988986614173223
20
-4.8364759448818893
11
5.4988209448818894
21
-4.8364814960629916
0
LINE
8
BLACK
6
CONTINUOUS
10
5.4988209448818894
20
-4.8364814960629916
11
5.4987186614173229
21
-4.8364582283464568
0
LINE
8
BLACK
6
CONTINUOUS
10
5.4987186614173229
20
-4.8364582283464568
11
5.498614212598425
21
-4.836447952755905
0
LINE
8
BLACK
6
CONTINUOUS
10
5.498614212598425
20
-4.836447952755905
11
5.498542125984252
21
-4.8364180708661415
0
LINE
8
BLACK
6
CONTINUOUS
10
5.498542125984252
20
-4.8364180708661415
11
5.498256496062992
21
-4.8363531496062988
0
LINE
8
BLACK
6
CONTINUOUS
10
5.498256496062992
20
-4.8363531496062988
11
5.4926322440944881
21
-4.8344783858267713
0
LINE
8
BLACK
6
CONTINUOUS
10
5.4926322440944881
20
-4.8344783858267713
11
5.4921036614173229
21
-4.8342424015748033
0
LINE
8
BLACK
6
CONTINUOUS
10
5.4921036614173229
20
-4.8342424015748033
11
5.4920234645669286
21
-4.8341728346456696
0
LINE
8
BLACK
6
CONTINUOUS
10
5.4920234645669286
20
-4.8341728346456696
11
5.4919255118110231
21
-4.8341322834645668
0
LINE
8
BLACK
6
CONTINUOUS
10
5.4919255118110231
20
-4.8341322834645668
11
5.4914780314960625
21
-4.8337650393700784
0
LINE
8
BLACK
6
CONTINUOUS
10
5.4914780314960625
20
-4.8337650393700784
11
5.489603267716535
21
-4.8318902362204721
0
LINE
8
BLACK
6
CONTINUOUS
10
5.489603267716535
20
-4.8318902362204721
11
5.4892360629921262
21
-4.8314427952755903
0
LINE
8
BLACK
6
CONTINUOUS
10
5.4892360629921262
20
-4.8314427952755903
11
5.4887951968503934
21
-4.8303783858267719
0
LINE
8
BLACK
6
CONTINUOUS
10
5.4887951968503934
20
-4.8303783858267719
11
5.4887951968503934
21
-4.8292262992125981
0
LINE
8
BLACK
6
CONTINUOUS
10
5.4887951968503934
20
-4.8292262992125981
11
5.4892361023622049
21
-4.8281618897637797
0
LINE
8
BLACK
6
CONTINUOUS
10
5.4892361023622049
20
-4.8281618897637797
11
5.4900507874015743
21
-4.8273472047244095
0
LINE
8
BLACK
6
CONTINUOUS
10
5.4900507874015743
20
-4.8273472047244095
11
5.4911151968503935
21
-4.8269063385826767
0
LINE
8
BLACK
6
CONTINUOUS
10
5.4911151968503935
20
-4.8269063385826767
11
5.4922672834645665
21
-4.8269063385826767
0
LINE
8
BLACK
6
CONTINUOUS
10
5.4922672834645665
20
-4.8269063385826767
11
5.4933316929133857
21
-4.8273472440944882
0
LINE
8
BLACK
6
CONTINUOUS
10
5.4933316929133857
20
-4.8273472440944882
11
5.4937791732283463
21
-4.8277144881889766
0
LINE
8
BLACK
6
CONTINUOUS
10
5.4937791732283463
20
-4.8277144881889766
11
5.4951610236220469
21
-4.829096377952756
0
LINE
8
BLACK
6
CONTINUOUS
10
5.4951610236220469
20
-4.829096377952756
11
5.4996694094488188
21
-4.8305991732283466
0
LINE
8
BLACK
6
CONTINUOUS
10
5.4996694094488188
20
-4.8305991732283466
11
5.502460669291338
21
-4.8305991732283466
0
LINE
8
BLACK
6
CONTINUOUS
10
5.502460669291338
20
-4.8305991732283466
11
5.5069690551181099
21
-4.8290963385826773
0
LINE
8
BLACK
6
CONTINUOUS
10
5.5069690551181099
20
-4.8290963385826773
11
5.5098868503937011
21
-4.8261785039370082
0
LINE
8
BLACK
6
CONTINUOUS
10
5.5098868503937011
20
-4.8261785039370082
11
5.5114023622047243
21
-4.8231475196850395
0
LINE
8
BLACK
6
CONTINUOUS
10
5.5114023622047243
20
-4.8231475196850395
11
5.5131103937007877
21
-4.8163154724409445
0
LINE
8
BLACK
6
CONTINUOUS
10
5.5131103937007877
20
-4.8163154724409445
11
5.5131103937007877
21
-4.8114182677165349
0
LINE
8
BLACK
6
CONTINUOUS
10
5.5131103937007877
20
-4.8114182677165349
11
5.5114023622047243
21
-4.8045862204724408
0
LINE
8
BLACK
6
CONTINUOUS
10
5.5114023622047243
20
-4.8045862204724408
11
5.5098868897637798
21
-4.8015552362204721
0
LINE
8
BLACK
6
CONTINUOUS
10
5.5098868897637798
20
-4.8015552362204721
11
5.5069690551181099
21
-4.798637401574803
0
LINE
8
BLACK
6
CONTINUOUS
10
5.5069690551181099
20
-4.798637401574803
11
5.502460669291338
21
-4.7971346062992124
0
LINE
8
BLACK
6
CONTINUOUS
10
5.502460669291338
20
-4.7971346062992124
11
5.4996694094488188
21
-4.7971346062992124
0
LINE
8
BLACK
6
CONTINUOUS
10
5.4996694094488188
20
-4.7971346062992124
11
5.4951610236220469
21
-4.798637401574803
0
LINE
8
BLACK
6
CONTINUOUS
10
5.4951610236220469
20
-4.798637401574803
11
5.4937791338582675
21
-4.8000192913385824
0
LINE
8
BLACK
6
CONTINUOUS
10
5.4937791338582675
20
-4.8000192913385824
11
5.4933316929133857
21
-4.8003864960629921
0
LINE
8
BLACK
6
CONTINUOUS
10
5.4933316929133857
20
-4.8003864960629921
11
5.4922672440944877
21
-4.8008274015748027
0
LINE
8
BLACK
6
CONTINUOUS
10
5.4922672440944877
20
-4.8008274015748027
11
5.4911151968503935
21
-4.8008274015748027
0
LINE
8
BLACK
6
CONTINUOUS
10
5.4911151968503935
20
-4.8008274015748027
11
5.4900507480314955
21
-4.8003864960629921
0
LINE
8
BLACK
6
CONTINUOUS
10
5.4900507480314955
20
-4.8003864960629921
11
5.4892361023622049
21
-4.7995718503937006
0
LINE
8
BLACK
6
CONTINUOUS
10
5.4892361023622049
20
-4.7995718503937006
11
5.4887951968503934
21
-4.7985074015748026
0
LINE
8
BLACK
6
CONTINUOUS
10
5.4887951968503934
20
-4.7985074015748026
11
5.4887951968503934
21
-4.7973553543307084
0
LINE
8
BLACK
6
CONTINUOUS
10
5.4887951968503934
20
-4.7973553543307084
11
5.4892361023622049
21
-4.7962909055118113
0
LINE
8
BLACK
6
CONTINUOUS
10
5.4892361023622049
20
-4.7962909055118113
11
5.4896033070866137
21
-4.7958434645669294
0
LINE
8
BLACK
6
CONTINUOUS
10
5.4896033070866137
20
-4.7958434645669294
11
5.4914780708661413
21
-4.7939687007874019
0
LINE
8
BLACK
6
CONTINUOUS
10
5.4914780708661413
20
-4.7939687007874019
11
5.4919255118110231
21
-4.7936014960629922
0
LINE
8
BLACK
6
CONTINUOUS
10
5.4919255118110231
20
-4.7936014960629922
11
5.4920234645669286
21
-4.7935609055118107
0
LINE
8
BLACK
6
CONTINUOUS
10
5.4920234645669286
20
-4.7935609055118107
11
5.4921036614173229
21
-4.7934913779527557
0
LINE
8
BLACK
6
CONTINUOUS
10
5.4921036614173229
20
-4.7934913779527557
11
5.4926322440944881
21
-4.7932553937007869
0
LINE
8
BLACK
6
CONTINUOUS
10
5.4926322440944881
20
-4.7932553937007869
11
5.498256496062992
21
-4.7913806299212593
0
LINE
8
BLACK
6
CONTINUOUS
10
5.498256496062992
20
-4.7913806299212593
11
5.498542125984252
21
-4.7913156692913388
0
LINE
8
BLACK
6
CONTINUOUS
10
5.498542125984252
20
-4.7913156692913388
11
5.498614212598425
21
-4.7912858267716532
0
LINE
8
BLACK
6
CONTINUOUS
10
5.498614212598425
20
-4.7912858267716532
11
5.4987186614173229
21
-4.7912755118110235
0
LINE
8
BLACK
6
CONTINUOUS
10
5.4987186614173229
20
-4.7912755118110235
11
5.4988209448818894
21
-4.7912522834645666
0
LINE
8
BLACK
6
CONTINUOUS
10
5.4988209448818894
20
-4.7912522834645666
11
5.4988986614173223
21
-4.7912577952755901
0
LINE
8
BLACK
6
CONTINUOUS
10
5.4988986614173223
20
-4.7912577952755901
11
5.4991902755905508
21
-4.7912290944881892
0
LINE
8
BLACK
6
CONTINUOUS
10
5.4991902755905508
20
-4.7912290944881892
11
5.502939803149606
21
-4.7912290944881892
0
LINE
8
BLACK
6
CONTINUOUS
10
5.502939803149606
20
-4.7912290944881892
11
5.503231338582677
21
-4.7912577952755901
0
LINE
8
BLACK
6
CONTINUOUS
10
5.6825747244094487
20
-4.7912858267716532
11
5.6826727165354329
21
-4.7913264173228347
0
LINE
8
BLACK
6
CONTINUOUS
10
5.6826727165354329
20
-4.7913264173228347
11
5.6827785433070863
21
-4.7913339370078738
0
LINE
8
BLACK
6
CONTINUOUS
10
5.6827785433070863
20
-4.7913339370078738
11
5.6833191732283463
21
-4.7915408267716533
0
LINE
8
BLACK
6
CONTINUOUS
10
5.6833191732283463
20
-4.7915408267716533
11
5.6870687007874015
21
-4.7934155905511808
0
LINE
8
BLACK
6
CONTINUOUS
10
5.6870687007874015
20
-4.7934155905511808
11
5.6873166929133854
21
-4.7935716535433066
0
LINE
8
BLACK
6
CONTINUOUS
10
5.6873166929133854
20
-4.7935716535433066
11
5.687388661417323
21
-4.7936014960629922
0
LINE
8
BLACK
6
CONTINUOUS
10
5.687388661417323
20
-4.7936014960629922
11
5.6874696062992127
21
-4.7936679527559054
0
LINE
8
BLACK
6
CONTINUOUS
10
5.6874696062992127
20
-4.7936679527559054
11
5.6875585826771653
21
-4.7937239370078739
0
LINE
8
BLACK
6
CONTINUOUS
10
5.6875585826771653
20
-4.7937239370078739
11
5.687609724409449
21
-4.7937829133858267
0
LINE
8
BLACK
6
CONTINUOUS
10
5.687609724409449
20
-4.7937829133858267
11
5.6878361023622048
21
-4.7939687007874019
0
LINE
8
BLACK
6
CONTINUOUS
10
5.6878361023622048
20
-4.7939687007874019
11
5.6897108661417324
21
-4.7958434645669294
0
LINE
8
BLACK
6
CONTINUOUS
10
5.6897108661417324
20
-4.7958434645669294
11
5.690078070866142
21
-4.7962909055118113
0
LINE
8
BLACK
6
CONTINUOUS
10
5.690078070866142
20
-4.7962909055118113
11
5.6905189763779527
21
-4.7973553149606296
0
LINE
8
BLACK
6
CONTINUOUS
10
5.6905189763779527
20
-4.7973553149606296
11
5.6905189763779527
21
-4.7985074015748026
0
LINE
8
BLACK
6
CONTINUOUS
10
5.6905189763779527
20
-4.7985074015748026
11
5.690078070866142
21
-4.7995718110236218
0
LINE
8
BLACK
6
CONTINUOUS
10
5.690078070866142
20
-4.7995718110236218
11
5.6892633858267718
21
-4.8003864960629921
0
LINE
8
BLACK
6
CONTINUOUS
10
5.6892633858267718
20
-4.8003864960629921
11
5.6881989763779526
21
-4.8008274015748027
0
LINE
8
BLACK
6
CONTINUOUS
10
5.6881989763779526
20
-4.8008274015748027
11
5.6870468897637796
21
-4.8008274015748027
0
LINE
8
BLACK
6
CONTINUOUS
10
5.6870468897637796
20
-4.8008274015748027
11
5.6859824803149603
21
-4.8003864960629921
0
LINE
8
BLACK
6
CONTINUOUS
10
5.6859824803149603
20
-4.8003864960629921
11
5.6855350393700785
21
-4.8000192913385824
0
LINE
8
BLACK
6
CONTINUOUS
10
5.6855350393700785
20
-4.8000192913385824
11
5.6839990944881889
21
-4.7984833464566927
0
LINE
8
BLACK
6
CONTINUOUS
10
5.6839990944881889
20
-4.7984833464566927
11
5.6813016141732282
21
-4.7971346062992124
0
LINE
8
BLACK
6
CONTINUOUS
10
5.6813016141732282
20
-4.7971346062992124
11
5.6733218897637796
21
-4.7971346062992124
0
LINE
8
BLACK
6
CONTINUOUS
10
5.6733218897637796
20
-4.7971346062992124
11
5.670624409448819
21
-4.7984833464566927
0
LINE
8
BLACK
6
CONTINUOUS
10
5.670624409448819
20
-4.7984833464566927
11
5.6694272834645671
21
-4.7996804724409445
0
LINE
8
BLACK
6
CONTINUOUS
10
5.6694272834645671
20
-4.7996804724409445
11
5.6680785433070868
21
-4.8023779527559052
0
LINE
8
BLACK
6
CONTINUOUS
10
5.6680785433070868
20
-4.8023779527559052
11
5.6680785433070868
21
-4.8049512598425199
0
LINE
8
BLACK
6
CONTINUOUS
10
5.6680785433070868
20
-4.8049512598425199
11
5.6695813385826774
21
-4.8094596850393696
0
LINE
8
BLACK
6
CONTINUOUS
10
5.6695813385826774
20
-4.8094596850393696
11
5.6915856299212599
21
-4.8314640157480317
0
LINE
8
BLACK
6
CONTINUOUS
10
5.6915856299212599
20
-4.8314640157480317
11
5.6919528740157483
21
-4.8319114566929136
0
LINE
8
BLACK
6
CONTINUOUS
10
5.6919528740157483
20
-4.8319114566929136
11
5.6923937401574802
21
-4.8329759055118107
0
LINE
8
BLACK
6
CONTINUOUS
10
5.6923937401574802
20
-4.8329759055118107
11
5.6923937401574802
21
-4.8341279921259845
0
LINE
8
BLACK
6
CONTINUOUS
10
5.6923937401574802
20
-4.8341279921259845
11
5.6919528346456696
21
-4.8351924015748029
0
LINE
8
BLACK
6
CONTINUOUS
10
5.6919528346456696
20
-4.8351924015748029
11
5.6911381889763781
21
-4.8360070866141731
0
LINE
8
BLACK
6
CONTINUOUS
10
5.6911381889763781
20
-4.8360070866141731
11
5.6903855118110238
21
-4.836318818897638
0
LINE
8
BLACK
6
CONTINUOUS
10
5.6903855118110238
20
-4.836318818897638
11
5.6900737795275589
21
-4.836447952755905
0
LINE
8
BLACK
6
CONTINUOUS
10
5.6900737795275589
20
-4.836447952755905
11
5.689497716535433
21
-4.8365046850393698
0
LINE
8
BLACK
6
CONTINUOUS
10
5.689497716535433
20
-4.8365046850393698
11
5.6651257874015748
21
-4.8365046850393698
0
LINE
8
BLACK
6
CONTINUOUS
10
5.6651257874015748
20
-4.8365046850393698
11
5.6645497244094489
21
-4.836447952755905
0
LINE
8
BLACK
6
CONTINUOUS
10
5.6645497244094489
20
-4.836447952755905
11
5.6634853149606297
21
-4.8360070472440944
0
LINE
8
BLACK
6
CONTINUOUS
10
5.6634853149606297
20
-4.8360070472440944
11
5.6626706692913382
21
-4.8351924015748029
0
LINE
8
BLACK
6
CONTINUOUS
10
5.6626706692913382
20
-4.8351924015748029
11
5.6622297637795276
21
-4.8341279921259845
0
LINE
8
BLACK
6
CONTINUOUS
10
5.6622297637795276
20
-4.8341279921259845
11
5.6622297637795276
21
-4.8329758661417319
0
LINE
8
BLACK
6
CONTINUOUS
10
5.6622297637795276
20
-4.8329758661417319
11
5.6626706692913382
21
-4.8319114566929136
0
LINE
8
BLACK
6
CONTINUOUS
10
5.6626706692913382
20
-4.8319114566929136
11
5.6634853149606297
21
-4.8310968110236221
0
LINE
8
BLACK
6
CONTINUOUS
10
5.6634853149606297
20
-4.8310968110236221
11
5.6645497244094489
21
-4.8306559055118106
0
LINE
8
BLACK
6
CONTINUOUS
10
5.6645497244094489
20
-4.8306559055118106
11
5.6651257874015748
21
-4.8305991732283466
0
LINE
8
BLACK
6
CONTINUOUS
10
5.6651257874015748
20
-4.8305991732283466
11
5.682369133858268
21
-4.8305991732283466
0
LINE
8
BLACK
6
CONTINUOUS
10
5.682369133858268
20
-4.8305991732283466
11
5.6649126377952754
21
-4.8131426377952753
0
LINE
8
BLACK
6
CONTINUOUS
10
5.6649126377952754
20
-4.8131426377952753
11
5.6645454330708658
21
-4.8126951968503935
0
LINE
8
BLACK
6
CONTINUOUS
10
5.6645454330708658
20
-4.8126951968503935
11
5.6645048031496064
21
-4.8125971259842517
0
LINE
8
BLACK
6
CONTINUOUS
10
5.6645048031496064
20
-4.8125971259842517
11
5.6644353149606301
21
-4.8125170078740158
0
LINE
8
BLACK
6
CONTINUOUS
10
5.6644353149606301
20
-4.8125170078740158
11
5.6641993307086613
21
-4.8119884645669293
0
LINE
8
BLACK
6
CONTINUOUS
10
5.6641993307086613
20
-4.8119884645669293
11
5.6623245669291338
21
-4.8063641732283466
0
LINE
8
BLACK
6
CONTINUOUS
10
5.6623245669291338
20
-4.8063641732283466
11
5.6622596062992123
21
-4.8060785826771655
0
LINE
8
BLACK
6
CONTINUOUS
10
5.6622596062992123
20
-4.8060785826771655
11
5.6622297637795276
21
-4.8060064960629916
0
LINE
8
BLACK
6
CONTINUOUS
10
5.6622297637795276
20
-4.8060064960629916
11
5.6622194488188979
21
-4.805901968503937
0
LINE
8
BLACK
6
CONTINUOUS
10
5.6622194488188979
20
-4.805901968503937
11
5.662196220472441
21
-4.8057997244094484
0
LINE
8
BLACK
6
CONTINUOUS
10
5.662196220472441
20
-4.8057997244094484
11
5.6622017322834646
21
-4.8057219685039367
0
LINE
8
BLACK
6
CONTINUOUS
10
5.6622017322834646
20
-4.8057219685039367
11
5.6621730314960628
21
-4.8054304330708657
0
LINE
8
BLACK
6
CONTINUOUS
10
5.6621730314960628
20
-4.8054304330708657
11
5.6621730314960628
21
-4.8016809055118106
0
LINE
8
BLACK
6
CONTINUOUS
10
5.6621730314960628
20
-4.8016809055118106
11
5.6622297637795276
21
-4.8011048425196847
0
LINE
8
BLACK
6
CONTINUOUS
10
5.6622297637795276
20
-4.8011048425196847
11
5.6622703543307082
21
-4.8010068110236217
0
LINE
8
BLACK
6
CONTINUOUS
10
5.6622703543307082
20
-4.8010068110236217
11
5.6622778740157482
21
-4.8009010236220471
0
LINE
8
BLACK
6
CONTINUOUS
10
5.6622778740157482
20
-4.8009010236220471
11
5.6624847637795277
21
-4.800360393700787
0
LINE
8
BLACK
6
CONTINUOUS
10
5.6624847637795277
20
-4.800360393700787
11
5.6643595275590553
21
-4.7966108661417319
0
LINE
8
BLACK
6
CONTINUOUS
10
5.6643595275590553
20
-4.7966108661417319
11
5.664515590551181
21
-4.7963628346456693
0
LINE
8
BLACK
6
CONTINUOUS
10
5.664515590551181
20
-4.7963628346456693
11
5.6645454330708658
21
-4.7962909055118113
0
LINE
8
BLACK
6
CONTINUOUS
10
5.6645454330708658
20
-4.7962909055118113
11
5.6646118897637798
21
-4.7962099212598428
0
LINE
8
BLACK
6
CONTINUOUS
10
5.6646118897637798
20
-4.7962099212598428
11
5.6646678740157483
21
-4.7961209842519681
0
LINE
8
BLACK
6
CONTINUOUS
10
5.6646678740157483
20
-4.7961209842519681
11
5.6647268503937003
21
-4.7960698031496065
0
LINE
8
BLACK
6
CONTINUOUS
10
5.6647268503937003
20
-4.7960698031496065
11
5.6649126377952754
21
-4.7958434645669294
0
LINE
8
BLACK
6
CONTINUOUS
10
5.6649126377952754
20
-4.7958434645669294
11
5.666787401574803
21
-4.7939687007874019
0
LINE
8
BLACK
6
CONTINUOUS
10
5.666787401574803
20
-4.7939687007874019
11
5.6670137401574801
21
-4.7937829133858267
0
LINE
8
BLACK
6
CONTINUOUS
10
5.6670137401574801
20
-4.7937829133858267
11
5.6670649212598425
21
-4.7937239370078739
0
LINE
8
BLACK
6
CONTINUOUS
10
5.6670649212598425
20
-4.7937239370078739
11
5.6671538582677163
21
-4.7936679527559054
0
LINE
8
BLACK
6
CONTINUOUS
10
5.6671538582677163
20
-4.7936679527559054
11
5.6672348425196848
21
-4.7936014960629922
0
LINE
8
BLACK
6
CONTINUOUS
10
5.6672348425196848
20
-4.7936014960629922
11
5.6673067716535428
21
-4.7935716535433066
0
LINE
8
BLACK
6
CONTINUOUS
10
5.6673067716535428
20
-4.7935716535433066
11
5.6675548031496064
21
-4.7934155905511808
0
LINE
8
BLACK
6
CONTINUOUS
10
5.6675548031496064
20
-4.7934155905511808
11
5.6713043307086615
21
-4.7915408267716533
0
LINE
8
BLACK
6
CONTINUOUS
10
5.6713043307086615
20
-4.7915408267716533
11
5.6718449212598427
21
-4.7913339370078738
0
LINE
8
BLACK
6
CONTINUOUS
10
5.6718449212598427
20
-4.7913339370078738
11
5.6719507874015749
21
-4.791326377952756
0
LINE
8
BLACK
6
CONTINUOUS
10
5.6719507874015749
20
-4.791326377952756
11
5.6720487795275591
21
-4.7912858267716532
0
LINE
8
BLACK
6
CONTINUOUS
10
5.6720487795275591
20
-4.7912858267716532
11
5.672624842519685
21
-4.7912290944881892
0
LINE
8
BLACK
6
CONTINUOUS
10
5.672624842519685
20
-4.7912290944881892
11
5.6819986614173228
21
-4.7912290944881892
0
LINE
8
BLACK
6
CONTINUOUS
10
5.6819986614173228
20
-4.7912290944881892
11
5.6825747244094487
21
-4.7912858267716532
0
LINE
8
BLACK
6
CONTINUOUS
10
5.7516565354330709
20
-4.7912577952755901
11
5.7517342913385825
21
-4.7912522834645666
0
LINE
8
BLACK
6
CONTINUOUS
10
5.7517342913385825
20
-4.7912522834645666
11
5.7518365354330712
21
-4.7912755118110235
0
LINE
8
BLACK
6
CONTINUOUS
10
5.7518365354330712
20
-4.7912755118110235
11
5.7519410629921257
21
-4.7912858267716532
0
LINE
8
BLACK
6
CONTINUOUS
10
5.7519410629921257
20
-4.7912858267716532
11
5.7520131496062987
21
-4.7913156692913388
0
LINE
8
BLACK
6
CONTINUOUS
10
5.7520131496062987
20
-4.7913156692913388
11
5.7522987401574799
21
-4.7913806299212593
0
LINE
8
BLACK
6
CONTINUOUS
10
5.7522987401574799
20
-4.7913806299212593
11
5.7579230314960625
21
-4.7932553937007869
0
LINE
8
BLACK
6
CONTINUOUS
10
5.7579230314960625
20
-4.7932553937007869
11
5.7584515748031491
21
-4.7934913779527557
0
LINE
8
BLACK
6
CONTINUOUS
10
5.7584515748031491
20
-4.7934913779527557
11
5.7585316929133858
21
-4.7935608661417319
0
LINE
8
BLACK
6
CONTINUOUS
10
5.7585316929133858
20
-4.7935608661417319
11
5.7586297637795276
21
-4.7936014960629922
0
LINE
8
BLACK
6
CONTINUOUS
10
5.7586297637795276
20
-4.7936014960629922
11
5.7590772047244094
21
-4.7939687007874019
0
LINE
8
BLACK
6
CONTINUOUS
10
5.7590772047244094
20
-4.7939687007874019
11
5.7628267322834645
21
-4.797718228346457
0
LINE
8
BLACK
6
CONTINUOUS
10
5.7628267322834645
20
-4.797718228346457
11
5.7630125590551176
21
-4.7979446062992128
0
LINE
8
BLACK
6
CONTINUOUS
10
5.7630125590551176
20
-4.7979446062992128
11
5.7630714960629916
21
-4.7979957480314956
0
LINE
8
BLACK
6
CONTINUOUS
10
5.7630714960629916
20
-4.7979957480314956
11
5.7631273622047239
21
-4.7980844881889766
0
LINE
8
BLACK
6
CONTINUOUS
10
5.7631273622047239
20
-4.7980844881889766
11
5.7631939763779529
21
-4.7981656692913388
0
LINE
8
BLACK
6
CONTINUOUS
10
5.7631939763779529
20
-4.7981656692913388
11
5.7632238188976377
21
-4.7982377952755906
0
LINE
8
BLACK
6
CONTINUOUS
10
5.7632238188976377
20
-4.7982377952755906
11
5.7633798425196847
21
-4.7984856299212595
0
LINE
8
BLACK
6
CONTINUOUS
10
5.7633798425196847
20
-4.7984856299212595
11
5.7652546062992123
21
-4.8022351574803146
0
LINE
8
BLACK
6
CONTINUOUS
10
5.7652546062992123
20
-4.8022351574803146
11
5.7652707086614168
21
-4.8022772440944879
0
LINE
8
BLACK
6
CONTINUOUS
10
5.7652707086614168
20
-4.8022772440944879
11
5.7652834251968503
21
-4.8022944094488187
0
LINE
8
BLACK
6
CONTINUOUS
10
5.7652834251968503
20
-4.8022944094488187
11
5.7653694881889761
21
-4.8025353149606298
0
LINE
8
BLACK
6
CONTINUOUS
10
5.7653694881889761
20
-4.8025353149606298
11
5.7654614960629917
21
-4.8027757480314959
0
LINE
8
BLACK
6
CONTINUOUS
10
5.7654614960629917
20
-4.8027757480314959
11
5.7654629921259843
21
-4.8027970078740152
0
LINE
8
BLACK
6
CONTINUOUS
10
5.7654629921259843
20
-4.8027970078740152
11
5.7654781889763775
21
-4.8028395275590547
0
LINE
8
BLACK
6
CONTINUOUS
10
5.7654781889763775
20
-4.8028395275590547
11
5.7673529527559051
21
-4.810338582677165
0
LINE
8
BLACK
6
CONTINUOUS
10
5.7673529527559051
20
-4.810338582677165
11
5.7673677165354329
21
-4.8104384251968506
0
LINE
8
BLACK
6
CONTINUOUS
10
5.7673677165354329
20
-4.8104384251968506
11
5.7673843700787399
21
-4.8104786614173225
0
LINE
8
BLACK
6
CONTINUOUS
10
5.7673843700787399
20
-4.8104786614173225
11
5.7674057086614168
21
-4.8106956692913387
0
LINE
8
BLACK
6
CONTINUOUS
10
5.7674057086614168
20
-4.8106956692913387
11
5.7674375984251967
21
-4.8109111811023624
0
LINE
8
BLACK
6
CONTINUOUS
10
5.7674375984251967
20
-4.8109111811023624
11
5.7674311811023617
21
-4.8109541732283461
0
LINE
8
BLACK
6
CONTINUOUS
10
5.7674311811023617
20
-4.8109541732283461
11
5.7674411023622048
21
-4.8110547244094484
0
LINE
8
BLACK
6
CONTINUOUS
10
5.7674411023622048
20
-4.8110547244094484
11
5.7674411023622048
21
-4.816679015748031
0
LINE
8
BLACK
6
CONTINUOUS
10
5.7674411023622048
20
-4.816679015748031
11
5.7674311811023617
21
-4.8167795275590546
0
LINE
8
BLACK
6
CONTINUOUS
10
5.7674311811023617
20
-4.8167795275590546
11
5.7674375984251967
21
-4.8168225590551179
0
LINE
8
BLACK
6
CONTINUOUS
10
5.7674375984251967
20
-4.8168225590551179
11
5.7674057086614168
21
-4.8170380314960628
0
LINE
8
BLACK
6
CONTINUOUS
10
5.7674057086614168
20
-4.8170380314960628
11
5.7673843700787399
21
-4.8172550787401578
0
LINE
8
BLACK
6
CONTINUOUS
10
5.7673843700787399
20
-4.8172550787401578
11
5.7673677165354329
21
-4.8172952755905509
0
LINE
8
BLACK
6
CONTINUOUS
10
5.7673677165354329
20
-4.8172952755905509
11
5.7673529527559051
21
-4.8173951574803144
0
LINE
8
BLACK
6
CONTINUOUS
10
5.7673529527559051
20
-4.8173951574803144
11
5.7654781889763775
21
-4.8248942125984247
0
LINE
8
BLACK
6
CONTINUOUS
10
5.7654781889763775
20
-4.8248942125984247
11
5.7654629921259843
21
-4.8249366929133854
0
LINE
8
BLACK
6
CONTINUOUS
10
5.7654629921259843
20
-4.8249366929133854
11
5.7654614960629917
21
-4.8249579921259844
0
LINE
8
BLACK
6
CONTINUOUS
10
5.7654614960629917
20
-4.8249579921259844
11
5.7653697244094486
21
-4.8251977165354329
0
LINE
8
BLACK
6
CONTINUOUS
10
5.7653697244094486
20
-4.8251977165354329
11
5.7652834251968503
21
-4.8254393307086616
0
LINE
8
BLACK
6
CONTINUOUS
10
5.7652834251968503
20
-4.8254393307086616
11
5.7652707086614168
21
-4.8254564566929137
0
LINE
8
BLACK
6
CONTINUOUS
10
5.7652707086614168
20
-4.8254564566929137
11
5.7652546062992123
21
-4.8254985826771648
0
LINE
8
BLACK
6
CONTINUOUS
10
5.7652546062992123
20
-4.8254985826771648
11
5.7633798425196847
21
-4.8292481102362208
0
LINE
8
BLACK
6
CONTINUOUS
10
5.7633798425196847
20
-4.8292481102362208
11
5.7632237795275589
21
-4.8294959842519685
0
LINE
8
BLACK
6
CONTINUOUS
10
5.7632237795275589
20
-4.8294959842519685
11
5.7631939763779529
21
-4.8295680314960627
0
LINE
8
BLACK
6
CONTINUOUS
10
5.7631939763779529
20
-4.8295680314960627
11
5.7631274409448814
21
-4.8296490551181099
0
LINE
8
BLACK
6
CONTINUOUS
10
5.7631274409448814
20
-4.8296490551181099
11
5.7630714960629916
21
-4.8297379921259838
0
LINE
8
BLACK
6
CONTINUOUS
10
5.7630714960629916
20
-4.8297379921259838
11
5.7630124803149609
21
-4.8297891338582675
0
LINE
8
BLACK
6
CONTINUOUS
10
5.7630124803149609
20
-4.8297891338582675
11
5.7628267716535433
21
-4.8300154724409445
0
LINE
8
BLACK
6
CONTINUOUS
10
5.7628267716535433
20
-4.8300154724409445
11
5.7590772047244094
21
-4.8337650787401572
0
LINE
8
BLACK
6
CONTINUOUS
10
5.7590772047244094
20
-4.8337650787401572
11
5.7586297637795276
21
-4.8341322834645668
0
LINE
8
BLACK
6
CONTINUOUS
10
5.7586297637795276
20
-4.8341322834645668
11
5.7585316929133858
21
-4.8341728740157484
0
LINE
8
BLACK
6
CONTINUOUS
10
5.7585316929133858
20
-4.8341728740157484
11
5.7584515748031491
21
-4.8342424015748033
0
LINE
8
BLACK
6
CONTINUOUS
10
5.7584515748031491
20
-4.8342424015748033
11
5.7579230314960625
21
-4.8344783858267713
0
LINE
8
BLACK
6
CONTINUOUS
10
5.7579230314960625
20
-4.8344783858267713
11
5.7522987401574799
21
-4.8363531496062988
0
LINE
8
BLACK
6
CONTINUOUS
10
5.7522987401574799
20
-4.8363531496062988
11
5.7520131496062987
21
-4.8364180708661415
0
LINE
8
BLACK
6
CONTINUOUS
10
5.7520131496062987
20
-4.8364180708661415
11
5.7519410629921257
21
-4.836447952755905
0
LINE
8
BLACK
6
CONTINUOUS
10
5.7519410629921257
20
-4.836447952755905
11
5.7518365354330712
21
-4.8364582283464568
0
LINE
8
BLACK
6
CONTINUOUS
10
5.7518365354330712
20
-4.8364582283464568
11
5.7517342913385825
21
-4.8364814960629916
0
LINE
8
BLACK
6
CONTINUOUS
10
5.7517342913385825
20
-4.8364814960629916
11
5.7516565354330709
21
-4.8364759448818893
0
LINE
8
BLACK
6
CONTINUOUS
10
5.7516565354330709
20
-4.8364759448818893
11
5.7513649999999998
21
-4.8365046850393698
0
LINE
8
BLACK
6
CONTINUOUS
10
5.7513649999999998
20
-4.8365046850393698
11
5.7476154724409447
21
-4.8365046850393698
0
LINE
8
BLACK
6
CONTINUOUS
10
5.7476154724409447
20
-4.8365046850393698
11
5.7473238582677162
21
-4.8364759448818893
0
LINE
8
BLACK
6
CONTINUOUS
10
5.7473238582677162
20
-4.8364759448818893
11
5.7472461417322833
21
-4.8364814960629916
0
LINE
8
BLACK
6
CONTINUOUS
10
5.7472461417322833
20
-4.8364814960629916
11
5.7471438582677168
21
-4.8364582283464568
0
LINE
8
BLACK
6
CONTINUOUS
10
5.7471438582677168
20
-4.8364582283464568
11
5.7470394094488189
21
-4.836447952755905
0
LINE
8
BLACK
6
CONTINUOUS
10
5.7470394094488189
20
-4.836447952755905
11
5.7469673228346458
21
-4.8364180708661415
0
LINE
8
BLACK
6
CONTINUOUS
10
5.7469673228346458
20
-4.8364180708661415
11
5.7466816929133859
21
-4.8363531496062988
0
LINE
8
BLACK
6
CONTINUOUS
10
5.7466816929133859
20
-4.8363531496062988
11
5.741057440944882
21
-4.8344783858267713
0
LINE
8
BLACK
6
CONTINUOUS
10
5.741057440944882
20
-4.8344783858267713
11
5.7405288582677167
21
-4.8342424015748033
0
LINE
8
BLACK
6
CONTINUOUS
10
5.7405288582677167
20
-4.8342424015748033
11
5.7404486614173225
21
-4.8341728346456696
0
LINE
8
BLACK
6
CONTINUOUS
10
5.7404486614173225
20
-4.8341728346456696
11
5.7403507086614169
21
-4.8341322834645668
0
LINE
8
BLACK
6
CONTINUOUS
10
5.7403507086614169
20
-4.8341322834645668
11
5.7399032283464564
21
-4.8337650393700784
0
LINE
8
BLACK
6
CONTINUOUS
10
5.7399032283464564
20
-4.8337650393700784
11
5.7380284645669288
21
-4.8318902362204721
0
LINE
8
BLACK
6
CONTINUOUS
10
5.7380284645669288
20
-4.8318902362204721
11
5.7376612598425192
21
-4.8314427952755903
0
LINE
8
BLACK
6
CONTINUOUS
10
5.7376612598425192
20
-4.8314427952755903
11
5.7372203937007873
21
-4.8303783858267719
0
LINE
8
BLACK
6
CONTINUOUS
10
5.7372203937007873
20
-4.8303783858267719
11
5.7372203937007873
21
-4.8292262992125981
0
LINE
8
BLACK
6
CONTINUOUS
10
5.7372203937007873
20
-4.8292262992125981
11
5.7376612992125979
21
-4.8281618897637797
0
LINE
8
BLACK
6
CONTINUOUS
10
5.7376612992125979
20
-4.8281618897637797
11
5.7384759842519681
21
-4.8273472047244095
0
LINE
8
BLACK
6
CONTINUOUS
10
5.7384759842519681
20
-4.8273472047244095
11
5.7395403937007874
21
-4.8269063385826767
0
LINE
8
BLACK
6
CONTINUOUS
10
5.7395403937007874
20
-4.8269063385826767
11
5.7406924803149604
21
-4.8269063385826767
0
LINE
8
BLACK
6
CONTINUOUS
10
5.7406924803149604
20
-4.8269063385826767
11
5.7417568897637796
21
-4.8273472440944882
0
LINE
8
BLACK
6
CONTINUOUS
10
5.7417568897637796
20
-4.8273472440944882
11
5.7422043700787402
21
-4.8277144881889766
0
LINE
8
BLACK
6
CONTINUOUS
10
5.7422043700787402
20
-4.8277144881889766
11
5.7435862204724408
21
-4.829096377952756
0
LINE
8
BLACK
6
CONTINUOUS
10
5.7435862204724408
20
-4.829096377952756
11
5.7480946062992126
21
-4.8305991732283466
0
LINE
8
BLACK
6
CONTINUOUS
10
5.7480946062992126
20
-4.8305991732283466
11
5.7508858661417319
21
-4.8305991732283466
0
LINE
8
BLACK
6
CONTINUOUS
10
5.7508858661417319
20
-4.8305991732283466
11
5.7553942519685037
21
-4.8290963385826773
0
LINE
8
BLACK
6
CONTINUOUS
10
5.7553942519685037
20
-4.8290963385826773
11
5.7583120472440941
21
-4.8261785039370082
0
LINE
8
BLACK
6
CONTINUOUS
10
5.7583120472440941
20
-4.8261785039370082
11
5.7598275590551182
21
-4.8231475196850395
0
LINE
8
BLACK
6
CONTINUOUS
10
5.7598275590551182
20
-4.8231475196850395
11
5.7615355905511807
21
-4.8163154724409445
0
LINE
8
BLACK
6
CONTINUOUS
10
5.7615355905511807
20
-4.8163154724409445
11
5.7615355905511807
21
-4.8114182677165349
0
LINE
8
BLACK
6
CONTINUOUS
10
5.7615355905511807
20
-4.8114182677165349
11
5.7598275590551182
21
-4.8045862204724408
0
LINE
8
BLACK
6
CONTINUOUS
10
5.7598275590551182
20
-4.8045862204724408
11
5.7583120866141728
21
-4.8015552362204721
0
LINE
8
BLACK
6
CONTINUOUS
10
5.7583120866141728
20
-4.8015552362204721
11
5.7553942519685037
21
-4.798637401574803
0
LINE
8
BLACK
6
CONTINUOUS
10
5.7553942519685037
20
-4.798637401574803
11
5.7508858661417319
21
-4.7971346062992124
0
LINE
8
BLACK
6
CONTINUOUS
10
5.7508858661417319
20
-4.7971346062992124
11
5.7480946062992126
21
-4.7971346062992124
0
LINE
8
BLACK
6
CONTINUOUS
10
5.7480946062992126
20
-4.7971346062992124
11
5.7435862204724408
21
-4.798637401574803
0
LINE
8
BLACK
6
CONTINUOUS
10
5.7435862204724408
20
-4.798637401574803
11
5.7422043307086614
21
-4.8000192913385824
0
LINE
8
BLACK
6
CONTINUOUS
10
5.7422043307086614
20
-4.8000192913385824
11
5.7417568897637796
21
-4.8003864960629921
0
LINE
8
BLACK
6
CONTINUOUS
10
5.7417568897637796
20
-4.8003864960629921
11
5.7406924409448816
21
-4.8008274015748027
0
LINE
8
BLACK
6
CONTINUOUS
10
5.7406924409448816
20
-4.8008274015748027
11
5.7395403937007874
21
-4.8008274015748027
0
LINE
8
BLACK
6
CONTINUOUS
10
5.7395403937007874
20
-4.8008274015748027
11
5.7384759448818894
21
-4.8003864960629921
0
LINE
8
BLACK
6
CONTINUOUS
10
5.7384759448818894
20
-4.8003864960629921
11
5.7376612992125979
21
-4.7995718503937006
0
LINE
8
BLACK
6
CONTINUOUS
10
5.7376612992125979
20
-4.7995718503937006
11
5.7372203937007873
21
-4.7985074015748026
0
LINE
8
BLACK
6
CONTINUOUS
10
5.7372203937007873
20
-4.7985074015748026
11
5.7372203937007873
21
-4.7973553543307084
0
LINE
8
BLACK
6
CONTINUOUS
10
5.7372203937007873
20
-4.7973553543307084
11
5.7376612992125979
21
-4.7962909055118113
0
LINE
8
BLACK
6
CONTINUOUS
10
5.7376612992125979
20
-4.7962909055118113
11
5.7380285039370076
21
-4.7958434645669294
0
LINE
8
BLACK
6
CONTINUOUS
10
5.7380285039370076
20
-4.7958434645669294
11
5.7399032677165351
21
-4.7939687007874019
0
LINE
8
BLACK
6
CONTINUOUS
10
5.7399032677165351
20
-4.7939687007874019
11
5.7403507086614169
21
-4.7936014960629922
0
LINE
8
BLACK
6
CONTINUOUS
10
5.7403507086614169
20
-4.7936014960629922
11
5.7404486614173225
21
-4.7935609055118107
0
LINE
8
BLACK
6
CONTINUOUS
10
5.7404486614173225
20
-4.7935609055118107
11
5.7405288582677167
21
-4.7934913779527557
0
LINE
8
BLACK
6
CONTINUOUS
10
5.7405288582677167
20
-4.7934913779527557
11
5.741057440944882
21
-4.7932553937007869
0
LINE
8
BLACK
6
CONTINUOUS
10
5.741057440944882
20
-4.7932553937007869
11
5.7466816929133859
21
-4.7913806299212593
0
LINE
8
BLACK
6
CONTINUOUS
10
5.7466816929133859
20
-4.7913806299212593
11
5.7469673228346458
21
-4.7913156692913388
0
LINE
8
BLACK
6
CONTINUOUS
10
5.7469673228346458
20
-4.7913156692913388
11
5.7470394094488189
21
-4.7912858267716532
0
LINE
8
BLACK
6
CONTINUOUS
10
5.7470394094488189
20
-4.7912858267716532
11
5.7471438582677168
21
-4.7912755118110235
0
LINE
8
BLACK
6
CONTINUOUS
10
5.7471438582677168
20
-4.7912755118110235
11
5.7472461417322833
21
-4.7912522834645666
0
LINE
8
BLACK
6
CONTINUOUS
10
5.7472461417322833
20
-4.7912522834645666
11
5.7473238582677162
21
-4.7912577952755901
0
LINE
8
BLACK
6
CONTINUOUS
10
5.7473238582677162
20
-4.7912577952755901
11
5.7476154724409447
21
-4.7912290944881892
0
LINE
8
BLACK
6
CONTINUOUS
10
5.7476154724409447
20
-4.7912290944881892
11
5.7513649999999998
21
-4.7912290944881892
0
LINE
8
BLACK
6
CONTINUOUS
10
5.7513649999999998
20
-4.7912290944881892
11
5.7516565354330709
21
-4.7912577952755901
0
LINE
8
BLACK
6
CONTINUOUS
10
5.3025222047244096
20
-4.7912858267716532
11
5.303586614173228
21
-4.7917267322834647
0
LINE
8
BLACK
6
CONTINUOUS
10
5.303586614173228
20
-4.7917267322834647
11
5.3044012598425194
21
-4.7925413779527561
0
LINE
8
BLACK
6
CONTINUOUS
10
5.3044012598425194
20
-4.7925413779527561
11
5.304842165354331
21
-4.7936057874015745
0
LINE
8
BLACK
6
CONTINUOUS
10
5.304842165354331
20
-4.7936057874015745
11
5.304842165354331
21
-4.7947579133858262
0
LINE
8
BLACK
6
CONTINUOUS
10
5.304842165354331
20
-4.7947579133858262
11
5.3044012598425194
21
-4.7958223228346455
0
LINE
8
BLACK
6
CONTINUOUS
10
5.3044012598425194
20
-4.7958223228346455
11
5.303586614173228
21
-4.7966369685039369
0
LINE
8
BLACK
6
CONTINUOUS
10
5.303586614173228
20
-4.7966369685039369
11
5.3025222047244096
21
-4.7970778740157476
0
LINE
8
BLACK
6
CONTINUOUS
10
5.3025222047244096
20
-4.7970778740157476
11
5.3019461417322837
21
-4.7971346062992124
0
LINE
8
BLACK
6
CONTINUOUS
10
5.3019461417322837
20
-4.7971346062992124
11
5.2801774409448816
21
-4.7971346062992124
0
LINE
8
BLACK
6
CONTINUOUS
10
5.2801774409448816
20
-4.7971346062992124
11
5.2952863385826774
21
-4.8323887795275589
0
LINE
8
BLACK
6
CONTINUOUS
10
5.2952863385826774
20
-4.8323887795275589
11
5.2954611023622045
21
-4.8329405905511811
0
LINE
8
BLACK
6
CONTINUOUS
10
5.2954611023622045
20
-4.8329405905511811
11
5.2954751574803147
21
-4.8340926377952753
0
LINE
8
BLACK
6
CONTINUOUS
10
5.2954751574803147
20
-4.8340926377952753
11
5.2950472834645668
21
-4.8351623228346456
0
LINE
8
BLACK
6
CONTINUOUS
10
5.2950472834645668
20
-4.8351623228346456
11
5.2942425984251971
21
-4.8359868503937005
0
LINE
8
BLACK
6
CONTINUOUS
10
5.2942425984251971
20
-4.8359868503937005
11
5.2931836220472439
21
-4.8364407086614172
0
LINE
8
BLACK
6
CONTINUOUS
10
5.2931836220472439
20
-4.8364407086614172
11
5.2920316141732284
21
-4.8364547244094487
0
LINE
8
BLACK
6
CONTINUOUS
10
5.2920316141732284
20
-4.8364547244094487
11
5.2909619291338581
21
-4.8360268503937007
0
LINE
8
BLACK
6
CONTINUOUS
10
5.2909619291338581
20
-4.8360268503937007
11
5.2901373622047245
21
-4.8352222047244098
0
LINE
8
BLACK
6
CONTINUOUS
10
5.2901373622047245
20
-4.8352222047244098
11
5.2898583070866136
21
-4.8347150787401576
0
LINE
8
BLACK
6
CONTINUOUS
10
5.2898583070866136
20
-4.8347150787401576
11
5.2729854330708656
21
-4.7953450000000002
0
LINE
8
BLACK
6
CONTINUOUS
10
5.2729854330708656
20
-4.7953450000000002
11
5.2728106692913386
21
-4.7947931496062992
0
LINE
8
BLACK
6
CONTINUOUS
10
5.2728106692913386
20
-4.7947931496062992
11
5.2728104330708661
21
-4.7947748425196846
0
LINE
8
BLACK
6
CONTINUOUS
10
5.2728104330708661
20
-4.7947748425196846
11
5.2728034251968499
21
-4.7947579133858262
0
LINE
8
BLACK
6
CONTINUOUS
10
5.2728034251968499
20
-4.7947579133858262
11
5.2728034251968499
21
-4.79419937007874
0
LINE
8
BLACK
6
CONTINUOUS
10
5.2728034251968499
20
-4.79419937007874
11
5.2727966141732283
21
-4.7936411417322837
0
LINE
8
BLACK
6
CONTINUOUS
10
5.2727966141732283
20
-4.7936411417322837
11
5.2728034251968499
21
-4.7936240944881892
0
LINE
8
BLACK
6
CONTINUOUS
10
5.2728034251968499
20
-4.7936240944881892
11
5.2728034251968499
21
-4.7936057874015745
0
LINE
8
BLACK
6
CONTINUOUS
10
5.2728034251968499
20
-4.7936057874015745
11
5.2730168503937005
21
-4.7930904330708657
0
LINE
8
BLACK
6
CONTINUOUS
10
5.2730168503937005
20
-4.7930904330708657
11
5.2732244881889763
21
-4.7925714566929134
0
LINE
8
BLACK
6
CONTINUOUS
10
5.2732244881889763
20
-4.7925714566929134
11
5.2732372834645664
21
-4.7925583070866145
0
LINE
8
BLACK
6
CONTINUOUS
10
5.2732372834645664
20
-4.7925583070866145
11
5.2732443307086614
21
-4.7925413779527561
0
LINE
8
BLACK
6
CONTINUOUS
10
5.2732443307086614
20
-4.7925413779527561
11
5.273638779527559
21
-4.7921468897637798
0
LINE
8
BLACK
6
CONTINUOUS
10
5.273638779527559
20
-4.7921468897637798
11
5.274029173228346
21
-4.7917468897637798
0
LINE
8
BLACK
6
CONTINUOUS
10
5.274029173228346
20
-4.7917468897637798
11
5.2740460236220468
21
-4.7917396456692911
0
LINE
8
BLACK
6
CONTINUOUS
10
5.2740460236220468
20
-4.7917396456692911
11
5.2740589763779528
21
-4.7917267322834647
0
LINE
8
BLACK
6
CONTINUOUS
10
5.2740589763779528
20
-4.7917267322834647
11
5.2745747244094483
21
-4.7915130708661415
0
LINE
8
BLACK
6
CONTINUOUS
10
5.2745747244094483
20
-4.7915130708661415
11
5.2750881496062991
21
-4.7912930708661419
0
LINE
8
BLACK
6
CONTINUOUS
10
5.2750881496062991
20
-4.7912930708661419
11
5.2751064173228341
21
-4.7912928346456694
0
LINE
8
BLACK
6
CONTINUOUS
10
5.2751064173228341
20
-4.7912928346456694
11
5.2751233858267712
21
-4.7912858267716532
0
LINE
8
BLACK
6
CONTINUOUS
10
5.2751233858267712
20
-4.7912858267716532
11
5.2756994488188971
21
-4.7912290944881892
0
LINE
8
BLACK
6
CONTINUOUS
10
5.2756994488188971
20
-4.7912290944881892
11
5.3019461417322837
21
-4.7912290944881892
0
LINE
8
BLACK
6
CONTINUOUS
10
5.3019461417322837
20
-4.7912290944881892
11
5.3025222047244096
21
-4.7912858267716532
0
LINE
8
BLACK
6
CONTINUOUS
10
5.1570724803149606
20
-4.7772427952755905
11
5.1583509055118109
21
-4.7785212204724408
0
LINE
8
BLACK
6
CONTINUOUS
10
5.1583509055118109
20
-4.7785212204724408
11
5.1583509055118109
21
-4.7803291732283464
0
LINE
8
BLACK
6
CONTINUOUS
10
5.1583509055118109
20
-4.7803291732283464
11
5.1570724803149606
21
-4.7816075984251967
0
LINE
8
BLACK
6
CONTINUOUS
10
5.1570724803149606
20
-4.7816075984251967
11
5.1561685039370078
21
-4.7817874015748032
0
LINE
8
BLACK
6
CONTINUOUS
10
5.1561685039370078
20
-4.7817874015748032
11
5.1450992125984252
21
-4.7817874015748032
0
LINE
8
BLACK
6
CONTINUOUS
10
5.1450992125984252
20
-4.7817874015748032
11
5.1441952362204724
21
-4.7816075984251967
0
LINE
8
BLACK
6
CONTINUOUS
10
5.1441952362204724
20
-4.7816075984251967
11
5.1429168110236221
21
-4.7803291732283464
0
LINE
8
BLACK
6
CONTINUOUS
10
5.1429168110236221
20
-4.7803291732283464
11
5.1429168110236221
21
-4.7785212204724408
0
LINE
8
BLACK
6
CONTINUOUS
10
5.1429168110236221
20
-4.7785212204724408
11
5.1441952362204724
21
-4.7772427952755905
0
LINE
8
BLACK
6
CONTINUOUS
10
5.1441952362204724
20
-4.7772427952755905
11
5.1450992125984252
21
-4.777062992125984
0
LINE
8
BLACK
6
CONTINUOUS
10
5.1450992125984252
20
-4.777062992125984
11
5.1561685039370078
21
-4.777062992125984
0
LINE
8
BLACK
6
CONTINUOUS
10
5.1561685039370078
20
-4.777062992125984
11
5.1570724803149606
21
-4.7772427952755905
0
LINE
8
BLACK
6
CONTINUOUS
10
5.3149464960629924
20
-4.7772427952755905
11
5.3162249212598427
21
-4.7785212204724408
0
LINE
8
BLACK
6
CONTINUOUS
10
5.3162249212598427
20
-4.7785212204724408
11
5.3162249212598427
21
-4.7803291732283464
0
LINE
8
BLACK
6
CONTINUOUS
10
5.3162249212598427
20
-4.7803291732283464
11
5.3149464960629924
21
-4.7816075984251967
0
LINE
8
BLACK
6
CONTINUOUS
10
5.3149464960629924
20
-4.7816075984251967
11
5.3140425196850396
21
-4.7817874015748032
0
LINE
8
BLACK
6
CONTINUOUS
10
5.3140425196850396
20
-4.7817874015748032
11
5.302973228346457
21
-4.7817874015748032
0
LINE
8
BLACK
6
CONTINUOUS
10
5.302973228346457
20
-4.7817874015748032
11
5.3020692519685042
21
-4.7816075984251967
0
LINE
8
BLACK
6
CONTINUOUS
10
5.3020692519685042
20
-4.7816075984251967
11
5.300790826771653
21
-4.7803291732283464
0
LINE
8
BLACK
6
CONTINUOUS
10
5.300790826771653
20
-4.7803291732283464
11
5.300790826771653
21
-4.7785212204724408
0
LINE
8
BLACK
6
CONTINUOUS
10
5.300790826771653
20
-4.7785212204724408
11
5.3020692519685042
21
-4.7772427952755905
0
LINE
8
BLACK
6
CONTINUOUS
10
5.3020692519685042
20
-4.7772427952755905
11
5.302973228346457
21
-4.777062992125984
0
LINE
8
BLACK
6
CONTINUOUS
10
5.302973228346457
20
-4.777062992125984
11
5.3140425196850396
21
-4.777062992125984
0
LINE
8
BLACK
6
CONTINUOUS
10
5.3140425196850396
20
-4.777062992125984
11
5.3149464960629924
21
-4.7772427952755905
0
LINE
8
BLACK
6
CONTINUOUS
10
5.4728205118110234
20
-4.7772427952755905
11
5.4740989370078736
21
-4.7785212204724408
0
LINE
8
BLACK
6
CONTINUOUS
10
5.4740989370078736
20
-4.7785212204724408
11
5.4740989370078736
21
-4.7803291732283464
0
LINE
8
BLACK
6
CONTINUOUS
10
5.4740989370078736
20
-4.7803291732283464
11
5.4728205118110234
21
-4.7816075984251967
0
LINE
8
BLACK
6
CONTINUOUS
10
5.4728205118110234
20
-4.7816075984251967
11
5.4719165354330705
21
-4.7817874015748032
0
LINE
8
BLACK
6
CONTINUOUS
10
5.4719165354330705
20
-4.7817874015748032
11
5.460847244094488
21
-4.7817874015748032
0
LINE
8
BLACK
6
CONTINUOUS
10
5.460847244094488
20
-4.7817874015748032
11
5.4599432677165352
21
-4.7816075984251967
0
LINE
8
BLACK
6
CONTINUOUS
10
5.4599432677165352
20
-4.7816075984251967
11
5.4586648425196849
21
-4.7803291732283464
0
LINE
8
BLACK
6
CONTINUOUS
10
5.4586648425196849
20
-4.7803291732283464
11
5.4586648425196849
21
-4.7785212204724408
0
LINE
8
BLACK
6
CONTINUOUS
10
5.4586648425196849
20
-4.7785212204724408
11
5.4599432677165352
21
-4.7772427952755905
0
LINE
8
BLACK
6
CONTINUOUS
10
5.4599432677165352
20
-4.7772427952755905
11
5.460847244094488
21
-4.777062992125984
0
LINE
8
BLACK
6
CONTINUOUS
10
5.460847244094488
20
-4.777062992125984
11
5.4719165354330705
21
-4.777062992125984
0
LINE
8
BLACK
6
CONTINUOUS
10
5.4719165354330705
20
-4.777062992125984
11
5.4728205118110234
21
-4.7772427952755905
0
LINE
8
BLACK
6
CONTINUOUS
10
5.7212457086614172
20
-4.7772427952755905
11
5.7225241338582675
21
-4.7785212204724408
0
LINE
8
BLACK
6
CONTINUOUS
10
5.7225241338582675
20
-4.7785212204724408
11
5.7225241338582675
21
-4.7803291732283464
0
LINE
8
BLACK
6
CONTINUOUS
10
5.7225241338582675
20
-4.7803291732283464
11
5.7212457086614172
21
-4.7816075984251967
0
LINE
8
BLACK
6
CONTINUOUS
10
5.7212457086614172
20
-4.7816075984251967
11
5.7203417322834644
21
-4.7817874015748032
0
LINE
8
BLACK
6
CONTINUOUS
10
5.7203417322834644
20
-4.7817874015748032
11
5.7092724409448818
21
-4.7817874015748032
0
LINE
8
BLACK
6
CONTINUOUS
10
5.7092724409448818
20
-4.7817874015748032
11
5.708368464566929
21
-4.7816075984251967
0
LINE
8
BLACK
6
CONTINUOUS
10
5.708368464566929
20
-4.7816075984251967
11
5.7070900393700787
21
-4.7803291732283464
0
LINE
8
BLACK
6
CONTINUOUS
10
5.7070900393700787
20
-4.7803291732283464
11
5.7070900393700787
21
-4.7785212204724408
0
LINE
8
BLACK
6
CONTINUOUS
10
5.7070900393700787
20
-4.7785212204724408
11
5.708368464566929
21
-4.7772427952755905
0
LINE
8
BLACK
6
CONTINUOUS
10
5.708368464566929
20
-4.7772427952755905
11
5.7092724409448818
21
-4.777062992125984
0
LINE
8
BLACK
6
CONTINUOUS
10
5.7092724409448818
20
-4.777062992125984
11
5.7203417322834644
21
-4.777062992125984
0
LINE
8
BLACK
6
CONTINUOUS
10
5.7203417322834644
20
-4.777062992125984
11
5.7212457086614172
21
-4.7772427952755905
0
LINE
8
BLACK
6
CONTINUOUS
10
5.1570724803149606
20
-4.7370853149606296
11
5.1583509055118109
21
-4.7383637401574799
0
LINE
8
BLACK
6
CONTINUOUS
10
5.1583509055118109
20
-4.7383637401574799
11
5.1583509055118109
21
-4.7401716929133855
0
LINE
8
BLACK
6
CONTINUOUS
10
5.1583509055118109
20
-4.7401716929133855
11
5.1570724803149606
21
-4.7414501181102358
0
LINE
8
BLACK
6
CONTINUOUS
10
5.1570724803149606
20
-4.7414501181102358
11
5.1561685039370078
21
-4.7416299212598423
0
LINE
8
BLACK
6
CONTINUOUS
10
5.1561685039370078
20
-4.7416299212598423
11
5.1450992125984252
21
-4.7416299212598423
0
LINE
8
BLACK
6
CONTINUOUS
10
5.1450992125984252
20
-4.7416299212598423
11
5.1441952362204724
21
-4.7414501181102358
0
LINE
8
BLACK
6
CONTINUOUS
10
5.1441952362204724
20
-4.7414501181102358
11
5.1429168110236221
21
-4.7401716929133855
0
LINE
8
BLACK
6
CONTINUOUS
10
5.1429168110236221
20
-4.7401716929133855
11
5.1429168110236221
21
-4.7383637401574799
0
LINE
8
BLACK
6
CONTINUOUS
10
5.1429168110236221
20
-4.7383637401574799
11
5.1441952362204724
21
-4.7370853149606296
0
LINE
8
BLACK
6
CONTINUOUS
10
5.1441952362204724
20
-4.7370853149606296
11
5.1450992125984252
21
-4.7369055118110239
0
LINE
8
BLACK
6
CONTINUOUS
10
5.1450992125984252
20
-4.7369055118110239
11
5.1561685039370078
21
-4.7369055118110239
0
LINE
8
BLACK
6
CONTINUOUS
10
5.1561685039370078
20
-4.7369055118110239
11
5.1570724803149606
21
-4.7370853149606296
0
LINE
8
BLACK
6
CONTINUOUS
10
5.3149464960629924
20
-4.7370853149606296
11
5.3162249212598427
21
-4.7383637401574799
0
LINE
8
BLACK
6
CONTINUOUS
10
5.3162249212598427
20
-4.7383637401574799
11
5.3162249212598427
21
-4.7401716929133855
0
LINE
8
BLACK
6
CONTINUOUS
10
5.3162249212598427
20
-4.7401716929133855
11
5.3149464960629924
21
-4.7414501181102358
0
LINE
8
BLACK
6
CONTINUOUS
10
5.3149464960629924
20
-4.7414501181102358
11
5.3140425196850396
21
-4.7416299212598423
0
LINE
8
BLACK
6
CONTINUOUS
10
5.3140425196850396
20
-4.7416299212598423
11
5.302973228346457
21
-4.7416299212598423
0
LINE
8
BLACK
6
CONTINUOUS
10
5.302973228346457
20
-4.7416299212598423
11
5.3020692519685042
21
-4.7414501181102358
0
LINE
8
BLACK
6
CONTINUOUS
10
5.3020692519685042
20
-4.7414501181102358
11
5.300790826771653
21
-4.7401716929133855
0
LINE
8
BLACK
6
CONTINUOUS
10
5.300790826771653
20
-4.7401716929133855
11
5.300790826771653
21
-4.7383637401574799
0
LINE
8
BLACK
6
CONTINUOUS
10
5.300790826771653
20
-4.7383637401574799
11
5.3020692519685042
21
-4.7370853149606296
0
LINE
8
BLACK
6
CONTINUOUS
10
5.3020692519685042
20
-4.7370853149606296
11
5.302973228346457
21
-4.7369055118110239
0
LINE
8
BLACK
6
CONTINUOUS
10
5.302973228346457
20
-4.7369055118110239
11
5.3140425196850396
21
-4.7369055118110239
0
LINE
8
BLACK
6
CONTINUOUS
10
5.3140425196850396
20
-4.7369055118110239
11
5.3149464960629924
21
-4.7370853149606296
0
LINE
8
BLACK
6
CONTINUOUS
10
5.4960167716535429
20
-4.6924669291338583
11
5.4970811811023621
21
-4.692907834645669
0
LINE
8
BLACK
6
CONTINUOUS
10
5.4970811811023621
20
-4.692907834645669
11
5.4978958267716536
21
-4.6937224803149604
0
LINE
8
BLACK
6
CONTINUOUS
10
5.4978958267716536
20
-4.6937224803149604
11
5.4983367322834642
21
-4.6947868897637797
0
LINE
8
BLACK
6
CONTINUOUS
10
5.4983367322834642
20
-4.6947868897637797
11
5.498393464566929
21
-4.6953629527559055
0
LINE
8
BLACK
6
CONTINUOUS
10
5.498393464566929
20
-4.6953629527559055
11
5.498393464566929
21
-4.7347330314960629
0
LINE
8
BLACK
6
CONTINUOUS
10
5.498393464566929
20
-4.7347330314960629
11
5.4983367322834642
21
-4.7353090944881888
0
LINE
8
BLACK
6
CONTINUOUS
10
5.4983367322834642
20
-4.7353090944881888
11
5.4978958267716536
21
-4.7363735039370081
0
LINE
8
BLACK
6
CONTINUOUS
10
5.4978958267716536
20
-4.7363735039370081
11
5.4970811811023621
21
-4.7371881496062995
0
LINE
8
BLACK
6
CONTINUOUS
10
5.4970811811023621
20
-4.7371881496062995
11
5.4960167716535429
21
-4.7376290551181102
0
LINE
8
BLACK
6
CONTINUOUS
10
5.4960167716535429
20
-4.7376290551181102
11
5.4948646456692911
21
-4.7376290551181102
0
LINE
8
BLACK
6
CONTINUOUS
10
5.4948646456692911
20
-4.7376290551181102
11
5.4938002362204728
21
-4.7371881496062995
0
LINE
8
BLACK
6
CONTINUOUS
10
5.4938002362204728
20
-4.7371881496062995
11
5.4929855905511813
21
-4.7363735039370081
0
LINE
8
BLACK
6
CONTINUOUS
10
5.4929855905511813
20
-4.7363735039370081
11
5.4925446850393698
21
-4.7353090944881888
0
LINE
8
BLACK
6
CONTINUOUS
10
5.4925446850393698
20
-4.7353090944881888
11
5.492487952755905
21
-4.7347330314960629
0
LINE
8
BLACK
6
CONTINUOUS
10
5.492487952755905
20
-4.7347330314960629
11
5.492487952755905
21
-4.7189381102362207
0
LINE
8
BLACK
6
CONTINUOUS
10
5.492487952755905
20
-4.7189381102362207
11
5.487604251968504
21
-4.7189381102362207
0
LINE
8
BLACK
6
CONTINUOUS
10
5.487604251968504
20
-4.7189381102362207
11
5.4753625196850395
21
-4.7364263385826773
0
LINE
8
BLACK
6
CONTINUOUS
10
5.4753625196850395
20
-4.7364263385826773
11
5.4749857086614169
21
-4.7368657086614174
0
LINE
8
BLACK
6
CONTINUOUS
10
5.4749857086614169
20
-4.7368657086614174
11
5.4740140944881892
21
-4.7374848818897632
0
LINE
8
BLACK
6
CONTINUOUS
10
5.4740140944881892
20
-4.7374848818897632
11
5.4733391732283465
21
-4.7376039763779527
0
LINE
8
BLACK
6
CONTINUOUS
10
5.4733391732283465
20
-4.7376039763779527
11
5.4740989370078736
21
-4.7383637401574799
0
LINE
8
BLACK
6
CONTINUOUS
10
5.4740989370078736
20
-4.7383637401574799
11
5.4740989370078736
21
-4.7401716929133855
0
LINE
8
BLACK
6
CONTINUOUS
10
5.4740989370078736
20
-4.7401716929133855
11
5.4728205118110234
21
-4.7414501181102358
0
LINE
8
BLACK
6
CONTINUOUS
10
5.4728205118110234
20
-4.7414501181102358
11
5.4719165354330705
21
-4.7416299212598423
0
LINE
8
BLACK
6
CONTINUOUS
10
5.4719165354330705
20
-4.7416299212598423
11
5.460847244094488
21
-4.7416299212598423
0
LINE
8
BLACK
6
CONTINUOUS
10
5.460847244094488
20
-4.7416299212598423
11
5.4599432677165352
21
-4.7414501181102358
0
LINE
8
BLACK
6
CONTINUOUS
10
5.4599432677165352
20
-4.7414501181102358
11
5.4586648425196849
21
-4.7401716929133855
0
LINE
8
BLACK
6
CONTINUOUS
10
5.4586648425196849
20
-4.7401716929133855
11
5.4586648425196849
21
-4.7383637401574799
0
LINE
8
BLACK
6
CONTINUOUS
10
5.4586648425196849
20
-4.7383637401574799
11
5.4599432677165352
21
-4.7370853149606296
0
LINE
8
BLACK
6
CONTINUOUS
10
5.4599432677165352
20
-4.7370853149606296
11
5.460847244094488
21
-4.7369055118110239
0
LINE
8
BLACK
6
CONTINUOUS
10
5.460847244094488
20
-4.7369055118110239
11
5.4709970472440945
21
-4.7369055118110239
0
LINE
8
BLACK
6
CONTINUOUS
10
5.4709970472440945
20
-4.7369055118110239
11
5.4708108661417318
21
-4.7367751968503935
0
LINE
8
BLACK
6
CONTINUOUS
10
5.4708108661417318
20
-4.7367751968503935
11
5.470191692913386
21
-4.7358035826771649
0
LINE
8
BLACK
6
CONTINUOUS
10
5.470191692913386
20
-4.7358035826771649
11
5.4699914960629918
21
-4.7346690551181103
0
LINE
8
BLACK
6
CONTINUOUS
10
5.4699914960629918
20
-4.7346690551181103
11
5.4702406692913383
21
-4.7335442125984253
0
LINE
8
BLACK
6
CONTINUOUS
10
5.4702406692913383
20
-4.7335442125984253
11
5.470524566929134
21
-4.7330397244094486
0
LINE
8
BLACK
6
CONTINUOUS
10
5.470524566929134
20
-4.7330397244094486
11
5.4803987007874015
21
-4.7189337795275588
0
LINE
8
BLACK
6
CONTINUOUS
10
5.4803987007874015
20
-4.7189337795275588
11
5.4798665354330707
21
-4.7188813779527559
0
LINE
8
BLACK
6
CONTINUOUS
10
5.4798665354330707
20
-4.7188813779527559
11
5.4797685433070864
21
-4.7188407874015743
0
LINE
8
BLACK
6
CONTINUOUS
10
5.4797685433070864
20
-4.7188407874015743
11
5.4796626771653543
21
-4.7188332677165352
0
LINE
8
BLACK
6
CONTINUOUS
10
5.4796626771653543
20
-4.7188332677165352
11
5.479122086614173
21
-4.7186263779527557
0
LINE
8
BLACK
6
CONTINUOUS
10
5.479122086614173
20
-4.7186263779527557
11
5.4753725590551179
21
-4.7167516141732282
0
LINE
8
BLACK
6
CONTINUOUS
10
5.4753725590551179
20
-4.7167516141732282
11
5.4751245275590552
21
-4.7165955118110237
0
LINE
8
BLACK
6
CONTINUOUS
10
5.4751245275590552
20
-4.7165955118110237
11
5.4750525984251963
21
-4.7165657086614168
0
LINE
8
BLACK
6
CONTINUOUS
10
5.4750525984251963
20
-4.7165657086614168
11
5.4749716141732279
21
-4.7164992125984249
0
LINE
8
BLACK
6
CONTINUOUS
10
5.4749716141732279
20
-4.7164992125984249
11
5.474882677165354
21
-4.7164432677165351
0
LINE
8
BLACK
6
CONTINUOUS
10
5.474882677165354
20
-4.7164432677165351
11
5.4748314960629916
21
-4.7163842519685035
0
LINE
8
BLACK
6
CONTINUOUS
10
5.4748314960629916
20
-4.7163842519685035
11
5.4746051574803145
21
-4.716198503937008
0
LINE
8
BLACK
6
CONTINUOUS
10
5.4746051574803145
20
-4.716198503937008
11
5.472730393700787
21
-4.7143237401574805
0
LINE
8
BLACK
6
CONTINUOUS
10
5.472730393700787
20
-4.7143237401574805
11
5.4725446062992127
21
-4.7140973622047246
0
LINE
8
BLACK
6
CONTINUOUS
10
5.4725446062992127
20
-4.7140973622047246
11
5.4724856299212599
21
-4.7140462204724409
0
LINE
8
BLACK
6
CONTINUOUS
10
5.4724856299212599
20
-4.7140462204724409
11
5.4724296456692914
21
-4.7139572440944884
0
LINE
8
BLACK
6
CONTINUOUS
10
5.4724296456692914
20
-4.7139572440944884
11
5.4723631889763782
21
-4.7138762992125987
0
LINE
8
BLACK
6
CONTINUOUS
10
5.4723631889763782
20
-4.7138762992125987
11
5.4723333464566926
21
-4.713804330708661
0
LINE
8
BLACK
6
CONTINUOUS
10
5.4723333464566926
20
-4.713804330708661
11
5.4721772834645668
21
-4.7135563385826771
0
LINE
8
BLACK
6
CONTINUOUS
10
5.4721772834645668
20
-4.7135563385826771
11
5.4703025196850392
21
-4.709806811023622
0
LINE
8
BLACK
6
CONTINUOUS
10
5.4703025196850392
20
-4.709806811023622
11
5.4700956299212598
21
-4.7092661811023619
0
LINE
8
BLACK
6
CONTINUOUS
10
5.4700956299212598
20
-4.7092661811023619
11
5.4700881102362207
21
-4.7091603543307086
0
LINE
8
BLACK
6
CONTINUOUS
10
5.4700881102362207
20
-4.7091603543307086
11
5.4700475196850391
21
-4.7090623622047243
0
LINE
8
BLACK
6
CONTINUOUS
10
5.4700475196850391
20
-4.7090623622047243
11
5.4699907874015743
21
-4.7084862992125984
0
LINE
8
BLACK
6
CONTINUOUS
10
5.4699907874015743
20
-4.7084862992125984
11
5.4699907874015743
21
-4.7028620078740158
0
LINE
8
BLACK
6
CONTINUOUS
10
5.4699907874015743
20
-4.7028620078740158
11
5.4700475196850391
21
-4.7022859448818899
0
LINE
8
BLACK
6
CONTINUOUS
10
5.4700475196850391
20
-4.7022859448818899
11
5.4700881102362207
21
-4.7021879133858269
0
LINE
8
BLACK
6
CONTINUOUS
10
5.4700881102362207
20
-4.7021879133858269
11
5.4700956299212598
21
-4.7020821259842522
0
LINE
8
BLACK
6
CONTINUOUS
10
5.4700956299212598
20
-4.7020821259842522
11
5.4703025196850392
21
-4.7015414960629922
0
LINE
8
BLACK
6
CONTINUOUS
10
5.4703025196850392
20
-4.7015414960629922
11
5.4721772834645668
21
-4.6977919685039371
0
LINE
8
BLACK
6
CONTINUOUS
10
5.4721772834645668
20
-4.6977919685039371
11
5.4723333464566926
21
-4.6975439370078735
0
LINE
8
BLACK
6
CONTINUOUS
10
5.4723333464566926
20
-4.6975439370078735
11
5.4723631889763782
21
-4.6974720078740155
0
LINE
8
BLACK
6
CONTINUOUS
10
5.4723631889763782
20
-4.6974720078740155
11
5.4724296456692914
21
-4.6973910236220471
0
LINE
8
BLACK
6
CONTINUOUS
10
5.4724296456692914
20
-4.6973910236220471
11
5.4724856299212599
21
-4.6973020866141733
0
LINE
8
BLACK
6
CONTINUOUS
10
5.4724856299212599
20
-4.6973020866141733
11
5.4725446062992127
21
-4.6972509055118108
0
LINE
8
BLACK
6
CONTINUOUS
10
5.4725446062992127
20
-4.6972509055118108
11
5.472730393700787
21
-4.6970245669291337
0
LINE
8
BLACK
6
CONTINUOUS
10
5.472730393700787
20
-4.6970245669291337
11
5.4746051574803145
21
-4.6951498031496062
0
LINE
8
BLACK
6
CONTINUOUS
10
5.4746051574803145
20
-4.6951498031496062
11
5.4748314960629916
21
-4.694964015748031
0
LINE
8
BLACK
6
CONTINUOUS
10
5.4748314960629916
20
-4.694964015748031
11
5.474882677165354
21
-4.6949050393700782
0
LINE
8
BLACK
6
CONTINUOUS
10
5.474882677165354
20
-4.6949050393700782
11
5.4749716141732279
21
-4.6948490551181106
0
LINE
8
BLACK
6
CONTINUOUS
10
5.4749716141732279
20
-4.6948490551181106
11
5.4750525984251963
21
-4.6947825984251965
0
LINE
8
BLACK
6
CONTINUOUS
10
5.4750525984251963
20
-4.6947825984251965
11
5.4751245275590552
21
-4.6947527559055118
0
LINE
8
BLACK
6
CONTINUOUS
10
5.4751245275590552
20
-4.6947527559055118
11
5.4753725590551179
21
-4.694596692913386
0
LINE
8
BLACK
6
CONTINUOUS
10
5.4753725590551179
20
-4.694596692913386
11
5.479122086614173
21
-4.6927219291338584
0
LINE
8
BLACK
6
CONTINUOUS
10
5.479122086614173
20
-4.6927219291338584
11
5.4796626771653543
21
-4.692515039370079
0
LINE
8
BLACK
6
CONTINUOUS
10
5.4796626771653543
20
-4.692515039370079
11
5.4797685433070864
21
-4.6925074803149602
0
LINE
8
BLACK
6
CONTINUOUS
10
5.4797685433070864
20
-4.6925074803149602
11
5.4798665354330707
21
-4.6924669291338583
0
LINE
8
BLACK
6
CONTINUOUS
10
5.4798665354330707
20
-4.6924669291338583
11
5.4804425984251965
21
-4.6924101968503935
0
LINE
8
BLACK
6
CONTINUOUS
10
5.4804425984251965
20
-4.6924101968503935
11
5.495440708661417
21
-4.6924101968503935
0
LINE
8
BLACK
6
CONTINUOUS
10
5.495440708661417
20
-4.6924101968503935
11
5.4960167716535429
21
-4.6924669291338583
0
LINE
8
BLACK
6
CONTINUOUS
10
5.4784421653543305
20
-4.6996644488188979
11
5.4772450393700787
21
-4.7008615748031497
0
LINE
8
BLACK
6
CONTINUOUS
10
5.4772450393700787
20
-4.7008615748031497
11
5.4758962992125984
21
-4.7035590551181103
0
LINE
8
BLACK
6
CONTINUOUS
10
5.4758962992125984
20
-4.7035590551181103
11
5.4758962992125984
21
-4.7077892519685038
0
LINE
8
BLACK
6
CONTINUOUS
10
5.4758962992125984
20
-4.7077892519685038
11
5.4772450393700787
21
-4.7104867322834645
0
LINE
8
BLACK
6
CONTINUOUS
10
5.4772450393700787
20
-4.7104867322834645
11
5.4784421653543305
21
-4.7116838582677163
0
LINE
8
BLACK
6
CONTINUOUS
10
5.4784421653543305
20
-4.7116838582677163
11
5.4811396456692911
21
-4.7130325984251966
0
LINE
8
BLACK
6
CONTINUOUS
10
5.4811396456692911
20
-4.7130325984251966
11
5.492487952755905
21
-4.7130325984251966
0
LINE
8
BLACK
6
CONTINUOUS
10
5.492487952755905
20
-4.7130325984251966
11
5.492487952755905
21
-4.6983157086614176
0
LINE
8
BLACK
6
CONTINUOUS
10
5.492487952755905
20
-4.6983157086614176
11
5.4811396456692911
21
-4.6983157086614176
0
LINE
8
BLACK
6
CONTINUOUS
10
5.4811396456692911
20
-4.6983157086614176
11
5.4784421653543305
21
-4.6996644488188979
0
LINE
8
BLACK
6
CONTINUOUS
10
5.7141564566929128
20
-4.6924669291338583
11
5.7144457480314959
21
-4.6924669291338583
0
LINE
8
BLACK
6
CONTINUOUS
10
5.7144457480314959
20
-4.6924669291338583
11
5.7147158267716538
21
-4.6925787795275591
0
LINE
8
BLACK
6
CONTINUOUS
10
5.7147158267716538
20
-4.6925787795275591
11
5.7150024803149604
21
-4.6926361417322831
0
LINE
8
BLACK
6
CONTINUOUS
10
5.7150024803149604
20
-4.6926361417322831
11
5.715242834645669
21
-4.6927970866141733
0
LINE
8
BLACK
6
CONTINUOUS
10
5.715242834645669
20
-4.6927970866141733
11
5.7155101574803151
21
-4.692907834645669
0
LINE
8
BLACK
6
CONTINUOUS
10
5.7155101574803151
20
-4.692907834645669
11
5.7157168503937008
21
-4.6931145275590547
0
LINE
8
BLACK
6
CONTINUOUS
10
5.7157168503937008
20
-4.6931145275590547
11
5.7159597637795274
21
-4.6932772047244091
0
LINE
8
BLACK
6
CONTINUOUS
10
5.7159597637795274
20
-4.6932772047244091
11
5.7163227559055114
21
-4.6937204330708662
0
LINE
8
BLACK
6
CONTINUOUS
10
5.7163227559055114
20
-4.6937204330708662
11
5.7163248031496066
21
-4.6937224803149604
0
LINE
8
BLACK
6
CONTINUOUS
10
5.7163248031496066
20
-4.6937224803149604
11
5.7163251574803144
21
-4.693723346456693
0
LINE
8
BLACK
6
CONTINUOUS
10
5.7163251574803144
20
-4.693723346456693
11
5.7163265354330708
21
-4.6937250393700785
0
LINE
8
BLACK
6
CONTINUOUS
10
5.7163265354330708
20
-4.6937250393700785
11
5.7199138582677165
21
-4.6991060629921257
0
LINE
8
BLACK
6
CONTINUOUS
10
5.7199138582677165
20
-4.6991060629921257
11
5.7231178346456693
21
-4.7023100393700785
0
LINE
8
BLACK
6
CONTINUOUS
10
5.7231178346456693
20
-4.7023100393700785
11
5.7264387795275589
21
-4.7039705118110238
0
LINE
8
BLACK
6
CONTINUOUS
10
5.7264387795275589
20
-4.7039705118110238
11
5.7269286614173227
21
-4.7042788582677169
0
LINE
8
BLACK
6
CONTINUOUS
10
5.7269286614173227
20
-4.7042788582677169
11
5.7276835039370075
21
-4.7051492519685034
0
LINE
8
BLACK
6
CONTINUOUS
10
5.7276835039370075
20
-4.7051492519685034
11
5.7280478346456691
21
-4.7062422047244095
0
LINE
8
BLACK
6
CONTINUOUS
10
5.7280478346456691
20
-4.7062422047244095
11
5.7279661811023619
21
-4.7073914173228344
0
LINE
8
BLACK
6
CONTINUOUS
10
5.7279661811023619
20
-4.7073914173228344
11
5.7274509055118106
21
-4.7084219291338583
0
LINE
8
BLACK
6
CONTINUOUS
10
5.7274509055118106
20
-4.7084219291338583
11
5.7265805511811019
21
-4.7091767716535431
0
LINE
8
BLACK
6
CONTINUOUS
10
5.7265805511811019
20
-4.7091767716535431
11
5.725487559055118
21
-4.7095411023622047
0
LINE
8
BLACK
6
CONTINUOUS
10
5.725487559055118
20
-4.7095411023622047
11
5.724338346456693
21
-4.7094594488188974
0
LINE
8
BLACK
6
CONTINUOUS
10
5.724338346456693
20
-4.7094594488188974
11
5.7237977559055118
21
-4.709252559055118
0
LINE
8
BLACK
6
CONTINUOUS
10
5.7237977559055118
20
-4.709252559055118
11
5.7200482283464567
21
-4.7073777952755904
0
LINE
8
BLACK
6
CONTINUOUS
10
5.7200482283464567
20
-4.7073777952755904
11
5.7198003937007869
21
-4.7072217716535434
0
LINE
8
BLACK
6
CONTINUOUS
10
5.7198003937007869
20
-4.7072217716535434
11
5.7197282677165351
21
-4.7071919291338578
0
LINE
8
BLACK
6
CONTINUOUS
10
5.7197282677165351
20
-4.7071919291338578
11
5.7196470866141729
21
-4.7071253149606296
0
LINE
8
BLACK
6
CONTINUOUS
10
5.7196470866141729
20
-4.7071253149606296
11
5.7195583464566928
21
-4.7070694488188973
0
LINE
8
BLACK
6
CONTINUOUS
10
5.7195583464566928
20
-4.7070694488188973
11
5.7195072047244091
21
-4.7070105118110233
0
LINE
8
BLACK
6
CONTINUOUS
10
5.7195072047244091
20
-4.7070105118110233
11
5.7192808267716533
21
-4.7068246850393702
0
LINE
8
BLACK
6
CONTINUOUS
10
5.7192808267716533
20
-4.7068246850393702
11
5.716822440944882
21
-4.7043662992125981
0
LINE
8
BLACK
6
CONTINUOUS
10
5.716822440944882
20
-4.7043662992125981
11
5.716822440944882
21
-4.7317802755905509
0
LINE
8
BLACK
6
CONTINUOUS
10
5.716822440944882
20
-4.7317802755905509
11
5.7251182677165353
21
-4.7317802755905509
0
LINE
8
BLACK
6
CONTINUOUS
10
5.7251182677165353
20
-4.7317802755905509
11
5.7256943307086612
21
-4.7318370078740157
0
LINE
8
BLACK
6
CONTINUOUS
10
5.7256943307086612
20
-4.7318370078740157
11
5.7267587401574804
21
-4.7322779133858264
0
LINE
8
BLACK
6
CONTINUOUS
10
5.7267587401574804
20
-4.7322779133858264
11
5.7275733858267719
21
-4.7330925590551178
0
LINE
8
BLACK
6
CONTINUOUS
10
5.7275733858267719
20
-4.7330925590551178
11
5.7280142913385825
21
-4.7341569685039371
0
LINE
8
BLACK
6
CONTINUOUS
10
5.7280142913385825
20
-4.7341569685039371
11
5.7280142913385825
21
-4.7353090944881888
0
LINE
8
BLACK
6
CONTINUOUS
10
5.7280142913385825
20
-4.7353090944881888
11
5.7275733858267719
21
-4.7363735039370081
0
LINE
8
BLACK
6
CONTINUOUS
10
5.7275733858267719
20
-4.7363735039370081
11
5.7267587401574804
21
-4.7371881496062995
0
LINE
8
BLACK
6
CONTINUOUS
10
5.7267587401574804
20
-4.7371881496062995
11
5.7256943307086612
21
-4.7376290551181102
0
LINE
8
BLACK
6
CONTINUOUS
10
5.7256943307086612
20
-4.7376290551181102
11
5.7251182677165353
21
-4.737685787401575
0
LINE
8
BLACK
6
CONTINUOUS
10
5.7251182677165353
20
-4.737685787401575
11
5.7218461811023618
21
-4.737685787401575
0
LINE
8
BLACK
6
CONTINUOUS
10
5.7218461811023618
20
-4.737685787401575
11
5.7225241338582675
21
-4.7383637401574799
0
LINE
8
BLACK
6
CONTINUOUS
10
5.7225241338582675
20
-4.7383637401574799
11
5.7225241338582675
21
-4.7401716929133855
0
LINE
8
BLACK
6
CONTINUOUS
10
5.7225241338582675
20
-4.7401716929133855
11
5.7212457086614172
21
-4.7414501181102358
0
LINE
8
BLACK
6
CONTINUOUS
10
5.7212457086614172
20
-4.7414501181102358
11
5.7203417322834644
21
-4.7416299212598423
0
LINE
8
BLACK
6
CONTINUOUS
10
5.7203417322834644
20
-4.7416299212598423
11
5.7092724409448818
21
-4.7416299212598423
0
LINE
8
BLACK
6
CONTINUOUS
10
5.7092724409448818
20
-4.7416299212598423
11
5.708368464566929
21
-4.7414501181102358
0
LINE
8
BLACK
6
CONTINUOUS
10
5.708368464566929
20
-4.7414501181102358
11
5.7070900393700787
21
-4.7401716929133855
0
LINE
8
BLACK
6
CONTINUOUS
10
5.7070900393700787
20
-4.7401716929133855
11
5.7070900393700787
21
-4.7383637401574799
0
LINE
8
BLACK
6
CONTINUOUS
10
5.7070900393700787
20
-4.7383637401574799
11
5.7077679921259845
21
-4.737685787401575
0
LINE
8
BLACK
6
CONTINUOUS
10
5.7077679921259845
20
-4.737685787401575
11
5.7026211023622047
21
-4.737685787401575
0
LINE
8
BLACK
6
CONTINUOUS
10
5.7026211023622047
20
-4.737685787401575
11
5.7020450393700788
21
-4.7376290551181102
0
LINE
8
BLACK
6
CONTINUOUS
10
5.7020450393700788
20
-4.7376290551181102
11
5.7009806299212595
21
-4.7371881496062995
0
LINE
8
BLACK
6
CONTINUOUS
10
5.7009806299212595
20
-4.7371881496062995
11
5.7001659842519681
21
-4.7363735039370081
0
LINE
8
BLACK
6
CONTINUOUS
10
5.7001659842519681
20
-4.7363735039370081
11
5.6997250787401574
21
-4.7353090944881888
0
LINE
8
BLACK
6
CONTINUOUS
10
5.6997250787401574
20
-4.7353090944881888
11
5.6997250787401574
21
-4.7341569685039371
0
LINE
8
BLACK
6
CONTINUOUS
10
5.6997250787401574
20
-4.7341569685039371
11
5.7001659842519681
21
-4.7330925590551178
0
LINE
8
BLACK
6
CONTINUOUS
10
5.7001659842519681
20
-4.7330925590551178
11
5.7009806299212595
21
-4.7322779133858264
0
LINE
8
BLACK
6
CONTINUOUS
10
5.7009806299212595
20
-4.7322779133858264
11
5.7020450393700788
21
-4.7318370078740157
0
LINE
8
BLACK
6
CONTINUOUS
10
5.7020450393700788
20
-4.7318370078740157
11
5.7026211023622047
21
-4.7317802755905509
0
LINE
8
BLACK
6
CONTINUOUS
10
5.7026211023622047
20
-4.7317802755905509
11
5.710916929133858
21
-4.7317802755905509
0
LINE
8
BLACK
6
CONTINUOUS
10
5.710916929133858
20
-4.7317802755905509
11
5.710916929133858
21
-4.6953629527559055
0
LINE
8
BLACK
6
CONTINUOUS
10
5.710916929133858
20
-4.6953629527559055
11
5.7109171259842517
21
-4.6953608661417325
0
LINE
8
BLACK
6
CONTINUOUS
10
5.7109171259842517
20
-4.6953608661417325
11
5.710916929133858
21
-4.695359842519685
0
LINE
8
BLACK
6
CONTINUOUS
10
5.710916929133858
20
-4.695359842519685
11
5.7109175196850392
21
-4.6953568110236219
0
LINE
8
BLACK
6
CONTINUOUS
10
5.7109175196850392
20
-4.6953568110236219
11
5.7109736614173228
21
-4.6947868897637797
0
LINE
8
BLACK
6
CONTINUOUS
10
5.7109736614173228
20
-4.6947868897637797
11
5.7110855118110235
21
-4.694516771653543
0
LINE
8
BLACK
6
CONTINUOUS
10
5.7110855118110235
20
-4.694516771653543
11
5.7111428740157475
21
-4.6942301574803151
0
LINE
8
BLACK
6
CONTINUOUS
10
5.7111428740157475
20
-4.6942301574803151
11
5.7113038188976377
21
-4.6939897637795278
0
LINE
8
BLACK
6
CONTINUOUS
10
5.7113038188976377
20
-4.6939897637795278
11
5.7114145669291334
21
-4.6937224803149604
0
LINE
8
BLACK
6
CONTINUOUS
10
5.7114145669291334
20
-4.6937224803149604
11
5.7116212598425191
21
-4.693515748031496
0
LINE
8
BLACK
6
CONTINUOUS
10
5.7116212598425191
20
-4.693515748031496
11
5.7117839370078736
21
-4.6932728740157481
0
LINE
8
BLACK
6
CONTINUOUS
10
5.7117839370078736
20
-4.6932728740157481
11
5.7120246456692909
21
-4.6931123622047242
0
LINE
8
BLACK
6
CONTINUOUS
10
5.7120246456692909
20
-4.6931123622047242
11
5.7122292125984249
21
-4.692907834645669
0
LINE
8
BLACK
6
CONTINUOUS
10
5.7122292125984249
20
-4.692907834645669
11
5.7124992913385828
21
-4.6927959448818894
0
LINE
8
BLACK
6
CONTINUOUS
10
5.7124992913385828
20
-4.6927959448818894
11
5.7127425590551182
21
-4.6926337795275588
0
LINE
8
BLACK
6
CONTINUOUS
10
5.7127425590551182
20
-4.6926337795275588
11
5.7130263385826767
21
-4.6925776377952753
0
LINE
8
BLACK
6
CONTINUOUS
10
5.7130263385826767
20
-4.6925776377952753
11
5.7132936220472441
21
-4.6924669291338583
0
LINE
8
BLACK
6
CONTINUOUS
10
5.7132936220472441
20
-4.6924669291338583
11
5.7135860236220468
21
-4.6924669291338583
0
LINE
8
BLACK
6
CONTINUOUS
10
5.7135860236220468
20
-4.6924669291338583
11
5.7138727952755906
21
-4.6924101968503935
0
LINE
8
BLACK
6
CONTINUOUS
10
5.7138727952755906
20
-4.6924101968503935
11
5.7141564566929128
21
-4.6924669291338583
0
LINE
8
BLACK
6
CONTINUOUS
10
5.1446481889763778
20
-4.6924669291338583
11
5.145712598425197
21
-4.692907834645669
0
LINE
8
BLACK
6
CONTINUOUS
10
5.145712598425197
20
-4.692907834645669
11
5.1465272440944885
21
-4.6937224803149604
0
LINE
8
BLACK
6
CONTINUOUS
10
5.1465272440944885
20
-4.6937224803149604
11
5.1469681496062991
21
-4.6947868897637797
0
LINE
8
BLACK
6
CONTINUOUS
10
5.1469681496062991
20
-4.6947868897637797
11
5.1469681496062991
21
-4.6959390157480314
0
LINE
8
BLACK
6
CONTINUOUS
10
5.1469681496062991
20
-4.6959390157480314
11
5.1465272440944885
21
-4.6970034251968507
0
LINE
8
BLACK
6
CONTINUOUS
10
5.1465272440944885
20
-4.6970034251968507
11
5.145712598425197
21
-4.6978180708661412
0
LINE
8
BLACK
6
CONTINUOUS
10
5.145712598425197
20
-4.6978180708661412
11
5.1446481889763778
21
-4.6982589763779528
0
LINE
8
BLACK
6
CONTINUOUS
10
5.1446481889763778
20
-4.6982589763779528
11
5.1440721259842519
21
-4.6983157086614176
0
LINE
8
BLACK
6
CONTINUOUS
10
5.1440721259842519
20
-4.6983157086614176
11
5.1262073622047239
21
-4.6983157086614176
0
LINE
8
BLACK
6
CONTINUOUS
10
5.1262073622047239
20
-4.6983157086614176
11
5.1350457086614174
21
-4.7084166535433072
0
LINE
8
BLACK
6
CONTINUOUS
10
5.1350457086614174
20
-4.7084166535433072
11
5.1352237007874013
21
-4.7086656299212599
0
LINE
8
BLACK
6
CONTINUOUS
10
5.1352237007874013
20
-4.7086656299212599
11
5.1352786614173231
21
-4.7087205905511809
0
LINE
8
BLACK
6
CONTINUOUS
10
5.1352786614173231
20
-4.7087205905511809
11
5.1353002362204725
21
-4.7087726771653546
0
LINE
8
BLACK
6
CONTINUOUS
10
5.1353002362204725
20
-4.7087726771653546
11
5.1353823622047239
21
-4.7088875590551176
0
LINE
8
BLACK
6
CONTINUOUS
10
5.1353823622047239
20
-4.7088875590551176
11
5.13553594488189
21
-4.7093417716535431
0
LINE
8
BLACK
6
CONTINUOUS
10
5.13553594488189
20
-4.7093417716535431
11
5.1357195669291338
21
-4.7097850000000001
0
LINE
8
BLACK
6
CONTINUOUS
10
5.1357195669291338
20
-4.7097850000000001
11
5.1357195669291338
21
-4.7098846062992124
0
LINE
8
BLACK
6
CONTINUOUS
10
5.1357195669291338
20
-4.7098846062992124
11
5.1357514566929137
21
-4.7099789370078735
0
LINE
8
BLACK
6
CONTINUOUS
10
5.1357514566929137
20
-4.7099789370078735
11
5.1357195669291338
21
-4.7104574015748026
0
LINE
8
BLACK
6
CONTINUOUS
10
5.1357195669291338
20
-4.7104574015748026
11
5.1357195669291338
21
-4.7109371259842518
0
LINE
8
BLACK
6
CONTINUOUS
10
5.1357195669291338
20
-4.7109371259842518
11
5.1356814566929136
21
-4.7110290944881887
0
LINE
8
BLACK
6
CONTINUOUS
10
5.1356814566929136
20
-4.7110290944881887
11
5.135674842519685
21
-4.7111284645669294
0
LINE
8
BLACK
6
CONTINUOUS
10
5.135674842519685
20
-4.7111284645669294
11
5.1354621259842519
21
-4.7115585826771653
0
LINE
8
BLACK
6
CONTINUOUS
10
5.1354621259842519
20
-4.7115585826771653
11
5.1352786614173231
21
-4.7120015354330711
0
LINE
8
BLACK
6
CONTINUOUS
10
5.1352786614173231
20
-4.7120015354330711
11
5.1352083070866144
21
-4.7120718503937002
0
LINE
8
BLACK
6
CONTINUOUS
10
5.1352083070866144
20
-4.7120718503937002
11
5.1351641338582672
21
-4.7121612204724412
0
LINE
8
BLACK
6
CONTINUOUS
10
5.1351641338582672
20
-4.7121612204724412
11
5.1348029921259846
21
-4.7124771653543309
0
LINE
8
BLACK
6
CONTINUOUS
10
5.1348029921259846
20
-4.7124771653543309
11
5.1344640157480317
21
-4.7128161811023617
0
LINE
8
BLACK
6
CONTINUOUS
10
5.1344640157480317
20
-4.7128161811023617
11
5.134372007874016
21
-4.7128542913385827
0
LINE
8
BLACK
6
CONTINUOUS
10
5.134372007874016
20
-4.7128542913385827
11
5.1342970472440941
21
-4.7129198818897633
0
LINE
8
BLACK
6
CONTINUOUS
10
5.1342970472440941
20
-4.7129198818897633
11
5.1338427952755907
21
-4.7130734645669294
0
LINE
8
BLACK
6
CONTINUOUS
10
5.1338427952755907
20
-4.7130734645669294
11
5.1333996062992124
21
-4.7132570866141732
0
LINE
8
BLACK
6
CONTINUOUS
10
5.1333996062992124
20
-4.7132570866141732
11
5.1332590157480311
21
-4.7132709055118109
0
LINE
8
BLACK
6
CONTINUOUS
10
5.1332590157480311
20
-4.7132709055118109
11
5.1332056692913381
21
-4.7132889763779531
0
LINE
8
BLACK
6
CONTINUOUS
10
5.1332056692913381
20
-4.7132889763779531
11
5.1331281889763778
21
-4.7132837795275586
0
LINE
8
BLACK
6
CONTINUOUS
10
5.1331281889763778
20
-4.7132837795275586
11
5.1328235433070866
21
-4.713313818897638
0
LINE
8
BLACK
6
CONTINUOUS
10
5.1328235433070866
20
-4.713313818897638
11
5.1278962992125985
21
-4.713313818897638
0
LINE
8
BLACK
6
CONTINUOUS
10
5.1278962992125985
20
-4.713313818897638
11
5.1251988188976378
21
-4.7146625590551183
0
LINE
8
BLACK
6
CONTINUOUS
10
5.1251988188976378
20
-4.7146625590551183
11
5.124001692913386
21
-4.7158596850393701
0
LINE
8
BLACK
6
CONTINUOUS
10
5.124001692913386
20
-4.7158596850393701
11
5.1226529527559057
21
-4.7185571653543308
0
LINE
8
BLACK
6
CONTINUOUS
10
5.1226529527559057
20
-4.7185571653543308
11
5.1226529527559057
21
-4.7265368897637794
0
LINE
8
BLACK
6
CONTINUOUS
10
5.1226529527559057
20
-4.7265368897637794
11
5.124001692913386
21
-4.72923437007874
0
LINE
8
BLACK
6
CONTINUOUS
10
5.124001692913386
20
-4.72923437007874
11
5.1251988188976378
21
-4.7304315354330706
0
LINE
8
BLACK
6
CONTINUOUS
10
5.1251988188976378
20
-4.7304315354330706
11
5.1278962992125985
21
-4.7317802755905509
0
LINE
8
BLACK
6
CONTINUOUS
10
5.1278962992125985
20
-4.7317802755905509
11
5.1377507874015746
21
-4.7317802755905509
0
LINE
8
BLACK
6
CONTINUOUS
10
5.1377507874015746
20
-4.7317802755905509
11
5.1404482283464565
21
-4.7304315354330706
0
LINE
8
BLACK
6
CONTINUOUS
10
5.1404482283464565
20
-4.7304315354330706
11
5.1419841732283462
21
-4.7288955905511809
0
LINE
8
BLACK
6
CONTINUOUS
10
5.1419841732283462
20
-4.7288955905511809
11
5.1424316535433068
21
-4.7285283464566925
0
LINE
8
BLACK
6
CONTINUOUS
10
5.1424316535433068
20
-4.7285283464566925
11
5.143496062992126
21
-4.7280874409448819
0
LINE
8
BLACK
6
CONTINUOUS
10
5.143496062992126
20
-4.7280874409448819
11
5.144648149606299
21
-4.7280874409448819
0
LINE
8
BLACK
6
CONTINUOUS
10
5.144648149606299
20
-4.7280874409448819
11
5.1457125590551183
21
-4.7285283070866138
0
LINE
8
BLACK
6
CONTINUOUS
10
5.1457125590551183
20
-4.7285283070866138
11
5.1465272440944885
21
-4.729342992125984
0
LINE
8
BLACK
6
CONTINUOUS
10
5.1465272440944885
20
-4.729342992125984
11
5.1469681496062991
21
-4.7304074015748032
0
LINE
8
BLACK
6
CONTINUOUS
10
5.1469681496062991
20
-4.7304074015748032
11
5.1469681496062991
21
-4.7315594881889762
0
LINE
8
BLACK
6
CONTINUOUS
10
5.1469681496062991
20
-4.7315594881889762
11
5.1465272834645672
21
-4.7326238976377955
0
LINE
8
BLACK
6
CONTINUOUS
10
5.1465272834645672
20
-4.7326238976377955
11
5.1461600393700788
21
-4.733071377952756
0
LINE
8
BLACK
6
CONTINUOUS
10
5.1461600393700788
20
-4.733071377952756
11
5.14428531496063
21
-4.7349461417322836
0
LINE
8
BLACK
6
CONTINUOUS
10
5.14428531496063
20
-4.7349461417322836
11
5.1440589370078742
21
-4.7351318897637791
0
LINE
8
BLACK
6
CONTINUOUS
10
5.1440589370078742
20
-4.7351318897637791
11
5.1440077559055117
21
-4.7351909448818894
0
LINE
8
BLACK
6
CONTINUOUS
10
5.1440077559055117
20
-4.7351909448818894
11
5.1439187795275592
21
-4.7352469291338579
0
LINE
8
BLACK
6
CONTINUOUS
10
5.1439187795275592
20
-4.7352469291338579
11
5.1438378346456695
21
-4.735313385826772
0
LINE
8
BLACK
6
CONTINUOUS
10
5.1438378346456695
20
-4.735313385826772
11
5.1437658661417318
21
-4.735343188976378
0
LINE
8
BLACK
6
CONTINUOUS
10
5.1437658661417318
20
-4.735343188976378
11
5.1435178740157479
21
-4.7354992913385825
0
LINE
8
BLACK
6
CONTINUOUS
10
5.1435178740157479
20
-4.7354992913385825
11
5.1397683464566928
21
-4.73737405511811
0
LINE
8
BLACK
6
CONTINUOUS
10
5.1397683464566928
20
-4.73737405511811
11
5.1392277165354328
21
-4.7375809448818895
0
LINE
8
BLACK
6
CONTINUOUS
10
5.1392277165354328
20
-4.7375809448818895
11
5.1391218897637794
21
-4.7375884251968499
0
LINE
8
BLACK
6
CONTINUOUS
10
5.1391218897637794
20
-4.7375884251968499
11
5.1390238976377951
21
-4.7376290551181102
0
LINE
8
BLACK
6
CONTINUOUS
10
5.1390238976377951
20
-4.7376290551181102
11
5.1384478346456692
21
-4.737685787401575
0
LINE
8
BLACK
6
CONTINUOUS
10
5.1384478346456692
20
-4.737685787401575
11
5.1271992519685039
21
-4.737685787401575
0
LINE
8
BLACK
6
CONTINUOUS
10
5.1271992519685039
20
-4.737685787401575
11
5.126623188976378
21
-4.7376290551181102
0
LINE
8
BLACK
6
CONTINUOUS
10
5.126623188976378
20
-4.7376290551181102
11
5.1265251968503938
21
-4.7375884645669286
0
LINE
8
BLACK
6
CONTINUOUS
10
5.1265251968503938
20
-4.7375884645669286
11
5.1264193307086616
21
-4.7375809448818895
0
LINE
8
BLACK
6
CONTINUOUS
10
5.1264193307086616
20
-4.7375809448818895
11
5.1258787401574804
21
-4.73737405511811
0
LINE
8
BLACK
6
CONTINUOUS
10
5.1258787401574804
20
-4.73737405511811
11
5.1221292125984252
21
-4.7354992913385825
0
LINE
8
BLACK
6
CONTINUOUS
10
5.1221292125984252
20
-4.7354992913385825
11
5.1218811811023617
21
-4.735343188976378
0
LINE
8
BLACK
6
CONTINUOUS
10
5.1218811811023617
20
-4.735343188976378
11
5.1218092519685037
21
-4.735313385826772
0
LINE
8
BLACK
6
CONTINUOUS
10
5.1218092519685037
20
-4.735313385826772
11
5.1217282677165352
21
-4.7352469291338579
0
LINE
8
BLACK
6
CONTINUOUS
10
5.1217282677165352
20
-4.7352469291338579
11
5.1216393307086614
21
-4.7351909448818894
0
LINE
8
BLACK
6
CONTINUOUS
10
5.1216393307086614
20
-4.7351909448818894
11
5.1215881102362202
21
-4.7351318897637791
0
LINE
8
BLACK
6
CONTINUOUS
10
5.1215881102362202
20
-4.7351318897637791
11
5.1213617716535431
21
-4.7349461417322836
0
LINE
8
BLACK
6
CONTINUOUS
10
5.1213617716535431
20
-4.7349461417322836
11
5.1194870078740156
21
-4.7330713385826773
0
LINE
8
BLACK
6
CONTINUOUS
10
5.1194870078740156
20
-4.7330713385826773
11
5.1193012598425192
21
-4.7328450000000002
0
LINE
8
BLACK
6
CONTINUOUS
10
5.1193012598425192
20
-4.7328450000000002
11
5.1192422834645672
21
-4.7327938582677165
0
LINE
8
BLACK
6
CONTINUOUS
10
5.1192422834645672
20
-4.7327938582677165
11
5.1191862992125987
21
-4.7327049212598427
0
LINE
8
BLACK
6
CONTINUOUS
10
5.1191862992125987
20
-4.7327049212598427
11
5.1191198031496059
21
-4.7326238976377955
0
LINE
8
BLACK
6
CONTINUOUS
10
5.1191198031496059
20
-4.7326238976377955
11
5.1190899606299212
21
-4.7325518503937003
0
LINE
8
BLACK
6
CONTINUOUS
10
5.1190899606299212
20
-4.7325518503937003
11
5.1189339370078741
21
-4.7323039763779526
0
LINE
8
BLACK
6
CONTINUOUS
10
5.1189339370078741
20
-4.7323039763779526
11
5.1170591732283466
21
-4.7285544488188975
0
LINE
8
BLACK
6
CONTINUOUS
10
5.1170591732283466
20
-4.7285544488188975
11
5.1168522834645671
21
-4.7280138188976375
0
LINE
8
BLACK
6
CONTINUOUS
10
5.1168522834645671
20
-4.7280138188976375
11
5.1168447637795271
21
-4.7279079921259841
0
LINE
8
BLACK
6
CONTINUOUS
10
5.1168447637795271
20
-4.7279079921259841
11
5.1168041732283465
21
-4.7278099999999998
0
LINE
8
BLACK
6
CONTINUOUS
10
5.1168041732283465
20
-4.7278099999999998
11
5.1167474409448817
21
-4.727233937007874
0
LINE
8
BLACK
6
CONTINUOUS
10
5.1167474409448817
20
-4.727233937007874
11
5.1167474409448817
21
-4.7178601181102362
0
LINE
8
BLACK
6
CONTINUOUS
10
5.1167474409448817
20
-4.7178601181102362
11
5.1168041732283465
21
-4.7172840551181103
0
LINE
8
BLACK
6
CONTINUOUS
10
5.1168041732283465
20
-4.7172840551181103
11
5.1168447637795271
21
-4.7171860236220473
0
LINE
8
BLACK
6
CONTINUOUS
10
5.1168447637795271
20
-4.7171860236220473
11
5.1168522834645671
21
-4.7170802362204727
0
LINE
8
BLACK
6
CONTINUOUS
10
5.1168522834645671
20
-4.7170802362204727
11
5.1170591732283466
21
-4.7165396062992127
0
LINE
8
BLACK
6
CONTINUOUS
10
5.1170591732283466
20
-4.7165396062992127
11
5.1189339370078741
21
-4.7127900787401575
0
LINE
8
BLACK
6
CONTINUOUS
10
5.1189339370078741
20
-4.7127900787401575
11
5.1190899999999999
21
-4.712542047244094
0
LINE
8
BLACK
6
CONTINUOUS
10
5.1190899999999999
20
-4.712542047244094
11
5.1191198425196847
21
-4.712470118110236
0
LINE
8
BLACK
6
CONTINUOUS
10
5.1191198425196847
20
-4.712470118110236
11
5.1191862992125987
21
-4.7123891338582675
0
LINE
8
BLACK
6
CONTINUOUS
10
5.1191862992125987
20
-4.7123891338582675
11
5.1192422834645672
21
-4.7123001968503937
0
LINE
8
BLACK
6
CONTINUOUS
10
5.1192422834645672
20
-4.7123001968503937
11
5.1193012598425192
21
-4.7122490157480312
0
LINE
8
BLACK
6
CONTINUOUS
10
5.1193012598425192
20
-4.7122490157480312
11
5.1194870472440943
21
-4.7120226771653542
0
LINE
8
BLACK
6
CONTINUOUS
10
5.1194870472440943
20
-4.7120226771653542
11
5.1213618110236219
21
-4.7101479133858266
0
LINE
8
BLACK
6
CONTINUOUS
10
5.1213618110236219
20
-4.7101479133858266
11
5.1215881496062989
21
-4.7099621259842515
0
LINE
8
BLACK
6
CONTINUOUS
10
5.1215881496062989
20
-4.7099621259842515
11
5.1216393307086614
21
-4.7099031496062995
0
LINE
8
BLACK
6
CONTINUOUS
10
5.1216393307086614
20
-4.7099031496062995
11
5.1217282677165352
21
-4.709847165354331
0
LINE
8
BLACK
6
CONTINUOUS
10
5.1217282677165352
20
-4.709847165354331
11
5.1218092519685037
21
-4.709780708661417
0
LINE
8
BLACK
6
CONTINUOUS
10
5.1218092519685037
20
-4.709780708661417
11
5.1218811811023617
21
-4.7097508661417322
0
LINE
8
BLACK
6
CONTINUOUS
10
5.1218811811023617
20
-4.7097508661417322
11
5.1221292125984252
21
-4.7095948031496064
0
LINE
8
BLACK
6
CONTINUOUS
10
5.1221292125984252
20
-4.7095948031496064
11
5.1258787401574804
21
-4.7077200393700789
0
LINE
8
BLACK
6
CONTINUOUS
10
5.1258787401574804
20
-4.7077200393700789
11
5.1264109055118112
21
-4.7075163385826775
0
LINE
8
BLACK
6
CONTINUOUS
10
5.1264109055118112
20
-4.7075163385826775
11
5.1174780314960628
21
-4.6973073622047243
0
LINE
8
BLACK
6
CONTINUOUS
10
5.1174780314960628
20
-4.6973073622047243
11
5.1173000000000002
21
-4.6970583464566928
0
LINE
8
BLACK
6
CONTINUOUS
10
5.1173000000000002
20
-4.6970583464566928
11
5.1172450787401571
21
-4.6970034251968507
0
LINE
8
BLACK
6
CONTINUOUS
10
5.1172450787401571
20
-4.6970034251968507
11
5.117223464566929
21
-4.6969512992125981
0
LINE
8
BLACK
6
CONTINUOUS
10
5.117223464566929
20
-4.6969512992125981
11
5.1171413779527555
21
-4.6968364566929131
0
LINE
8
BLACK
6
CONTINUOUS
10
5.1171413779527555
20
-4.6968364566929131
11
5.1169877559055115
21
-4.6963822047244097
0
LINE
8
BLACK
6
CONTINUOUS
10
5.1169877559055115
20
-4.6963822047244097
11
5.1168041732283465
21
-4.6959390157480314
0
LINE
8
BLACK
6
CONTINUOUS
10
5.1168041732283465
20
-4.6959390157480314
11
5.1168041732283465
21
-4.6958393700787404
0
LINE
8
BLACK
6
CONTINUOUS
10
5.1168041732283465
20
-4.6958393700787404
11
5.1167722834645666
21
-4.6957450787401571
0
LINE
8
BLACK
6
CONTINUOUS
10
5.1167722834645666
20
-4.6957450787401571
11
5.1168041732283465
21
-4.6952665748031492
0
LINE
8
BLACK
6
CONTINUOUS
10
5.1168041732283465
20
-4.6952665748031492
11
5.1168041732283465
21
-4.6947868897637797
0
LINE
8
BLACK
6
CONTINUOUS
10
5.1168041732283465
20
-4.6947868897637797
11
5.1168422440944878
21
-4.694694881889764
0
LINE
8
BLACK
6
CONTINUOUS
10
5.1168422440944878
20
-4.694694881889764
11
5.1168488976377953
21
-4.6945955511811022
0
LINE
8
BLACK
6
CONTINUOUS
10
5.1168488976377953
20
-4.6945955511811022
11
5.1170615748031496
21
-4.6941653937007874
0
LINE
8
BLACK
6
CONTINUOUS
10
5.1170615748031496
20
-4.6941653937007874
11
5.1172450787401571
21
-4.6937224803149604
0
LINE
8
BLACK
6
CONTINUOUS
10
5.1172450787401571
20
-4.6937224803149604
11
5.1173153937007871
21
-4.6936521259842516
0
LINE
8
BLACK
6
CONTINUOUS
10
5.1173153937007871
20
-4.6936521259842516
11
5.1173596062992122
21
-4.6935627952755903
0
LINE
8
BLACK
6
CONTINUOUS
10
5.1173596062992122
20
-4.6935627952755903
11
5.1177207086614169
21
-4.6932468110236218
0
LINE
8
BLACK
6
CONTINUOUS
10
5.1177207086614169
20
-4.6932468110236218
11
5.1180597244094486
21
-4.692907834645669
0
LINE
8
BLACK
6
CONTINUOUS
10
5.1180597244094486
20
-4.692907834645669
11
5.1181516929133855
21
-4.6928696850393701
0
LINE
8
BLACK
6
CONTINUOUS
10
5.1181516929133855
20
-4.6928696850393701
11
5.1182266929133853
21
-4.6928041338582673
0
LINE
8
BLACK
6
CONTINUOUS
10
5.1182266929133853
20
-4.6928041338582673
11
5.1186809055118108
21
-4.6926505118110233
0
LINE
8
BLACK
6
CONTINUOUS
10
5.1186809055118108
20
-4.6926505118110233
11
5.1191241338582678
21
-4.6924669291338583
0
LINE
8
BLACK
6
CONTINUOUS
10
5.1191241338582678
20
-4.6924669291338583
11
5.1192646850393704
21
-4.6924530708661418
0
LINE
8
BLACK
6
CONTINUOUS
10
5.1192646850393704
20
-4.6924530708661418
11
5.1193180708661412
21
-4.6924350393700784
0
LINE
8
BLACK
6
CONTINUOUS
10
5.1193180708661412
20
-4.6924350393700784
11
5.1193955118110237
21
-4.6924401968503933
0
LINE
8
BLACK
6
CONTINUOUS
10
5.1193955118110237
20
-4.6924401968503933
11
5.1197001968503937
21
-4.6924101968503935
0
LINE
8
BLACK
6
CONTINUOUS
10
5.1197001968503937
20
-4.6924101968503935
11
5.1440721259842519
21
-4.6924101968503935
0
LINE
8
BLACK
6
CONTINUOUS
10
5.1440721259842519
20
-4.6924101968503935
11
5.1446481889763778
21
-4.6924669291338583
0
LINE
8
BLACK
6
CONTINUOUS
10
5.1687356299212599
20
-4.6924388976377953
11
5.1688133858267715
21
-4.6924333858267717
0
LINE
8
BLACK
6
CONTINUOUS
10
5.1688133858267715
20
-4.6924333858267717
11
5.1689156299212593
21
-4.6924566141732287
0
LINE
8
BLACK
6
CONTINUOUS
10
5.1689156299212593
20
-4.6924566141732287
11
5.1690201574803147
21
-4.6924669291338583
0
LINE
8
BLACK
6
CONTINUOUS
10
5.1690201574803147
20
-4.6924669291338583
11
5.1690922440944878
21
-4.6924967716535431
0
LINE
8
BLACK
6
CONTINUOUS
10
5.1690922440944878
20
-4.6924967716535431
11
5.1693778346456689
21
-4.6925617322834645
0
LINE
8
BLACK
6
CONTINUOUS
10
5.1693778346456689
20
-4.6925617322834645
11
5.1750021259842516
21
-4.6944364960629921
0
LINE
8
BLACK
6
CONTINUOUS
10
5.1750021259842516
20
-4.6944364960629921
11
5.1755306692913381
21
-4.6946724803149609
0
LINE
8
BLACK
6
CONTINUOUS
10
5.1755306692913381
20
-4.6946724803149609
11
5.1756107874015749
21
-4.6947419685039371
0
LINE
8
BLACK
6
CONTINUOUS
10
5.1756107874015749
20
-4.6947419685039371
11
5.1757088582677166
21
-4.6947825984251965
0
LINE
8
BLACK
6
CONTINUOUS
10
5.1757088582677166
20
-4.6947825984251965
11
5.1761562992125985
21
-4.6951498031496062
0
LINE
8
BLACK
6
CONTINUOUS
10
5.1761562992125985
20
-4.6951498031496062
11
5.1799058267716536
21
-4.6988993307086613
0
LINE
8
BLACK
6
CONTINUOUS
10
5.1799058267716536
20
-4.6988993307086613
11
5.1800916535433066
21
-4.6991257086614171
0
LINE
8
BLACK
6
CONTINUOUS
10
5.1800916535433066
20
-4.6991257086614171
11
5.1801505905511807
21
-4.6991768503937008
0
LINE
8
BLACK
6
CONTINUOUS
10
5.1801505905511807
20
-4.6991768503937008
11
5.1802064566929129
21
-4.6992655905511809
0
LINE
8
BLACK
6
CONTINUOUS
10
5.1802064566929129
20
-4.6992655905511809
11
5.180273070866142
21
-4.6993467716535431
0
LINE
8
BLACK
6
CONTINUOUS
10
5.180273070866142
20
-4.6993467716535431
11
5.1803029133858267
21
-4.6994188976377949
0
LINE
8
BLACK
6
CONTINUOUS
10
5.1803029133858267
20
-4.6994188976377949
11
5.1804589370078737
21
-4.6996667322834647
0
LINE
8
BLACK
6
CONTINUOUS
10
5.1804589370078737
20
-4.6996667322834647
11
5.1823337007874013
21
-4.7034162598425198
0
LINE
8
BLACK
6
CONTINUOUS
10
5.1823337007874013
20
-4.7034162598425198
11
5.1823498031496058
21
-4.703458346456693
0
LINE
8
BLACK
6
CONTINUOUS
10
5.1823498031496058
20
-4.703458346456693
11
5.1823625196850394
21
-4.7034755118110239
0
LINE
8
BLACK
6
CONTINUOUS
10
5.1823625196850394
20
-4.7034755118110239
11
5.1824488188976376
21
-4.7037170866141729
0
LINE
8
BLACK
6
CONTINUOUS
10
5.1824488188976376
20
-4.7037170866141729
11
5.1825405905511808
21
-4.703956850393701
0
LINE
8
BLACK
6
CONTINUOUS
10
5.1825405905511808
20
-4.703956850393701
11
5.1825420866141734
21
-4.7039781102362204
0
LINE
8
BLACK
6
CONTINUOUS
10
5.1825420866141734
20
-4.7039781102362204
11
5.1825572834645666
21
-4.7040206299212599
0
LINE
8
BLACK
6
CONTINUOUS
10
5.1825572834645666
20
-4.7040206299212599
11
5.1844320472440941
21
-4.7115196850393701
0
LINE
8
BLACK
6
CONTINUOUS
10
5.1844320472440941
20
-4.7115196850393701
11
5.1844468110236219
21
-4.7116195275590549
0
LINE
8
BLACK
6
CONTINUOUS
10
5.1844468110236219
20
-4.7116195275590549
11
5.184463464566929
21
-4.7116597637795277
0
LINE
8
BLACK
6
CONTINUOUS
10
5.184463464566929
20
-4.7116597637795277
11
5.1844848031496058
21
-4.711876771653543
0
LINE
8
BLACK
6
CONTINUOUS
10
5.1844848031496058
20
-4.711876771653543
11
5.1845166929133857
21
-4.7120922834645667
0
LINE
8
BLACK
6
CONTINUOUS
10
5.1845166929133857
20
-4.7120922834645667
11
5.1845102755905508
21
-4.7121352755905512
0
LINE
8
BLACK
6
CONTINUOUS
10
5.1845102755905508
20
-4.7121352755905512
11
5.1845201968503938
21
-4.7122358267716535
0
LINE
8
BLACK
6
CONTINUOUS
10
5.1845201968503938
20
-4.7122358267716535
11
5.1845201968503938
21
-4.7178601181102362
0
LINE
8
BLACK
6
CONTINUOUS
10
5.1845201968503938
20
-4.7178601181102362
11
5.1845102755905508
21
-4.7179606299212598
0
LINE
8
BLACK
6
CONTINUOUS
10
5.1845102755905508
20
-4.7179606299212598
11
5.1845166929133857
21
-4.7180036614173231
0
LINE
8
BLACK
6
CONTINUOUS
10
5.1845166929133857
20
-4.7180036614173231
11
5.1844848031496058
21
-4.718219133858268
0
LINE
8
BLACK
6
CONTINUOUS
10
5.1844848031496058
20
-4.718219133858268
11
5.184463464566929
21
-4.7184361811023621
0
LINE
8
BLACK
6
CONTINUOUS
10
5.184463464566929
20
-4.7184361811023621
11
5.1844468110236219
21
-4.7184763779527561
0
LINE
8
BLACK
6
CONTINUOUS
10
5.1844468110236219
20
-4.7184763779527561
11
5.1844320472440941
21
-4.7185762598425196
0
LINE
8
BLACK
6
CONTINUOUS
10
5.1844320472440941
20
-4.7185762598425196
11
5.1825572834645666
21
-4.7260753149606298
0
LINE
8
BLACK
6
CONTINUOUS
10
5.1825572834645666
20
-4.7260753149606298
11
5.1825420866141734
21
-4.7261177952755906
0
LINE
8
BLACK
6
CONTINUOUS
10
5.1825420866141734
20
-4.7261177952755906
11
5.1825405905511808
21
-4.7261390944881887
0
LINE
8
BLACK
6
CONTINUOUS
10
5.1825405905511808
20
-4.7261390944881887
11
5.1824488188976376
21
-4.7263788188976381
0
LINE
8
BLACK
6
CONTINUOUS
10
5.1824488188976376
20
-4.7263788188976381
11
5.1823625196850394
21
-4.7266204330708659
0
LINE
8
BLACK
6
CONTINUOUS
10
5.1823625196850394
20
-4.7266204330708659
11
5.1823498031496058
21
-4.726637559055118
0
LINE
8
BLACK
6
CONTINUOUS
10
5.1823498031496058
20
-4.726637559055118
11
5.1823337007874013
21
-4.72667968503937
0
LINE
8
BLACK
6
CONTINUOUS
10
5.1823337007874013
20
-4.72667968503937
11
5.1804589370078737
21
-4.7304292125984251
0
LINE
8
BLACK
6
CONTINUOUS
10
5.1804589370078737
20
-4.7304292125984251
11
5.180302874015748
21
-4.7306770866141727
0
LINE
8
BLACK
6
CONTINUOUS
10
5.180302874015748
20
-4.7306770866141727
11
5.180273070866142
21
-4.7307491338582679
0
LINE
8
BLACK
6
CONTINUOUS
10
5.180273070866142
20
-4.7307491338582679
11
5.1802065354330704
21
-4.7308301574803151
0
LINE
8
BLACK
6
CONTINUOUS
10
5.1802065354330704
20
-4.7308301574803151
11
5.1801505905511807
21
-4.7309190944881889
0
LINE
8
BLACK
6
CONTINUOUS
10
5.1801505905511807
20
-4.7309190944881889
11
5.1800915748031491
21
-4.7309702362204726
0
LINE
8
BLACK
6
CONTINUOUS
10
5.1800915748031491
20
-4.7309702362204726
11
5.1799058661417323
21
-4.7311965748031497
0
LINE
8
BLACK
6
CONTINUOUS
10
5.1799058661417323
20
-4.7311965748031497
11
5.1761562992125985
21
-4.7349461811023623
0
LINE
8
BLACK
6
CONTINUOUS
10
5.1761562992125985
20
-4.7349461811023623
11
5.1757088582677166
21
-4.735313385826772
0
LINE
8
BLACK
6
CONTINUOUS
10
5.1757088582677166
20
-4.735313385826772
11
5.1756107874015749
21
-4.7353539763779526
0
LINE
8
BLACK
6
CONTINUOUS
10
5.1756107874015749
20
-4.7353539763779526
11
5.1755306692913381
21
-4.7354235039370076
0
LINE
8
BLACK
6
CONTINUOUS
10
5.1755306692913381
20
-4.7354235039370076
11
5.1750021259842516
21
-4.7356594881889764
0
LINE
8
BLACK
6
CONTINUOUS
10
5.1750021259842516
20
-4.7356594881889764
11
5.1693778346456689
21
-4.737534251968504
0
LINE
8
BLACK
6
CONTINUOUS
10
5.1693778346456689
20
-4.737534251968504
11
5.1690922440944878
21
-4.7375991732283467
0
LINE
8
BLACK
6
CONTINUOUS
10
5.1690922440944878
20
-4.7375991732283467
11
5.1690201574803147
21
-4.7376290551181102
0
LINE
8
BLACK
6
CONTINUOUS
10
5.1690201574803147
20
-4.7376290551181102
11
5.1689156299212593
21
-4.7376393307086611
0
LINE
8
BLACK
6
CONTINUOUS
10
5.1689156299212593
20
-4.7376393307086611
11
5.1688133858267715
21
-4.7376625984251968
0
LINE
8
BLACK
6
CONTINUOUS
10
5.1688133858267715
20
-4.7376625984251968
11
5.1687356299212599
21
-4.7376570472440944
0
LINE
8
BLACK
6
CONTINUOUS
10
5.1687356299212599
20
-4.7376570472440944
11
5.1684440944881889
21
-4.737685787401575
0
LINE
8
BLACK
6
CONTINUOUS
10
5.1684440944881889
20
-4.737685787401575
11
5.1646945669291338
21
-4.737685787401575
0
LINE
8
BLACK
6
CONTINUOUS
10
5.1646945669291338
20
-4.737685787401575
11
5.1644029527559052
21
-4.7376570472440944
0
LINE
8
BLACK
6
CONTINUOUS
10
5.1644029527559052
20
-4.7376570472440944
11
5.1643252362204723
21
-4.7376625984251968
0
LINE
8
BLACK
6
CONTINUOUS
10
5.1643252362204723
20
-4.7376625984251968
11
5.1642229527559058
21
-4.7376393307086611
0
LINE
8
BLACK
6
CONTINUOUS
10
5.1642229527559058
20
-4.7376393307086611
11
5.1641185039370079
21
-4.7376290551181102
0
LINE
8
BLACK
6
CONTINUOUS
10
5.1641185039370079
20
-4.7376290551181102
11
5.1640464173228349
21
-4.7375991732283467
0
LINE
8
BLACK
6
CONTINUOUS
10
5.1640464173228349
20
-4.7375991732283467
11
5.163760787401575
21
-4.737534251968504
0
LINE
8
BLACK
6
CONTINUOUS
10
5.163760787401575
20
-4.737534251968504
11
5.158136535433071
21
-4.7356594881889764
0
LINE
8
BLACK
6
CONTINUOUS
10
5.158136535433071
20
-4.7356594881889764
11
5.1576079527559058
21
-4.7354235039370076
0
LINE
8
BLACK
6
CONTINUOUS
10
5.1576079527559058
20
-4.7354235039370076
11
5.1575277559055115
21
-4.7353539370078739
0
LINE
8
BLACK
6
CONTINUOUS
10
5.1575277559055115
20
-4.7353539370078739
11
5.157429803149606
21
-4.735313385826772
0
LINE
8
BLACK
6
CONTINUOUS
10
5.157429803149606
20
-4.735313385826772
11
5.1569823228346454
21
-4.7349461417322836
0
LINE
8
BLACK
6
CONTINUOUS
10
5.1569823228346454
20
-4.7349461417322836
11
5.1551075590551179
21
-4.7330713385826773
0
LINE
8
BLACK
6
CONTINUOUS
10
5.1551075590551179
20
-4.7330713385826773
11
5.1547403543307082
21
-4.7326238976377955
0
LINE
8
BLACK
6
CONTINUOUS
10
5.1547403543307082
20
-4.7326238976377955
11
5.1542994881889763
21
-4.7315594881889762
0
LINE
8
BLACK
6
CONTINUOUS
10
5.1542994881889763
20
-4.7315594881889762
11
5.1542994881889763
21
-4.7304074015748032
0
LINE
8
BLACK
6
CONTINUOUS
10
5.1542994881889763
20
-4.7304074015748032
11
5.154740393700787
21
-4.729342992125984
0
LINE
8
BLACK
6
CONTINUOUS
10
5.154740393700787
20
-4.729342992125984
11
5.1555550787401572
21
-4.7285283070866138
0
LINE
8
BLACK
6
CONTINUOUS
10
5.1555550787401572
20
-4.7285283070866138
11
5.1566194881889764
21
-4.7280874409448819
0
LINE
8
BLACK
6
CONTINUOUS
10
5.1566194881889764
20
-4.7280874409448819
11
5.1577715748031494
21
-4.7280874409448819
0
LINE
8
BLACK
6
CONTINUOUS
10
5.1577715748031494
20
-4.7280874409448819
11
5.1588359842519687
21
-4.7285283464566925
0
LINE
8
BLACK
6
CONTINUOUS
10
5.1588359842519687
20
-4.7285283464566925
11
5.1592834645669292
21
-4.7288955905511809
0
LINE
8
BLACK
6
CONTINUOUS
10
5.1592834645669292
20
-4.7288955905511809
11
5.1606653149606299
21
-4.7302774803149603
0
LINE
8
BLACK
6
CONTINUOUS
10
5.1606653149606299
20
-4.7302774803149603
11
5.1651737007874017
21
-4.7317802755905509
0
LINE
8
BLACK
6
CONTINUOUS
10
5.1651737007874017
20
-4.7317802755905509
11
5.1679649606299209
21
-4.7317802755905509
0
LINE
8
BLACK
6
CONTINUOUS
10
5.1679649606299209
20
-4.7317802755905509
11
5.1724733464566928
21
-4.7302774409448816
0
LINE
8
BLACK
6
CONTINUOUS
10
5.1724733464566928
20
-4.7302774409448816
11
5.1753911417322831
21
-4.7273596062992125
0
LINE
8
BLACK
6
CONTINUOUS
10
5.1753911417322831
20
-4.7273596062992125
11
5.1769066535433073
21
-4.7243286220472438
0
LINE
8
BLACK
6
CONTINUOUS
10
5.1769066535433073
20
-4.7243286220472438
11
5.1786146850393697
21
-4.7174965748031497
0
LINE
8
BLACK
6
CONTINUOUS
10
5.1786146850393697
20
-4.7174965748031497
11
5.1786146850393697
21
-4.7125993700787401
0
LINE
8
BLACK
6
CONTINUOUS
10
5.1786146850393697
20
-4.7125993700787401
11
5.1769066535433073
21
-4.7057673228346459
0
LINE
8
BLACK
6
CONTINUOUS
10
5.1769066535433073
20
-4.7057673228346459
11
5.1753911811023618
21
-4.7027363385826773
0
LINE
8
BLACK
6
CONTINUOUS
10
5.1753911811023618
20
-4.7027363385826773
11
5.1724733464566928
21
-4.6998185039370082
0
LINE
8
BLACK
6
CONTINUOUS
10
5.1724733464566928
20
-4.6998185039370082
11
5.1679649606299209
21
-4.6983157086614176
0
LINE
8
BLACK
6
CONTINUOUS
10
5.1679649606299209
20
-4.6983157086614176
11
5.1651737007874017
21
-4.6983157086614176
0
LINE
8
BLACK
6
CONTINUOUS
10
5.1651737007874017
20
-4.6983157086614176
11
5.1606653149606299
21
-4.6998185039370082
0
LINE
8
BLACK
6
CONTINUOUS
10
5.1606653149606299
20
-4.6998185039370082
11
5.1592834251968505
21
-4.7012003937007876
0
LINE
8
BLACK
6
CONTINUOUS
10
5.1592834251968505
20
-4.7012003937007876
11
5.1588359842519687
21
-4.7015675984251963
0
LINE
8
BLACK
6
CONTINUOUS
10
5.1588359842519687
20
-4.7015675984251963
11
5.1577715354330707
21
-4.7020085039370079
0
LINE
8
BLACK
6
CONTINUOUS
10
5.1577715354330707
20
-4.7020085039370079
11
5.1566194881889764
21
-4.7020085039370079
0
LINE
8
BLACK
6
CONTINUOUS
10
5.1566194881889764
20
-4.7020085039370079
11
5.1555550393700784
21
-4.7015675984251963
0
LINE
8
BLACK
6
CONTINUOUS
10
5.1555550393700784
20
-4.7015675984251963
11
5.154740393700787
21
-4.7007529527559058
0
LINE
8
BLACK
6
CONTINUOUS
10
5.154740393700787
20
-4.7007529527559058
11
5.1542994881889763
21
-4.6996885039370078
0
LINE
8
BLACK
6
CONTINUOUS
10
5.1542994881889763
20
-4.6996885039370078
11
5.1542994881889763
21
-4.6985364566929135
0
LINE
8
BLACK
6
CONTINUOUS
10
5.1542994881889763
20
-4.6985364566929135
11
5.154740393700787
21
-4.6974720078740155
0
LINE
8
BLACK
6
CONTINUOUS
10
5.154740393700787
20
-4.6974720078740155
11
5.1551075984251966
21
-4.6970245669291337
0
LINE
8
BLACK
6
CONTINUOUS
10
5.1551075984251966
20
-4.6970245669291337
11
5.1569823622047242
21
-4.6951498031496062
0
LINE
8
BLACK
6
CONTINUOUS
10
5.1569823622047242
20
-4.6951498031496062
11
5.157429803149606
21
-4.6947825984251965
0
LINE
8
BLACK
6
CONTINUOUS
10
5.157429803149606
20
-4.6947825984251965
11
5.1575277559055115
21
-4.6947420078740159
0
LINE
8
BLACK
6
CONTINUOUS
10
5.1575277559055115
20
-4.6947420078740159
11
5.1576079527559058
21
-4.6946724803149609
0
LINE
8
BLACK
6
CONTINUOUS
10
5.1576079527559058
20
-4.6946724803149609
11
5.158136535433071
21
-4.6944364960629921
0
LINE
8
BLACK
6
CONTINUOUS
10
5.158136535433071
20
-4.6944364960629921
11
5.163760787401575
21
-4.6925617322834645
0
LINE
8
BLACK
6
CONTINUOUS
10
5.163760787401575
20
-4.6925617322834645
11
5.1640464173228349
21
-4.6924967716535431
0
LINE
8
BLACK
6
CONTINUOUS
10
5.1640464173228349
20
-4.6924967716535431
11
5.1641185039370079
21
-4.6924669291338583
0
LINE
8
BLACK
6
CONTINUOUS
10
5.1641185039370079
20
-4.6924669291338583
11
5.1642229527559058
21
-4.6924566141732287
0
LINE
8
BLACK
6
CONTINUOUS
10
5.1642229527559058
20
-4.6924566141732287
11
5.1643252362204723
21
-4.6924333858267717
0
LINE
8
BLACK
6
CONTINUOUS
10
5.1643252362204723
20
-4.6924333858267717
11
5.1644029527559052
21
-4.6924388976377953
0
LINE
8
BLACK
6
CONTINUOUS
10
5.1644029527559052
20
-4.6924388976377953
11
5.1646945669291338
21
-4.6924101968503935
0
LINE
8
BLACK
6
CONTINUOUS
10
5.1646945669291338
20
-4.6924101968503935
11
5.1684440944881889
21
-4.6924101968503935
0
LINE
8
BLACK
6
CONTINUOUS
10
5.1684440944881889
20
-4.6924101968503935
11
5.1687356299212599
21
-4.6924388976377953
0
LINE
8
BLACK
6
CONTINUOUS
10
5.2931483858267718
20
-4.6924669291338583
11
5.2932463779527561
21
-4.692507519685039
0
LINE
8
BLACK
6
CONTINUOUS
10
5.2932463779527561
20
-4.692507519685039
11
5.2933522047244095
21
-4.692515039370079
0
LINE
8
BLACK
6
CONTINUOUS
10
5.2933522047244095
20
-4.692515039370079
11
5.2938928346456695
21
-4.6927219291338584
0
LINE
8
BLACK
6
CONTINUOUS
10
5.2938928346456695
20
-4.6927219291338584
11
5.2976423622047246
21
-4.694596692913386
0
LINE
8
BLACK
6
CONTINUOUS
10
5.2976423622047246
20
-4.694596692913386
11
5.2978903543307085
21
-4.6947527559055118
0
LINE
8
BLACK
6
CONTINUOUS
10
5.2978903543307085
20
-4.6947527559055118
11
5.2979623228346453
21
-4.6947825984251965
0
LINE
8
BLACK
6
CONTINUOUS
10
5.2979623228346453
20
-4.6947825984251965
11
5.298043267716535
21
-4.6948490551181106
0
LINE
8
BLACK
6
CONTINUOUS
10
5.298043267716535
20
-4.6948490551181106
11
5.2981322440944885
21
-4.6949050393700782
0
LINE
8
BLACK
6
CONTINUOUS
10
5.2981322440944885
20
-4.6949050393700782
11
5.2981833858267713
21
-4.694964015748031
0
LINE
8
BLACK
6
CONTINUOUS
10
5.2981833858267713
20
-4.694964015748031
11
5.2984097637795271
21
-4.6951498031496062
0
LINE
8
BLACK
6
CONTINUOUS
10
5.2984097637795271
20
-4.6951498031496062
11
5.3002845275590547
21
-4.6970245669291337
0
LINE
8
BLACK
6
CONTINUOUS
10
5.3002845275590547
20
-4.6970245669291337
11
5.3004702755905511
21
-4.6972509055118108
0
LINE
8
BLACK
6
CONTINUOUS
10
5.3004702755905511
20
-4.6972509055118108
11
5.3005292913385826
21
-4.6973020866141733
0
LINE
8
BLACK
6
CONTINUOUS
10
5.3005292913385826
20
-4.6973020866141733
11
5.3005852362204724
21
-4.6973910236220471
0
LINE
8
BLACK
6
CONTINUOUS
10
5.3005852362204724
20
-4.6973910236220471
11
5.3006517322834643
21
-4.6974720078740155
0
LINE
8
BLACK
6
CONTINUOUS
10
5.3006517322834643
20
-4.6974720078740155
11
5.3006815354330703
21
-4.6975439370078735
0
LINE
8
BLACK
6
CONTINUOUS
10
5.3006815354330703
20
-4.6975439370078735
11
5.3008376377952757
21
-4.6977919685039371
0
LINE
8
BLACK
6
CONTINUOUS
10
5.3008376377952757
20
-4.6977919685039371
11
5.3027124015748033
21
-4.7015414960629922
0
LINE
8
BLACK
6
CONTINUOUS
10
5.3027124015748033
20
-4.7015414960629922
11
5.3029192913385828
21
-4.7020820866141735
0
LINE
8
BLACK
6
CONTINUOUS
10
5.3029192913385828
20
-4.7020820866141735
11
5.3029268110236218
21
-4.7021879527559056
0
LINE
8
BLACK
6
CONTINUOUS
10
5.3029268110236218
20
-4.7021879527559056
11
5.3029674015748034
21
-4.7022859448818899
0
LINE
8
BLACK
6
CONTINUOUS
10
5.3029674015748034
20
-4.7022859448818899
11
5.3030241338582673
21
-4.7028620078740158
0
LINE
8
BLACK
6
CONTINUOUS
10
5.3030241338582673
20
-4.7028620078740158
11
5.3030241338582673
21
-4.7047367716535433
0
LINE
8
BLACK
6
CONTINUOUS
10
5.3030241338582673
20
-4.7047367716535433
11
5.3029674015748034
21
-4.7053128346456692
0
LINE
8
BLACK
6
CONTINUOUS
10
5.3029674015748034
20
-4.7053128346456692
11
5.3029268110236218
21
-4.7054107874015747
0
LINE
8
BLACK
6
CONTINUOUS
10
5.3029268110236218
20
-4.7054107874015747
11
5.3029192913385828
21
-4.7055166929133856
0
LINE
8
BLACK
6
CONTINUOUS
10
5.3029192913385828
20
-4.7055166929133856
11
5.3027124015748033
21
-4.7060572834645669
0
LINE
8
BLACK
6
CONTINUOUS
10
5.3027124015748033
20
-4.7060572834645669
11
5.3008376377952757
21
-4.709806811023622
0
LINE
8
BLACK
6
CONTINUOUS
10
5.3008376377952757
20
-4.709806811023622
11
5.3006815354330703
21
-4.7100548031496059
0
LINE
8
BLACK
6
CONTINUOUS
10
5.3006815354330703
20
-4.7100548031496059
11
5.3006517322834643
21
-4.7101267716535435
0
LINE
8
BLACK
6
CONTINUOUS
10
5.3006517322834643
20
-4.7101267716535435
11
5.3005852362204724
21
-4.7102077165354332
0
LINE
8
BLACK
6
CONTINUOUS
10
5.3005852362204724
20
-4.7102077165354332
11
5.3005292913385826
21
-4.7102966929133858
0
LINE
8
BLACK
6
CONTINUOUS
10
5.3005292913385826
20
-4.7102966929133858
11
5.3004702755905511
21
-4.7103478346456695
0
LINE
8
BLACK
6
CONTINUOUS
10
5.3004702755905511
20
-4.7103478346456695
11
5.3002845275590547
21
-4.7105742125984253
0
LINE
8
BLACK
6
CONTINUOUS
10
5.3002845275590547
20
-4.7105742125984253
11
5.2986229133858265
21
-4.7122358267716535
0
LINE
8
BLACK
6
CONTINUOUS
10
5.2986229133858265
20
-4.7122358267716535
11
5.3002845275590547
21
-4.7138974409448817
0
LINE
8
BLACK
6
CONTINUOUS
10
5.3002845275590547
20
-4.7138974409448817
11
5.3004702755905511
21
-4.7141237795275588
0
LINE
8
BLACK
6
CONTINUOUS
10
5.3004702755905511
20
-4.7141237795275588
11
5.3005292913385826
21
-4.7141749606299213
0
LINE
8
BLACK
6
CONTINUOUS
10
5.3005292913385826
20
-4.7141749606299213
11
5.3005852362204724
21
-4.7142638976377951
0
LINE
8
BLACK
6
CONTINUOUS
10
5.3005852362204724
20
-4.7142638976377951
11
5.3006517322834643
21
-4.7143448818897635
0
LINE
8
BLACK
6
CONTINUOUS
10
5.3006517322834643
20
-4.7143448818897635
11
5.3006815354330703
21
-4.7144168110236215
0
LINE
8
BLACK
6
CONTINUOUS
10
5.3006815354330703
20
-4.7144168110236215
11
5.3008376377952757
21
-4.7146648425196851
0
LINE
8
BLACK
6
CONTINUOUS
10
5.3008376377952757
20
-4.7146648425196851
11
5.3027124015748033
21
-4.7184143700787402
0
LINE
8
BLACK
6
CONTINUOUS
10
5.3027124015748033
20
-4.7184143700787402
11
5.3029192913385828
21
-4.7189549606299215
0
LINE
8
BLACK
6
CONTINUOUS
10
5.3029192913385828
20
-4.7189549606299215
11
5.3029268110236218
21
-4.7190608267716536
0
LINE
8
BLACK
6
CONTINUOUS
10
5.3029268110236218
20
-4.7190608267716536
11
5.3029674015748034
21
-4.7191588188976379
0
LINE
8
BLACK
6
CONTINUOUS
10
5.3029674015748034
20
-4.7191588188976379
11
5.3030241338582673
21
-4.7197348818897638
0
LINE
8
BLACK
6
CONTINUOUS
10
5.3030241338582673
20
-4.7197348818897638
11
5.3030241338582673
21
-4.727233937007874
0
LINE
8
BLACK
6
CONTINUOUS
10
5.3030241338582673
20
-4.727233937007874
11
5.3029674015748034
21
-4.7278099999999998
0
LINE
8
BLACK
6
CONTINUOUS
10
5.3029674015748034
20
-4.7278099999999998
11
5.3029268110236218
21
-4.7279079527559054
0
LINE
8
BLACK
6
CONTINUOUS
10
5.3029268110236218
20
-4.7279079527559054
11
5.3029192913385828
21
-4.7280138582677163
0
LINE
8
BLACK
6
CONTINUOUS
10
5.3029192913385828
20
-4.7280138582677163
11
5.3027124015748033
21
-4.7285544488188975
0
LINE
8
BLACK
6
CONTINUOUS
10
5.3027124015748033
20
-4.7285544488188975
11
5.3008376377952757
21
-4.7323039763779526
0
LINE
8
BLACK
6
CONTINUOUS
10
5.3008376377952757
20
-4.7323039763779526
11
5.3006815748031491
21
-4.7325518503937003
0
LINE
8
BLACK
6
CONTINUOUS
10
5.3006815748031491
20
-4.7325518503937003
11
5.3006517716535431
21
-4.7326238976377955
0
LINE
8
BLACK
6
CONTINUOUS
10
5.3006517716535431
20
-4.7326238976377955
11
5.3005852362204724
21
-4.7327049212598427
0
LINE
8
BLACK
6
CONTINUOUS
10
5.3005852362204724
20
-4.7327049212598427
11
5.3005292913385826
21
-4.7327938582677165
0
LINE
8
BLACK
6
CONTINUOUS
10
5.3005292913385826
20
-4.7327938582677165
11
5.3004702755905511
21
-4.7328450000000002
0
LINE
8
BLACK
6
CONTINUOUS
10
5.3004702755905511
20
-4.7328450000000002
11
5.3002845275590547
21
-4.733071377952756
0
LINE
8
BLACK
6
CONTINUOUS
10
5.3002845275590547
20
-4.733071377952756
11
5.2984098031496059
21
-4.7349461417322836
0
LINE
8
BLACK
6
CONTINUOUS
10
5.2984098031496059
20
-4.7349461417322836
11
5.29818342519685
21
-4.7351318897637791
0
LINE
8
BLACK
6
CONTINUOUS
10
5.29818342519685
20
-4.7351318897637791
11
5.2981322440944885
21
-4.7351909448818894
0
LINE
8
BLACK
6
CONTINUOUS
10
5.2981322440944885
20
-4.7351909448818894
11
5.298043267716535
21
-4.7352469291338579
0
LINE
8
BLACK
6
CONTINUOUS
10
5.298043267716535
20
-4.7352469291338579
11
5.2979623228346453
21
-4.735313385826772
0
LINE
8
BLACK
6
CONTINUOUS
10
5.2979623228346453
20
-4.735313385826772
11
5.2978903543307085
21
-4.735343188976378
0
LINE
8
BLACK
6
CONTINUOUS
10
5.2978903543307085
20
-4.735343188976378
11
5.2976423622047246
21
-4.7354992913385825
0
LINE
8
BLACK
6
CONTINUOUS
10
5.2976423622047246
20
-4.7354992913385825
11
5.2938928346456695
21
-4.73737405511811
0
LINE
8
BLACK
6
CONTINUOUS
10
5.2938928346456695
20
-4.73737405511811
11
5.2933522047244095
21
-4.7375809448818895
0
LINE
8
BLACK
6
CONTINUOUS
10
5.2933522047244095
20
-4.7375809448818895
11
5.2932463779527561
21
-4.7375884251968499
0
LINE
8
BLACK
6
CONTINUOUS
10
5.2932463779527561
20
-4.7375884251968499
11
5.2931483858267718
21
-4.7376290551181102
0
LINE
8
BLACK
6
CONTINUOUS
10
5.2931483858267718
20
-4.7376290551181102
11
5.292572322834646
21
-4.737685787401575
0
LINE
8
BLACK
6
CONTINUOUS
10
5.292572322834646
20
-4.737685787401575
11
5.2850732677165357
21
-4.737685787401575
0
LINE
8
BLACK
6
CONTINUOUS
10
5.2850732677165357
20
-4.737685787401575
11
5.284497204724409
21
-4.7376290551181102
0
LINE
8
BLACK
6
CONTINUOUS
10
5.284497204724409
20
-4.7376290551181102
11
5.2843992125984247
21
-4.7375884645669286
0
LINE
8
BLACK
6
CONTINUOUS
10
5.2843992125984247
20
-4.7375884645669286
11
5.2842933464566926
21
-4.7375809448818895
0
LINE
8
BLACK
6
CONTINUOUS
10
5.2842933464566926
20
-4.7375809448818895
11
5.2837527559055113
21
-4.73737405511811
0
LINE
8
BLACK
6
CONTINUOUS
10
5.2837527559055113
20
-4.73737405511811
11
5.2800032283464562
21
-4.7354992913385825
0
LINE
8
BLACK
6
CONTINUOUS
10
5.2800032283464562
20
-4.7354992913385825
11
5.2797551968503935
21
-4.735343188976378
0
LINE
8
BLACK
6
CONTINUOUS
10
5.2797551968503935
20
-4.735343188976378
11
5.2796832677165355
21
-4.735313385826772
0
LINE
8
BLACK
6
CONTINUOUS
10
5.2796832677165355
20
-4.735313385826772
11
5.2796022834645671
21
-4.7352469291338579
0
LINE
8
BLACK
6
CONTINUOUS
10
5.2796022834645671
20
-4.7352469291338579
11
5.2795133464566932
21
-4.7351909448818894
0
LINE
8
BLACK
6
CONTINUOUS
10
5.2795133464566932
20
-4.7351909448818894
11
5.279462125984252
21
-4.7351318897637791
0
LINE
8
BLACK
6
CONTINUOUS
10
5.279462125984252
20
-4.7351318897637791
11
5.279235787401575
21
-4.7349461417322836
0
LINE
8
BLACK
6
CONTINUOUS
10
5.279235787401575
20
-4.7349461417322836
11
5.2773610236220474
21
-4.7330713385826773
0
LINE
8
BLACK
6
CONTINUOUS
10
5.2773610236220474
20
-4.7330713385826773
11
5.277175275590551
21
-4.7328450000000002
0
LINE
8
BLACK
6
CONTINUOUS
10
5.277175275590551
20
-4.7328450000000002
11
5.2771162992125982
21
-4.7327938582677165
0
LINE
8
BLACK
6
CONTINUOUS
10
5.2771162992125982
20
-4.7327938582677165
11
5.2770603149606297
21
-4.7327049212598427
0
LINE
8
BLACK
6
CONTINUOUS
10
5.2770603149606297
20
-4.7327049212598427
11
5.2769938188976377
21
-4.7326238976377955
0
LINE
8
BLACK
6
CONTINUOUS
10
5.2769938188976377
20
-4.7326238976377955
11
5.276963976377953
21
-4.7325518503937003
0
LINE
8
BLACK
6
CONTINUOUS
10
5.276963976377953
20
-4.7325518503937003
11
5.2768079527559051
21
-4.7323039763779526
0
LINE
8
BLACK
6
CONTINUOUS
10
5.2768079527559051
20
-4.7323039763779526
11
5.2749331889763775
21
-4.7285544488188975
0
LINE
8
BLACK
6
CONTINUOUS
10
5.2749331889763775
20
-4.7285544488188975
11
5.2747262992125981
21
-4.7280138188976375
0
LINE
8
BLACK
6
CONTINUOUS
10
5.2747262992125981
20
-4.7280138188976375
11
5.274718779527559
21
-4.7279079921259841
0
LINE
8
BLACK
6
CONTINUOUS
10
5.274718779527559
20
-4.7279079921259841
11
5.2746781889763774
21
-4.7278099999999998
0
LINE
8
BLACK
6
CONTINUOUS
10
5.2746781889763774
20
-4.7278099999999998
11
5.2746214566929135
21
-4.727233937007874
0
LINE
8
BLACK
6
CONTINUOUS
10
5.2746214566929135
20
-4.727233937007874
11
5.2746214566929135
21
-4.7197348818897638
0
LINE
8
BLACK
6
CONTINUOUS
10
5.2746214566929135
20
-4.7197348818897638
11
5.2746781889763774
21
-4.7191588188976379
0
LINE
8
BLACK
6
CONTINUOUS
10
5.2746781889763774
20
-4.7191588188976379
11
5.274718779527559
21
-4.7190607874015749
0
LINE
8
BLACK
6
CONTINUOUS
10
5.274718779527559
20
-4.7190607874015749
11
5.2747262992125981
21
-4.7189550000000002
0
LINE
8
BLACK
6
CONTINUOUS
10
5.2747262992125981
20
-4.7189550000000002
11
5.2749331889763775
21
-4.7184143700787402
0
LINE
8
BLACK
6
CONTINUOUS
10
5.2749331889763775
20
-4.7184143700787402
11
5.2768079527559051
21
-4.7146648425196851
0
LINE
8
BLACK
6
CONTINUOUS
10
5.2768079527559051
20
-4.7146648425196851
11
5.2769640157480318
21
-4.7144168110236215
0
LINE
8
BLACK
6
CONTINUOUS
10
5.2769640157480318
20
-4.7144168110236215
11
5.2769938582677165
21
-4.7143448818897635
0
LINE
8
BLACK
6
CONTINUOUS
10
5.2769938582677165
20
-4.7143448818897635
11
5.2770603149606297
21
-4.7142638976377951
0
LINE
8
BLACK
6
CONTINUOUS
10
5.2770603149606297
20
-4.7142638976377951
11
5.2771162992125982
21
-4.7141749606299213
0
LINE
8
BLACK
6
CONTINUOUS
10
5.2771162992125982
20
-4.7141749606299213
11
5.277175275590551
21
-4.7141237795275588
0
LINE
8
BLACK
6
CONTINUOUS
10
5.277175275590551
20
-4.7141237795275588
11
5.2773610629921262
21
-4.7138974409448817
0
LINE
8
BLACK
6
CONTINUOUS
10
5.2773610629921262
20
-4.7138974409448817
11
5.2790226771653543
21
-4.7122358267716535
0
LINE
8
BLACK
6
CONTINUOUS
10
5.2790226771653543
20
-4.7122358267716535
11
5.2773610629921262
21
-4.7105742125984253
0
LINE
8
BLACK
6
CONTINUOUS
10
5.2773610629921262
20
-4.7105742125984253
11
5.277175275590551
21
-4.7103478346456695
0
LINE
8
BLACK
6
CONTINUOUS
10
5.277175275590551
20
-4.7103478346456695
11
5.2771162992125982
21
-4.7102966929133858
0
LINE
8
BLACK
6
CONTINUOUS
10
5.2771162992125982
20
-4.7102966929133858
11
5.2770603149606297
21
-4.7102077165354332
0
LINE
8
BLACK
6
CONTINUOUS
10
5.2770603149606297
20
-4.7102077165354332
11
5.2769938582677165
21
-4.7101267716535435
0
LINE
8
BLACK
6
CONTINUOUS
10
5.2769938582677165
20
-4.7101267716535435
11
5.2769640157480318
21
-4.7100548031496059
0
LINE
8
BLACK
6
CONTINUOUS
10
5.2769640157480318
20
-4.7100548031496059
11
5.2768079527559051
21
-4.709806811023622
0
LINE
8
BLACK
6
CONTINUOUS
10
5.2768079527559051
20
-4.709806811023622
11
5.2749331889763775
21
-4.7060572834645669
0
LINE
8
BLACK
6
CONTINUOUS
10
5.2749331889763775
20
-4.7060572834645669
11
5.2747262992125981
21
-4.7055166535433068
0
LINE
8
BLACK
6
CONTINUOUS
10
5.2747262992125981
20
-4.7055166535433068
11
5.274718779527559
21
-4.7054108267716535
0
LINE
8
BLACK
6
CONTINUOUS
10
5.274718779527559
20
-4.7054108267716535
11
5.2746781889763774
21
-4.7053128346456692
0
LINE
8
BLACK
6
CONTINUOUS
10
5.2746781889763774
20
-4.7053128346456692
11
5.2746214566929135
21
-4.7047367716535433
0
LINE
8
BLACK
6
CONTINUOUS
10
5.2746214566929135
20
-4.7047367716535433
11
5.2746214566929135
21
-4.7028620078740158
0
LINE
8
BLACK
6
CONTINUOUS
10
5.2746214566929135
20
-4.7028620078740158
11
5.2746781889763774
21
-4.7022859448818899
0
LINE
8
BLACK
6
CONTINUOUS
10
5.2746781889763774
20
-4.7022859448818899
11
5.274718779527559
21
-4.7021879133858269
0
LINE
8
BLACK
6
CONTINUOUS
10
5.274718779527559
20
-4.7021879133858269
11
5.2747262992125981
21
-4.7020821259842522
0
LINE
8
BLACK
6
CONTINUOUS
10
5.2747262992125981
20
-4.7020821259842522
11
5.2749331889763775
21
-4.7015414960629922
0
LINE
8
BLACK
6
CONTINUOUS
10
5.2749331889763775
20
-4.7015414960629922
11
5.2768079527559051
21
-4.6977919685039371
0
LINE
8
BLACK
6
CONTINUOUS
10
5.2768079527559051
20
-4.6977919685039371
11
5.2769640157480318
21
-4.6975439370078735
0
LINE
8
BLACK
6
CONTINUOUS
10
5.2769640157480318
20
-4.6975439370078735
11
5.2769938582677165
21
-4.6974720078740155
0
LINE
8
BLACK
6
CONTINUOUS
10
5.2769938582677165
20
-4.6974720078740155
11
5.2770603149606297
21
-4.6973910236220471
0
LINE
8
BLACK
6
CONTINUOUS
10
5.2770603149606297
20
-4.6973910236220471
11
5.2771162992125982
21
-4.6973020866141733
0
LINE
8
BLACK
6
CONTINUOUS
10
5.2771162992125982
20
-4.6973020866141733
11
5.277175275590551
21
-4.6972509055118108
0
LINE
8
BLACK
6
CONTINUOUS
10
5.277175275590551
20
-4.6972509055118108
11
5.2773610629921262
21
-4.6970245669291337
0
LINE
8
BLACK
6
CONTINUOUS
10
5.2773610629921262
20
-4.6970245669291337
11
5.2792358267716537
21
-4.6951498031496062
0
LINE
8
BLACK
6
CONTINUOUS
10
5.2792358267716537
20
-4.6951498031496062
11
5.2794621653543308
21
-4.694964015748031
0
LINE
8
BLACK
6
CONTINUOUS
10
5.2794621653543308
20
-4.694964015748031
11
5.2795133464566932
21
-4.6949050393700782
0
LINE
8
BLACK
6
CONTINUOUS
10
5.2795133464566932
20
-4.6949050393700782
11
5.2796022834645671
21
-4.6948490551181106
0
LINE
8
BLACK
6
CONTINUOUS
10
5.2796022834645671
20
-4.6948490551181106
11
5.2796832677165355
21
-4.6947825984251965
0
LINE
8
BLACK
6
CONTINUOUS
10
5.2796832677165355
20
-4.6947825984251965
11
5.2797551968503935
21
-4.6947527559055118
0
LINE
8
BLACK
6
CONTINUOUS
10
5.2797551968503935
20
-4.6947527559055118
11
5.2800032283464562
21
-4.694596692913386
0
LINE
8
BLACK
6
CONTINUOUS
10
5.2800032283464562
20
-4.694596692913386
11
5.2837527559055113
21
-4.6927219291338584
0
LINE
8
BLACK
6
CONTINUOUS
10
5.2837527559055113
20
-4.6927219291338584
11
5.2842933464566926
21
-4.692515039370079
0
LINE
8
BLACK
6
CONTINUOUS
10
5.2842933464566926
20
-4.692515039370079
11
5.2843992125984247
21
-4.6925074803149602
0
LINE
8
BLACK
6
CONTINUOUS
10
5.2843992125984247
20
-4.6925074803149602
11
5.284497204724409
21
-4.6924669291338583
0
LINE
8
BLACK
6
CONTINUOUS
10
5.284497204724409
20
-4.6924669291338583
11
5.2850732677165357
21
-4.6924101968503935
0
LINE
8
BLACK
6
CONTINUOUS
10
5.2850732677165357
20
-4.6924101968503935
11
5.292572322834646
21
-4.6924101968503935
0
LINE
8
BLACK
6
CONTINUOUS
10
5.292572322834646
20
-4.6924101968503935
11
5.2931483858267718
21
-4.6924669291338583
0
LINE
8
BLACK
6
CONTINUOUS
10
5.2830728346456688
20
-4.7165373228346459
11
5.281875708661417
21
-4.7177344488188977
0
LINE
8
BLACK
6
CONTINUOUS
10
5.281875708661417
20
-4.7177344488188977
11
5.2805269685039367
21
-4.7204319291338583
0
LINE
8
BLACK
6
CONTINUOUS
10
5.2805269685039367
20
-4.7204319291338583
11
5.2805269685039367
21
-4.7265368897637794
0
LINE
8
BLACK
6
CONTINUOUS
10
5.2805269685039367
20
-4.7265368897637794
11
5.281875708661417
21
-4.72923437007874
0
LINE
8
BLACK
6
CONTINUOUS
10
5.281875708661417
20
-4.72923437007874
11
5.2830728346456688
21
-4.7304315354330706
0
LINE
8
BLACK
6
CONTINUOUS
10
5.2830728346456688
20
-4.7304315354330706
11
5.2857703149606294
21
-4.7317802755905509
0
LINE
8
BLACK
6
CONTINUOUS
10
5.2857703149606294
20
-4.7317802755905509
11
5.2918752755905514
21
-4.7317802755905509
0
LINE
8
BLACK
6
CONTINUOUS
10
5.2918752755905514
20
-4.7317802755905509
11
5.2945727165354333
21
-4.7304315354330706
0
LINE
8
BLACK
6
CONTINUOUS
10
5.2945727165354333
20
-4.7304315354330706
11
5.2957698425196851
21
-4.72923437007874
0
LINE
8
BLACK
6
CONTINUOUS
10
5.2957698425196851
20
-4.72923437007874
11
5.2971186220472442
21
-4.7265368897637794
0
LINE
8
BLACK
6
CONTINUOUS
10
5.2971186220472442
20
-4.7265368897637794
11
5.2971186220472442
21
-4.7204319291338583
0
LINE
8
BLACK
6
CONTINUOUS
10
5.2971186220472442
20
-4.7204319291338583
11
5.2957698818897638
21
-4.7177344488188977
0
LINE
8
BLACK
6
CONTINUOUS
10
5.2957698818897638
20
-4.7177344488188977
11
5.294572755905512
21
-4.7165373228346459
0
LINE
8
BLACK
6
CONTINUOUS
10
5.294572755905512
20
-4.7165373228346459
11
5.2918752755905514
21
-4.7151885826771656
0
LINE
8
BLACK
6
CONTINUOUS
10
5.2918752755905514
20
-4.7151885826771656
11
5.2857703149606294
21
-4.7151885826771656
0
LINE
8
BLACK
6
CONTINUOUS
10
5.2857703149606294
20
-4.7151885826771656
11
5.2830728346456688
21
-4.7165373228346459
0
LINE
8
BLACK
6
CONTINUOUS
10
5.2830728346456688
20
-4.6996644488188979
11
5.281875708661417
21
-4.7008615748031497
0
LINE
8
BLACK
6
CONTINUOUS
10
5.281875708661417
20
-4.7008615748031497
11
5.2805269685039367
21
-4.7035590551181103
0
LINE
8
BLACK
6
CONTINUOUS
10
5.2805269685039367
20
-4.7035590551181103
11
5.2805269685039367
21
-4.7040397244094487
0
LINE
8
BLACK
6
CONTINUOUS
10
5.2805269685039367
20
-4.7040397244094487
11
5.281875708661417
21
-4.7067372047244094
0
LINE
8
BLACK
6
CONTINUOUS
10
5.281875708661417
20
-4.7067372047244094
11
5.2830728346456688
21
-4.7079343307086612
0
LINE
8
BLACK
6
CONTINUOUS
10
5.2830728346456688
20
-4.7079343307086612
11
5.2857703149606294
21
-4.7092830708661415
0
LINE
8
BLACK
6
CONTINUOUS
10
5.2857703149606294
20
-4.7092830708661415
11
5.2918752755905514
21
-4.7092830708661415
0
LINE
8
BLACK
6
CONTINUOUS
10
5.2918752755905514
20
-4.7092830708661415
11
5.294572755905512
21
-4.7079343307086612
0
LINE
8
BLACK
6
CONTINUOUS
10
5.294572755905512
20
-4.7079343307086612
11
5.2957698818897638
21
-4.7067372047244094
0
LINE
8
BLACK
6
CONTINUOUS
10
5.2957698818897638
20
-4.7067372047244094
11
5.2971186220472442
21
-4.7040397244094487
0
LINE
8
BLACK
6
CONTINUOUS
10
5.2971186220472442
20
-4.7040397244094487
11
5.2971186220472442
21
-4.7035590551181103
0
LINE
8
BLACK
6
CONTINUOUS
10
5.2971186220472442
20
-4.7035590551181103
11
5.2957698818897638
21
-4.7008615748031497
0
LINE
8
BLACK
6
CONTINUOUS
10
5.2957698818897638
20
-4.7008615748031497
11
5.294572755905512
21
-4.6996644488188979
0
LINE
8
BLACK
6
CONTINUOUS
10
5.294572755905512
20
-4.6996644488188979
11
5.2918752755905514
21
-4.6983157086614176
0
LINE
8
BLACK
6
CONTINUOUS
10
5.2918752755905514
20
-4.6983157086614176
11
5.2857703149606294
21
-4.6983157086614176
0
LINE
8
BLACK
6
CONTINUOUS
10
5.2857703149606294
20
-4.6983157086614176
11
5.2830728346456688
21
-4.6996644488188979
0
LINE
8
BLACK
6
CONTINUOUS
10
5.3266096456692908
20
-4.6924388976377953
11
5.3266874015748034
21
-4.6924333858267717
0
LINE
8
BLACK
6
CONTINUOUS
10
5.3266874015748034
20
-4.6924333858267717
11
5.3267896456692911
21
-4.6924566141732287
0
LINE
8
BLACK
6
CONTINUOUS
10
5.3267896456692911
20
-4.6924566141732287
11
5.3268941732283466
21
-4.6924669291338583
0
LINE
8
BLACK
6
CONTINUOUS
10
5.3268941732283466
20
-4.6924669291338583
11
5.3269662598425196
21
-4.6924967716535431
0
LINE
8
BLACK
6
CONTINUOUS
10
5.3269662598425196
20
-4.6924967716535431
11
5.3272518503937007
21
-4.6925617322834645
0
LINE
8
BLACK
6
CONTINUOUS
10
5.3272518503937007
20
-4.6925617322834645
11
5.3328761417322834
21
-4.6944364960629921
0
LINE
8
BLACK
6
CONTINUOUS
10
5.3328761417322834
20
-4.6944364960629921
11
5.3334046850393699
21
-4.6946724803149609
0
LINE
8
BLACK
6
CONTINUOUS
10
5.3334046850393699
20
-4.6946724803149609
11
5.3334848031496058
21
-4.6947419685039371
0
LINE
8
BLACK
6
CONTINUOUS
10
5.3334848031496058
20
-4.6947419685039371
11
5.3335828740157476
21
-4.6947825984251965
0
LINE
8
BLACK
6
CONTINUOUS
10
5.3335828740157476
20
-4.6947825984251965
11
5.3340303149606294
21
-4.6951498031496062
0
LINE
8
BLACK
6
CONTINUOUS
10
5.3340303149606294
20
-4.6951498031496062
11
5.3377798425196845
21
-4.6988993307086613
0
LINE
8
BLACK
6
CONTINUOUS
10
5.3377798425196845
20
-4.6988993307086613
11
5.3379656692913384
21
-4.6991257086614171
0
LINE
8
BLACK
6
CONTINUOUS
10
5.3379656692913384
20
-4.6991257086614171
11
5.3380246062992125
21
-4.6991768503937008
0
LINE
8
BLACK
6
CONTINUOUS
10
5.3380246062992125
20
-4.6991768503937008
11
5.3380804724409447
21
-4.6992655905511809
0
LINE
8
BLACK
6
CONTINUOUS
10
5.3380804724409447
20
-4.6992655905511809
11
5.3381470866141729
21
-4.6993467716535431
0
LINE
8
BLACK
6
CONTINUOUS
10
5.3381470866141729
20
-4.6993467716535431
11
5.3381769291338586
21
-4.6994188976377949
0
LINE
8
BLACK
6
CONTINUOUS
10
5.3381769291338586
20
-4.6994188976377949
11
5.3383329527559056
21
-4.6996667322834647
0
LINE
8
BLACK
6
CONTINUOUS
10
5.3383329527559056
20
-4.6996667322834647
11
5.3402077165354331
21
-4.7034162598425198
0
LINE
8
BLACK
6
CONTINUOUS
10
5.3402077165354331
20
-4.7034162598425198
11
5.3402238188976376
21
-4.703458346456693
0
LINE
8
BLACK
6
CONTINUOUS
10
5.3402238188976376
20
-4.703458346456693
11
5.3402365354330703
21
-4.7034755118110239
0
LINE
8
BLACK
6
CONTINUOUS
10
5.3402365354330703
20
-4.7034755118110239
11
5.3403228346456695
21
-4.7037170866141729
0
LINE
8
BLACK
6
CONTINUOUS
10
5.3403228346456695
20
-4.7037170866141729
11
5.3404146062992126
21
-4.703956850393701
0
LINE
8
BLACK
6
CONTINUOUS
10
5.3404146062992126
20
-4.703956850393701
11
5.3404161023622043
21
-4.7039781102362204
0
LINE
8
BLACK
6
CONTINUOUS
10
5.3404161023622043
20
-4.7039781102362204
11
5.3404312992125984
21
-4.7040206299212599
0
LINE
8
BLACK
6
CONTINUOUS
10
5.3404312992125984
20
-4.7040206299212599
11
5.342306062992126
21
-4.7115196850393701
0
LINE
8
BLACK
6
CONTINUOUS
10
5.342306062992126
20
-4.7115196850393701
11
5.3423208267716538
21
-4.7116195275590549
0
LINE
8
BLACK
6
CONTINUOUS
10
5.3423208267716538
20
-4.7116195275590549
11
5.3423374803149608
21
-4.7116597637795277
0
LINE
8
BLACK
6
CONTINUOUS
10
5.3423374803149608
20
-4.7116597637795277
11
5.3423588188976376
21
-4.711876771653543
0
LINE
8
BLACK
6
CONTINUOUS
10
5.3423588188976376
20
-4.711876771653543
11
5.3423907086614175
21
-4.7120922834645667
0
LINE
8
BLACK
6
CONTINUOUS
10
5.3423907086614175
20
-4.7120922834645667
11
5.3423842913385826
21
-4.7121352755905512
0
LINE
8
BLACK
6
CONTINUOUS
10
5.3423842913385826
20
-4.7121352755905512
11
5.3423942125984247
21
-4.7122358267716535
0
LINE
8
BLACK
6
CONTINUOUS
10
5.3423942125984247
20
-4.7122358267716535
11
5.3423942125984247
21
-4.7178601181102362
0
LINE
8
BLACK
6
CONTINUOUS
10
5.3423942125984247
20
-4.7178601181102362
11
5.3423842913385826
21
-4.7179606299212598
0
LINE
8
BLACK
6
CONTINUOUS
10
5.3423842913385826
20
-4.7179606299212598
11
5.3423907086614175
21
-4.7180036614173231
0
LINE
8
BLACK
6
CONTINUOUS
10
5.3423907086614175
20
-4.7180036614173231
11
5.3423588188976376
21
-4.718219133858268
0
LINE
8
BLACK
6
CONTINUOUS
10
5.3423588188976376
20
-4.718219133858268
11
5.3423374803149608
21
-4.7184361811023621
0
LINE
8
BLACK
6
CONTINUOUS
10
5.3423374803149608
20
-4.7184361811023621
11
5.3423208267716538
21
-4.7184763779527561
0
LINE
8
BLACK
6
CONTINUOUS
10
5.3423208267716538
20
-4.7184763779527561
11
5.342306062992126
21
-4.7185762598425196
0
LINE
8
BLACK
6
CONTINUOUS
10
5.342306062992126
20
-4.7185762598425196
11
5.3404312992125984
21
-4.7260753149606298
0
LINE
8
BLACK
6
CONTINUOUS
10
5.3404312992125984
20
-4.7260753149606298
11
5.3404161023622043
21
-4.7261177952755906
0
LINE
8
BLACK
6
CONTINUOUS
10
5.3404161023622043
20
-4.7261177952755906
11
5.3404146062992126
21
-4.7261390944881887
0
LINE
8
BLACK
6
CONTINUOUS
10
5.3404146062992126
20
-4.7261390944881887
11
5.3403228346456695
21
-4.7263788188976381
0
LINE
8
BLACK
6
CONTINUOUS
10
5.3403228346456695
20
-4.7263788188976381
11
5.3402365354330703
21
-4.7266204330708659
0
LINE
8
BLACK
6
CONTINUOUS
10
5.3402365354330703
20
-4.7266204330708659
11
5.3402238188976376
21
-4.726637559055118
0
LINE
8
BLACK
6
CONTINUOUS
10
5.3402238188976376
20
-4.726637559055118
11
5.3402077165354331
21
-4.72667968503937
0
LINE
8
BLACK
6
CONTINUOUS
10
5.3402077165354331
20
-4.72667968503937
11
5.3383329527559056
21
-4.7304292125984251
0
LINE
8
BLACK
6
CONTINUOUS
10
5.3383329527559056
20
-4.7304292125984251
11
5.3381768897637798
21
-4.7306770866141727
0
LINE
8
BLACK
6
CONTINUOUS
10
5.3381768897637798
20
-4.7306770866141727
11
5.3381470866141729
21
-4.7307491338582679
0
LINE
8
BLACK
6
CONTINUOUS
10
5.3381470866141729
20
-4.7307491338582679
11
5.3380805511811023
21
-4.7308301574803151
0
LINE
8
BLACK
6
CONTINUOUS
10
5.3380805511811023
20
-4.7308301574803151
11
5.3380246062992125
21
-4.7309190944881889
0
LINE
8
BLACK
6
CONTINUOUS
10
5.3380246062992125
20
-4.7309190944881889
11
5.3379655905511809
21
-4.7309702362204726
0
LINE
8
BLACK
6
CONTINUOUS
10
5.3379655905511809
20
-4.7309702362204726
11
5.3377798818897633
21
-4.7311965748031497
0
LINE
8
BLACK
6
CONTINUOUS
10
5.3377798818897633
20
-4.7311965748031497
11
5.3340303149606294
21
-4.7349461811023623
0
LINE
8
BLACK
6
CONTINUOUS
10
5.3340303149606294
20
-4.7349461811023623
11
5.3335828740157476
21
-4.735313385826772
0
LINE
8
BLACK
6
CONTINUOUS
10
5.3335828740157476
20
-4.735313385826772
11
5.3334848031496058
21
-4.7353539763779526
0
LINE
8
BLACK
6
CONTINUOUS
10
5.3334848031496058
20
-4.7353539763779526
11
5.3334046850393699
21
-4.7354235039370076
0
LINE
8
BLACK
6
CONTINUOUS
10
5.3334046850393699
20
-4.7354235039370076
11
5.3328761417322834
21
-4.7356594881889764
0
LINE
8
BLACK
6
CONTINUOUS
10
5.3328761417322834
20
-4.7356594881889764
11
5.3272518503937007
21
-4.737534251968504
0
LINE
8
BLACK
6
CONTINUOUS
10
5.3272518503937007
20
-4.737534251968504
11
5.3269662598425196
21
-4.7375991732283467
0
LINE
8
BLACK
6
CONTINUOUS
10
5.3269662598425196
20
-4.7375991732283467
11
5.3268941732283466
21
-4.7376290551181102
0
LINE
8
BLACK
6
CONTINUOUS
10
5.3268941732283466
20
-4.7376290551181102
11
5.3267896456692911
21
-4.7376393307086611
0
LINE
8
BLACK
6
CONTINUOUS
10
5.3267896456692911
20
-4.7376393307086611
11
5.3266874015748034
21
-4.7376625984251968
0
LINE
8
BLACK
6
CONTINUOUS
10
5.3266874015748034
20
-4.7376625984251968
11
5.3266096456692908
21
-4.7376570472440944
0
LINE
8
BLACK
6
CONTINUOUS
10
5.3266096456692908
20
-4.7376570472440944
11
5.3263181102362207
21
-4.737685787401575
0
LINE
8
BLACK
6
CONTINUOUS
10
5.3263181102362207
20
-4.737685787401575
11
5.3225685826771656
21
-4.737685787401575
0
LINE
8
BLACK
6
CONTINUOUS
10
5.3225685826771656
20
-4.737685787401575
11
5.3222769685039371
21
-4.7376570472440944
0
LINE
8
BLACK
6
CONTINUOUS
10
5.3222769685039371
20
-4.7376570472440944
11
5.3221992519685042
21
-4.7376625984251968
0
LINE
8
BLACK
6
CONTINUOUS
10
5.3221992519685042
20
-4.7376625984251968
11
5.3220969685039368
21
-4.7376393307086611
0
LINE
8
BLACK
6
CONTINUOUS
10
5.3220969685039368
20
-4.7376393307086611
11
5.3219925196850388
21
-4.7376290551181102
0
LINE
8
BLACK
6
CONTINUOUS
10
5.3219925196850388
20
-4.7376290551181102
11
5.3219204330708658
21
-4.7375991732283467
0
LINE
8
BLACK
6
CONTINUOUS
10
5.3219204330708658
20
-4.7375991732283467
11
5.3216348031496059
21
-4.737534251968504
0
LINE
8
BLACK
6
CONTINUOUS
10
5.3216348031496059
20
-4.737534251968504
11
5.316010551181102
21
-4.7356594881889764
0
LINE
8
BLACK
6
CONTINUOUS
10
5.316010551181102
20
-4.7356594881889764
11
5.3154819685039367
21
-4.7354235039370076
0
LINE
8
BLACK
6
CONTINUOUS
10
5.3154819685039367
20
-4.7354235039370076
11
5.3154017716535433
21
-4.7353539370078739
0
LINE
8
BLACK
6
CONTINUOUS
10
5.3154017716535433
20
-4.7353539370078739
11
5.3153038188976378
21
-4.735313385826772
0
LINE
8
BLACK
6
CONTINUOUS
10
5.3153038188976378
20
-4.735313385826772
11
5.3148563385826773
21
-4.7349461417322836
0
LINE
8
BLACK
6
CONTINUOUS
10
5.3148563385826773
20
-4.7349461417322836
11
5.3129815748031497
21
-4.7330713385826773
0
LINE
8
BLACK
6
CONTINUOUS
10
5.3129815748031497
20
-4.7330713385826773
11
5.31261437007874
21
-4.7326238976377955
0
LINE
8
BLACK
6
CONTINUOUS
10
5.31261437007874
20
-4.7326238976377955
11
5.3121735039370082
21
-4.7315594881889762
0
LINE
8
BLACK
6
CONTINUOUS
10
5.3121735039370082
20
-4.7315594881889762
11
5.3121735039370082
21
-4.7304074015748032
0
LINE
8
BLACK
6
CONTINUOUS
10
5.3121735039370082
20
-4.7304074015748032
11
5.3126144094488188
21
-4.729342992125984
0
LINE
8
BLACK
6
CONTINUOUS
10
5.3126144094488188
20
-4.729342992125984
11
5.313429094488189
21
-4.7285283070866138
0
LINE
8
BLACK
6
CONTINUOUS
10
5.313429094488189
20
-4.7285283070866138
11
5.3144935039370074
21
-4.7280874409448819
0
LINE
8
BLACK
6
CONTINUOUS
10
5.3144935039370074
20
-4.7280874409448819
11
5.3156455905511812
21
-4.7280874409448819
0
LINE
8
BLACK
6
CONTINUOUS
10
5.3156455905511812
20
-4.7280874409448819
11
5.3167099999999996
21
-4.7285283464566925
0
LINE
8
BLACK
6
CONTINUOUS
10
5.3167099999999996
20
-4.7285283464566925
11
5.3171574803149602
21
-4.7288955905511809
0
LINE
8
BLACK
6
CONTINUOUS
10
5.3171574803149602
20
-4.7288955905511809
11
5.3185393307086617
21
-4.7302774803149603
0
LINE
8
BLACK
6
CONTINUOUS
10
5.3185393307086617
20
-4.7302774803149603
11
5.3230477165354326
21
-4.7317802755905509
0
LINE
8
BLACK
6
CONTINUOUS
10
5.3230477165354326
20
-4.7317802755905509
11
5.3258389763779528
21
-4.7317802755905509
0
LINE
8
BLACK
6
CONTINUOUS
10
5.3258389763779528
20
-4.7317802755905509
11
5.3303473622047246
21
-4.7302774409448816
0
LINE
8
BLACK
6
CONTINUOUS
10
5.3303473622047246
20
-4.7302774409448816
11
5.3332651574803149
21
-4.7273596062992125
0
LINE
8
BLACK
6
CONTINUOUS
10
5.3332651574803149
20
-4.7273596062992125
11
5.3347806692913382
21
-4.7243286220472438
0
LINE
8
BLACK
6
CONTINUOUS
10
5.3347806692913382
20
-4.7243286220472438
11
5.3364887007874016
21
-4.7174965748031497
0
LINE
8
BLACK
6
CONTINUOUS
10
5.3364887007874016
20
-4.7174965748031497
11
5.3364887007874016
21
-4.7125993700787401
0
LINE
8
BLACK
6
CONTINUOUS
10
5.3364887007874016
20
-4.7125993700787401
11
5.3347806692913382
21
-4.7057673228346459
0
LINE
8
BLACK
6
CONTINUOUS
10
5.3347806692913382
20
-4.7057673228346459
11
5.3332651968503937
21
-4.7027363385826773
0
LINE
8
BLACK
6
CONTINUOUS
10
5.3332651968503937
20
-4.7027363385826773
11
5.3303473622047246
21
-4.6998185039370082
0
LINE
8
BLACK
6
CONTINUOUS
10
5.3303473622047246
20
-4.6998185039370082
11
5.3258389763779528
21
-4.6983157086614176
0
LINE
8
BLACK
6
CONTINUOUS
10
5.3258389763779528
20
-4.6983157086614176
11
5.3230477165354326
21
-4.6983157086614176
0
LINE
8
BLACK
6
CONTINUOUS
10
5.3230477165354326
20
-4.6983157086614176
11
5.3185393307086617
21
-4.6998185039370082
0
LINE
8
BLACK
6
CONTINUOUS
10
5.3185393307086617
20
-4.6998185039370082
11
5.3171574409448814
21
-4.7012003937007876
0
LINE
8
BLACK
6
CONTINUOUS
10
5.3171574409448814
20
-4.7012003937007876
11
5.3167099999999996
21
-4.7015675984251963
0
LINE
8
BLACK
6
CONTINUOUS
10
5.3167099999999996
20
-4.7015675984251963
11
5.3156455511811025
21
-4.7020085039370079
0
LINE
8
BLACK
6
CONTINUOUS
10
5.3156455511811025
20
-4.7020085039370079
11
5.3144935039370074
21
-4.7020085039370079
0
LINE
8
BLACK
6
CONTINUOUS
10
5.3144935039370074
20
-4.7020085039370079
11
5.3134290551181103
21
-4.7015675984251963
0
LINE
8
BLACK
6
CONTINUOUS
10
5.3134290551181103
20
-4.7015675984251963
11
5.3126144094488188
21
-4.7007529527559058
0
LINE
8
BLACK
6
CONTINUOUS
10
5.3126144094488188
20
-4.7007529527559058
11
5.3121735039370082
21
-4.6996885039370078
0
LINE
8
BLACK
6
CONTINUOUS
10
5.3121735039370082
20
-4.6996885039370078
11
5.3121735039370082
21
-4.6985364566929135
0
LINE
8
BLACK
6
CONTINUOUS
10
5.3121735039370082
20
-4.6985364566929135
11
5.3126144094488188
21
-4.6974720078740155
0
LINE
8
BLACK
6
CONTINUOUS
10
5.3126144094488188
20
-4.6974720078740155
11
5.3129816141732285
21
-4.6970245669291337
0
LINE
8
BLACK
6
CONTINUOUS
10
5.3129816141732285
20
-4.6970245669291337
11
5.314856377952756
21
-4.6951498031496062
0
LINE
8
BLACK
6
CONTINUOUS
10
5.314856377952756
20
-4.6951498031496062
11
5.3153038188976378
21
-4.6947825984251965
0
LINE
8
BLACK
6
CONTINUOUS
10
5.3153038188976378
20
-4.6947825984251965
11
5.3154017716535433
21
-4.6947420078740159
0
LINE
8
BLACK
6
CONTINUOUS
10
5.3154017716535433
20
-4.6947420078740159
11
5.3154819685039367
21
-4.6946724803149609
0
LINE
8
BLACK
6
CONTINUOUS
10
5.3154819685039367
20
-4.6946724803149609
11
5.316010551181102
21
-4.6944364960629921
0
LINE
8
BLACK
6
CONTINUOUS
10
5.316010551181102
20
-4.6944364960629921
11
5.3216348031496059
21
-4.6925617322834645
0
LINE
8
BLACK
6
CONTINUOUS
10
5.3216348031496059
20
-4.6925617322834645
11
5.3219204330708658
21
-4.6924967716535431
0
LINE
8
BLACK
6
CONTINUOUS
10
5.3219204330708658
20
-4.6924967716535431
11
5.3219925196850388
21
-4.6924669291338583
0
LINE
8
BLACK
6
CONTINUOUS
10
5.3219925196850388
20
-4.6924669291338583
11
5.3220969685039368
21
-4.6924566141732287
0
LINE
8
BLACK
6
CONTINUOUS
10
5.3220969685039368
20
-4.6924566141732287
11
5.3221992519685042
21
-4.6924333858267717
0
LINE
8
BLACK
6
CONTINUOUS
10
5.3221992519685042
20
-4.6924333858267717
11
5.3222769685039371
21
-4.6924388976377953
0
LINE
8
BLACK
6
CONTINUOUS
10
5.3222769685039371
20
-4.6924388976377953
11
5.3225685826771656
21
-4.6924101968503935
0
LINE
8
BLACK
6
CONTINUOUS
10
5.3225685826771656
20
-4.6924101968503935
11
5.3263181102362207
21
-4.6924101968503935
0
LINE
8
BLACK
6
CONTINUOUS
10
5.3263181102362207
20
-4.6924101968503935
11
5.3266096456692908
21
-4.6924388976377953
0
LINE
8
BLACK
6
CONTINUOUS
10
5.4469835826771655
20
-4.6924669291338583
11
5.4472728740157477
21
-4.6924669291338583
0
LINE
8
BLACK
6
CONTINUOUS
10
5.4472728740157477
20
-4.6924669291338583
11
5.4475429527559056
21
-4.6925787795275591
0
LINE
8
BLACK
6
CONTINUOUS
10
5.4475429527559056
20
-4.6925787795275591
11
5.4478296062992122
21
-4.6926361417322831
0
LINE
8
BLACK
6
CONTINUOUS
10
5.4478296062992122
20
-4.6926361417322831
11
5.4480699606299208
21
-4.6927970866141733
0
LINE
8
BLACK
6
CONTINUOUS
10
5.4480699606299208
20
-4.6927970866141733
11
5.4483372834645669
21
-4.692907834645669
0
LINE
8
BLACK
6
CONTINUOUS
10
5.4483372834645669
20
-4.692907834645669
11
5.4485439763779526
21
-4.6931145275590547
0
LINE
8
BLACK
6
CONTINUOUS
10
5.4485439763779526
20
-4.6931145275590547
11
5.4487868897637792
21
-4.6932772047244091
0
LINE
8
BLACK
6
CONTINUOUS
10
5.4487868897637792
20
-4.6932772047244091
11
5.4491498818897632
21
-4.6937204330708662
0
LINE
8
BLACK
6
CONTINUOUS
10
5.4491498818897632
20
-4.6937204330708662
11
5.4491519291338584
21
-4.6937224803149604
0
LINE
8
BLACK
6
CONTINUOUS
10
5.4491519291338584
20
-4.6937224803149604
11
5.4491522834645671
21
-4.693723346456693
0
LINE
8
BLACK
6
CONTINUOUS
10
5.4491522834645671
20
-4.693723346456693
11
5.4491536614173226
21
-4.6937250393700785
0
LINE
8
BLACK
6
CONTINUOUS
10
5.4491536614173226
20
-4.6937250393700785
11
5.4527409842519683
21
-4.6991060629921257
0
LINE
8
BLACK
6
CONTINUOUS
10
5.4527409842519683
20
-4.6991060629921257
11
5.4559449606299211
21
-4.7023100393700785
0
LINE
8
BLACK
6
CONTINUOUS
10
5.4559449606299211
20
-4.7023100393700785
11
5.4592659055118107
21
-4.7039705118110238
0
LINE
8
BLACK
6
CONTINUOUS
10
5.4592659055118107
20
-4.7039705118110238
11
5.4597557874015745
21
-4.7042788582677169
0
LINE
8
BLACK
6
CONTINUOUS
10
5.4597557874015745
20
-4.7042788582677169
11
5.4605106299212594
21
-4.7051492519685034
0
LINE
8
BLACK
6
CONTINUOUS
10
5.4605106299212594
20
-4.7051492519685034
11
5.4608749606299209
21
-4.7062422047244095
0
LINE
8
BLACK
6
CONTINUOUS
10
5.4608749606299209
20
-4.7062422047244095
11
5.4607933070866137
21
-4.7073914173228344
0
LINE
8
BLACK
6
CONTINUOUS
10
5.4607933070866137
20
-4.7073914173228344
11
5.4602780314960633
21
-4.7084219291338583
0
LINE
8
BLACK
6
CONTINUOUS
10
5.4602780314960633
20
-4.7084219291338583
11
5.4594076771653546
21
-4.7091767716535431
0
LINE
8
BLACK
6
CONTINUOUS
10
5.4594076771653546
20
-4.7091767716535431
11
5.4583146850393698
21
-4.7095411023622047
0
LINE
8
BLACK
6
CONTINUOUS
10
5.4583146850393698
20
-4.7095411023622047
11
5.4571654724409449
21
-4.7094594488188974
0
LINE
8
BLACK
6
CONTINUOUS
10
5.4571654724409449
20
-4.7094594488188974
11
5.4566248818897636
21
-4.709252559055118
0
LINE
8
BLACK
6
CONTINUOUS
10
5.4566248818897636
20
-4.709252559055118
11
5.4528753543307085
21
-4.7073777952755904
0
LINE
8
BLACK
6
CONTINUOUS
10
5.4528753543307085
20
-4.7073777952755904
11
5.4526275196850396
21
-4.7072217716535434
0
LINE
8
BLACK
6
CONTINUOUS
10
5.4526275196850396
20
-4.7072217716535434
11
5.4525553937007869
21
-4.7071919291338578
0
LINE
8
BLACK
6
CONTINUOUS
10
5.4525553937007869
20
-4.7071919291338578
11
5.4524742125984247
21
-4.7071253149606296
0
LINE
8
BLACK
6
CONTINUOUS
10
5.4524742125984247
20
-4.7071253149606296
11
5.4523854724409446
21
-4.7070694488188973
0
LINE
8
BLACK
6
CONTINUOUS
10
5.4523854724409446
20
-4.7070694488188973
11
5.4523343307086609
21
-4.7070105118110233
0
LINE
8
BLACK
6
CONTINUOUS
10
5.4523343307086609
20
-4.7070105118110233
11
5.4521079527559051
21
-4.7068246850393702
0
LINE
8
BLACK
6
CONTINUOUS
10
5.4521079527559051
20
-4.7068246850393702
11
5.4496495669291338
21
-4.7043662992125981
0
LINE
8
BLACK
6
CONTINUOUS
10
5.4496495669291338
20
-4.7043662992125981
11
5.4496495669291338
21
-4.7317802755905509
0
LINE
8
BLACK
6
CONTINUOUS
10
5.4496495669291338
20
-4.7317802755905509
11
5.4579453937007871
21
-4.7317802755905509
0
LINE
8
BLACK
6
CONTINUOUS
10
5.4579453937007871
20
-4.7317802755905509
11
5.458521456692913
21
-4.7318370078740157
0
LINE
8
BLACK
6
CONTINUOUS
10
5.458521456692913
20
-4.7318370078740157
11
5.4595858661417322
21
-4.7322779133858264
0
LINE
8
BLACK
6
CONTINUOUS
10
5.4595858661417322
20
-4.7322779133858264
11
5.4604005118110237
21
-4.7330925590551178
0
LINE
8
BLACK
6
CONTINUOUS
10
5.4604005118110237
20
-4.7330925590551178
11
5.4608414173228343
21
-4.7341569685039371
0
LINE
8
BLACK
6
CONTINUOUS
10
5.4608414173228343
20
-4.7341569685039371
11
5.4608414173228343
21
-4.7353090944881888
0
LINE
8
BLACK
6
CONTINUOUS
10
5.4608414173228343
20
-4.7353090944881888
11
5.4604005118110237
21
-4.7363735039370081
0
LINE
8
BLACK
6
CONTINUOUS
10
5.4604005118110237
20
-4.7363735039370081
11
5.4595858661417322
21
-4.7371881496062995
0
LINE
8
BLACK
6
CONTINUOUS
10
5.4595858661417322
20
-4.7371881496062995
11
5.458521456692913
21
-4.7376290551181102
0
LINE
8
BLACK
6
CONTINUOUS
10
5.458521456692913
20
-4.7376290551181102
11
5.4579453937007871
21
-4.737685787401575
0
LINE
8
BLACK
6
CONTINUOUS
10
5.4579453937007871
20
-4.737685787401575
11
5.4354482283464565
21
-4.737685787401575
0
LINE
8
BLACK
6
CONTINUOUS
10
5.4354482283464565
20
-4.737685787401575
11
5.4348721653543306
21
-4.7376290551181102
0
LINE
8
BLACK
6
CONTINUOUS
10
5.4348721653543306
20
-4.7376290551181102
11
5.4338077559055113
21
-4.7371881496062995
0
LINE
8
BLACK
6
CONTINUOUS
10
5.4338077559055113
20
-4.7371881496062995
11
5.4329931102362208
21
-4.7363735039370081
0
LINE
8
BLACK
6
CONTINUOUS
10
5.4329931102362208
20
-4.7363735039370081
11
5.4325522047244093
21
-4.7353090944881888
0
LINE
8
BLACK
6
CONTINUOUS
10
5.4325522047244093
20
-4.7353090944881888
11
5.4325522047244093
21
-4.7341569685039371
0
LINE
8
BLACK
6
CONTINUOUS
10
5.4325522047244093
20
-4.7341569685039371
11
5.4329931102362208
21
-4.7330925590551178
0
LINE
8
BLACK
6
CONTINUOUS
10
5.4329931102362208
20
-4.7330925590551178
11
5.4338077559055113
21
-4.7322779133858264
0
LINE
8
BLACK
6
CONTINUOUS
10
5.4338077559055113
20
-4.7322779133858264
11
5.4348721653543306
21
-4.7318370078740157
0
LINE
8
BLACK
6
CONTINUOUS
10
5.4348721653543306
20
-4.7318370078740157
11
5.4354482283464565
21
-4.7317802755905509
0
LINE
8
BLACK
6
CONTINUOUS
10
5.4354482283464565
20
-4.7317802755905509
11
5.4437440551181098
21
-4.7317802755905509
0
LINE
8
BLACK
6
CONTINUOUS
10
5.4437440551181098
20
-4.7317802755905509
11
5.4437440551181098
21
-4.6953629527559055
0
LINE
8
BLACK
6
CONTINUOUS
10
5.4437440551181098
20
-4.6953629527559055
11
5.4437442519685035
21
-4.6953608661417325
0
LINE
8
BLACK
6
CONTINUOUS
10
5.4437442519685035
20
-4.6953608661417325
11
5.4437440551181098
21
-4.695359842519685
0
LINE
8
BLACK
6
CONTINUOUS
10
5.4437440551181098
20
-4.695359842519685
11
5.4437446456692911
21
-4.6953568110236219
0
LINE
8
BLACK
6
CONTINUOUS
10
5.4437446456692911
20
-4.6953568110236219
11
5.4438007874015746
21
-4.6947868897637797
0
LINE
8
BLACK
6
CONTINUOUS
10
5.4438007874015746
20
-4.6947868897637797
11
5.4439126377952753
21
-4.694516771653543
0
LINE
8
BLACK
6
CONTINUOUS
10
5.4439126377952753
20
-4.694516771653543
11
5.4439700000000002
21
-4.6942301574803151
0
LINE
8
BLACK
6
CONTINUOUS
10
5.4439700000000002
20
-4.6942301574803151
11
5.4441309448818895
21
-4.6939897637795278
0
LINE
8
BLACK
6
CONTINUOUS
10
5.4441309448818895
20
-4.6939897637795278
11
5.4442416929133861
21
-4.6937224803149604
0
LINE
8
BLACK
6
CONTINUOUS
10
5.4442416929133861
20
-4.6937224803149604
11
5.4444483858267718
21
-4.693515748031496
0
LINE
8
BLACK
6
CONTINUOUS
10
5.4444483858267718
20
-4.693515748031496
11
5.4446110629921263
21
-4.6932728740157481
0
LINE
8
BLACK
6
CONTINUOUS
10
5.4446110629921263
20
-4.6932728740157481
11
5.4448517716535436
21
-4.6931123622047242
0
LINE
8
BLACK
6
CONTINUOUS
10
5.4448517716535436
20
-4.6931123622047242
11
5.4450563385826767
21
-4.692907834645669
0
LINE
8
BLACK
6
CONTINUOUS
10
5.4450563385826767
20
-4.692907834645669
11
5.4453264173228346
21
-4.6927959448818894
0
LINE
8
BLACK
6
CONTINUOUS
10
5.4453264173228346
20
-4.6927959448818894
11
5.44556968503937
21
-4.6926337795275588
0
LINE
8
BLACK
6
CONTINUOUS
10
5.44556968503937
20
-4.6926337795275588
11
5.4458534645669294
21
-4.6925776377952753
0
LINE
8
BLACK
6
CONTINUOUS
10
5.4458534645669294
20
-4.6925776377952753
11
5.4461207480314959
21
-4.6924669291338583
0
LINE
8
BLACK
6
CONTINUOUS
10
5.4461207480314959
20
-4.6924669291338583
11
5.4464131496062995
21
-4.6924669291338583
0
LINE
8
BLACK
6
CONTINUOUS
10
5.4464131496062995
20
-4.6924669291338583
11
5.4466999212598424
21
-4.6924101968503935
0
LINE
8
BLACK
6
CONTINUOUS
10
5.4466999212598424
20
-4.6924101968503935
11
5.4469835826771655
21
-4.6924669291338583
0
LINE
8
BLACK
6
CONTINUOUS
10
5.7516565354330709
20
-4.6924388976377953
11
5.7517342913385825
21
-4.6924333858267717
0
LINE
8
BLACK
6
CONTINUOUS
10
5.7517342913385825
20
-4.6924333858267717
11
5.7518365354330712
21
-4.6924566141732287
0
LINE
8
BLACK
6
CONTINUOUS
10
5.7518365354330712
20
-4.6924566141732287
11
5.7519410629921257
21
-4.6924669291338583
0
LINE
8
BLACK
6
CONTINUOUS
10
5.7519410629921257
20
-4.6924669291338583
11
5.7520131496062987
21
-4.6924967716535431
0
LINE
8
BLACK
6
CONTINUOUS
10
5.7520131496062987
20
-4.6924967716535431
11
5.7522987401574799
21
-4.6925617322834645
0
LINE
8
BLACK
6
CONTINUOUS
10
5.7522987401574799
20
-4.6925617322834645
11
5.7579230314960625
21
-4.6944364960629921
0
LINE
8
BLACK
6
CONTINUOUS
10
5.7579230314960625
20
-4.6944364960629921
11
5.7584515748031491
21
-4.6946724803149609
0
LINE
8
BLACK
6
CONTINUOUS
10
5.7584515748031491
20
-4.6946724803149609
11
5.7585316929133858
21
-4.6947419685039371
0
LINE
8
BLACK
6
CONTINUOUS
10
5.7585316929133858
20
-4.6947419685039371
11
5.7586297637795276
21
-4.6947825984251965
0
LINE
8
BLACK
6
CONTINUOUS
10
5.7586297637795276
20
-4.6947825984251965
11
5.7590772047244094
21
-4.6951498031496062
0
LINE
8
BLACK
6
CONTINUOUS
10
5.7590772047244094
20
-4.6951498031496062
11
5.7628267322834645
21
-4.6988993307086613
0
LINE
8
BLACK
6
CONTINUOUS
10
5.7628267322834645
20
-4.6988993307086613
11
5.7630125590551176
21
-4.6991257086614171
0
LINE
8
BLACK
6
CONTINUOUS
10
5.7630125590551176
20
-4.6991257086614171
11
5.7630714960629916
21
-4.6991768503937008
0
LINE
8
BLACK
6
CONTINUOUS
10
5.7630714960629916
20
-4.6991768503937008
11
5.7631273622047239
21
-4.6992655905511809
0
LINE
8
BLACK
6
CONTINUOUS
10
5.7631273622047239
20
-4.6992655905511809
11
5.7631939763779529
21
-4.6993467716535431
0
LINE
8
BLACK
6
CONTINUOUS
10
5.7631939763779529
20
-4.6993467716535431
11
5.7632238188976377
21
-4.6994188976377949
0
LINE
8
BLACK
6
CONTINUOUS
10
5.7632238188976377
20
-4.6994188976377949
11
5.7633798425196847
21
-4.6996667322834647
0
LINE
8
BLACK
6
CONTINUOUS
10
5.7633798425196847
20
-4.6996667322834647
11
5.7652546062992123
21
-4.7034162598425198
0
LINE
8
BLACK
6
CONTINUOUS
10
5.7652546062992123
20
-4.7034162598425198
11
5.7652707086614168
21
-4.703458346456693
0
LINE
8
BLACK
6
CONTINUOUS
10
5.7652707086614168
20
-4.703458346456693
11
5.7652834251968503
21
-4.7034755118110239
0
LINE
8
BLACK
6
CONTINUOUS
10
5.7652834251968503
20
-4.7034755118110239
11
5.7653694881889761
21
-4.703716417322835
0
LINE
8
BLACK
6
CONTINUOUS
10
5.7653694881889761
20
-4.703716417322835
11
5.7654614960629917
21
-4.703956850393701
0
LINE
8
BLACK
6
CONTINUOUS
10
5.7654614960629917
20
-4.703956850393701
11
5.7654629921259843
21
-4.7039781102362204
0
LINE
8
BLACK
6
CONTINUOUS
10
5.7654629921259843
20
-4.7039781102362204
11
5.7654781889763775
21
-4.7040206299212599
0
LINE
8
BLACK
6
CONTINUOUS
10
5.7654781889763775
20
-4.7040206299212599
11
5.7673529527559051
21
-4.7115196850393701
0
LINE
8
BLACK
6
CONTINUOUS
10
5.7673529527559051
20
-4.7115196850393701
11
5.7673677165354329
21
-4.7116195275590549
0
LINE
8
BLACK
6
CONTINUOUS
10
5.7673677165354329
20
-4.7116195275590549
11
5.7673843700787399
21
-4.7116597637795277
0
LINE
8
BLACK
6
CONTINUOUS
10
5.7673843700787399
20
-4.7116597637795277
11
5.7674057086614168
21
-4.711876771653543
0
LINE
8
BLACK
6
CONTINUOUS
10
5.7674057086614168
20
-4.711876771653543
11
5.7674375984251967
21
-4.7120922834645667
0
LINE
8
BLACK
6
CONTINUOUS
10
5.7674375984251967
20
-4.7120922834645667
11
5.7674311811023617
21
-4.7121352755905512
0
LINE
8
BLACK
6
CONTINUOUS
10
5.7674311811023617
20
-4.7121352755905512
11
5.7674411023622048
21
-4.7122358267716535
0
LINE
8
BLACK
6
CONTINUOUS
10
5.7674411023622048
20
-4.7122358267716535
11
5.7674411023622048
21
-4.7178601181102362
0
LINE
8
BLACK
6
CONTINUOUS
10
5.7674411023622048
20
-4.7178601181102362
11
5.7674311811023617
21
-4.7179606299212598
0
LINE
8
BLACK
6
CONTINUOUS
10
5.7674311811023617
20
-4.7179606299212598
11
5.7674375984251967
21
-4.7180036614173231
0
LINE
8
BLACK
6
CONTINUOUS
10
5.7674375984251967
20
-4.7180036614173231
11
5.7674057086614168
21
-4.718219133858268
0
LINE
8
BLACK
6
CONTINUOUS
10
5.7674057086614168
20
-4.718219133858268
11
5.7673843700787399
21
-4.7184361811023621
0
LINE
8
BLACK
6
CONTINUOUS
10
5.7673843700787399
20
-4.7184361811023621
11
5.7673677165354329
21
-4.7184763779527561
0
LINE
8
BLACK
6
CONTINUOUS
10
5.7673677165354329
20
-4.7184763779527561
11
5.7673529527559051
21
-4.7185762598425196
0
LINE
8
BLACK
6
CONTINUOUS
10
5.7673529527559051
20
-4.7185762598425196
11
5.7654781889763775
21
-4.7260753149606298
0
LINE
8
BLACK
6
CONTINUOUS
10
5.7654781889763775
20
-4.7260753149606298
11
5.7654629921259843
21
-4.7261177952755906
0
LINE
8
BLACK
6
CONTINUOUS
10
5.7654629921259843
20
-4.7261177952755906
11
5.7654614960629917
21
-4.7261390944881887
0
LINE
8
BLACK
6
CONTINUOUS
10
5.7654614960629917
20
-4.7261390944881887
11
5.7653697244094486
21
-4.7263788188976381
0
LINE
8
BLACK
6
CONTINUOUS
10
5.7653697244094486
20
-4.7263788188976381
11
5.7652834251968503
21
-4.7266204330708659
0
LINE
8
BLACK
6
CONTINUOUS
10
5.7652834251968503
20
-4.7266204330708659
11
5.7652707086614168
21
-4.726637559055118
0
LINE
8
BLACK
6
CONTINUOUS
10
5.7652707086614168
20
-4.726637559055118
11
5.7652546062992123
21
-4.72667968503937
0
LINE
8
BLACK
6
CONTINUOUS
10
5.7652546062992123
20
-4.72667968503937
11
5.7633798425196847
21
-4.7304292125984251
0
LINE
8
BLACK
6
CONTINUOUS
10
5.7633798425196847
20
-4.7304292125984251
11
5.7632237795275589
21
-4.7306770866141727
0
LINE
8
BLACK
6
CONTINUOUS
10
5.7632237795275589
20
-4.7306770866141727
11
5.7631939763779529
21
-4.7307491338582679
0
LINE
8
BLACK
6
CONTINUOUS
10
5.7631939763779529
20
-4.7307491338582679
11
5.7631274409448814
21
-4.7308301574803151
0
LINE
8
BLACK
6
CONTINUOUS
10
5.7631274409448814
20
-4.7308301574803151
11
5.7630714960629916
21
-4.7309190944881889
0
LINE
8
BLACK
6
CONTINUOUS
10
5.7630714960629916
20
-4.7309190944881889
11
5.7630124803149609
21
-4.7309702362204726
0
LINE
8
BLACK
6
CONTINUOUS
10
5.7630124803149609
20
-4.7309702362204726
11
5.7628267716535433
21
-4.7311965748031497
0
LINE
8
BLACK
6
CONTINUOUS
10
5.7628267716535433
20
-4.7311965748031497
11
5.7590772047244094
21
-4.7349461811023623
0
LINE
8
BLACK
6
CONTINUOUS
10
5.7590772047244094
20
-4.7349461811023623
11
5.7586297637795276
21
-4.735313385826772
0
LINE
8
BLACK
6
CONTINUOUS
10
5.7586297637795276
20
-4.735313385826772
11
5.7585316929133858
21
-4.7353539763779526
0
LINE
8
BLACK
6
CONTINUOUS
10
5.7585316929133858
20
-4.7353539763779526
11
5.7584515748031491
21
-4.7354235039370076
0
LINE
8
BLACK
6
CONTINUOUS
10
5.7584515748031491
20
-4.7354235039370076
11
5.7579230314960625
21
-4.7356594881889764
0
LINE
8
BLACK
6
CONTINUOUS
10
5.7579230314960625
20
-4.7356594881889764
11
5.7522987401574799
21
-4.737534251968504
0
LINE
8
BLACK
6
CONTINUOUS
10
5.7522987401574799
20
-4.737534251968504
11
5.7520131496062987
21
-4.7375991732283467
0
LINE
8
BLACK
6
CONTINUOUS
10
5.7520131496062987
20
-4.7375991732283467
11
5.7519410629921257
21
-4.7376290551181102
0
LINE
8
BLACK
6
CONTINUOUS
10
5.7519410629921257
20
-4.7376290551181102
11
5.7518365354330712
21
-4.7376393307086611
0
LINE
8
BLACK
6
CONTINUOUS
10
5.7518365354330712
20
-4.7376393307086611
11
5.7517342913385825
21
-4.7376625984251968
0
LINE
8
BLACK
6
CONTINUOUS
10
5.7517342913385825
20
-4.7376625984251968
11
5.7516565354330709
21
-4.7376570472440944
0
LINE
8
BLACK
6
CONTINUOUS
10
5.7516565354330709
20
-4.7376570472440944
11
5.7513649999999998
21
-4.737685787401575
0
LINE
8
BLACK
6
CONTINUOUS
10
5.7513649999999998
20
-4.737685787401575
11
5.7476154724409447
21
-4.737685787401575
0
LINE
8
BLACK
6
CONTINUOUS
10
5.7476154724409447
20
-4.737685787401575
11
5.7473238582677162
21
-4.7376570472440944
0
LINE
8
BLACK
6
CONTINUOUS
10
5.7473238582677162
20
-4.7376570472440944
11
5.7472461417322833
21
-4.7376625984251968
0
LINE
8
BLACK
6
CONTINUOUS
10
5.7472461417322833
20
-4.7376625984251968
11
5.7471438582677168
21
-4.7376393307086611
0
LINE
8
BLACK
6
CONTINUOUS
10
5.7471438582677168
20
-4.7376393307086611
11
5.7470394094488189
21
-4.7376290551181102
0
LINE
8
BLACK
6
CONTINUOUS
10
5.7470394094488189
20
-4.7376290551181102
11
5.7469673228346458
21
-4.7375991732283467
0
LINE
8
BLACK
6
CONTINUOUS
10
5.7469673228346458
20
-4.7375991732283467
11
5.7466816929133859
21
-4.737534251968504
0
LINE
8
BLACK
6
CONTINUOUS
10
5.7466816929133859
20
-4.737534251968504
11
5.741057440944882
21
-4.7356594881889764
0
LINE
8
BLACK
6
CONTINUOUS
10
5.741057440944882
20
-4.7356594881889764
11
5.7405288582677167
21
-4.7354235039370076
0
LINE
8
BLACK
6
CONTINUOUS
10
5.7405288582677167
20
-4.7354235039370076
11
5.7404486614173225
21
-4.7353539370078739
0
LINE
8
BLACK
6
CONTINUOUS
10
5.7404486614173225
20
-4.7353539370078739
11
5.7403507086614169
21
-4.735313385826772
0
LINE
8
BLACK
6
CONTINUOUS
10
5.7403507086614169
20
-4.735313385826772
11
5.7399032283464564
21
-4.7349461417322836
0
LINE
8
BLACK
6
CONTINUOUS
10
5.7399032283464564
20
-4.7349461417322836
11
5.7380284645669288
21
-4.7330713385826773
0
LINE
8
BLACK
6
CONTINUOUS
10
5.7380284645669288
20
-4.7330713385826773
11
5.7376612598425192
21
-4.7326238976377955
0
LINE
8
BLACK
6
CONTINUOUS
10
5.7376612598425192
20
-4.7326238976377955
11
5.7372203937007873
21
-4.7315594881889762
0
LINE
8
BLACK
6
CONTINUOUS
10
5.7372203937007873
20
-4.7315594881889762
11
5.7372203937007873
21
-4.7304074015748032
0
LINE
8
BLACK
6
CONTINUOUS
10
5.7372203937007873
20
-4.7304074015748032
11
5.7376612992125979
21
-4.729342992125984
0
LINE
8
BLACK
6
CONTINUOUS
10
5.7376612992125979
20
-4.729342992125984
11
5.7384759842519681
21
-4.7285283070866138
0
LINE
8
BLACK
6
CONTINUOUS
10
5.7384759842519681
20
-4.7285283070866138
11
5.7395403937007874
21
-4.7280874409448819
0
LINE
8
BLACK
6
CONTINUOUS
10
5.7395403937007874
20
-4.7280874409448819
11
5.7406924803149604
21
-4.7280874409448819
0
LINE
8
BLACK
6
CONTINUOUS
10
5.7406924803149604
20
-4.7280874409448819
11
5.7417568897637796
21
-4.7285283464566925
0
LINE
8
BLACK
6
CONTINUOUS
10
5.7417568897637796
20
-4.7285283464566925
11
5.7422043700787402
21
-4.7288955905511809
0
LINE
8
BLACK
6
CONTINUOUS
10
5.7422043700787402
20
-4.7288955905511809
11
5.7435862204724408
21
-4.7302774803149603
0
LINE
8
BLACK
6
CONTINUOUS
10
5.7435862204724408
20
-4.7302774803149603
11
5.7480946062992126
21
-4.7317802755905509
0
LINE
8
BLACK
6
CONTINUOUS
10
5.7480946062992126
20
-4.7317802755905509
11
5.7508858661417319
21
-4.7317802755905509
0
LINE
8
BLACK
6
CONTINUOUS
10
5.7508858661417319
20
-4.7317802755905509
11
5.7553942519685037
21
-4.7302774409448816
0
LINE
8
BLACK
6
CONTINUOUS
10
5.7553942519685037
20
-4.7302774409448816
11
5.7583120472440941
21
-4.7273596062992125
0
LINE
8
BLACK
6
CONTINUOUS
10
5.7583120472440941
20
-4.7273596062992125
11
5.7598275590551182
21
-4.7243286220472438
0
LINE
8
BLACK
6
CONTINUOUS
10
5.7598275590551182
20
-4.7243286220472438
11
5.7615355905511807
21
-4.7174965748031497
0
LINE
8
BLACK
6
CONTINUOUS
10
5.7615355905511807
20
-4.7174965748031497
11
5.7615355905511807
21
-4.7125993700787401
0
LINE
8
BLACK
6
CONTINUOUS
10
5.7615355905511807
20
-4.7125993700787401
11
5.7598275590551182
21
-4.7057673228346459
0
LINE
8
BLACK
6
CONTINUOUS
10
5.7598275590551182
20
-4.7057673228346459
11
5.7583120866141728
21
-4.7027363385826773
0
LINE
8
BLACK
6
CONTINUOUS
10
5.7583120866141728
20
-4.7027363385826773
11
5.7553942519685037
21
-4.6998185039370082
0
LINE
8
BLACK
6
CONTINUOUS
10
5.7553942519685037
20
-4.6998185039370082
11
5.7508858661417319
21
-4.6983157086614176
0
LINE
8
BLACK
6
CONTINUOUS
10
5.7508858661417319
20
-4.6983157086614176
11
5.7480946062992126
21
-4.6983157086614176
0
LINE
8
BLACK
6
CONTINUOUS
10
5.7480946062992126
20
-4.6983157086614176
11
5.7435862204724408
21
-4.6998185039370082
0
LINE
8
BLACK
6
CONTINUOUS
10
5.7435862204724408
20
-4.6998185039370082
11
5.7422043307086614
21
-4.7012003937007876
0
LINE
8
BLACK
6
CONTINUOUS
10
5.7422043307086614
20
-4.7012003937007876
11
5.7417568897637796
21
-4.7015675984251963
0
LINE
8
BLACK
6
CONTINUOUS
10
5.7417568897637796
20
-4.7015675984251963
11
5.7406924409448816
21
-4.7020085039370079
0
LINE
8
BLACK
6
CONTINUOUS
10
5.7406924409448816
20
-4.7020085039370079
11
5.7395403937007874
21
-4.7020085039370079
0
LINE
8
BLACK
6
CONTINUOUS
10
5.7395403937007874
20
-4.7020085039370079
11
5.7384759448818894
21
-4.7015675984251963
0
LINE
8
BLACK
6
CONTINUOUS
10
5.7384759448818894
20
-4.7015675984251963
11
5.7376612992125979
21
-4.7007529527559058
0
LINE
8
BLACK
6
CONTINUOUS
10
5.7376612992125979
20
-4.7007529527559058
11
5.7372203937007873
21
-4.6996885039370078
0
LINE
8
BLACK
6
CONTINUOUS
10
5.7372203937007873
20
-4.6996885039370078
11
5.7372203937007873
21
-4.6985364566929135
0
LINE
8
BLACK
6
CONTINUOUS
10
5.7372203937007873
20
-4.6985364566929135
11
5.7376612992125979
21
-4.6974720078740155
0
LINE
8
BLACK
6
CONTINUOUS
10
5.7376612992125979
20
-4.6974720078740155
11
5.7380285039370076
21
-4.6970245669291337
0
LINE
8
BLACK
6
CONTINUOUS
10
5.7380285039370076
20
-4.6970245669291337
11
5.7399032677165351
21
-4.6951498031496062
0
LINE
8
BLACK
6
CONTINUOUS
10
5.7399032677165351
20
-4.6951498031496062
11
5.7403507086614169
21
-4.6947825984251965
0
LINE
8
BLACK
6
CONTINUOUS
10
5.7403507086614169
20
-4.6947825984251965
11
5.7404486614173225
21
-4.6947420078740159
0
LINE
8
BLACK
6
CONTINUOUS
10
5.7404486614173225
20
-4.6947420078740159
11
5.7405288582677167
21
-4.6946724803149609
0
LINE
8
BLACK
6
CONTINUOUS
10
5.7405288582677167
20
-4.6946724803149609
11
5.741057440944882
21
-4.6944364960629921
0
LINE
8
BLACK
6
CONTINUOUS
10
5.741057440944882
20
-4.6944364960629921
11
5.7466816929133859
21
-4.6925617322834645
0
LINE
8
BLACK
6
CONTINUOUS
10
5.7466816929133859
20
-4.6925617322834645
11
5.7469673228346458
21
-4.6924967716535431
0
LINE
8
BLACK
6
CONTINUOUS
10
5.7469673228346458
20
-4.6924967716535431
11
5.7470394094488189
21
-4.6924669291338583
0
LINE
8
BLACK
6
CONTINUOUS
10
5.7470394094488189
20
-4.6924669291338583
11
5.7471438582677168
21
-4.6924566141732287
0
LINE
8
BLACK
6
CONTINUOUS
10
5.7471438582677168
20
-4.6924566141732287
11
5.7472461417322833
21
-4.6924333858267717
0
LINE
8
BLACK
6
CONTINUOUS
10
5.7472461417322833
20
-4.6924333858267717
11
5.7473238582677162
21
-4.6924388976377953
0
LINE
8
BLACK
6
CONTINUOUS
10
5.7473238582677162
20
-4.6924388976377953
11
5.7476154724409447
21
-4.6924101968503935
0
LINE
8
BLACK
6
CONTINUOUS
10
5.7476154724409447
20
-4.6924101968503935
11
5.7513649999999998
21
-4.6924101968503935
0
LINE
8
BLACK
6
CONTINUOUS
10
5.7513649999999998
20
-4.6924101968503935
11
5.7516565354330709
21
-4.6924388976377953
0
LINE
8
BLACK
6
CONTINUOUS
10
5.67902905511811
20
-4.6906403149606302
11
5.6800594881889763
21
-4.6911555118110231
0
LINE
8
BLACK
6
CONTINUOUS
10
5.6800594881889763
20
-4.6911555118110231
11
5.6808143700787399
21
-4.6920258661417318
0
LINE
8
BLACK
6
CONTINUOUS
10
5.6808143700787399
20
-4.6920258661417318
11
5.6810503543307087
21
-4.6925544488188979
0
LINE
8
BLACK
6
CONTINUOUS
10
5.6810503543307087
20
-4.6925544488188979
11
5.6904241732283465
21
-4.7206758661417325
0
LINE
8
BLACK
6
CONTINUOUS
10
5.6904241732283465
20
-4.7206758661417325
11
5.6904890944881892
21
-4.7209614960629924
0
LINE
8
BLACK
6
CONTINUOUS
10
5.6904890944881892
20
-4.7209614960629924
11
5.6905189763779527
21
-4.7210335826771654
0
LINE
8
BLACK
6
CONTINUOUS
10
5.6905189763779527
20
-4.7210335826771654
11
5.6905189763779527
21
-4.7210927952755908
0
LINE
8
BLACK
6
CONTINUOUS
10
5.6905189763779527
20
-4.7210927952755908
11
5.6905525196850393
21
-4.7212403149606299
0
LINE
8
BLACK
6
CONTINUOUS
10
5.6905525196850393
20
-4.7212403149606299
11
5.6905189763779527
21
-4.7217121653543304
0
LINE
8
BLACK
6
CONTINUOUS
10
5.6905189763779527
20
-4.7217121653543304
11
5.6905189763779527
21
-4.7221857086614172
0
LINE
8
BLACK
6
CONTINUOUS
10
5.6905189763779527
20
-4.7221857086614172
11
5.6904783070866136
21
-4.722283779527559
0
LINE
8
BLACK
6
CONTINUOUS
10
5.6904783070866136
20
-4.722283779527559
11
5.6904708267716533
21
-4.7223895275590548
0
LINE
8
BLACK
6
CONTINUOUS
10
5.6904708267716533
20
-4.7223895275590548
11
5.690259251968504
21
-4.7228126377952755
0
LINE
8
BLACK
6
CONTINUOUS
10
5.690259251968504
20
-4.7228126377952755
11
5.690078070866142
21
-4.7232501181102364
0
LINE
8
BLACK
6
CONTINUOUS
10
5.690078070866142
20
-4.7232501181102364
11
5.6900030314960626
21
-4.7233251181102363
0
LINE
8
BLACK
6
CONTINUOUS
10
5.6900030314960626
20
-4.7233251181102363
11
5.6899556299212595
21
-4.72342
0
LINE
8
BLACK
6
CONTINUOUS
10
5.6899556299212595
20
-4.72342
11
5.6895981496062991
21
-4.7237299999999998
0
LINE
8
BLACK
6
CONTINUOUS
10
5.6895981496062991
20
-4.7237299999999998
11
5.6892634251968506
21
-4.7240647637795279
0
LINE
8
BLACK
6
CONTINUOUS
10
5.6892634251968506
20
-4.7240647637795279
11
5.6891653543307088
21
-4.7241053543307086
0
LINE
8
BLACK
6
CONTINUOUS
10
5.6891653543307088
20
-4.7241053543307086
11
5.689085236220472
21
-4.7241748818897635
0
LINE
8
BLACK
6
CONTINUOUS
10
5.689085236220472
20
-4.7241748818897635
11
5.688636377952756
21
-4.7243244881889765
0
LINE
8
BLACK
6
CONTINUOUS
10
5.688636377952756
20
-4.7243244881889765
11
5.6881990157480313
21
-4.7245056692913385
0
LINE
8
BLACK
6
CONTINUOUS
10
5.6881990157480313
20
-4.7245056692913385
11
5.6880483464566929
21
-4.7245204724409451
0
LINE
8
BLACK
6
CONTINUOUS
10
5.6880483464566929
20
-4.7245204724409451
11
5.6879922440944881
21
-4.7245392125984251
0
LINE
8
BLACK
6
CONTINUOUS
10
5.6879922440944881
20
-4.7245392125984251
11
5.6879144881889765
21
-4.7245336614173228
0
LINE
8
BLACK
6
CONTINUOUS
10
5.6879144881889765
20
-4.7245336614173228
11
5.6876229527559055
21
-4.7245624015748033
0
LINE
8
BLACK
6
CONTINUOUS
10
5.6876229527559055
20
-4.7245624015748033
11
5.6718280708661419
21
-4.7245624015748033
0
LINE
8
BLACK
6
CONTINUOUS
10
5.6718280708661419
20
-4.7245624015748033
11
5.6718280708661419
21
-4.7347330314960629
0
LINE
8
BLACK
6
CONTINUOUS
10
5.6718280708661419
20
-4.7347330314960629
11
5.6717713385826771
21
-4.7353090944881888
0
LINE
8
BLACK
6
CONTINUOUS
10
5.6717713385826771
20
-4.7353090944881888
11
5.6713304330708656
21
-4.7363735039370081
0
LINE
8
BLACK
6
CONTINUOUS
10
5.6713304330708656
20
-4.7363735039370081
11
5.670515787401575
21
-4.7371881496062995
0
LINE
8
BLACK
6
CONTINUOUS
10
5.670515787401575
20
-4.7371881496062995
11
5.6694513779527558
21
-4.7376290551181102
0
LINE
8
BLACK
6
CONTINUOUS
10
5.6694513779527558
20
-4.7376290551181102
11
5.668299251968504
21
-4.7376290551181102
0
LINE
8
BLACK
6
CONTINUOUS
10
5.668299251968504
20
-4.7376290551181102
11
5.6672348425196848
21
-4.7371881496062995
0
LINE
8
BLACK
6
CONTINUOUS
10
5.6672348425196848
20
-4.7371881496062995
11
5.6664201968503933
21
-4.7363735039370081
0
LINE
8
BLACK
6
CONTINUOUS
10
5.6664201968503933
20
-4.7363735039370081
11
5.6659792913385827
21
-4.7353090944881888
0
LINE
8
BLACK
6
CONTINUOUS
10
5.6659792913385827
20
-4.7353090944881888
11
5.6659225590551179
21
-4.7347330314960629
0
LINE
8
BLACK
6
CONTINUOUS
10
5.6659225590551179
20
-4.7347330314960629
11
5.6659225590551179
21
-4.7245624015748033
0
LINE
8
BLACK
6
CONTINUOUS
10
5.6659225590551179
20
-4.7245624015748033
11
5.6632510236220472
21
-4.7245624015748033
0
LINE
8
BLACK
6
CONTINUOUS
10
5.6632510236220472
20
-4.7245624015748033
11
5.6626749606299214
21
-4.7245056692913385
0
LINE
8
BLACK
6
CONTINUOUS
10
5.6626749606299214
20
-4.7245056692913385
11
5.6616105511811021
21
-4.7240647637795279
0
LINE
8
BLACK
6
CONTINUOUS
10
5.6616105511811021
20
-4.7240647637795279
11
5.6607959055118107
21
-4.7232501181102364
0
LINE
8
BLACK
6
CONTINUOUS
10
5.6607959055118107
20
-4.7232501181102364
11
5.660355
21
-4.7221857086614172
0
LINE
8
BLACK
6
CONTINUOUS
10
5.660355
20
-4.7221857086614172
11
5.660355
21
-4.7210335826771654
0
LINE
8
BLACK
6
CONTINUOUS
10
5.660355
20
-4.7210335826771654
11
5.6607959055118107
21
-4.7199691732283462
0
LINE
8
BLACK
6
CONTINUOUS
10
5.6607959055118107
20
-4.7199691732283462
11
5.6616105511811021
21
-4.7191545275590547
0
LINE
8
BLACK
6
CONTINUOUS
10
5.6616105511811021
20
-4.7191545275590547
11
5.6626749606299214
21
-4.7187136220472441
0
LINE
8
BLACK
6
CONTINUOUS
10
5.6626749606299214
20
-4.7187136220472441
11
5.6632510236220472
21
-4.7186568897637793
0
LINE
8
BLACK
6
CONTINUOUS
10
5.6632510236220472
20
-4.7186568897637793
11
5.6659225590551179
21
-4.7186568897637793
0
LINE
8
BLACK
6
CONTINUOUS
10
5.6659225590551179
20
-4.7186568897637793
11
5.6659225590551179
21
-4.7084862992125984
0
LINE
8
BLACK
6
CONTINUOUS
10
5.6659225590551179
20
-4.7084862992125984
11
5.6659792913385827
21
-4.7079102362204726
0
LINE
8
BLACK
6
CONTINUOUS
10
5.6659792913385827
20
-4.7079102362204726
11
5.6664201968503933
21
-4.7068458267716533
0
LINE
8
BLACK
6
CONTINUOUS
10
5.6664201968503933
20
-4.7068458267716533
11
5.6672348425196848
21
-4.7060311811023618
0
LINE
8
BLACK
6
CONTINUOUS
10
5.6672348425196848
20
-4.7060311811023618
11
5.668299251968504
21
-4.7055902755905512
0
LINE
8
BLACK
6
CONTINUOUS
10
5.668299251968504
20
-4.7055902755905512
11
5.6694513779527558
21
-4.7055902755905512
0
LINE
8
BLACK
6
CONTINUOUS
10
5.6694513779527558
20
-4.7055902755905512
11
5.670515787401575
21
-4.7060311811023618
0
LINE
8
BLACK
6
CONTINUOUS
10
5.670515787401575
20
-4.7060311811023618
11
5.6713304330708656
21
-4.7068458267716533
0
LINE
8
BLACK
6
CONTINUOUS
10
5.6713304330708656
20
-4.7068458267716533
11
5.6717713385826771
21
-4.7079102362204726
0
LINE
8
BLACK
6
CONTINUOUS
10
5.6717713385826771
20
-4.7079102362204726
11
5.6718280708661419
21
-4.7084862992125984
0
LINE
8
BLACK
6
CONTINUOUS
10
5.6718280708661419
20
-4.7084862992125984
11
5.6718280708661419
21
-4.7186568897637793
0
LINE
8
BLACK
6
CONTINUOUS
10
5.6718280708661419
20
-4.7186568897637793
11
5.6835262204724408
21
-4.7186568897637793
0
LINE
8
BLACK
6
CONTINUOUS
10
5.6835262204724408
20
-4.7186568897637793
11
5.6754479133858267
21
-4.694421929133858
0
LINE
8
BLACK
6
CONTINUOUS
10
5.6754479133858267
20
-4.694421929133858
11
5.6753195669291339
21
-4.6938574803149606
0
LINE
8
BLACK
6
CONTINUOUS
10
5.6753195669291339
20
-4.6938574803149606
11
5.6754012598425199
21
-4.6927082677165357
0
LINE
8
BLACK
6
CONTINUOUS
10
5.6754012598425199
20
-4.6927082677165357
11
5.6759164566929137
21
-4.6916778346456693
0
LINE
8
BLACK
6
CONTINUOUS
10
5.6759164566929137
20
-4.6916778346456693
11
5.6767868110236215
21
-4.6909229527559058
0
LINE
8
BLACK
6
CONTINUOUS
10
5.6767868110236215
20
-4.6909229527559058
11
5.677879842519685
21
-4.6905586220472442
0
LINE
8
BLACK
6
CONTINUOUS
10
5.677879842519685
20
-4.6905586220472442
11
5.67902905511811
21
-4.6906403149606302
0
LINE
8
BLACK
6
CONTINUOUS
10
5.4766267322834645
20
-4.6789160236220475
11
5.4779051574803148
21
-4.6801944488188978
0
LINE
8
BLACK
6
CONTINUOUS
10
5.4779051574803148
20
-4.6801944488188978
11
5.4779051574803148
21
-4.6820024015748034
0
LINE
8
BLACK
6
CONTINUOUS
10
5.4779051574803148
20
-4.6820024015748034
11
5.4766267322834645
21
-4.6832808267716537
0
LINE
8
BLACK
6
CONTINUOUS
10
5.4766267322834645
20
-4.6832808267716537
11
5.4757227559055117
21
-4.6834606299212593
0
LINE
8
BLACK
6
CONTINUOUS
10
5.4757227559055117
20
-4.6834606299212593
11
5.4570410236220468
21
-4.6834606299212593
0
LINE
8
BLACK
6
CONTINUOUS
10
5.4570410236220468
20
-4.6834606299212593
11
5.456137047244094
21
-4.6832808267716537
0
LINE
8
BLACK
6
CONTINUOUS
10
5.456137047244094
20
-4.6832808267716537
11
5.4548586220472437
21
-4.6820024015748034
0
LINE
8
BLACK
6
CONTINUOUS
10
5.4548586220472437
20
-4.6820024015748034
11
5.4548586220472437
21
-4.6801944488188978
0
LINE
8
BLACK
6
CONTINUOUS
10
5.4548586220472437
20
-4.6801944488188978
11
5.456137047244094
21
-4.6789160236220475
0
LINE
8
BLACK
6
CONTINUOUS
10
5.456137047244094
20
-4.6789160236220475
11
5.4570410236220468
21
-4.678736220472441
0
LINE
8
BLACK
6
CONTINUOUS
10
5.4570410236220468
20
-4.678736220472441
11
5.4757227559055117
21
-4.678736220472441
0
LINE
8
BLACK
6
CONTINUOUS
10
5.4757227559055117
20
-4.678736220472441
11
5.4766267322834645
21
-4.6789160236220475
0
LINE
8
BLACK
6
CONTINUOUS
10
5.1570724803149606
20
-4.6784238976377948
11
5.1583509055118109
21
-4.6797023228346459
0
LINE
8
BLACK
6
CONTINUOUS
10
5.1583509055118109
20
-4.6797023228346459
11
5.1583509055118109
21
-4.6815102755905507
0
LINE
8
BLACK
6
CONTINUOUS
10
5.1583509055118109
20
-4.6815102755905507
11
5.1570724803149606
21
-4.6827887007874018
0
LINE
8
BLACK
6
CONTINUOUS
10
5.1570724803149606
20
-4.6827887007874018
11
5.1561685039370078
21
-4.6829685039370075
0
LINE
8
BLACK
6
CONTINUOUS
10
5.1561685039370078
20
-4.6829685039370075
11
5.1450992125984252
21
-4.6829685039370075
0
LINE
8
BLACK
6
CONTINUOUS
10
5.1450992125984252
20
-4.6829685039370075
11
5.1441952362204724
21
-4.6827887007874018
0
LINE
8
BLACK
6
CONTINUOUS
10
5.1441952362204724
20
-4.6827887007874018
11
5.1429168110236221
21
-4.6815102755905507
0
LINE
8
BLACK
6
CONTINUOUS
10
5.1429168110236221
20
-4.6815102755905507
11
5.1429168110236221
21
-4.6797023228346459
0
LINE
8
BLACK
6
CONTINUOUS
10
5.1429168110236221
20
-4.6797023228346459
11
5.1441952362204724
21
-4.6784238976377948
0
LINE
8
BLACK
6
CONTINUOUS
10
5.1441952362204724
20
-4.6784238976377948
11
5.1450992125984252
21
-4.6782440944881891
0
LINE
8
BLACK
6
CONTINUOUS
10
5.1450992125984252
20
-4.6782440944881891
11
5.1561685039370078
21
-4.6782440944881891
0
LINE
8
BLACK
6
CONTINUOUS
10
5.1561685039370078
20
-4.6782440944881891
11
5.1570724803149606
21
-4.6784238976377948
0
LINE
8
BLACK
6
CONTINUOUS
10
5.3149464960629924
20
-4.6784238976377948
11
5.3162249212598427
21
-4.6797023228346459
0
LINE
8
BLACK
6
CONTINUOUS
10
5.3162249212598427
20
-4.6797023228346459
11
5.3162249212598427
21
-4.6815102755905507
0
LINE
8
BLACK
6
CONTINUOUS
10
5.3162249212598427
20
-4.6815102755905507
11
5.3149464960629924
21
-4.6827887007874018
0
LINE
8
BLACK
6
CONTINUOUS
10
5.3149464960629924
20
-4.6827887007874018
11
5.3140425196850396
21
-4.6829685039370075
0
LINE
8
BLACK
6
CONTINUOUS
10
5.3140425196850396
20
-4.6829685039370075
11
5.302973228346457
21
-4.6829685039370075
0
LINE
8
BLACK
6
CONTINUOUS
10
5.302973228346457
20
-4.6829685039370075
11
5.3020692519685042
21
-4.6827887007874018
0
LINE
8
BLACK
6
CONTINUOUS
10
5.3020692519685042
20
-4.6827887007874018
11
5.300790826771653
21
-4.6815102755905507
0
LINE
8
BLACK
6
CONTINUOUS
10
5.300790826771653
20
-4.6815102755905507
11
5.300790826771653
21
-4.6797023228346459
0
LINE
8
BLACK
6
CONTINUOUS
10
5.300790826771653
20
-4.6797023228346459
11
5.3020692519685042
21
-4.6784238976377948
0
LINE
8
BLACK
6
CONTINUOUS
10
5.3020692519685042
20
-4.6784238976377948
11
5.302973228346457
21
-4.6782440944881891
0
LINE
8
BLACK
6
CONTINUOUS
10
5.302973228346457
20
-4.6782440944881891
11
5.3140425196850396
21
-4.6782440944881891
0
LINE
8
BLACK
6
CONTINUOUS
10
5.3140425196850396
20
-4.6782440944881891
11
5.3149464960629924
21
-4.6784238976377948
0
LINE
8
BLACK
6
CONTINUOUS
10
5.7221196850393703
20
-4.6784238976377948
11
5.7233981102362206
21
-4.6797023228346459
0
LINE
8
BLACK
6
CONTINUOUS
10
5.7233981102362206
20
-4.6797023228346459
11
5.7233981102362206
21
-4.6815102755905507
0
LINE
8
BLACK
6
CONTINUOUS
10
5.7233981102362206
20
-4.6815102755905507
11
5.7221196850393703
21
-4.6827887007874018
0
LINE
8
BLACK
6
CONTINUOUS
10
5.7221196850393703
20
-4.6827887007874018
11
5.7212157086614175
21
-4.6829685039370075
0
LINE
8
BLACK
6
CONTINUOUS
10
5.7212157086614175
20
-4.6829685039370075
11
5.7083984645669288
21
-4.6829685039370075
0
LINE
8
BLACK
6
CONTINUOUS
10
5.7083984645669288
20
-4.6829685039370075
11
5.707494488188976
21
-4.6827887007874018
0
LINE
8
BLACK
6
CONTINUOUS
10
5.707494488188976
20
-4.6827887007874018
11
5.7062160629921257
21
-4.6815102755905507
0
LINE
8
BLACK
6
CONTINUOUS
10
5.7062160629921257
20
-4.6815102755905507
11
5.7062160629921257
21
-4.6797023228346459
0
LINE
8
BLACK
6
CONTINUOUS
10
5.7062160629921257
20
-4.6797023228346459
11
5.707494488188976
21
-4.6784238976377948
0
LINE
8
BLACK
6
CONTINUOUS
10
5.707494488188976
20
-4.6784238976377948
11
5.7083984645669288
21
-4.6782440944881891
0
LINE
8
BLACK
6
CONTINUOUS
10
5.7083984645669288
20
-4.6782440944881891
11
5.7212157086614175
21
-4.6782440944881891
0
LINE
8
BLACK
6
CONTINUOUS
10
5.7212157086614175
20
-4.6782440944881891
11
5.7221196850393703
21
-4.6784238976377948
0
LINE
8
BLACK
6
CONTINUOUS
10
6.3031126377952758
20
-4.6672034251968499
11
6.304391062992126
21
-4.6684818503937011
0
LINE
8
BLACK
6
CONTINUOUS
10
6.304391062992126
20
-4.6684818503937011
11
6.3045708661417326
21
-4.669385826771653
0
LINE
8
BLACK
6
CONTINUOUS
10
6.3045708661417326
20
-4.669385826771653
11
6.3045708661417326
21
-4.6772598425196845
0
LINE
8
BLACK
6
CONTINUOUS
10
6.3045708661417326
20
-4.6772598425196845
11
6.304391062992126
21
-4.6781638188976373
0
LINE
8
BLACK
6
CONTINUOUS
10
6.304391062992126
20
-4.6781638188976373
11
6.3031126377952758
21
-4.6794422440944885
0
LINE
8
BLACK
6
CONTINUOUS
10
6.3031126377952758
20
-4.6794422440944885
11
6.3013046850393701
21
-4.6794422440944885
0
LINE
8
BLACK
6
CONTINUOUS
10
6.3013046850393701
20
-4.6794422440944885
11
6.3000262598425198
21
-4.6781638188976373
0
LINE
8
BLACK
6
CONTINUOUS
10
6.3000262598425198
20
-4.6781638188976373
11
6.2998464566929133
21
-4.6772598425196845
0
LINE
8
BLACK
6
CONTINUOUS
10
6.2998464566929133
20
-4.6772598425196845
11
6.2998464566929133
21
-4.6717480314960627
0
LINE
8
BLACK
6
CONTINUOUS
10
6.2998464566929133
20
-4.6717480314960627
11
6.122681102362205
21
-4.6717480314960627
0
LINE
8
BLACK
6
CONTINUOUS
10
6.122681102362205
20
-4.6717480314960627
11
6.122681102362205
21
-4.6772598425196845
0
LINE
8
BLACK
6
CONTINUOUS
10
6.122681102362205
20
-4.6772598425196845
11
6.1225012992125984
21
-4.6781638188976373
0
LINE
8
BLACK
6
CONTINUOUS
10
6.1225012992125984
20
-4.6781638188976373
11
6.1212228740157482
21
-4.6794422440944885
0
LINE
8
BLACK
6
CONTINUOUS
10
6.1212228740157482
20
-4.6794422440944885
11
6.1194149212598425
21
-4.6794422440944885
0
LINE
8
BLACK
6
CONTINUOUS
10
6.1194149212598425
20
-4.6794422440944885
11
6.1181364960629923
21
-4.6781638188976373
0
LINE
8
BLACK
6
CONTINUOUS
10
6.1181364960629923
20
-4.6781638188976373
11
6.1179566929133857
21
-4.6772598425196845
0
LINE
8
BLACK
6
CONTINUOUS
10
6.1179566929133857
20
-4.6772598425196845
11
6.1179566929133857
21
-4.669385826771653
0
LINE
8
BLACK
6
CONTINUOUS
10
6.1179566929133857
20
-4.669385826771653
11
6.1181364960629923
21
-4.6684818503937011
0
LINE
8
BLACK
6
CONTINUOUS
10
6.1181364960629923
20
-4.6684818503937011
11
6.1194149212598425
21
-4.6672034251968499
0
LINE
8
BLACK
6
CONTINUOUS
10
6.1194149212598425
20
-4.6672034251968499
11
6.1203188976377954
21
-4.6670236220472443
0
LINE
8
BLACK
6
CONTINUOUS
10
6.1203188976377954
20
-4.6670236220472443
11
6.3022086614173229
21
-4.6670236220472443
0
LINE
8
BLACK
6
CONTINUOUS
10
6.3022086614173229
20
-4.6670236220472443
11
6.3031126377952758
21
-4.6672034251968499
0
LINE
8
BLACK
6
CONTINUOUS
10
6.2043407480314956
20
-4.6192385826771654
11
6.2054051574803148
21
-4.619679488188976
0
LINE
8
BLACK
6
CONTINUOUS
10
6.2054051574803148
20
-4.619679488188976
11
6.2062198031496063
21
-4.6204941338582675
0
LINE
8
BLACK
6
CONTINUOUS
10
6.2062198031496063
20
-4.6204941338582675
11
6.2066607086614169
21
-4.6215585433070867
0
LINE
8
BLACK
6
CONTINUOUS
10
6.2066607086614169
20
-4.6215585433070867
11
6.2066607086614169
21
-4.6227106692913384
0
LINE
8
BLACK
6
CONTINUOUS
10
6.2066607086614169
20
-4.6227106692913384
11
6.2062198031496063
21
-4.6237750787401577
0
LINE
8
BLACK
6
CONTINUOUS
10
6.2062198031496063
20
-4.6237750787401577
11
6.2054051574803148
21
-4.6245897244094492
0
LINE
8
BLACK
6
CONTINUOUS
10
6.2054051574803148
20
-4.6245897244094492
11
6.2043407480314956
21
-4.6250306299212598
0
LINE
8
BLACK
6
CONTINUOUS
10
6.2043407480314956
20
-4.6250306299212598
11
6.2037646850393697
21
-4.6250873622047246
0
LINE
8
BLACK
6
CONTINUOUS
10
6.2037646850393697
20
-4.6250873622047246
11
6.1858999212598427
21
-4.6250873622047246
0
LINE
8
BLACK
6
CONTINUOUS
10
6.1858999212598427
20
-4.6250873622047246
11
6.1947382677165352
21
-4.6351883070866142
0
LINE
8
BLACK
6
CONTINUOUS
10
6.1947382677165352
20
-4.6351883070866142
11
6.1949162598425191
21
-4.635437283464567
0
LINE
8
BLACK
6
CONTINUOUS
10
6.1949162598425191
20
-4.635437283464567
11
6.194971220472441
21
-4.6354922440944879
0
LINE
8
BLACK
6
CONTINUOUS
10
6.194971220472441
20
-4.6354922440944879
11
6.1949927952755903
21
-4.6355443307086617
0
LINE
8
BLACK
6
CONTINUOUS
10
6.1949927952755903
20
-4.6355443307086617
11
6.1950749212598426
21
-4.6356592125984255
0
LINE
8
BLACK
6
CONTINUOUS
10
6.1950749212598426
20
-4.6356592125984255
11
6.1952285039370079
21
-4.6361134251968501
0
LINE
8
BLACK
6
CONTINUOUS
10
6.1952285039370079
20
-4.6361134251968501
11
6.1954121259842516
21
-4.6365566535433071
0
LINE
8
BLACK
6
CONTINUOUS
10
6.1954121259842516
20
-4.6365566535433071
11
6.1954121259842516
21
-4.6366562598425194
0
LINE
8
BLACK
6
CONTINUOUS
10
6.1954121259842516
20
-4.6366562598425194
11
6.1954440157480315
21
-4.6367505905511814
0
LINE
8
BLACK
6
CONTINUOUS
10
6.1954440157480315
20
-4.6367505905511814
11
6.1954121259842516
21
-4.6372290551181106
0
LINE
8
BLACK
6
CONTINUOUS
10
6.1954121259842516
20
-4.6372290551181106
11
6.1954121259842516
21
-4.6377087795275589
0
LINE
8
BLACK
6
CONTINUOUS
10
6.1954121259842516
20
-4.6377087795275589
11
6.1953740157480315
21
-4.6378007480314958
0
LINE
8
BLACK
6
CONTINUOUS
10
6.1953740157480315
20
-4.6378007480314958
11
6.1953674015748028
21
-4.6379001181102364
0
LINE
8
BLACK
6
CONTINUOUS
10
6.1953674015748028
20
-4.6379001181102364
11
6.1951546850393697
21
-4.6383302362204724
0
LINE
8
BLACK
6
CONTINUOUS
10
6.1951546850393697
20
-4.6383302362204724
11
6.194971220472441
21
-4.6387731889763781
0
LINE
8
BLACK
6
CONTINUOUS
10
6.194971220472441
20
-4.6387731889763781
11
6.1949008661417322
21
-4.6388435039370082
0
LINE
8
BLACK
6
CONTINUOUS
10
6.1949008661417322
20
-4.6388435039370082
11
6.1948566929133859
21
-4.6389328740157483
0
LINE
8
BLACK
6
CONTINUOUS
10
6.1948566929133859
20
-4.6389328740157483
11
6.1944955511811024
21
-4.639248818897638
0
LINE
8
BLACK
6
CONTINUOUS
10
6.1944955511811024
20
-4.639248818897638
11
6.1941565748031495
21
-4.6395878346456696
0
LINE
8
BLACK
6
CONTINUOUS
10
6.1941565748031495
20
-4.6395878346456696
11
6.1940645669291339
21
-4.6396259448818897
0
LINE
8
BLACK
6
CONTINUOUS
10
6.1940645669291339
20
-4.6396259448818897
11
6.1939896062992128
21
-4.6396915354330703
0
LINE
8
BLACK
6
CONTINUOUS
10
6.1939896062992128
20
-4.6396915354330703
11
6.1935353543307086
21
-4.6398451181102365
0
LINE
8
BLACK
6
CONTINUOUS
10
6.1935353543307086
20
-4.6398451181102365
11
6.1930921653543303
21
-4.6400287401574802
0
LINE
8
BLACK
6
CONTINUOUS
10
6.1930921653543303
20
-4.6400287401574802
11
6.1929515748031498
21
-4.640042559055118
0
LINE
8
BLACK
6
CONTINUOUS
10
6.1929515748031498
20
-4.640042559055118
11
6.1928982283464569
21
-4.6400606299212601
0
LINE
8
BLACK
6
CONTINUOUS
10
6.1928982283464569
20
-4.6400606299212601
11
6.1928207480314956
21
-4.6400554330708657
0
LINE
8
BLACK
6
CONTINUOUS
10
6.1928207480314956
20
-4.6400554330708657
11
6.1925161023622044
21
-4.640085472440945
0
LINE
8
BLACK
6
CONTINUOUS
10
6.1925161023622044
20
-4.640085472440945
11
6.1875888582677163
21
-4.640085472440945
0
LINE
8
BLACK
6
CONTINUOUS
10
6.1875888582677163
20
-4.640085472440945
11
6.1848913779527557
21
-4.6414342125984254
0
LINE
8
BLACK
6
CONTINUOUS
10
6.1848913779527557
20
-4.6414342125984254
11
6.1836942519685039
21
-4.6426313385826772
0
LINE
8
BLACK
6
CONTINUOUS
10
6.1836942519685039
20
-4.6426313385826772
11
6.1823455118110235
21
-4.6453288188976378
0
LINE
8
BLACK
6
CONTINUOUS
10
6.1823455118110235
20
-4.6453288188976378
11
6.1823455118110235
21
-4.6533085433070864
0
LINE
8
BLACK
6
CONTINUOUS
10
6.1823455118110235
20
-4.6533085433070864
11
6.1836942519685039
21
-4.6560060236220471
0
LINE
8
BLACK
6
CONTINUOUS
10
6.1836942519685039
20
-4.6560060236220471
11
6.1848913779527557
21
-4.6572031889763776
0
LINE
8
BLACK
6
CONTINUOUS
10
6.1848913779527557
20
-4.6572031889763776
11
6.1875888582677163
21
-4.658551929133858
0
LINE
8
BLACK
6
CONTINUOUS
10
6.1875888582677163
20
-4.658551929133858
11
6.1974433464566925
21
-4.658551929133858
0
LINE
8
BLACK
6
CONTINUOUS
10
6.1974433464566925
20
-4.658551929133858
11
6.2001407874015744
21
-4.6572031889763776
0
LINE
8
BLACK
6
CONTINUOUS
10
6.2001407874015744
20
-4.6572031889763776
11
6.2016767322834641
21
-4.655667244094488
0
LINE
8
BLACK
6
CONTINUOUS
10
6.2016767322834641
20
-4.655667244094488
11
6.2021242125984246
21
-4.6552999999999995
0
LINE
8
BLACK
6
CONTINUOUS
10
6.2021242125984246
20
-4.6552999999999995
11
6.2031886220472439
21
-4.6548590944881889
0
LINE
8
BLACK
6
CONTINUOUS
10
6.2031886220472439
20
-4.6548590944881889
11
6.2043407086614168
21
-4.6548590944881889
0
LINE
8
BLACK
6
CONTINUOUS
10
6.2043407086614168
20
-4.6548590944881889
11
6.2054051181102361
21
-4.6552999606299208
0
LINE
8
BLACK
6
CONTINUOUS
10
6.2054051181102361
20
-4.6552999606299208
11
6.2062198031496063
21
-4.656114645669291
0
LINE
8
BLACK
6
CONTINUOUS
10
6.2062198031496063
20
-4.656114645669291
11
6.2066607086614169
21
-4.6571790551181103
0
LINE
8
BLACK
6
CONTINUOUS
10
6.2066607086614169
20
-4.6571790551181103
11
6.2066607086614169
21
-4.6583311417322832
0
LINE
8
BLACK
6
CONTINUOUS
10
6.2066607086614169
20
-4.6583311417322832
11
6.2062198425196851
21
-4.6593955511811025
0
LINE
8
BLACK
6
CONTINUOUS
10
6.2062198425196851
20
-4.6593955511811025
11
6.2058525984251967
21
-4.659843031496063
0
LINE
8
BLACK
6
CONTINUOUS
10
6.2058525984251967
20
-4.659843031496063
11
6.2039778740157479
21
-4.6617177952755906
0
LINE
8
BLACK
6
CONTINUOUS
10
6.2039778740157479
20
-4.6617177952755906
11
6.203751496062992
21
-4.6619035433070861
0
LINE
8
BLACK
6
CONTINUOUS
10
6.203751496062992
20
-4.6619035433070861
11
6.2037003149606296
21
-4.6619625984251964
0
LINE
8
BLACK
6
CONTINUOUS
10
6.2037003149606296
20
-4.6619625984251964
11
6.203611338582677
21
-4.662018582677165
0
LINE
8
BLACK
6
CONTINUOUS
10
6.203611338582677
20
-4.662018582677165
11
6.2035303937007873
21
-4.662085039370079
0
LINE
8
BLACK
6
CONTINUOUS
10
6.2035303937007873
20
-4.662085039370079
11
6.2034584251968505
21
-4.662114842519685
0
LINE
8
BLACK
6
CONTINUOUS
10
6.2034584251968505
20
-4.662114842519685
11
6.2032104330708657
21
-4.6622709448818895
0
LINE
8
BLACK
6
CONTINUOUS
10
6.2032104330708657
20
-4.6622709448818895
11
6.1994609055118106
21
-4.6641457086614171
0
LINE
8
BLACK
6
CONTINUOUS
10
6.1994609055118106
20
-4.6641457086614171
11
6.1989202755905515
21
-4.6643525984251966
0
LINE
8
BLACK
6
CONTINUOUS
10
6.1989202755905515
20
-4.6643525984251966
11
6.1988144488188972
21
-4.6643600787401578
0
LINE
8
BLACK
6
CONTINUOUS
10
6.1988144488188972
20
-4.6643600787401578
11
6.1987164566929129
21
-4.6644007086614172
0
LINE
8
BLACK
6
CONTINUOUS
10
6.1987164566929129
20
-4.6644007086614172
11
6.1981403937007871
21
-4.664457440944882
0
LINE
8
BLACK
6
CONTINUOUS
10
6.1981403937007871
20
-4.664457440944882
11
6.1868918110236217
21
-4.664457440944882
0
LINE
8
BLACK
6
CONTINUOUS
10
6.1868918110236217
20
-4.664457440944882
11
6.1863157480314959
21
-4.6644007086614172
0
LINE
8
BLACK
6
CONTINUOUS
10
6.1863157480314959
20
-4.6644007086614172
11
6.1862177559055116
21
-4.6643601181102365
0
LINE
8
BLACK
6
CONTINUOUS
10
6.1862177559055116
20
-4.6643601181102365
11
6.1861118897637795
21
-4.6643525984251966
0
LINE
8
BLACK
6
CONTINUOUS
10
6.1861118897637795
20
-4.6643525984251966
11
6.1855712992125982
21
-4.6641457086614171
0
LINE
8
BLACK
6
CONTINUOUS
10
6.1855712992125982
20
-4.6641457086614171
11
6.1818217716535431
21
-4.6622709448818895
0
LINE
8
BLACK
6
CONTINUOUS
10
6.1818217716535431
20
-4.6622709448818895
11
6.1815737401574804
21
-4.662114842519685
0
LINE
8
BLACK
6
CONTINUOUS
10
6.1815737401574804
20
-4.662114842519685
11
6.1815018110236215
21
-4.662085039370079
0
LINE
8
BLACK
6
CONTINUOUS
10
6.1815018110236215
20
-4.662085039370079
11
6.1814208267716531
21
-4.662018582677165
0
LINE
8
BLACK
6
CONTINUOUS
10
6.1814208267716531
20
-4.662018582677165
11
6.1813318897637792
21
-4.6619625984251964
0
LINE
8
BLACK
6
CONTINUOUS
10
6.1813318897637792
20
-4.6619625984251964
11
6.181280669291338
21
-4.6619035433070861
0
LINE
8
BLACK
6
CONTINUOUS
10
6.181280669291338
20
-4.6619035433070861
11
6.1810543307086609
21
-4.6617177952755906
0
LINE
8
BLACK
6
CONTINUOUS
10
6.1810543307086609
20
-4.6617177952755906
11
6.1791795669291334
21
-4.6598429921259843
0
LINE
8
BLACK
6
CONTINUOUS
10
6.1791795669291334
20
-4.6598429921259843
11
6.1789938188976379
21
-4.6596166535433072
0
LINE
8
BLACK
6
CONTINUOUS
10
6.1789938188976379
20
-4.6596166535433072
11
6.1789348425196851
21
-4.6595655118110235
0
LINE
8
BLACK
6
CONTINUOUS
10
6.1789348425196851
20
-4.6595655118110235
11
6.1788788582677165
21
-4.6594765748031497
0
LINE
8
BLACK
6
CONTINUOUS
10
6.1788788582677165
20
-4.6594765748031497
11
6.1788123622047246
21
-4.6593955511811025
0
LINE
8
BLACK
6
CONTINUOUS
10
6.1788123622047246
20
-4.6593955511811025
11
6.178782519685039
21
-4.6593235039370073
0
LINE
8
BLACK
6
CONTINUOUS
10
6.178782519685039
20
-4.6593235039370073
11
6.178626496062992
21
-4.6590756299212597
0
LINE
8
BLACK
6
CONTINUOUS
10
6.178626496062992
20
-4.6590756299212597
11
6.1767517322834644
21
-4.6553261023622046
0
LINE
8
BLACK
6
CONTINUOUS
10
6.1767517322834644
20
-4.6553261023622046
11
6.1765448425196849
21
-4.6547854724409445
0
LINE
8
BLACK
6
CONTINUOUS
10
6.1765448425196849
20
-4.6547854724409445
11
6.1765373228346458
21
-4.6546796456692912
0
LINE
8
BLACK
6
CONTINUOUS
10
6.1765373228346458
20
-4.6546796456692912
11
6.1764967322834643
21
-4.6545816535433069
0
LINE
8
BLACK
6
CONTINUOUS
10
6.1764967322834643
20
-4.6545816535433069
11
6.1764399999999995
21
-4.654005590551181
0
LINE
8
BLACK
6
CONTINUOUS
10
6.1764399999999995
20
-4.654005590551181
11
6.1764399999999995
21
-4.6446317716535432
0
LINE
8
BLACK
6
CONTINUOUS
10
6.1764399999999995
20
-4.6446317716535432
11
6.1764967322834643
21
-4.6440557086614174
0
LINE
8
BLACK
6
CONTINUOUS
10
6.1764967322834643
20
-4.6440557086614174
11
6.1765373228346458
21
-4.6439576771653543
0
LINE
8
BLACK
6
CONTINUOUS
10
6.1765373228346458
20
-4.6439576771653543
11
6.1765448425196849
21
-4.6438518897637797
0
LINE
8
BLACK
6
CONTINUOUS
10
6.1765448425196849
20
-4.6438518897637797
11
6.1767517322834644
21
-4.6433112598425197
0
LINE
8
BLACK
6
CONTINUOUS
10
6.1767517322834644
20
-4.6433112598425197
11
6.178626496062992
21
-4.6395617322834646
0
LINE
8
BLACK
6
CONTINUOUS
10
6.178626496062992
20
-4.6395617322834646
11
6.1787825590551178
21
-4.6393137007874019
0
LINE
8
BLACK
6
CONTINUOUS
10
6.1787825590551178
20
-4.6393137007874019
11
6.1788124015748034
21
-4.639241771653543
0
LINE
8
BLACK
6
CONTINUOUS
10
6.1788124015748034
20
-4.639241771653543
11
6.1788788582677165
21
-4.6391607874015746
0
LINE
8
BLACK
6
CONTINUOUS
10
6.1788788582677165
20
-4.6391607874015746
11
6.1789348425196851
21
-4.6390718503937007
0
LINE
8
BLACK
6
CONTINUOUS
10
6.1789348425196851
20
-4.6390718503937007
11
6.1789938188976379
21
-4.6390206692913383
0
LINE
8
BLACK
6
CONTINUOUS
10
6.1789938188976379
20
-4.6390206692913383
11
6.1791796062992121
21
-4.6387943307086612
0
LINE
8
BLACK
6
CONTINUOUS
10
6.1791796062992121
20
-4.6387943307086612
11
6.1810543700787397
21
-4.6369195669291337
0
LINE
8
BLACK
6
CONTINUOUS
10
6.1810543700787397
20
-4.6369195669291337
11
6.1812807086614168
21
-4.6367337795275594
0
LINE
8
BLACK
6
CONTINUOUS
10
6.1812807086614168
20
-4.6367337795275594
11
6.1813318897637792
21
-4.6366748031496066
0
LINE
8
BLACK
6
CONTINUOUS
10
6.1813318897637792
20
-4.6366748031496066
11
6.1814208267716531
21
-4.6366188188976381
0
LINE
8
BLACK
6
CONTINUOUS
10
6.1814208267716531
20
-4.6366188188976381
11
6.1815018110236215
21
-4.636552362204724
0
LINE
8
BLACK
6
CONTINUOUS
10
6.1815018110236215
20
-4.636552362204724
11
6.1815737401574804
21
-4.6365225196850393
0
LINE
8
BLACK
6
CONTINUOUS
10
6.1815737401574804
20
-4.6365225196850393
11
6.1818217716535431
21
-4.6363664566929135
0
LINE
8
BLACK
6
CONTINUOUS
10
6.1818217716535431
20
-4.6363664566929135
11
6.1855712992125982
21
-4.6344916929133859
0
LINE
8
BLACK
6
CONTINUOUS
10
6.1855712992125982
20
-4.6344916929133859
11
6.1861034645669291
21
-4.6342879921259845
0
LINE
8
BLACK
6
CONTINUOUS
10
6.1861034645669291
20
-4.6342879921259845
11
6.1771705905511807
21
-4.6240790157480314
0
LINE
8
BLACK
6
CONTINUOUS
10
6.1771705905511807
20
-4.6240790157480314
11
6.176992559055118
21
-4.6238299999999999
0
LINE
8
BLACK
6
CONTINUOUS
10
6.176992559055118
20
-4.6238299999999999
11
6.1769376377952758
21
-4.6237750787401577
0
LINE
8
BLACK
6
CONTINUOUS
10
6.1769376377952758
20
-4.6237750787401577
11
6.1769160236220468
21
-4.6237229527559052
0
LINE
8
BLACK
6
CONTINUOUS
10
6.1769160236220468
20
-4.6237229527559052
11
6.1768339370078742
21
-4.6236081102362201
0
LINE
8
BLACK
6
CONTINUOUS
10
6.1768339370078742
20
-4.6236081102362201
11
6.1766803149606302
21
-4.6231538582677167
0
LINE
8
BLACK
6
CONTINUOUS
10
6.1766803149606302
20
-4.6231538582677167
11
6.1764967322834643
21
-4.6227106692913384
0
LINE
8
BLACK
6
CONTINUOUS
10
6.1764967322834643
20
-4.6227106692913384
11
6.1764967322834643
21
-4.6226110236220475
0
LINE
8
BLACK
6
CONTINUOUS
10
6.1764967322834643
20
-4.6226110236220475
11
6.1764648425196853
21
-4.6225167322834642
0
LINE
8
BLACK
6
CONTINUOUS
10
6.1764648425196853
20
-4.6225167322834642
11
6.1764967322834643
21
-4.6220382283464563
0
LINE
8
BLACK
6
CONTINUOUS
10
6.1764967322834643
20
-4.6220382283464563
11
6.1764967322834643
21
-4.6215585433070867
0
LINE
8
BLACK
6
CONTINUOUS
10
6.1764967322834643
20
-4.6215585433070867
11
6.1765348031496066
21
-4.6214665354330711
0
LINE
8
BLACK
6
CONTINUOUS
10
6.1765348031496066
20
-4.6214665354330711
11
6.1765414566929131
21
-4.6213672047244092
0
LINE
8
BLACK
6
CONTINUOUS
10
6.1765414566929131
20
-4.6213672047244092
11
6.1767541338582674
21
-4.6209370472440945
0
LINE
8
BLACK
6
CONTINUOUS
10
6.1767541338582674
20
-4.6209370472440945
11
6.1769376377952758
21
-4.6204941338582675
0
LINE
8
BLACK
6
CONTINUOUS
10
6.1769376377952758
20
-4.6204941338582675
11
6.177007952755905
21
-4.6204237795275587
0
LINE
8
BLACK
6
CONTINUOUS
10
6.177007952755905
20
-4.6204237795275587
11
6.1770521653543309
21
-4.6203344488188973
0
LINE
8
BLACK
6
CONTINUOUS
10
6.1770521653543309
20
-4.6203344488188973
11
6.1774132677165356
21
-4.6200184645669289
0
LINE
8
BLACK
6
CONTINUOUS
10
6.1774132677165356
20
-4.6200184645669289
11
6.1777522834645664
21
-4.619679488188976
0
LINE
8
BLACK
6
CONTINUOUS
10
6.1777522834645664
20
-4.619679488188976
11
6.1778442519685042
21
-4.6196413385826771
0
LINE
8
BLACK
6
CONTINUOUS
10
6.1778442519685042
20
-4.6196413385826771
11
6.177919251968504
21
-4.6195757874015744
0
LINE
8
BLACK
6
CONTINUOUS
10
6.177919251968504
20
-4.6195757874015744
11
6.1783734645669286
21
-4.6194221653543304
0
LINE
8
BLACK
6
CONTINUOUS
10
6.1783734645669286
20
-4.6194221653543304
11
6.1788166929133856
21
-4.6192385826771654
0
LINE
8
BLACK
6
CONTINUOUS
10
6.1788166929133856
20
-4.6192385826771654
11
6.1789572440944882
21
-4.6192247244094489
0
LINE
8
BLACK
6
CONTINUOUS
10
6.1789572440944882
20
-4.6192247244094489
11
6.1790106299212599
21
-4.6192066929133855
0
LINE
8
BLACK
6
CONTINUOUS
10
6.1790106299212599
20
-4.6192066929133855
11
6.1790880708661415
21
-4.6192118503937003
0
LINE
8
BLACK
6
CONTINUOUS
10
6.1790880708661415
20
-4.6192118503937003
11
6.1793927559055115
21
-4.6191818503937006
0
LINE
8
BLACK
6
CONTINUOUS
10
6.1793927559055115
20
-4.6191818503937006
11
6.2037646850393697
21
-4.6191818503937006
0
LINE
8
BLACK
6
CONTINUOUS
10
6.2037646850393697
20
-4.6191818503937006
11
6.2043407480314956
21
-4.6192385826771654
0
LINE
8
BLACK
6
CONTINUOUS
10
6.220403307086614
20
-4.619679488188976
11
6.2212179527559055
21
-4.6204941338582675
0
LINE
8
BLACK
6
CONTINUOUS
10
6.2212179527559055
20
-4.6204941338582675
11
6.2216588582677161
21
-4.6215585433070867
0
LINE
8
BLACK
6
CONTINUOUS
10
6.2216588582677161
20
-4.6215585433070867
11
6.221715590551181
21
-4.6221346062992126
0
LINE
8
BLACK
6
CONTINUOUS
10
6.221715590551181
20
-4.6221346062992126
11
6.221715590551181
21
-4.6533085433070864
0
LINE
8
BLACK
6
CONTINUOUS
10
6.221715590551181
20
-4.6533085433070864
11
6.2230643307086613
21
-4.6560060236220471
0
LINE
8
BLACK
6
CONTINUOUS
10
6.2230643307086613
20
-4.6560060236220471
11
6.2242614566929131
21
-4.6572031889763776
0
LINE
8
BLACK
6
CONTINUOUS
10
6.2242614566929131
20
-4.6572031889763776
11
6.2269589370078737
21
-4.658551929133858
0
LINE
8
BLACK
6
CONTINUOUS
10
6.2269589370078737
20
-4.658551929133858
11
6.2330638976377948
21
-4.658551929133858
0
LINE
8
BLACK
6
CONTINUOUS
10
6.2330638976377948
20
-4.658551929133858
11
6.2357613385826767
21
-4.6572031889763776
0
LINE
8
BLACK
6
CONTINUOUS
10
6.2357613385826767
20
-4.6572031889763776
11
6.2369584645669294
21
-4.6560060236220471
0
LINE
8
BLACK
6
CONTINUOUS
10
6.2369584645669294
20
-4.6560060236220471
11
6.2383072440944884
21
-4.6533085433070864
0
LINE
8
BLACK
6
CONTINUOUS
10
6.2383072440944884
20
-4.6533085433070864
11
6.2383072440944884
21
-4.6221346062992126
0
LINE
8
BLACK
6
CONTINUOUS
10
6.2383072440944884
20
-4.6221346062992126
11
6.2383639763779524
21
-4.6215585433070867
0
LINE
8
BLACK
6
CONTINUOUS
10
6.2383639763779524
20
-4.6215585433070867
11
6.2388048818897639
21
-4.6204941338582675
0
LINE
8
BLACK
6
CONTINUOUS
10
6.2388048818897639
20
-4.6204941338582675
11
6.2396195275590554
21
-4.619679488188976
0
LINE
8
BLACK
6
CONTINUOUS
10
6.2396195275590554
20
-4.619679488188976
11
6.2406839370078737
21
-4.6192385826771654
0
LINE
8
BLACK
6
CONTINUOUS
10
6.2406839370078737
20
-4.6192385826771654
11
6.2418360629921255
21
-4.6192385826771654
0
LINE
8
BLACK
6
CONTINUOUS
10
6.2418360629921255
20
-4.6192385826771654
11
6.2429004724409447
21
-4.619679488188976
0
LINE
8
BLACK
6
CONTINUOUS
10
6.2429004724409447
20
-4.619679488188976
11
6.2437151181102362
21
-4.6204941338582675
0
LINE
8
BLACK
6
CONTINUOUS
10
6.2437151181102362
20
-4.6204941338582675
11
6.2441560236220468
21
-4.6215585433070867
0
LINE
8
BLACK
6
CONTINUOUS
10
6.2441560236220468
20
-4.6215585433070867
11
6.2442127559055116
21
-4.6221346062992126
0
LINE
8
BLACK
6
CONTINUOUS
10
6.2442127559055116
20
-4.6221346062992126
11
6.2442127559055116
21
-4.654005590551181
0
LINE
8
BLACK
6
CONTINUOUS
10
6.2442127559055116
20
-4.654005590551181
11
6.2441560236220468
21
-4.6545816535433069
0
LINE
8
BLACK
6
CONTINUOUS
10
6.2441560236220468
20
-4.6545816535433069
11
6.2441154330708661
21
-4.6546796062992124
0
LINE
8
BLACK
6
CONTINUOUS
10
6.2441154330708661
20
-4.6546796062992124
11
6.244107913385827
21
-4.6547855118110233
0
LINE
8
BLACK
6
CONTINUOUS
10
6.244107913385827
20
-4.6547855118110233
11
6.2439010236220467
21
-4.6553261023622046
0
LINE
8
BLACK
6
CONTINUOUS
10
6.2439010236220467
20
-4.6553261023622046
11
6.2420262598425191
21
-4.6590756299212597
0
LINE
8
BLACK
6
CONTINUOUS
10
6.2420262598425191
20
-4.6590756299212597
11
6.2418701968503933
21
-4.6593235039370073
0
LINE
8
BLACK
6
CONTINUOUS
10
6.2418701968503933
20
-4.6593235039370073
11
6.2418403937007874
21
-4.6593955511811025
0
LINE
8
BLACK
6
CONTINUOUS
10
6.2418403937007874
20
-4.6593955511811025
11
6.2417738582677167
21
-4.6594765748031497
0
LINE
8
BLACK
6
CONTINUOUS
10
6.2417738582677167
20
-4.6594765748031497
11
6.2417179133858269
21
-4.6595655118110235
0
LINE
8
BLACK
6
CONTINUOUS
10
6.2417179133858269
20
-4.6595655118110235
11
6.2416588976377954
21
-4.6596166535433072
0
LINE
8
BLACK
6
CONTINUOUS
10
6.2416588976377954
20
-4.6596166535433072
11
6.241473149606299
21
-4.659843031496063
0
LINE
8
BLACK
6
CONTINUOUS
10
6.241473149606299
20
-4.659843031496063
11
6.2395984251968502
21
-4.6617177952755906
0
LINE
8
BLACK
6
CONTINUOUS
10
6.2395984251968502
20
-4.6617177952755906
11
6.2393720472440943
21
-4.6619035433070861
0
LINE
8
BLACK
6
CONTINUOUS
10
6.2393720472440943
20
-4.6619035433070861
11
6.2393208661417319
21
-4.6619625984251964
0
LINE
8
BLACK
6
CONTINUOUS
10
6.2393208661417319
20
-4.6619625984251964
11
6.2392318897637793
21
-4.662018582677165
0
LINE
8
BLACK
6
CONTINUOUS
10
6.2392318897637793
20
-4.662018582677165
11
6.2391509448818896
21
-4.662085039370079
0
LINE
8
BLACK
6
CONTINUOUS
10
6.2391509448818896
20
-4.662085039370079
11
6.2390789763779528
21
-4.662114842519685
0
LINE
8
BLACK
6
CONTINUOUS
10
6.2390789763779528
20
-4.662114842519685
11
6.238830984251968
21
-4.6622709448818895
0
LINE
8
BLACK
6
CONTINUOUS
10
6.238830984251968
20
-4.6622709448818895
11
6.2350814566929129
21
-4.6641457086614171
0
LINE
8
BLACK
6
CONTINUOUS
10
6.2350814566929129
20
-4.6641457086614171
11
6.2345408267716538
21
-4.6643525984251966
0
LINE
8
BLACK
6
CONTINUOUS
10
6.2345408267716538
20
-4.6643525984251966
11
6.2344349999999995
21
-4.6643600787401578
0
LINE
8
BLACK
6
CONTINUOUS
10
6.2344349999999995
20
-4.6643600787401578
11
6.2343370078740152
21
-4.6644007086614172
0
LINE
8
BLACK
6
CONTINUOUS
10
6.2343370078740152
20
-4.6644007086614172
11
6.2337609448818894
21
-4.664457440944882
0
LINE
8
BLACK
6
CONTINUOUS
10
6.2337609448818894
20
-4.664457440944882
11
6.2262618897637791
21
-4.664457440944882
0
LINE
8
BLACK
6
CONTINUOUS
10
6.2262618897637791
20
-4.664457440944882
11
6.2256858267716533
21
-4.6644007086614172
0
LINE
8
BLACK
6
CONTINUOUS
10
6.2256858267716533
20
-4.6644007086614172
11
6.225587834645669
21
-4.6643601181102365
0
LINE
8
BLACK
6
CONTINUOUS
10
6.225587834645669
20
-4.6643601181102365
11
6.2254819685039369
21
-4.6643525984251966
0
LINE
8
BLACK
6
CONTINUOUS
10
6.2254819685039369
20
-4.6643525984251966
11
6.2249413779527556
21
-4.6641457086614171
0
LINE
8
BLACK
6
CONTINUOUS
10
6.2249413779527556
20
-4.6641457086614171
11
6.2211918503937005
21
-4.6622709448818895
0
LINE
8
BLACK
6
CONTINUOUS
10
6.2211918503937005
20
-4.6622709448818895
11
6.2209438188976378
21
-4.662114842519685
0
LINE
8
BLACK
6
CONTINUOUS
10
6.2209438188976378
20
-4.662114842519685
11
6.2208718897637798
21
-4.662085039370079
0
LINE
8
BLACK
6
CONTINUOUS
10
6.2208718897637798
20
-4.662085039370079
11
6.2207909055118105
21
-4.662018582677165
0
LINE
8
BLACK
6
CONTINUOUS
10
6.2207909055118105
20
-4.662018582677165
11
6.2207019685039366
21
-4.6619625984251964
0
LINE
8
BLACK
6
CONTINUOUS
10
6.2207019685039366
20
-4.6619625984251964
11
6.2206507480314963
21
-4.6619035433070861
0
LINE
8
BLACK
6
CONTINUOUS
10
6.2206507480314963
20
-4.6619035433070861
11
6.2204244094488184
21
-4.6617177952755906
0
LINE
8
BLACK
6
CONTINUOUS
10
6.2204244094488184
20
-4.6617177952755906
11
6.2185496456692908
21
-4.6598429921259843
0
LINE
8
BLACK
6
CONTINUOUS
10
6.2185496456692908
20
-4.6598429921259843
11
6.2183638976377953
21
-4.6596166535433072
0
LINE
8
BLACK
6
CONTINUOUS
10
6.2183638976377953
20
-4.6596166535433072
11
6.2183049212598425
21
-4.6595655118110235
0
LINE
8
BLACK
6
CONTINUOUS
10
6.2183049212598425
20
-4.6595655118110235
11
6.218248937007874
21
-4.6594765748031497
0
LINE
8
BLACK
6
CONTINUOUS
10
6.218248937007874
20
-4.6594765748031497
11
6.218182440944882
21
-4.6593955511811025
0
LINE
8
BLACK
6
CONTINUOUS
10
6.218182440944882
20
-4.6593955511811025
11
6.2181525984251964
21
-4.6593235039370073
0
LINE
8
BLACK
6
CONTINUOUS
10
6.2181525984251964
20
-4.6593235039370073
11
6.2179965748031494
21
-4.6590756299212597
0
LINE
8
BLACK
6
CONTINUOUS
10
6.2179965748031494
20
-4.6590756299212597
11
6.2161218110236218
21
-4.6553261023622046
0
LINE
8
BLACK
6
CONTINUOUS
10
6.2161218110236218
20
-4.6553261023622046
11
6.2159149212598424
21
-4.6547854724409445
0
LINE
8
BLACK
6
CONTINUOUS
10
6.2159149212598424
20
-4.6547854724409445
11
6.2159074015748033
21
-4.6546796456692912
0
LINE
8
BLACK
6
CONTINUOUS
10
6.2159074015748033
20
-4.6546796456692912
11
6.2158668110236217
21
-4.6545816535433069
0
LINE
8
BLACK
6
CONTINUOUS
10
6.2158668110236217
20
-4.6545816535433069
11
6.2158100787401569
21
-4.654005590551181
0
LINE
8
BLACK
6
CONTINUOUS
10
6.2158100787401569
20
-4.654005590551181
11
6.2158100787401569
21
-4.6221346062992126
0
LINE
8
BLACK
6
CONTINUOUS
10
6.2158100787401569
20
-4.6221346062992126
11
6.2158668110236217
21
-4.6215585433070867
0
LINE
8
BLACK
6
CONTINUOUS
10
6.2158668110236217
20
-4.6215585433070867
11
6.2163077165354332
21
-4.6204941338582675
0
LINE
8
BLACK
6
CONTINUOUS
10
6.2163077165354332
20
-4.6204941338582675
11
6.2171223622047247
21
-4.619679488188976
0
LINE
8
BLACK
6
CONTINUOUS
10
6.2171223622047247
20
-4.619679488188976
11
6.2181867716535431
21
-4.6192385826771654
0
LINE
8
BLACK
6
CONTINUOUS
10
6.2181867716535431
20
-4.6192385826771654
11
6.2193388976377948
21
-4.6192385826771654
0
LINE
8
BLACK
6
CONTINUOUS
10
6.2193388976377948
20
-4.6192385826771654
11
6.220403307086614
21
-4.619679488188976
0
LINE
8
BLACK
6
CONTINUOUS
10
5.1570724803149606
20
-4.6382664173228347
11
5.1583509055118109
21
-4.639544842519685
0
LINE
8
BLACK
6
CONTINUOUS
10
5.1583509055118109
20
-4.639544842519685
11
5.1583509055118109
21
-4.6413527952755906
0
LINE
8
BLACK
6
CONTINUOUS
10
5.1583509055118109
20
-4.6413527952755906
11
5.1570724803149606
21
-4.6426312204724409
0
LINE
8
BLACK
6
CONTINUOUS
10
5.1570724803149606
20
-4.6426312204724409
11
5.1561685039370078
21
-4.6428110236220475
0
LINE
8
BLACK
6
CONTINUOUS
10
5.1561685039370078
20
-4.6428110236220475
11
5.1450992125984252
21
-4.6428110236220475
0
LINE
8
BLACK
6
CONTINUOUS
10
5.1450992125984252
20
-4.6428110236220475
11
5.1441952362204724
21
-4.6426312204724409
0
LINE
8
BLACK
6
CONTINUOUS
10
5.1441952362204724
20
-4.6426312204724409
11
5.1429168110236221
21
-4.6413527952755906
0
LINE
8
BLACK
6
CONTINUOUS
10
5.1429168110236221
20
-4.6413527952755906
11
5.1429168110236221
21
-4.639544842519685
0
LINE
8
BLACK
6
CONTINUOUS
10
5.1429168110236221
20
-4.639544842519685
11
5.1441952362204724
21
-4.6382664173228347
0
LINE
8
BLACK
6
CONTINUOUS
10
5.1441952362204724
20
-4.6382664173228347
11
5.1450992125984252
21
-4.6380866141732282
0
LINE
8
BLACK
6
CONTINUOUS
10
5.1450992125984252
20
-4.6380866141732282
11
5.1561685039370078
21
-4.6380866141732282
0
LINE
8
BLACK
6
CONTINUOUS
10
5.1561685039370078
20
-4.6380866141732282
11
5.1570724803149606
21
-4.6382664173228347
0
LINE
8
BLACK
6
CONTINUOUS
10
5.3149464960629924
20
-4.6382664173228347
11
5.3162249212598427
21
-4.639544842519685
0
LINE
8
BLACK
6
CONTINUOUS
10
5.3162249212598427
20
-4.639544842519685
11
5.3162249212598427
21
-4.6413527952755906
0
LINE
8
BLACK
6
CONTINUOUS
10
5.3162249212598427
20
-4.6413527952755906
11
5.3149464960629924
21
-4.6426312204724409
0
LINE
8
BLACK
6
CONTINUOUS
10
5.3149464960629924
20
-4.6426312204724409
11
5.3140425196850396
21
-4.6428110236220475
0
LINE
8
BLACK
6
CONTINUOUS
10
5.3140425196850396
20
-4.6428110236220475
11
5.302973228346457
21
-4.6428110236220475
0
LINE
8
BLACK
6
CONTINUOUS
10
5.302973228346457
20
-4.6428110236220475
11
5.3020692519685042
21
-4.6426312204724409
0
LINE
8
BLACK
6
CONTINUOUS
10
5.3020692519685042
20
-4.6426312204724409
11
5.300790826771653
21
-4.6413527952755906
0
LINE
8
BLACK
6
CONTINUOUS
10
5.300790826771653
20
-4.6413527952755906
11
5.300790826771653
21
-4.639544842519685
0
LINE
8
BLACK
6
CONTINUOUS
10
5.300790826771653
20
-4.639544842519685
11
5.3020692519685042
21
-4.6382664173228347
0
LINE
8
BLACK
6
CONTINUOUS
10
5.3020692519685042
20
-4.6382664173228347
11
5.302973228346457
21
-4.6380866141732282
0
LINE
8
BLACK
6
CONTINUOUS
10
5.302973228346457
20
-4.6380866141732282
11
5.3140425196850396
21
-4.6380866141732282
0
LINE
8
BLACK
6
CONTINUOUS
10
5.3140425196850396
20
-4.6380866141732282
11
5.3149464960629924
21
-4.6382664173228347
0
LINE
8
BLACK
6
CONTINUOUS
10
5.7013223622047242
20
-4.5936480314960626
11
5.7014203543307085
21
-4.5936886220472442
0
LINE
8
BLACK
6
CONTINUOUS
10
5.7014203543307085
20
-4.5936886220472442
11
5.7015261811023619
21
-4.5936961417322832
0
LINE
8
BLACK
6
CONTINUOUS
10
5.7015261811023619
20
-4.5936961417322832
11
5.7020668110236219
21
-4.5939030314960627
0
LINE
8
BLACK
6
CONTINUOUS
10
5.7020668110236219
20
-4.5939030314960627
11
5.705816338582677
21
-4.5957777952755903
0
LINE
8
BLACK
6
CONTINUOUS
10
5.705816338582677
20
-4.5957777952755903
11
5.7060643307086609
21
-4.5959338582677161
0
LINE
8
BLACK
6
CONTINUOUS
10
5.7060643307086609
20
-4.5959338582677161
11
5.7061362992125986
21
-4.5959637007874017
0
LINE
8
BLACK
6
CONTINUOUS
10
5.7061362992125986
20
-4.5959637007874017
11
5.7062172440944883
21
-4.5960301574803148
0
LINE
8
BLACK
6
CONTINUOUS
10
5.7062172440944883
20
-4.5960301574803148
11
5.7063062204724408
21
-4.5960861417322834
0
LINE
8
BLACK
6
CONTINUOUS
10
5.7063062204724408
20
-4.5960861417322834
11
5.7063573622047246
21
-4.5961451181102362
0
LINE
8
BLACK
6
CONTINUOUS
10
5.7063573622047246
20
-4.5961451181102362
11
5.7065837401574804
21
-4.5963309055118113
0
LINE
8
BLACK
6
CONTINUOUS
10
5.7065837401574804
20
-4.5963309055118113
11
5.7084585039370079
21
-4.5982056692913389
0
LINE
8
BLACK
6
CONTINUOUS
10
5.7084585039370079
20
-4.5982056692913389
11
5.7088257086614176
21
-4.5986531102362207
0
LINE
8
BLACK
6
CONTINUOUS
10
5.7088257086614176
20
-4.5986531102362207
11
5.7092666141732282
21
-4.5997175196850391
0
LINE
8
BLACK
6
CONTINUOUS
10
5.7092666141732282
20
-4.5997175196850391
11
5.7092666141732282
21
-4.6008696062992129
0
LINE
8
BLACK
6
CONTINUOUS
10
5.7092666141732282
20
-4.6008696062992129
11
5.7088257086614176
21
-4.6019340157480313
0
LINE
8
BLACK
6
CONTINUOUS
10
5.7088257086614176
20
-4.6019340157480313
11
5.7080110236220474
21
-4.6027487007874015
0
LINE
8
BLACK
6
CONTINUOUS
10
5.7080110236220474
20
-4.6027487007874015
11
5.7069466141732281
21
-4.6031896062992121
0
LINE
8
BLACK
6
CONTINUOUS
10
5.7069466141732281
20
-4.6031896062992121
11
5.7057945275590551
21
-4.6031896062992121
0
LINE
8
BLACK
6
CONTINUOUS
10
5.7057945275590551
20
-4.6031896062992121
11
5.7047301181102359
21
-4.6027487007874015
0
LINE
8
BLACK
6
CONTINUOUS
10
5.7047301181102359
20
-4.6027487007874015
11
5.7042826771653541
21
-4.6023814960629919
0
LINE
8
BLACK
6
CONTINUOUS
10
5.7042826771653541
20
-4.6023814960629919
11
5.7027467322834644
21
-4.6008455511811022
0
LINE
8
BLACK
6
CONTINUOUS
10
5.7027467322834644
20
-4.6008455511811022
11
5.7000492519685038
21
-4.5994968110236218
0
LINE
8
BLACK
6
CONTINUOUS
10
5.7000492519685038
20
-4.5994968110236218
11
5.6920695275590552
21
-4.5994968110236218
0
LINE
8
BLACK
6
CONTINUOUS
10
5.6920695275590552
20
-4.5994968110236218
11
5.6893720472440945
21
-4.6008455511811022
0
LINE
8
BLACK
6
CONTINUOUS
10
5.6893720472440945
20
-4.6008455511811022
11
5.6881749212598427
21
-4.602042677165354
0
LINE
8
BLACK
6
CONTINUOUS
10
5.6881749212598427
20
-4.602042677165354
11
5.6868261811023624
21
-4.6047401574803146
0
LINE
8
BLACK
6
CONTINUOUS
10
5.6868261811023624
20
-4.6047401574803146
11
5.6868261811023624
21
-4.6073134645669294
0
LINE
8
BLACK
6
CONTINUOUS
10
5.6868261811023624
20
-4.6073134645669294
11
5.688328976377953
21
-4.611821889763779
0
LINE
8
BLACK
6
CONTINUOUS
10
5.688328976377953
20
-4.611821889763779
11
5.7103332677165355
21
-4.6338262204724412
0
LINE
8
BLACK
6
CONTINUOUS
10
5.7103332677165355
20
-4.6338262204724412
11
5.7107005118110239
21
-4.634273661417323
0
LINE
8
BLACK
6
CONTINUOUS
10
5.7107005118110239
20
-4.634273661417323
11
5.7111413779527558
21
-4.6353381102362201
0
LINE
8
BLACK
6
CONTINUOUS
10
5.7111413779527558
20
-4.6353381102362201
11
5.7111413779527558
21
-4.636490196850394
0
LINE
8
BLACK
6
CONTINUOUS
10
5.7111413779527558
20
-4.636490196850394
11
5.7107004724409451
21
-4.6375546062992123
0
LINE
8
BLACK
6
CONTINUOUS
10
5.7107004724409451
20
-4.6375546062992123
11
5.710168503937008
21
-4.6380866141732282
0
LINE
8
BLACK
6
CONTINUOUS
10
5.710168503937008
20
-4.6380866141732282
11
5.7194222440944884
21
-4.6380866141732282
0
LINE
8
BLACK
6
CONTINUOUS
10
5.7194222440944884
20
-4.6380866141732282
11
5.7192360629921257
21
-4.6379562992125987
0
LINE
8
BLACK
6
CONTINUOUS
10
5.7192360629921257
20
-4.6379562992125987
11
5.718616889763779
21
-4.6369846850393701
0
LINE
8
BLACK
6
CONTINUOUS
10
5.718616889763779
20
-4.6369846850393701
11
5.7184166929133857
21
-4.6358501574803146
0
LINE
8
BLACK
6
CONTINUOUS
10
5.7184166929133857
20
-4.6358501574803146
11
5.7186658661417322
21
-4.6347253149606296
0
LINE
8
BLACK
6
CONTINUOUS
10
5.7186658661417322
20
-4.6347253149606296
11
5.718949763779527
21
-4.6342208267716538
0
LINE
8
BLACK
6
CONTINUOUS
10
5.718949763779527
20
-4.6342208267716538
11
5.7288238976377954
21
-4.6201148818897639
0
LINE
8
BLACK
6
CONTINUOUS
10
5.7288238976377954
20
-4.6201148818897639
11
5.7282917322834646
21
-4.6200624803149601
0
LINE
8
BLACK
6
CONTINUOUS
10
5.7282917322834646
20
-4.6200624803149601
11
5.7281937401574803
21
-4.6200218897637795
0
LINE
8
BLACK
6
CONTINUOUS
10
5.7281937401574803
20
-4.6200218897637795
11
5.7280878740157481
21
-4.6200143700787404
0
LINE
8
BLACK
6
CONTINUOUS
10
5.7280878740157481
20
-4.6200143700787404
11
5.7275472834645669
21
-4.6198074803149609
0
LINE
8
BLACK
6
CONTINUOUS
10
5.7275472834645669
20
-4.6198074803149609
11
5.7237977559055118
21
-4.6179327165354334
0
LINE
8
BLACK
6
CONTINUOUS
10
5.7237977559055118
20
-4.6179327165354334
11
5.7235497244094491
21
-4.6177766141732279
0
LINE
8
BLACK
6
CONTINUOUS
10
5.7235497244094491
20
-4.6177766141732279
11
5.7234777952755902
21
-4.6177468110236219
0
LINE
8
BLACK
6
CONTINUOUS
10
5.7234777952755902
20
-4.6177468110236219
11
5.7233968110236217
21
-4.61768031496063
0
LINE
8
BLACK
6
CONTINUOUS
10
5.7233968110236217
20
-4.61768031496063
11
5.7233078740157479
21
-4.6176243700787403
0
LINE
8
BLACK
6
CONTINUOUS
10
5.7233078740157479
20
-4.6176243700787403
11
5.7232566929133855
21
-4.6175653543307087
0
LINE
8
BLACK
6
CONTINUOUS
10
5.7232566929133855
20
-4.6175653543307087
11
5.7230303543307084
21
-4.6173796062992123
0
LINE
8
BLACK
6
CONTINUOUS
10
5.7230303543307084
20
-4.6173796062992123
11
5.7211555905511808
21
-4.6155048425196847
0
LINE
8
BLACK
6
CONTINUOUS
10
5.7211555905511808
20
-4.6155048425196847
11
5.7209698031496066
21
-4.6152784645669289
0
LINE
8
BLACK
6
CONTINUOUS
10
5.7209698031496066
20
-4.6152784645669289
11
5.7209108267716537
21
-4.6152273228346452
0
LINE
8
BLACK
6
CONTINUOUS
10
5.7209108267716537
20
-4.6152273228346452
11
5.7208548425196852
21
-4.6151383464566926
0
LINE
8
BLACK
6
CONTINUOUS
10
5.7208548425196852
20
-4.6151383464566926
11
5.7207883858267712
21
-4.6150574015748029
0
LINE
8
BLACK
6
CONTINUOUS
10
5.7207883858267712
20
-4.6150574015748029
11
5.7207585433070864
21
-4.6149854330708662
0
LINE
8
BLACK
6
CONTINUOUS
10
5.7207585433070864
20
-4.6149854330708662
11
5.7206024803149607
21
-4.6147374409448814
0
LINE
8
BLACK
6
CONTINUOUS
10
5.7206024803149607
20
-4.6147374409448814
11
5.7187277165354331
21
-4.6109879133858263
0
LINE
8
BLACK
6
CONTINUOUS
10
5.7187277165354331
20
-4.6109879133858263
11
5.7185208267716536
21
-4.6104472834645671
0
LINE
8
BLACK
6
CONTINUOUS
10
5.7185208267716536
20
-4.6104472834645671
11
5.7185133070866137
21
-4.6103414566929128
0
LINE
8
BLACK
6
CONTINUOUS
10
5.7185133070866137
20
-4.6103414566929128
11
5.718472716535433
21
-4.6102434645669295
0
LINE
8
BLACK
6
CONTINUOUS
10
5.718472716535433
20
-4.6102434645669295
11
5.7184159842519682
21
-4.6096674015748027
0
LINE
8
BLACK
6
CONTINUOUS
10
5.7184159842519682
20
-4.6096674015748027
11
5.7184159842519682
21
-4.60404311023622
0
LINE
8
BLACK
6
CONTINUOUS
10
5.7184159842519682
20
-4.60404311023622
11
5.718472716535433
21
-4.6034670472440942
0
LINE
8
BLACK
6
CONTINUOUS
10
5.718472716535433
20
-4.6034670472440942
11
5.7185133070866137
21
-4.6033690157480311
0
LINE
8
BLACK
6
CONTINUOUS
10
5.7185133070866137
20
-4.6033690157480311
11
5.7185208267716536
21
-4.6032632283464565
0
LINE
8
BLACK
6
CONTINUOUS
10
5.7185208267716536
20
-4.6032632283464565
11
5.7187277165354331
21
-4.6027225984251965
0
LINE
8
BLACK
6
CONTINUOUS
10
5.7187277165354331
20
-4.6027225984251965
11
5.7206024803149607
21
-4.5989730708661414
0
LINE
8
BLACK
6
CONTINUOUS
10
5.7206024803149607
20
-4.5989730708661414
11
5.7207585433070864
21
-4.5987250393700787
0
LINE
8
BLACK
6
CONTINUOUS
10
5.7207585433070864
20
-4.5987250393700787
11
5.7207883858267712
21
-4.5986531102362207
0
LINE
8
BLACK
6
CONTINUOUS
10
5.7207883858267712
20
-4.5986531102362207
11
5.7208548425196852
21
-4.5985721259842522
0
LINE
8
BLACK
6
CONTINUOUS
10
5.7208548425196852
20
-4.5985721259842522
11
5.7209108267716537
21
-4.5984831889763775
0
LINE
8
BLACK
6
CONTINUOUS
10
5.7209108267716537
20
-4.5984831889763775
11
5.7209698031496066
21
-4.598432007874016
0
LINE
8
BLACK
6
CONTINUOUS
10
5.7209698031496066
20
-4.598432007874016
11
5.7211555905511808
21
-4.5982056692913389
0
LINE
8
BLACK
6
CONTINUOUS
10
5.7211555905511808
20
-4.5982056692913389
11
5.7230303543307084
21
-4.5963309055118113
0
LINE
8
BLACK
6
CONTINUOUS
10
5.7230303543307084
20
-4.5963309055118113
11
5.7232566929133855
21
-4.5961451181102362
0
LINE
8
BLACK
6
CONTINUOUS
10
5.7232566929133855
20
-4.5961451181102362
11
5.7233078740157479
21
-4.5960861417322834
0
LINE
8
BLACK
6
CONTINUOUS
10
5.7233078740157479
20
-4.5960861417322834
11
5.7233968110236217
21
-4.5960301574803148
0
LINE
8
BLACK
6
CONTINUOUS
10
5.7233968110236217
20
-4.5960301574803148
11
5.7234777952755902
21
-4.5959637007874017
0
LINE
8
BLACK
6
CONTINUOUS
10
5.7234777952755902
20
-4.5959637007874017
11
5.7235497244094491
21
-4.5959338582677161
0
LINE
8
BLACK
6
CONTINUOUS
10
5.7235497244094491
20
-4.5959338582677161
11
5.7237977559055118
21
-4.5957777952755903
0
LINE
8
BLACK
6
CONTINUOUS
10
5.7237977559055118
20
-4.5957777952755903
11
5.7275472834645669
21
-4.5939030314960627
0
LINE
8
BLACK
6
CONTINUOUS
10
5.7275472834645669
20
-4.5939030314960627
11
5.7280878740157481
21
-4.5936961417322832
0
LINE
8
BLACK
6
CONTINUOUS
10
5.7280878740157481
20
-4.5936961417322832
11
5.7281937401574803
21
-4.5936885826771654
0
LINE
8
BLACK
6
CONTINUOUS
10
5.7281937401574803
20
-4.5936885826771654
11
5.7282917322834646
21
-4.5936480314960626
0
LINE
8
BLACK
6
CONTINUOUS
10
5.7282917322834646
20
-4.5936480314960626
11
5.7288677952755904
21
-4.5935912992125987
0
LINE
8
BLACK
6
CONTINUOUS
10
5.7288677952755904
20
-4.5935912992125987
11
5.7438659055118109
21
-4.5935912992125987
0
LINE
8
BLACK
6
CONTINUOUS
10
5.7438659055118109
20
-4.5935912992125987
11
5.7444419685039367
21
-4.5936480314960626
0
LINE
8
BLACK
6
CONTINUOUS
10
5.7444419685039367
20
-4.5936480314960626
11
5.745506377952756
21
-4.5940889370078741
0
LINE
8
BLACK
6
CONTINUOUS
10
5.745506377952756
20
-4.5940889370078741
11
5.7463210236220474
21
-4.5949035826771656
0
LINE
8
BLACK
6
CONTINUOUS
10
5.7463210236220474
20
-4.5949035826771656
11
5.7467619291338581
21
-4.5959679921259839
0
LINE
8
BLACK
6
CONTINUOUS
10
5.7467619291338581
20
-4.5959679921259839
11
5.7468186614173229
21
-4.5965440551181098
0
LINE
8
BLACK
6
CONTINUOUS
10
5.7468186614173229
20
-4.5965440551181098
11
5.7468186614173229
21
-4.6359141338582672
0
LINE
8
BLACK
6
CONTINUOUS
10
5.7468186614173229
20
-4.6359141338582672
11
5.7467619291338581
21
-4.636490196850394
0
LINE
8
BLACK
6
CONTINUOUS
10
5.7467619291338581
20
-4.636490196850394
11
5.7463210236220474
21
-4.6375546062992123
0
LINE
8
BLACK
6
CONTINUOUS
10
5.7463210236220474
20
-4.6375546062992123
11
5.745506377952756
21
-4.6383692519685038
0
LINE
8
BLACK
6
CONTINUOUS
10
5.745506377952756
20
-4.6383692519685038
11
5.7444419685039367
21
-4.6388101574803144
0
LINE
8
BLACK
6
CONTINUOUS
10
5.7444419685039367
20
-4.6388101574803144
11
5.743289842519685
21
-4.6388101574803144
0
LINE
8
BLACK
6
CONTINUOUS
10
5.743289842519685
20
-4.6388101574803144
11
5.7422254330708657
21
-4.6383692519685038
0
LINE
8
BLACK
6
CONTINUOUS
10
5.7422254330708657
20
-4.6383692519685038
11
5.7414107874015743
21
-4.6375546062992123
0
LINE
8
BLACK
6
CONTINUOUS
10
5.7414107874015743
20
-4.6375546062992123
11
5.7409698818897636
21
-4.636490196850394
0
LINE
8
BLACK
6
CONTINUOUS
10
5.7409698818897636
20
-4.636490196850394
11
5.7409131496062988
21
-4.6359141338582672
0
LINE
8
BLACK
6
CONTINUOUS
10
5.7409131496062988
20
-4.6359141338582672
11
5.7409131496062988
21
-4.620119212598425
0
LINE
8
BLACK
6
CONTINUOUS
10
5.7409131496062988
20
-4.620119212598425
11
5.7360294488188979
21
-4.620119212598425
0
LINE
8
BLACK
6
CONTINUOUS
10
5.7360294488188979
20
-4.620119212598425
11
5.7237877165354325
21
-4.6376074409448815
0
LINE
8
BLACK
6
CONTINUOUS
10
5.7237877165354325
20
-4.6376074409448815
11
5.7234109055118108
21
-4.6380468110236217
0
LINE
8
BLACK
6
CONTINUOUS
10
5.7234109055118108
20
-4.6380468110236217
11
5.7224881102362204
21
-4.6386348425196848
0
LINE
8
BLACK
6
CONTINUOUS
10
5.7224881102362204
20
-4.6386348425196848
11
5.7233981102362206
21
-4.639544842519685
0
LINE
8
BLACK
6
CONTINUOUS
10
5.7233981102362206
20
-4.639544842519685
11
5.7233981102362206
21
-4.6413527952755906
0
LINE
8
BLACK
6
CONTINUOUS
10
5.7233981102362206
20
-4.6413527952755906
11
5.7221196850393703
21
-4.6426312204724409
0
LINE
8
BLACK
6
CONTINUOUS
10
5.7221196850393703
20
-4.6426312204724409
11
5.7212157086614175
21
-4.6428110236220475
0
LINE
8
BLACK
6
CONTINUOUS
10
5.7212157086614175
20
-4.6428110236220475
11
5.7083984645669288
21
-4.6428110236220475
0
LINE
8
BLACK
6
CONTINUOUS
10
5.7083984645669288
20
-4.6428110236220475
11
5.707494488188976
21
-4.6426312204724409
0
LINE
8
BLACK
6
CONTINUOUS
10
5.707494488188976
20
-4.6426312204724409
11
5.7062160629921257
21
-4.6413527952755906
0
LINE
8
BLACK
6
CONTINUOUS
10
5.7062160629921257
20
-4.6413527952755906
11
5.7062160629921257
21
-4.639544842519685
0
LINE
8
BLACK
6
CONTINUOUS
10
5.7062160629921257
20
-4.639544842519685
11
5.7068940157480315
21
-4.6388668897637793
0
LINE
8
BLACK
6
CONTINUOUS
10
5.7068940157480315
20
-4.6388668897637793
11
5.6838734251968503
21
-4.6388668897637793
0
LINE
8
BLACK
6
CONTINUOUS
10
5.6838734251968503
20
-4.6388668897637793
11
5.6832973622047245
21
-4.6388101574803144
0
LINE
8
BLACK
6
CONTINUOUS
10
5.6832973622047245
20
-4.6388101574803144
11
5.6822329527559052
21
-4.6383692519685038
0
LINE
8
BLACK
6
CONTINUOUS
10
5.6822329527559052
20
-4.6383692519685038
11
5.6814183070866138
21
-4.6375546062992123
0
LINE
8
BLACK
6
CONTINUOUS
10
5.6814183070866138
20
-4.6375546062992123
11
5.6809774015748031
21
-4.636490196850394
0
LINE
8
BLACK
6
CONTINUOUS
10
5.6809774015748031
20
-4.636490196850394
11
5.6809774015748031
21
-4.6353380708661414
0
LINE
8
BLACK
6
CONTINUOUS
10
5.6809774015748031
20
-4.6353380708661414
11
5.6814183070866138
21
-4.634273661417323
0
LINE
8
BLACK
6
CONTINUOUS
10
5.6814183070866138
20
-4.634273661417323
11
5.6822329527559052
21
-4.6334590157480315
0
LINE
8
BLACK
6
CONTINUOUS
10
5.6822329527559052
20
-4.6334590157480315
11
5.6832973622047245
21
-4.63301811023622
0
LINE
8
BLACK
6
CONTINUOUS
10
5.6832973622047245
20
-4.63301811023622
11
5.6838734251968503
21
-4.6329613779527561
0
LINE
8
BLACK
6
CONTINUOUS
10
5.6838734251968503
20
-4.6329613779527561
11
5.7011167716535436
21
-4.6329613779527561
0
LINE
8
BLACK
6
CONTINUOUS
10
5.7011167716535436
20
-4.6329613779527561
11
5.683660275590551
21
-4.6155048425196847
0
LINE
8
BLACK
6
CONTINUOUS
10
5.683660275590551
20
-4.6155048425196847
11
5.6832930708661413
21
-4.6150574015748029
0
LINE
8
BLACK
6
CONTINUOUS
10
5.6832930708661413
20
-4.6150574015748029
11
5.6832524409448819
21
-4.6149593307086612
0
LINE
8
BLACK
6
CONTINUOUS
10
5.6832524409448819
20
-4.6149593307086612
11
5.6831829527559057
21
-4.6148792125984253
0
LINE
8
BLACK
6
CONTINUOUS
10
5.6831829527559057
20
-4.6148792125984253
11
5.6829469685039369
21
-4.6143506692913387
0
LINE
8
BLACK
6
CONTINUOUS
10
5.6829469685039369
20
-4.6143506692913387
11
5.6810722047244093
21
-4.6087263779527561
0
LINE
8
BLACK
6
CONTINUOUS
10
5.6810722047244093
20
-4.6087263779527561
11
5.6810072440944879
21
-4.6084407874015749
0
LINE
8
BLACK
6
CONTINUOUS
10
5.6810072440944879
20
-4.6084407874015749
11
5.6809774015748031
21
-4.6083687007874019
0
LINE
8
BLACK
6
CONTINUOUS
10
5.6809774015748031
20
-4.6083687007874019
11
5.6809670866141735
21
-4.6082641732283465
0
LINE
8
BLACK
6
CONTINUOUS
10
5.6809670866141735
20
-4.6082641732283465
11
5.6809438582677165
21
-4.6081619291338578
0
LINE
8
BLACK
6
CONTINUOUS
10
5.6809438582677165
20
-4.6081619291338578
11
5.6809493700787401
21
-4.6080841732283462
0
LINE
8
BLACK
6
CONTINUOUS
10
5.6809493700787401
20
-4.6080841732283462
11
5.6809206692913383
21
-4.6077926377952751
0
LINE
8
BLACK
6
CONTINUOUS
10
5.6809206692913383
20
-4.6077926377952751
11
5.6809206692913383
21
-4.60404311023622
0
LINE
8
BLACK
6
CONTINUOUS
10
5.6809206692913383
20
-4.60404311023622
11
5.6809774015748031
21
-4.6034670472440942
0
LINE
8
BLACK
6
CONTINUOUS
10
5.6809774015748031
20
-4.6034670472440942
11
5.6810179921259838
21
-4.6033690157480311
0
LINE
8
BLACK
6
CONTINUOUS
10
5.6810179921259838
20
-4.6033690157480311
11
5.6810255118110238
21
-4.6032632283464565
0
LINE
8
BLACK
6
CONTINUOUS
10
5.6810255118110238
20
-4.6032632283464565
11
5.6812324015748032
21
-4.6027225984251965
0
LINE
8
BLACK
6
CONTINUOUS
10
5.6812324015748032
20
-4.6027225984251965
11
5.6831071653543308
21
-4.5989730708661414
0
LINE
8
BLACK
6
CONTINUOUS
10
5.6831071653543308
20
-4.5989730708661414
11
5.6832632283464566
21
-4.5987250393700787
0
LINE
8
BLACK
6
CONTINUOUS
10
5.6832632283464566
20
-4.5987250393700787
11
5.6832930708661413
21
-4.5986531102362207
0
LINE
8
BLACK
6
CONTINUOUS
10
5.6832930708661413
20
-4.5986531102362207
11
5.6833595275590554
21
-4.5985721259842522
0
LINE
8
BLACK
6
CONTINUOUS
10
5.6833595275590554
20
-4.5985721259842522
11
5.6834155118110239
21
-4.5984831889763775
0
LINE
8
BLACK
6
CONTINUOUS
10
5.6834155118110239
20
-4.5984831889763775
11
5.6834744881889758
21
-4.598432007874016
0
LINE
8
BLACK
6
CONTINUOUS
10
5.6834744881889758
20
-4.598432007874016
11
5.683660275590551
21
-4.5982056692913389
0
LINE
8
BLACK
6
CONTINUOUS
10
5.683660275590551
20
-4.5982056692913389
11
5.6855350393700785
21
-4.5963309055118113
0
LINE
8
BLACK
6
CONTINUOUS
10
5.6855350393700785
20
-4.5963309055118113
11
5.6857613779527556
21
-4.5961451181102362
0
LINE
8
BLACK
6
CONTINUOUS
10
5.6857613779527556
20
-4.5961451181102362
11
5.6858125590551181
21
-4.5960861417322834
0
LINE
8
BLACK
6
CONTINUOUS
10
5.6858125590551181
20
-4.5960861417322834
11
5.6859014960629919
21
-4.5960301574803148
0
LINE
8
BLACK
6
CONTINUOUS
10
5.6859014960629919
20
-4.5960301574803148
11
5.6859824803149603
21
-4.5959637007874017
0
LINE
8
BLACK
6
CONTINUOUS
10
5.6859824803149603
20
-4.5959637007874017
11
5.6860544094488183
21
-4.5959338582677161
0
LINE
8
BLACK
6
CONTINUOUS
10
5.6860544094488183
20
-4.5959338582677161
11
5.6863024409448819
21
-4.5957777952755903
0
LINE
8
BLACK
6
CONTINUOUS
10
5.6863024409448819
20
-4.5957777952755903
11
5.690051968503937
21
-4.5939030314960627
0
LINE
8
BLACK
6
CONTINUOUS
10
5.690051968503937
20
-4.5939030314960627
11
5.6905925590551183
21
-4.5936961417322832
0
LINE
8
BLACK
6
CONTINUOUS
10
5.6905925590551183
20
-4.5936961417322832
11
5.6906984251968504
21
-4.5936885826771654
0
LINE
8
BLACK
6
CONTINUOUS
10
5.6906984251968504
20
-4.5936885826771654
11
5.6907964173228347
21
-4.5936480314960626
0
LINE
8
BLACK
6
CONTINUOUS
10
5.6907964173228347
20
-4.5936480314960626
11
5.6913724803149606
21
-4.5935912992125987
0
LINE
8
BLACK
6
CONTINUOUS
10
5.6913724803149606
20
-4.5935912992125987
11
5.7007462992125983
21
-4.5935912992125987
0
LINE
8
BLACK
6
CONTINUOUS
10
5.7007462992125983
20
-4.5935912992125987
11
5.7013223622047242
21
-4.5936480314960626
0
LINE
8
BLACK
6
CONTINUOUS
10
5.7268673622047244
20
-4.6008455511811022
11
5.7256702362204726
21
-4.602042677165354
0
LINE
8
BLACK
6
CONTINUOUS
10
5.7256702362204726
20
-4.602042677165354
11
5.7243214960629922
21
-4.6047401574803146
0
LINE
8
BLACK
6
CONTINUOUS
10
5.7243214960629922
20
-4.6047401574803146
11
5.7243214960629922
21
-4.6089703543307081
0
LINE
8
BLACK
6
CONTINUOUS
10
5.7243214960629922
20
-4.6089703543307081
11
5.7256702362204726
21
-4.6116678346456688
0
LINE
8
BLACK
6
CONTINUOUS
10
5.7256702362204726
20
-4.6116678346456688
11
5.7268673622047244
21
-4.6128649606299215
0
LINE
8
BLACK
6
CONTINUOUS
10
5.7268673622047244
20
-4.6128649606299215
11
5.729564842519685
21
-4.6142137007874018
0
LINE
8
BLACK
6
CONTINUOUS
10
5.729564842519685
20
-4.6142137007874018
11
5.7409131496062988
21
-4.6142137007874018
0
LINE
8
BLACK
6
CONTINUOUS
10
5.7409131496062988
20
-4.6142137007874018
11
5.7409131496062988
21
-4.5994968110236218
0
LINE
8
BLACK
6
CONTINUOUS
10
5.7409131496062988
20
-4.5994968110236218
11
5.729564842519685
21
-4.5994968110236218
0
LINE
8
BLACK
6
CONTINUOUS
10
5.729564842519685
20
-4.5994968110236218
11
5.7268673622047244
21
-4.6008455511811022
0
LINE
8
BLACK
6
CONTINUOUS
10
5.4766267322834645
20
-4.6377742913385829
11
5.4779051574803148
21
-4.6390527165354332
0
LINE
8
BLACK
6
CONTINUOUS
10
5.4779051574803148
20
-4.6390527165354332
11
5.4779051574803148
21
-4.6408606692913388
0
LINE
8
BLACK
6
CONTINUOUS
10
5.4779051574803148
20
-4.6408606692913388
11
5.4766267322834645
21
-4.6421390944881891
0
LINE
8
BLACK
6
CONTINUOUS
10
5.4766267322834645
20
-4.6421390944881891
11
5.4757227559055117
21
-4.6423188976377956
0
LINE
8
BLACK
6
CONTINUOUS
10
5.4757227559055117
20
-4.6423188976377956
11
5.4570410236220468
21
-4.6423188976377956
0
LINE
8
BLACK
6
CONTINUOUS
10
5.4570410236220468
20
-4.6423188976377956
11
5.456137047244094
21
-4.6421390944881891
0
LINE
8
BLACK
6
CONTINUOUS
10
5.456137047244094
20
-4.6421390944881891
11
5.4548586220472437
21
-4.6408606692913388
0
LINE
8
BLACK
6
CONTINUOUS
10
5.4548586220472437
20
-4.6408606692913388
11
5.4548586220472437
21
-4.6390527165354332
0
LINE
8
BLACK
6
CONTINUOUS
10
5.4548586220472437
20
-4.6390527165354332
11
5.456137047244094
21
-4.6377742913385829
0
LINE
8
BLACK
6
CONTINUOUS
10
5.456137047244094
20
-4.6377742913385829
11
5.4570410236220468
21
-4.6375944881889763
0
LINE
8
BLACK
6
CONTINUOUS
10
5.4570410236220468
20
-4.6375944881889763
11
5.4757227559055117
21
-4.6375944881889763
0
LINE
8
BLACK
6
CONTINUOUS
10
5.4757227559055117
20
-4.6375944881889763
11
5.4766267322834645
21
-4.6377742913385829
0
LINE
8
BLACK
6
CONTINUOUS
10
5.1687356299212599
20
-4.5936199999999996
11
5.1688133858267715
21
-4.593614488188976
0
LINE
8
BLACK
6
CONTINUOUS
10
5.1688133858267715
20
-4.593614488188976
11
5.1689156299212593
21
-4.593637716535433
0
LINE
8
BLACK
6
CONTINUOUS
10
5.1689156299212593
20
-4.593637716535433
11
5.1690201574803147
21
-4.5936480314960626
0
LINE
8
BLACK
6
CONTINUOUS
10
5.1690201574803147
20
-4.5936480314960626
11
5.1690922440944878
21
-4.5936778740157482
0
LINE
8
BLACK
6
CONTINUOUS
10
5.1690922440944878
20
-4.5936778740157482
11
5.1693778346456689
21
-4.5937428346456688
0
LINE
8
BLACK
6
CONTINUOUS
10
5.1693778346456689
20
-4.5937428346456688
11
5.1750021259842516
21
-4.5956175984251963
0
LINE
8
BLACK
6
CONTINUOUS
10
5.1750021259842516
20
-4.5956175984251963
11
5.1755306692913381
21
-4.5958535826771652
0
LINE
8
BLACK
6
CONTINUOUS
10
5.1755306692913381
20
-4.5958535826771652
11
5.1756107874015749
21
-4.5959230708661414
0
LINE
8
BLACK
6
CONTINUOUS
10
5.1756107874015749
20
-4.5959230708661414
11
5.1757088582677166
21
-4.5959637007874017
0
LINE
8
BLACK
6
CONTINUOUS
10
5.1757088582677166
20
-4.5959637007874017
11
5.1761562992125985
21
-4.5963309055118113
0
LINE
8
BLACK
6
CONTINUOUS
10
5.1761562992125985
20
-4.5963309055118113
11
5.1799058267716536
21
-4.6000804330708664
0
LINE
8
BLACK
6
CONTINUOUS
10
5.1799058267716536
20
-4.6000804330708664
11
5.1800916535433066
21
-4.6003068110236223
0
LINE
8
BLACK
6
CONTINUOUS
10
5.1800916535433066
20
-4.6003068110236223
11
5.1801505905511807
21
-4.6003579527559051
0
LINE
8
BLACK
6
CONTINUOUS
10
5.1801505905511807
20
-4.6003579527559051
11
5.1802064566929129
21
-4.600446692913386
0
LINE
8
BLACK
6
CONTINUOUS
10
5.1802064566929129
20
-4.600446692913386
11
5.180273070866142
21
-4.6005278740157483
0
LINE
8
BLACK
6
CONTINUOUS
10
5.180273070866142
20
-4.6005278740157483
11
5.1803029133858267
21
-4.6006
0
LINE
8
BLACK
6
CONTINUOUS
10
5.1803029133858267
20
-4.6006
11
5.1804589370078737
21
-4.6008478346456689
0
LINE
8
BLACK
6
CONTINUOUS
10
5.1804589370078737
20
-4.6008478346456689
11
5.1823337007874013
21
-4.604597362204724
0
LINE
8
BLACK
6
CONTINUOUS
10
5.1823337007874013
20
-4.604597362204724
11
5.1823498031496058
21
-4.6046394488188973
0
LINE
8
BLACK
6
CONTINUOUS
10
5.1823498031496058
20
-4.6046394488188973
11
5.1823625196850394
21
-4.6046566141732281
0
LINE
8
BLACK
6
CONTINUOUS
10
5.1823625196850394
20
-4.6046566141732281
11
5.1824488188976376
21
-4.604898188976378
0
LINE
8
BLACK
6
CONTINUOUS
10
5.1824488188976376
20
-4.604898188976378
11
5.1825405905511808
21
-4.6051379527559053
0
LINE
8
BLACK
6
CONTINUOUS
10
5.1825405905511808
20
-4.6051379527559053
11
5.1825420866141734
21
-4.6051592125984255
0
LINE
8
BLACK
6
CONTINUOUS
10
5.1825420866141734
20
-4.6051592125984255
11
5.1825572834645666
21
-4.6052017322834642
0
LINE
8
BLACK
6
CONTINUOUS
10
5.1825572834645666
20
-4.6052017322834642
11
5.1844320472440941
21
-4.6127007874015744
0
LINE
8
BLACK
6
CONTINUOUS
10
5.1844320472440941
20
-4.6127007874015744
11
5.1844468110236219
21
-4.6128006299212601
0
LINE
8
BLACK
6
CONTINUOUS
10
5.1844468110236219
20
-4.6128006299212601
11
5.184463464566929
21
-4.6128408661417319
0
LINE
8
BLACK
6
CONTINUOUS
10
5.184463464566929
20
-4.6128408661417319
11
5.1844848031496058
21
-4.6130578740157482
0
LINE
8
BLACK
6
CONTINUOUS
10
5.1844848031496058
20
-4.6130578740157482
11
5.1845166929133857
21
-4.6132733858267718
0
LINE
8
BLACK
6
CONTINUOUS
10
5.1845166929133857
20
-4.6132733858267718
11
5.1845102755905508
21
-4.6133163779527555
0
LINE
8
BLACK
6
CONTINUOUS
10
5.1845102755905508
20
-4.6133163779527555
11
5.1845201968503938
21
-4.6134169291338578
0
LINE
8
BLACK
6
CONTINUOUS
10
5.1845201968503938
20
-4.6134169291338578
11
5.1845201968503938
21
-4.6190412204724405
0
LINE
8
BLACK
6
CONTINUOUS
10
5.1845201968503938
20
-4.6190412204724405
11
5.1845102755905508
21
-4.619141732283464
0
LINE
8
BLACK
6
CONTINUOUS
10
5.1845102755905508
20
-4.619141732283464
11
5.1845166929133857
21
-4.6191847637795274
0
LINE
8
BLACK
6
CONTINUOUS
10
5.1845166929133857
20
-4.6191847637795274
11
5.1844848031496058
21
-4.6194002362204722
0
LINE
8
BLACK
6
CONTINUOUS
10
5.1844848031496058
20
-4.6194002362204722
11
5.184463464566929
21
-4.6196172834645672
0
LINE
8
BLACK
6
CONTINUOUS
10
5.184463464566929
20
-4.6196172834645672
11
5.1844468110236219
21
-4.6196574803149604
0
LINE
8
BLACK
6
CONTINUOUS
10
5.1844468110236219
20
-4.6196574803149604
11
5.1844320472440941
21
-4.6197573622047239
0
LINE
8
BLACK
6
CONTINUOUS
10
5.1844320472440941
20
-4.6197573622047239
11
5.1825572834645666
21
-4.6272564173228341
0
LINE
8
BLACK
6
CONTINUOUS
10
5.1825572834645666
20
-4.6272564173228341
11
5.1825420866141734
21
-4.6272988976377949
0
LINE
8
BLACK
6
CONTINUOUS
10
5.1825420866141734
20
-4.6272988976377949
11
5.1825405905511808
21
-4.6273201968503939
0
LINE
8
BLACK
6
CONTINUOUS
10
5.1825405905511808
20
-4.6273201968503939
11
5.1824488188976376
21
-4.6275599212598424
0
LINE
8
BLACK
6
CONTINUOUS
10
5.1824488188976376
20
-4.6275599212598424
11
5.1823625196850394
21
-4.627801535433071
0
LINE
8
BLACK
6
CONTINUOUS
10
5.1823625196850394
20
-4.627801535433071
11
5.1823498031496058
21
-4.6278186614173231
0
LINE
8
BLACK
6
CONTINUOUS
10
5.1823498031496058
20
-4.6278186614173231
11
5.1823337007874013
21
-4.6278607874015751
0
LINE
8
BLACK
6
CONTINUOUS
10
5.1823337007874013
20
-4.6278607874015751
11
5.1804589370078737
21
-4.6316103149606302
0
LINE
8
BLACK
6
CONTINUOUS
10
5.1804589370078737
20
-4.6316103149606302
11
5.180302874015748
21
-4.6318581889763779
0
LINE
8
BLACK
6
CONTINUOUS
10
5.180302874015748
20
-4.6318581889763779
11
5.180273070866142
21
-4.6319302362204722
0
LINE
8
BLACK
6
CONTINUOUS
10
5.180273070866142
20
-4.6319302362204722
11
5.1802065354330704
21
-4.6320112598425194
0
LINE
8
BLACK
6
CONTINUOUS
10
5.1802065354330704
20
-4.6320112598425194
11
5.1801505905511807
21
-4.6321001968503932
0
LINE
8
BLACK
6
CONTINUOUS
10
5.1801505905511807
20
-4.6321001968503932
11
5.1800915748031491
21
-4.6321513385826769
0
LINE
8
BLACK
6
CONTINUOUS
10
5.1800915748031491
20
-4.6321513385826769
11
5.1799058661417323
21
-4.632377677165354
0
LINE
8
BLACK
6
CONTINUOUS
10
5.1799058661417323
20
-4.632377677165354
11
5.1761562992125985
21
-4.6361272834645666
0
LINE
8
BLACK
6
CONTINUOUS
10
5.1761562992125985
20
-4.6361272834645666
11
5.1757088582677166
21
-4.6364944881889762
0
LINE
8
BLACK
6
CONTINUOUS
10
5.1757088582677166
20
-4.6364944881889762
11
5.1756107874015749
21
-4.6365350787401578
0
LINE
8
BLACK
6
CONTINUOUS
10
5.1756107874015749
20
-4.6365350787401578
11
5.1755306692913381
21
-4.6366046062992128
0
LINE
8
BLACK
6
CONTINUOUS
10
5.1755306692913381
20
-4.6366046062992128
11
5.1750021259842516
21
-4.6368405905511807
0
LINE
8
BLACK
6
CONTINUOUS
10
5.1750021259842516
20
-4.6368405905511807
11
5.1693778346456689
21
-4.6387153543307083
0
LINE
8
BLACK
6
CONTINUOUS
10
5.1693778346456689
20
-4.6387153543307083
11
5.1690922440944878
21
-4.6387802755905509
0
LINE
8
BLACK
6
CONTINUOUS
10
5.1690922440944878
20
-4.6387802755905509
11
5.1690201574803147
21
-4.6388101574803144
0
LINE
8
BLACK
6
CONTINUOUS
10
5.1690201574803147
20
-4.6388101574803144
11
5.1689156299212593
21
-4.6388204330708662
0
LINE
8
BLACK
6
CONTINUOUS
10
5.1689156299212593
20
-4.6388204330708662
11
5.1688133858267715
21
-4.638843700787401
0
LINE
8
BLACK
6
CONTINUOUS
10
5.1688133858267715
20
-4.638843700787401
11
5.1687356299212599
21
-4.6388381496062987
0
LINE
8
BLACK
6
CONTINUOUS
10
5.1687356299212599
20
-4.6388381496062987
11
5.1684440944881889
21
-4.6388668897637793
0
LINE
8
BLACK
6
CONTINUOUS
10
5.1684440944881889
20
-4.6388668897637793
11
5.1646945669291338
21
-4.6388668897637793
0
LINE
8
BLACK
6
CONTINUOUS
10
5.1646945669291338
20
-4.6388668897637793
11
5.1644029527559052
21
-4.6388381496062987
0
LINE
8
BLACK
6
CONTINUOUS
10
5.1644029527559052
20
-4.6388381496062987
11
5.1643252362204723
21
-4.638843700787401
0
LINE
8
BLACK
6
CONTINUOUS
10
5.1643252362204723
20
-4.638843700787401
11
5.1642229527559058
21
-4.6388204330708662
0
LINE
8
BLACK
6
CONTINUOUS
10
5.1642229527559058
20
-4.6388204330708662
11
5.1641185039370079
21
-4.6388101574803144
0
LINE
8
BLACK
6
CONTINUOUS
10
5.1641185039370079
20
-4.6388101574803144
11
5.1640464173228349
21
-4.6387802755905509
0
LINE
8
BLACK
6
CONTINUOUS
10
5.1640464173228349
20
-4.6387802755905509
11
5.163760787401575
21
-4.6387153543307083
0
LINE
8
BLACK
6
CONTINUOUS
10
5.163760787401575
20
-4.6387153543307083
11
5.158136535433071
21
-4.6368405905511807
0
LINE
8
BLACK
6
CONTINUOUS
10
5.158136535433071
20
-4.6368405905511807
11
5.1576079527559058
21
-4.6366046062992128
0
LINE
8
BLACK
6
CONTINUOUS
10
5.1576079527559058
20
-4.6366046062992128
11
5.1575277559055115
21
-4.636535039370079
0
LINE
8
BLACK
6
CONTINUOUS
10
5.1575277559055115
20
-4.636535039370079
11
5.157429803149606
21
-4.6364944881889762
0
LINE
8
BLACK
6
CONTINUOUS
10
5.157429803149606
20
-4.6364944881889762
11
5.1569823228346454
21
-4.6361272440944878
0
LINE
8
BLACK
6
CONTINUOUS
10
5.1569823228346454
20
-4.6361272440944878
11
5.1551075590551179
21
-4.6342524409448815
0
LINE
8
BLACK
6
CONTINUOUS
10
5.1551075590551179
20
-4.6342524409448815
11
5.1547403543307082
21
-4.6338049999999997
0
LINE
8
BLACK
6
CONTINUOUS
10
5.1547403543307082
20
-4.6338049999999997
11
5.1542994881889763
21
-4.6327405905511814
0
LINE
8
BLACK
6
CONTINUOUS
10
5.1542994881889763
20
-4.6327405905511814
11
5.1542994881889763
21
-4.6315885039370075
0
LINE
8
BLACK
6
CONTINUOUS
10
5.1542994881889763
20
-4.6315885039370075
11
5.154740393700787
21
-4.6305240944881891
0
LINE
8
BLACK
6
CONTINUOUS
10
5.154740393700787
20
-4.6305240944881891
11
5.1555550787401572
21
-4.6297094094488189
0
LINE
8
BLACK
6
CONTINUOUS
10
5.1555550787401572
20
-4.6297094094488189
11
5.1566194881889764
21
-4.6292685433070861
0
LINE
8
BLACK
6
CONTINUOUS
10
5.1566194881889764
20
-4.6292685433070861
11
5.1577715748031494
21
-4.6292685433070861
0
LINE
8
BLACK
6
CONTINUOUS
10
5.1577715748031494
20
-4.6292685433070861
11
5.1588359842519687
21
-4.6297094488188977
0
LINE
8
BLACK
6
CONTINUOUS
10
5.1588359842519687
20
-4.6297094488188977
11
5.1592834645669292
21
-4.6300766929133861
0
LINE
8
BLACK
6
CONTINUOUS
10
5.1592834645669292
20
-4.6300766929133861
11
5.1606653149606299
21
-4.6314585826771655
0
LINE
8
BLACK
6
CONTINUOUS
10
5.1606653149606299
20
-4.6314585826771655
11
5.1651737007874017
21
-4.6329613779527561
0
LINE
8
BLACK
6
CONTINUOUS
10
5.1651737007874017
20
-4.6329613779527561
11
5.1679649606299209
21
-4.6329613779527561
0
LINE
8
BLACK
6
CONTINUOUS
10
5.1679649606299209
20
-4.6329613779527561
11
5.1724733464566928
21
-4.6314585433070867
0
LINE
8
BLACK
6
CONTINUOUS
10
5.1724733464566928
20
-4.6314585433070867
11
5.1753911417322831
21
-4.6285407086614176
0
LINE
8
BLACK
6
CONTINUOUS
10
5.1753911417322831
20
-4.6285407086614176
11
5.1769066535433073
21
-4.625509724409449
0
LINE
8
BLACK
6
CONTINUOUS
10
5.1769066535433073
20
-4.625509724409449
11
5.1786146850393697
21
-4.6186776771653539
0
LINE
8
BLACK
6
CONTINUOUS
10
5.1786146850393697
20
-4.6186776771653539
11
5.1786146850393697
21
-4.6137804724409444
0
LINE
8
BLACK
6
CONTINUOUS
10
5.1786146850393697
20
-4.6137804724409444
11
5.1769066535433073
21
-4.6069484251968502
0
LINE
8
BLACK
6
CONTINUOUS
10
5.1769066535433073
20
-4.6069484251968502
11
5.1753911811023618
21
-4.6039174409448815
0
LINE
8
BLACK
6
CONTINUOUS
10
5.1753911811023618
20
-4.6039174409448815
11
5.1724733464566928
21
-4.6009996062992125
0
LINE
8
BLACK
6
CONTINUOUS
10
5.1724733464566928
20
-4.6009996062992125
11
5.1679649606299209
21
-4.5994968110236218
0
LINE
8
BLACK
6
CONTINUOUS
10
5.1679649606299209
20
-4.5994968110236218
11
5.1651737007874017
21
-4.5994968110236218
0
LINE
8
BLACK
6
CONTINUOUS
10
5.1651737007874017
20
-4.5994968110236218
11
5.1606653149606299
21
-4.6009996062992125
0
LINE
8
BLACK
6
CONTINUOUS
10
5.1606653149606299
20
-4.6009996062992125
11
5.1592834251968505
21
-4.6023814960629919
0
LINE
8
BLACK
6
CONTINUOUS
10
5.1592834251968505
20
-4.6023814960629919
11
5.1588359842519687
21
-4.6027487007874015
0
LINE
8
BLACK
6
CONTINUOUS
10
5.1588359842519687
20
-4.6027487007874015
11
5.1577715354330707
21
-4.6031896062992121
0
LINE
8
BLACK
6
CONTINUOUS
10
5.1577715354330707
20
-4.6031896062992121
11
5.1566194881889764
21
-4.6031896062992121
0
LINE
8
BLACK
6
CONTINUOUS
10
5.1566194881889764
20
-4.6031896062992121
11
5.1555550393700784
21
-4.6027487007874015
0
LINE
8
BLACK
6
CONTINUOUS
10
5.1555550393700784
20
-4.6027487007874015
11
5.154740393700787
21
-4.60193405511811
0
LINE
8
BLACK
6
CONTINUOUS
10
5.154740393700787
20
-4.60193405511811
11
5.1542994881889763
21
-4.6008696062992129
0
LINE
8
BLACK
6
CONTINUOUS
10
5.1542994881889763
20
-4.6008696062992129
11
5.1542994881889763
21
-4.5997175590551178
0
LINE
8
BLACK
6
CONTINUOUS
10
5.1542994881889763
20
-4.5997175590551178
11
5.154740393700787
21
-4.5986531102362207
0
LINE
8
BLACK
6
CONTINUOUS
10
5.154740393700787
20
-4.5986531102362207
11
5.1551075984251966
21
-4.5982056692913389
0
LINE
8
BLACK
6
CONTINUOUS
10
5.1551075984251966
20
-4.5982056692913389
11
5.1569823622047242
21
-4.5963309055118113
0
LINE
8
BLACK
6
CONTINUOUS
10
5.1569823622047242
20
-4.5963309055118113
11
5.157429803149606
21
-4.5959637007874017
0
LINE
8
BLACK
6
CONTINUOUS
10
5.157429803149606
20
-4.5959637007874017
11
5.1575277559055115
21
-4.5959231102362201
0
LINE
8
BLACK
6
CONTINUOUS
10
5.1575277559055115
20
-4.5959231102362201
11
5.1576079527559058
21
-4.5958535826771652
0
LINE
8
BLACK
6
CONTINUOUS
10
5.1576079527559058
20
-4.5958535826771652
11
5.158136535433071
21
-4.5956175984251963
0
LINE
8
BLACK
6
CONTINUOUS
10
5.158136535433071
20
-4.5956175984251963
11
5.163760787401575
21
-4.5937428346456688
0
LINE
8
BLACK
6
CONTINUOUS
10
5.163760787401575
20
-4.5937428346456688
11
5.1640464173228349
21
-4.5936778740157482
0
LINE
8
BLACK
6
CONTINUOUS
10
5.1640464173228349
20
-4.5936778740157482
11
5.1641185039370079
21
-4.5936480314960626
0
LINE
8
BLACK
6
CONTINUOUS
10
5.1641185039370079
20
-4.5936480314960626
11
5.1642229527559058
21
-4.593637716535433
0
LINE
8
BLACK
6
CONTINUOUS
10
5.1642229527559058
20
-4.593637716535433
11
5.1643252362204723
21
-4.593614488188976
0
LINE
8
BLACK
6
CONTINUOUS
10
5.1643252362204723
20
-4.593614488188976
11
5.1644029527559052
21
-4.5936199999999996
0
LINE
8
BLACK
6
CONTINUOUS
10
5.1644029527559052
20
-4.5936199999999996
11
5.1646945669291338
21
-4.5935912992125987
0
LINE
8
BLACK
6
CONTINUOUS
10
5.1646945669291338
20
-4.5935912992125987
11
5.1684440944881889
21
-4.5935912992125987
0
LINE
8
BLACK
6
CONTINUOUS
10
5.1684440944881889
20
-4.5935912992125987
11
5.1687356299212599
21
-4.5936199999999996
0
LINE
8
BLACK
6
CONTINUOUS
10
5.2931483858267718
20
-4.5936480314960626
11
5.2932463779527561
21
-4.5936886220472442
0
LINE
8
BLACK
6
CONTINUOUS
10
5.2932463779527561
20
-4.5936886220472442
11
5.2933522047244095
21
-4.5936961417322832
0
LINE
8
BLACK
6
CONTINUOUS
10
5.2933522047244095
20
-4.5936961417322832
11
5.2938928346456695
21
-4.5939030314960627
0
LINE
8
BLACK
6
CONTINUOUS
10
5.2938928346456695
20
-4.5939030314960627
11
5.2976423622047246
21
-4.5957777952755903
0
LINE
8
BLACK
6
CONTINUOUS
10
5.2976423622047246
20
-4.5957777952755903
11
5.2978903543307085
21
-4.5959338582677161
0
LINE
8
BLACK
6
CONTINUOUS
10
5.2978903543307085
20
-4.5959338582677161
11
5.2979623228346453
21
-4.5959637007874017
0
LINE
8
BLACK
6
CONTINUOUS
10
5.2979623228346453
20
-4.5959637007874017
11
5.298043267716535
21
-4.5960301574803148
0
LINE
8
BLACK
6
CONTINUOUS
10
5.298043267716535
20
-4.5960301574803148
11
5.2981322440944885
21
-4.5960861417322834
0
LINE
8
BLACK
6
CONTINUOUS
10
5.2981322440944885
20
-4.5960861417322834
11
5.2981833858267713
21
-4.5961451181102362
0
LINE
8
BLACK
6
CONTINUOUS
10
5.2981833858267713
20
-4.5961451181102362
11
5.2984097637795271
21
-4.5963309055118113
0
LINE
8
BLACK
6
CONTINUOUS
10
5.2984097637795271
20
-4.5963309055118113
11
5.3002845275590547
21
-4.5982056692913389
0
LINE
8
BLACK
6
CONTINUOUS
10
5.3002845275590547
20
-4.5982056692913389
11
5.3004702755905511
21
-4.598432007874016
0
LINE
8
BLACK
6
CONTINUOUS
10
5.3004702755905511
20
-4.598432007874016
11
5.3005292913385826
21
-4.5984831889763775
0
LINE
8
BLACK
6
CONTINUOUS
10
5.3005292913385826
20
-4.5984831889763775
11
5.3005852362204724
21
-4.5985721259842522
0
LINE
8
BLACK
6
CONTINUOUS
10
5.3005852362204724
20
-4.5985721259842522
11
5.3006517322834643
21
-4.5986531102362207
0
LINE
8
BLACK
6
CONTINUOUS
10
5.3006517322834643
20
-4.5986531102362207
11
5.3006815354330703
21
-4.5987250393700787
0
LINE
8
BLACK
6
CONTINUOUS
10
5.3006815354330703
20
-4.5987250393700787
11
5.3008376377952757
21
-4.5989730708661414
0
LINE
8
BLACK
6
CONTINUOUS
10
5.3008376377952757
20
-4.5989730708661414
11
5.3027124015748033
21
-4.6027225984251965
0
LINE
8
BLACK
6
CONTINUOUS
10
5.3027124015748033
20
-4.6027225984251965
11
5.3029192913385828
21
-4.6032631889763778
0
LINE
8
BLACK
6
CONTINUOUS
10
5.3029192913385828
20
-4.6032631889763778
11
5.3029268110236218
21
-4.6033690551181099
0
LINE
8
BLACK
6
CONTINUOUS
10
5.3029268110236218
20
-4.6033690551181099
11
5.3029674015748034
21
-4.6034670472440942
0
LINE
8
BLACK
6
CONTINUOUS
10
5.3029674015748034
20
-4.6034670472440942
11
5.3030241338582673
21
-4.60404311023622
0
LINE
8
BLACK
6
CONTINUOUS
10
5.3030241338582673
20
-4.60404311023622
11
5.3030241338582673
21
-4.6134169291338578
0
LINE
8
BLACK
6
CONTINUOUS
10
5.3030241338582673
20
-4.6134169291338578
11
5.3029674015748034
21
-4.6139929921259846
0
LINE
8
BLACK
6
CONTINUOUS
10
5.3029674015748034
20
-4.6139929921259846
11
5.3029268110236218
21
-4.6140909448818901
0
LINE
8
BLACK
6
CONTINUOUS
10
5.3029268110236218
20
-4.6140909448818901
11
5.3029192913385828
21
-4.614196850393701
0
LINE
8
BLACK
6
CONTINUOUS
10
5.3029192913385828
20
-4.614196850393701
11
5.3027124015748033
21
-4.6147374409448814
0
LINE
8
BLACK
6
CONTINUOUS
10
5.3027124015748033
20
-4.6147374409448814
11
5.3008376377952757
21
-4.6184869685039365
0
LINE
8
BLACK
6
CONTINUOUS
10
5.3008376377952757
20
-4.6184869685039365
11
5.3006815354330703
21
-4.6187349606299213
0
LINE
8
BLACK
6
CONTINUOUS
10
5.3006815354330703
20
-4.6187349606299213
11
5.3006517322834643
21
-4.618806929133858
0
LINE
8
BLACK
6
CONTINUOUS
10
5.3006517322834643
20
-4.618806929133858
11
5.3005852362204724
21
-4.6188878740157477
0
LINE
8
BLACK
6
CONTINUOUS
10
5.3005852362204724
20
-4.6188878740157477
11
5.3005292913385826
21
-4.6189768503937003
0
LINE
8
BLACK
6
CONTINUOUS
10
5.3005292913385826
20
-4.6189768503937003
11
5.3004702755905511
21
-4.619027992125984
0
LINE
8
BLACK
6
CONTINUOUS
10
5.3004702755905511
20
-4.619027992125984
11
5.3002845275590547
21
-4.6192543700787398
0
LINE
8
BLACK
6
CONTINUOUS
10
5.3002845275590547
20
-4.6192543700787398
11
5.2984097637795271
21
-4.6211291338582674
0
LINE
8
BLACK
6
CONTINUOUS
10
5.2984097637795271
20
-4.6211291338582674
11
5.2981833858267713
21
-4.6213148818897638
0
LINE
8
BLACK
6
CONTINUOUS
10
5.2981833858267713
20
-4.6213148818897638
11
5.2981322440944885
21
-4.6213738976377954
0
LINE
8
BLACK
6
CONTINUOUS
10
5.2981322440944885
20
-4.6213738976377954
11
5.298043267716535
21
-4.6214298425196851
0
LINE
8
BLACK
6
CONTINUOUS
10
5.298043267716535
20
-4.6214298425196851
11
5.2979623228346453
21
-4.6214963385826771
0
LINE
8
BLACK
6
CONTINUOUS
10
5.2979623228346453
20
-4.6214963385826771
11
5.2978903543307085
21
-4.621526141732283
0
LINE
8
BLACK
6
CONTINUOUS
10
5.2978903543307085
20
-4.621526141732283
11
5.2976423622047246
21
-4.6216822440944885
0
LINE
8
BLACK
6
CONTINUOUS
10
5.2976423622047246
20
-4.6216822440944885
11
5.2938928346456695
21
-4.623557007874016
0
LINE
8
BLACK
6
CONTINUOUS
10
5.2938928346456695
20
-4.623557007874016
11
5.2933522047244095
21
-4.6237638976377955
0
LINE
8
BLACK
6
CONTINUOUS
10
5.2933522047244095
20
-4.6237638976377955
11
5.2932463779527561
21
-4.6237713779527558
0
LINE
8
BLACK
6
CONTINUOUS
10
5.2932463779527561
20
-4.6237713779527558
11
5.2931483858267718
21
-4.6238120078740153
0
LINE
8
BLACK
6
CONTINUOUS
10
5.2931483858267718
20
-4.6238120078740153
11
5.292572322834646
21
-4.6238687401574801
0
LINE
8
BLACK
6
CONTINUOUS
10
5.292572322834646
20
-4.6238687401574801
11
5.2850732677165357
21
-4.6238687401574801
0
LINE
8
BLACK
6
CONTINUOUS
10
5.2850732677165357
20
-4.6238687401574801
11
5.284497204724409
21
-4.6238120078740153
0
LINE
8
BLACK
6
CONTINUOUS
10
5.284497204724409
20
-4.6238120078740153
11
5.2843992125984247
21
-4.6237714173228346
0
LINE
8
BLACK
6
CONTINUOUS
10
5.2843992125984247
20
-4.6237714173228346
11
5.2842933464566926
21
-4.6237638976377955
0
LINE
8
BLACK
6
CONTINUOUS
10
5.2842933464566926
20
-4.6237638976377955
11
5.2837527559055113
21
-4.623557007874016
0
LINE
8
BLACK
6
CONTINUOUS
10
5.2837527559055113
20
-4.623557007874016
11
5.2814602362204726
21
-4.6224107480314958
0
LINE
8
BLACK
6
CONTINUOUS
10
5.2814602362204726
20
-4.6224107480314958
11
5.2821895275590549
21
-4.6253279133858269
0
LINE
8
BLACK
6
CONTINUOUS
10
5.2821895275590549
20
-4.6253279133858269
11
5.2854931496062987
21
-4.6302833858267718
0
LINE
8
BLACK
6
CONTINUOUS
10
5.2854931496062987
20
-4.6302833858267718
11
5.2868223622047239
21
-4.6316126377952758
0
LINE
8
BLACK
6
CONTINUOUS
10
5.2868223622047239
20
-4.6316126377952758
11
5.2895198425196845
21
-4.6329613779527561
0
LINE
8
BLACK
6
CONTINUOUS
10
5.2895198425196845
20
-4.6329613779527561
11
5.2963218503937011
21
-4.6329613779527561
0
LINE
8
BLACK
6
CONTINUOUS
10
5.2963218503937011
20
-4.6329613779527561
11
5.2968979133858269
21
-4.63301811023622
0
LINE
8
BLACK
6
CONTINUOUS
10
5.2968979133858269
20
-4.63301811023622
11
5.2979623228346453
21
-4.6334590157480315
0
LINE
8
BLACK
6
CONTINUOUS
10
5.2979623228346453
20
-4.6334590157480315
11
5.2987769685039368
21
-4.634273661417323
0
LINE
8
BLACK
6
CONTINUOUS
10
5.2987769685039368
20
-4.634273661417323
11
5.2992178740157483
21
-4.6353380708661414
0
LINE
8
BLACK
6
CONTINUOUS
10
5.2992178740157483
20
-4.6353380708661414
11
5.2992178740157483
21
-4.636490196850394
0
LINE
8
BLACK
6
CONTINUOUS
10
5.2992178740157483
20
-4.636490196850394
11
5.2987769685039368
21
-4.6375546062992123
0
LINE
8
BLACK
6
CONTINUOUS
10
5.2987769685039368
20
-4.6375546062992123
11
5.2979623228346453
21
-4.6383692519685038
0
LINE
8
BLACK
6
CONTINUOUS
10
5.2979623228346453
20
-4.6383692519685038
11
5.2968979133858269
21
-4.6388101574803144
0
LINE
8
BLACK
6
CONTINUOUS
10
5.2968979133858269
20
-4.6388101574803144
11
5.2963218503937011
21
-4.6388668897637793
0
LINE
8
BLACK
6
CONTINUOUS
10
5.2963218503937011
20
-4.6388668897637793
11
5.2888227952755908
21
-4.6388668897637793
0
LINE
8
BLACK
6
CONTINUOUS
10
5.2888227952755908
20
-4.6388668897637793
11
5.2882467322834641
21
-4.6388101574803144
0
LINE
8
BLACK
6
CONTINUOUS
10
5.2882467322834641
20
-4.6388101574803144
11
5.2881487401574798
21
-4.6387695669291338
0
LINE
8
BLACK
6
CONTINUOUS
10
5.2881487401574798
20
-4.6387695669291338
11
5.2880428740157477
21
-4.6387620472440947
0
LINE
8
BLACK
6
CONTINUOUS
10
5.2880428740157477
20
-4.6387620472440947
11
5.2875022834645664
21
-4.6385551574803152
0
LINE
8
BLACK
6
CONTINUOUS
10
5.2875022834645664
20
-4.6385551574803152
11
5.2837527559055113
21
-4.6366803937007877
0
LINE
8
BLACK
6
CONTINUOUS
10
5.2837527559055113
20
-4.6366803937007877
11
5.2835047244094486
21
-4.6365242913385822
0
LINE
8
BLACK
6
CONTINUOUS
10
5.2835047244094486
20
-4.6365242913385822
11
5.2834327952755906
21
-4.6364944881889762
0
LINE
8
BLACK
6
CONTINUOUS
10
5.2834327952755906
20
-4.6364944881889762
11
5.2833518110236222
21
-4.6364280314960631
0
LINE
8
BLACK
6
CONTINUOUS
10
5.2833518110236222
20
-4.6364280314960631
11
5.2832628740157483
21
-4.6363720472440946
0
LINE
8
BLACK
6
CONTINUOUS
10
5.2832628740157483
20
-4.6363720472440946
11
5.2832116535433071
21
-4.6363129921259842
0
LINE
8
BLACK
6
CONTINUOUS
10
5.2832116535433071
20
-4.6363129921259842
11
5.2829853149606301
21
-4.6361272440944878
0
LINE
8
BLACK
6
CONTINUOUS
10
5.2829853149606301
20
-4.6361272440944878
11
5.2811105511811025
21
-4.6342524409448815
0
LINE
8
BLACK
6
CONTINUOUS
10
5.2811105511811025
20
-4.6342524409448815
11
5.2811092519685037
21
-4.6342508661417323
0
LINE
8
BLACK
6
CONTINUOUS
10
5.2811092519685037
20
-4.6342508661417323
11
5.2811084251968499
21
-4.6342503149606298
0
LINE
8
BLACK
6
CONTINUOUS
10
5.2811084251968499
20
-4.6342503149606298
11
5.2809235039370082
21
-4.6340245275590553
0
LINE
8
BLACK
6
CONTINUOUS
10
5.2809235039370082
20
-4.6340245275590553
11
5.2807433464566929
21
-4.6338049999999997
0
LINE
8
BLACK
6
CONTINUOUS
10
5.2807433464566929
20
-4.6338049999999997
11
5.2807429527559053
21
-4.6338040551181106
0
LINE
8
BLACK
6
CONTINUOUS
10
5.2807429527559053
20
-4.6338040551181106
11
5.2807416535433074
21
-4.6338024803149604
0
LINE
8
BLACK
6
CONTINUOUS
10
5.2807416535433074
20
-4.6338024803149604
11
5.2769921259842523
21
-4.6281781889763778
0
LINE
8
BLACK
6
CONTINUOUS
10
5.2769921259842523
20
-4.6281781889763778
11
5.2768225590551179
21
-4.6278601181102363
0
LINE
8
BLACK
6
CONTINUOUS
10
5.2768225590551179
20
-4.6278601181102363
11
5.2767791338582679
21
-4.627801535433071
0
LINE
8
BLACK
6
CONTINUOUS
10
5.2767791338582679
20
-4.627801535433071
11
5.2767543700787396
21
-4.6277322440944877
0
LINE
8
BLACK
6
CONTINUOUS
10
5.2767543700787396
20
-4.6277322440944877
11
5.2767198031496063
21
-4.6276674015748034
0
LINE
8
BLACK
6
CONTINUOUS
10
5.2767198031496063
20
-4.6276674015748034
11
5.2767056299212598
21
-4.627595866141732
0
LINE
8
BLACK
6
CONTINUOUS
10
5.2767056299212598
20
-4.627595866141732
11
5.2765843700787398
21
-4.6272564173228341
0
LINE
8
BLACK
6
CONTINUOUS
10
5.2765843700787398
20
-4.6272564173228341
11
5.2747096062992123
21
-4.6197573622047239
0
LINE
8
BLACK
6
CONTINUOUS
10
5.2747096062992123
20
-4.6197573622047239
11
5.2746948031496066
21
-4.6196574803149604
0
LINE
8
BLACK
6
CONTINUOUS
10
5.2746948031496066
20
-4.6196574803149604
11
5.2746781889763774
21
-4.6196172834645672
0
LINE
8
BLACK
6
CONTINUOUS
10
5.2746781889763774
20
-4.6196172834645672
11
5.2746568110236218
21
-4.6194002362204722
0
LINE
8
BLACK
6
CONTINUOUS
10
5.2746568110236218
20
-4.6194002362204722
11
5.2746249606299207
21
-4.6191847637795274
0
LINE
8
BLACK
6
CONTINUOUS
10
5.2746249606299207
20
-4.6191847637795274
11
5.2746313385826769
21
-4.619141732283464
0
LINE
8
BLACK
6
CONTINUOUS
10
5.2746313385826769
20
-4.619141732283464
11
5.2746214566929135
21
-4.6190412204724405
0
LINE
8
BLACK
6
CONTINUOUS
10
5.2746214566929135
20
-4.6190412204724405
11
5.2746214566929135
21
-4.60404311023622
0
LINE
8
BLACK
6
CONTINUOUS
10
5.2746214566929135
20
-4.60404311023622
11
5.2746781889763774
21
-4.6034670472440942
0
LINE
8
BLACK
6
CONTINUOUS
10
5.2746781889763774
20
-4.6034670472440942
11
5.274718779527559
21
-4.6033690157480311
0
LINE
8
BLACK
6
CONTINUOUS
10
5.274718779527559
20
-4.6033690157480311
11
5.2747262992125981
21
-4.6032632283464565
0
LINE
8
BLACK
6
CONTINUOUS
10
5.2747262992125981
20
-4.6032632283464565
11
5.2749331889763775
21
-4.6027225984251965
0
LINE
8
BLACK
6
CONTINUOUS
10
5.2749331889763775
20
-4.6027225984251965
11
5.2768079527559051
21
-4.5989730708661414
0
LINE
8
BLACK
6
CONTINUOUS
10
5.2768079527559051
20
-4.5989730708661414
11
5.2769640157480318
21
-4.5987250393700787
0
LINE
8
BLACK
6
CONTINUOUS
10
5.2769640157480318
20
-4.5987250393700787
11
5.2769938582677165
21
-4.5986531102362207
0
LINE
8
BLACK
6
CONTINUOUS
10
5.2769938582677165
20
-4.5986531102362207
11
5.2770603149606297
21
-4.5985721259842522
0
LINE
8
BLACK
6
CONTINUOUS
10
5.2770603149606297
20
-4.5985721259842522
11
5.2771162992125982
21
-4.5984831889763775
0
LINE
8
BLACK
6
CONTINUOUS
10
5.2771162992125982
20
-4.5984831889763775
11
5.277175275590551
21
-4.598432007874016
0
LINE
8
BLACK
6
CONTINUOUS
10
5.277175275590551
20
-4.598432007874016
11
5.2773610629921262
21
-4.5982056692913389
0
LINE
8
BLACK
6
CONTINUOUS
10
5.2773610629921262
20
-4.5982056692913389
11
5.2792358267716537
21
-4.5963309055118113
0
LINE
8
BLACK
6
CONTINUOUS
10
5.2792358267716537
20
-4.5963309055118113
11
5.2794621653543308
21
-4.5961451181102362
0
LINE
8
BLACK
6
CONTINUOUS
10
5.2794621653543308
20
-4.5961451181102362
11
5.2795133464566932
21
-4.5960861417322834
0
LINE
8
BLACK
6
CONTINUOUS
10
5.2795133464566932
20
-4.5960861417322834
11
5.2796022834645671
21
-4.5960301574803148
0
LINE
8
BLACK
6
CONTINUOUS
10
5.2796022834645671
20
-4.5960301574803148
11
5.2796832677165355
21
-4.5959637007874017
0
LINE
8
BLACK
6
CONTINUOUS
10
5.2796832677165355
20
-4.5959637007874017
11
5.2797551968503935
21
-4.5959338582677161
0
LINE
8
BLACK
6
CONTINUOUS
10
5.2797551968503935
20
-4.5959338582677161
11
5.2800032283464562
21
-4.5957777952755903
0
LINE
8
BLACK
6
CONTINUOUS
10
5.2800032283464562
20
-4.5957777952755903
11
5.2837527559055113
21
-4.5939030314960627
0
LINE
8
BLACK
6
CONTINUOUS
10
5.2837527559055113
20
-4.5939030314960627
11
5.2842933464566926
21
-4.5936961417322832
0
LINE
8
BLACK
6
CONTINUOUS
10
5.2842933464566926
20
-4.5936961417322832
11
5.2843992125984247
21
-4.5936885826771654
0
LINE
8
BLACK
6
CONTINUOUS
10
5.2843992125984247
20
-4.5936885826771654
11
5.284497204724409
21
-4.5936480314960626
0
LINE
8
BLACK
6
CONTINUOUS
10
5.284497204724409
20
-4.5936480314960626
11
5.2850732677165357
21
-4.5935912992125987
0
LINE
8
BLACK
6
CONTINUOUS
10
5.2850732677165357
20
-4.5935912992125987
11
5.292572322834646
21
-4.5935912992125987
0
LINE
8
BLACK
6
CONTINUOUS
10
5.292572322834646
20
-4.5935912992125987
11
5.2931483858267718
21
-4.5936480314960626
0
LINE
8
BLACK
6
CONTINUOUS
10
5.2830728346456688
20
-4.6008455511811022
11
5.281875708661417
21
-4.602042677165354
0
LINE
8
BLACK
6
CONTINUOUS
10
5.281875708661417
20
-4.602042677165354
11
5.2805269685039367
21
-4.6047401574803146
0
LINE
8
BLACK
6
CONTINUOUS
10
5.2805269685039367
20
-4.6047401574803146
11
5.2805269685039367
21
-4.6127198818897641
0
LINE
8
BLACK
6
CONTINUOUS
10
5.2805269685039367
20
-4.6127198818897641
11
5.281875708661417
21
-4.6154173622047239
0
LINE
8
BLACK
6
CONTINUOUS
10
5.281875708661417
20
-4.6154173622047239
11
5.2830728346456688
21
-4.6166144881889766
0
LINE
8
BLACK
6
CONTINUOUS
10
5.2830728346456688
20
-4.6166144881889766
11
5.2857703149606294
21
-4.6179632283464569
0
LINE
8
BLACK
6
CONTINUOUS
10
5.2857703149606294
20
-4.6179632283464569
11
5.2918752755905514
21
-4.6179632283464569
0
LINE
8
BLACK
6
CONTINUOUS
10
5.2918752755905514
20
-4.6179632283464569
11
5.294572755905512
21
-4.6166144881889766
0
LINE
8
BLACK
6
CONTINUOUS
10
5.294572755905512
20
-4.6166144881889766
11
5.2957698818897638
21
-4.6154173622047239
0
LINE
8
BLACK
6
CONTINUOUS
10
5.2957698818897638
20
-4.6154173622047239
11
5.2971186220472442
21
-4.6127198818897641
0
LINE
8
BLACK
6
CONTINUOUS
10
5.2971186220472442
20
-4.6127198818897641
11
5.2971186220472442
21
-4.6047401574803146
0
LINE
8
BLACK
6
CONTINUOUS
10
5.2971186220472442
20
-4.6047401574803146
11
5.2957698818897638
21
-4.602042677165354
0
LINE
8
BLACK
6
CONTINUOUS
10
5.2957698818897638
20
-4.602042677165354
11
5.294572755905512
21
-4.6008455511811022
0
LINE
8
BLACK
6
CONTINUOUS
10
5.294572755905512
20
-4.6008455511811022
11
5.2918752755905514
21
-4.5994968110236218
0
LINE
8
BLACK
6
CONTINUOUS
10
5.2918752755905514
20
-4.5994968110236218
11
5.2857703149606294
21
-4.5994968110236218
0
LINE
8
BLACK
6
CONTINUOUS
10
5.2857703149606294
20
-4.5994968110236218
11
5.2830728346456688
21
-4.6008455511811022
0
LINE
8
BLACK
6
CONTINUOUS
10
5.3266096456692908
20
-4.5936199999999996
11
5.3266874015748034
21
-4.593614488188976
0
LINE
8
BLACK
6
CONTINUOUS
10
5.3266874015748034
20
-4.593614488188976
11
5.3267896456692911
21
-4.593637716535433
0
LINE
8
BLACK
6
CONTINUOUS
10
5.3267896456692911
20
-4.593637716535433
11
5.3268941732283466
21
-4.5936480314960626
0
LINE
8
BLACK
6
CONTINUOUS
10
5.3268941732283466
20
-4.5936480314960626
11
5.3269662598425196
21
-4.5936778740157482
0
LINE
8
BLACK
6
CONTINUOUS
10
5.3269662598425196
20
-4.5936778740157482
11
5.3272518503937007
21
-4.5937428346456688
0
LINE
8
BLACK
6
CONTINUOUS
10
5.3272518503937007
20
-4.5937428346456688
11
5.3328761417322834
21
-4.5956175984251963
0
LINE
8
BLACK
6
CONTINUOUS
10
5.3328761417322834
20
-4.5956175984251963
11
5.3334046850393699
21
-4.5958535826771652
0
LINE
8
BLACK
6
CONTINUOUS
10
5.3334046850393699
20
-4.5958535826771652
11
5.3334848031496058
21
-4.5959230708661414
0
LINE
8
BLACK
6
CONTINUOUS
10
5.3334848031496058
20
-4.5959230708661414
11
5.3335828740157476
21
-4.5959637007874017
0
LINE
8
BLACK
6
CONTINUOUS
10
5.3335828740157476
20
-4.5959637007874017
11
5.3340303149606294
21
-4.5963309055118113
0
LINE
8
BLACK
6
CONTINUOUS
10
5.3340303149606294
20
-4.5963309055118113
11
5.3377798425196845
21
-4.6000804330708664
0
LINE
8
BLACK
6
CONTINUOUS
10
5.3377798425196845
20
-4.6000804330708664
11
5.3379656692913384
21
-4.6003068110236223
0
LINE
8
BLACK
6
CONTINUOUS
10
5.3379656692913384
20
-4.6003068110236223
11
5.3380246062992125
21
-4.6003579527559051
0
LINE
8
BLACK
6
CONTINUOUS
10
5.3380246062992125
20
-4.6003579527559051
11
5.3380804724409447
21
-4.600446692913386
0
LINE
8
BLACK
6
CONTINUOUS
10
5.3380804724409447
20
-4.600446692913386
11
5.3381470866141729
21
-4.6005278740157483
0
LINE
8
BLACK
6
CONTINUOUS
10
5.3381470866141729
20
-4.6005278740157483
11
5.3381769291338586
21
-4.6006
0
LINE
8
BLACK
6
CONTINUOUS
10
5.3381769291338586
20
-4.6006
11
5.3383329527559056
21
-4.6008478346456689
0
LINE
8
BLACK
6
CONTINUOUS
10
5.3383329527559056
20
-4.6008478346456689
11
5.3402077165354331
21
-4.604597362204724
0
LINE
8
BLACK
6
CONTINUOUS
10
5.3402077165354331
20
-4.604597362204724
11
5.3402238188976376
21
-4.6046394488188973
0
LINE
8
BLACK
6
CONTINUOUS
10
5.3402238188976376
20
-4.6046394488188973
11
5.3402365354330703
21
-4.6046566141732281
0
LINE
8
BLACK
6
CONTINUOUS
10
5.3402365354330703
20
-4.6046566141732281
11
5.3403228346456695
21
-4.604898188976378
0
LINE
8
BLACK
6
CONTINUOUS
10
5.3403228346456695
20
-4.604898188976378
11
5.3404146062992126
21
-4.6051379527559053
0
LINE
8
BLACK
6
CONTINUOUS
10
5.3404146062992126
20
-4.6051379527559053
11
5.3404161023622043
21
-4.6051592125984255
0
LINE
8
BLACK
6
CONTINUOUS
10
5.3404161023622043
20
-4.6051592125984255
11
5.3404312992125984
21
-4.6052017322834642
0
LINE
8
BLACK
6
CONTINUOUS
10
5.3404312992125984
20
-4.6052017322834642
11
5.342306062992126
21
-4.6127007874015744
0
LINE
8
BLACK
6
CONTINUOUS
10
5.342306062992126
20
-4.6127007874015744
11
5.3423208267716538
21
-4.6128006299212601
0
LINE
8
BLACK
6
CONTINUOUS
10
5.3423208267716538
20
-4.6128006299212601
11
5.3423374803149608
21
-4.6128408661417319
0
LINE
8
BLACK
6
CONTINUOUS
10
5.3423374803149608
20
-4.6128408661417319
11
5.3423588188976376
21
-4.6130578740157482
0
LINE
8
BLACK
6
CONTINUOUS
10
5.3423588188976376
20
-4.6130578740157482
11
5.3423907086614175
21
-4.6132733858267718
0
LINE
8
BLACK
6
CONTINUOUS
10
5.3423907086614175
20
-4.6132733858267718
11
5.3423842913385826
21
-4.6133163779527555
0
LINE
8
BLACK
6
CONTINUOUS
10
5.3423842913385826
20
-4.6133163779527555
11
5.3423942125984247
21
-4.6134169291338578
0
LINE
8
BLACK
6
CONTINUOUS
10
5.3423942125984247
20
-4.6134169291338578
11
5.3423942125984247
21
-4.6190412204724405
0
LINE
8
BLACK
6
CONTINUOUS
10
5.3423942125984247
20
-4.6190412204724405
11
5.3423842913385826
21
-4.619141732283464
0
LINE
8
BLACK
6
CONTINUOUS
10
5.3423842913385826
20
-4.619141732283464
11
5.3423907086614175
21
-4.6191847637795274
0
LINE
8
BLACK
6
CONTINUOUS
10
5.3423907086614175
20
-4.6191847637795274
11
5.3423588188976376
21
-4.6194002362204722
0
LINE
8
BLACK
6
CONTINUOUS
10
5.3423588188976376
20
-4.6194002362204722
11
5.3423374803149608
21
-4.6196172834645672
0
LINE
8
BLACK
6
CONTINUOUS
10
5.3423374803149608
20
-4.6196172834645672
11
5.3423208267716538
21
-4.6196574803149604
0
LINE
8
BLACK
6
CONTINUOUS
10
5.3423208267716538
20
-4.6196574803149604
11
5.342306062992126
21
-4.6197573622047239
0
LINE
8
BLACK
6
CONTINUOUS
10
5.342306062992126
20
-4.6197573622047239
11
5.3404312992125984
21
-4.6272564173228341
0
LINE
8
BLACK
6
CONTINUOUS
10
5.3404312992125984
20
-4.6272564173228341
11
5.3404161023622043
21
-4.6272988976377949
0
LINE
8
BLACK
6
CONTINUOUS
10
5.3404161023622043
20
-4.6272988976377949
11
5.3404146062992126
21
-4.6273201968503939
0
LINE
8
BLACK
6
CONTINUOUS
10
5.3404146062992126
20
-4.6273201968503939
11
5.3403228346456695
21
-4.6275599212598424
0
LINE
8
BLACK
6
CONTINUOUS
10
5.3403228346456695
20
-4.6275599212598424
11
5.3402365354330703
21
-4.627801535433071
0
LINE
8
BLACK
6
CONTINUOUS
10
5.3402365354330703
20
-4.627801535433071
11
5.3402238188976376
21
-4.6278186614173231
0
LINE
8
BLACK
6
CONTINUOUS
10
5.3402238188976376
20
-4.6278186614173231
11
5.3402077165354331
21
-4.6278607874015751
0
LINE
8
BLACK
6
CONTINUOUS
10
5.3402077165354331
20
-4.6278607874015751
11
5.3383329527559056
21
-4.6316103149606302
0
LINE
8
BLACK
6
CONTINUOUS
10
5.3383329527559056
20
-4.6316103149606302
11
5.3381768897637798
21
-4.6318581889763779
0
LINE
8
BLACK
6
CONTINUOUS
10
5.3381768897637798
20
-4.6318581889763779
11
5.3381470866141729
21
-4.6319302362204722
0
LINE
8
BLACK
6
CONTINUOUS
10
5.3381470866141729
20
-4.6319302362204722
11
5.3380805511811023
21
-4.6320112598425194
0
LINE
8
BLACK
6
CONTINUOUS
10
5.3380805511811023
20
-4.6320112598425194
11
5.3380246062992125
21
-4.6321001968503932
0
LINE
8
BLACK
6
CONTINUOUS
10
5.3380246062992125
20
-4.6321001968503932
11
5.3379655905511809
21
-4.6321513385826769
0
LINE
8
BLACK
6
CONTINUOUS
10
5.3379655905511809
20
-4.6321513385826769
11
5.3377798818897633
21
-4.632377677165354
0
LINE
8
BLACK
6
CONTINUOUS
10
5.3377798818897633
20
-4.632377677165354
11
5.3340303149606294
21
-4.6361272834645666
0
LINE
8
BLACK
6
CONTINUOUS
10
5.3340303149606294
20
-4.6361272834645666
11
5.3335828740157476
21
-4.6364944881889762
0
LINE
8
BLACK
6
CONTINUOUS
10
5.3335828740157476
20
-4.6364944881889762
11
5.3334848031496058
21
-4.6365350787401578
0
LINE
8
BLACK
6
CONTINUOUS
10
5.3334848031496058
20
-4.6365350787401578
11
5.3334046850393699
21
-4.6366046062992128
0
LINE
8
BLACK
6
CONTINUOUS
10
5.3334046850393699
20
-4.6366046062992128
11
5.3328761417322834
21
-4.6368405905511807
0
LINE
8
BLACK
6
CONTINUOUS
10
5.3328761417322834
20
-4.6368405905511807
11
5.3272518503937007
21
-4.6387153543307083
0
LINE
8
BLACK
6
CONTINUOUS
10
5.3272518503937007
20
-4.6387153543307083
11
5.3269662598425196
21
-4.6387802755905509
0
LINE
8
BLACK
6
CONTINUOUS
10
5.3269662598425196
20
-4.6387802755905509
11
5.3268941732283466
21
-4.6388101574803144
0
LINE
8
BLACK
6
CONTINUOUS
10
5.3268941732283466
20
-4.6388101574803144
11
5.3267896456692911
21
-4.6388204330708662
0
LINE
8
BLACK
6
CONTINUOUS
10
5.3267896456692911
20
-4.6388204330708662
11
5.3266874015748034
21
-4.638843700787401
0
LINE
8
BLACK
6
CONTINUOUS
10
5.3266874015748034
20
-4.638843700787401
11
5.3266096456692908
21
-4.6388381496062987
0
LINE
8
BLACK
6
CONTINUOUS
10
5.3266096456692908
20
-4.6388381496062987
11
5.3263181102362207
21
-4.6388668897637793
0
LINE
8
BLACK
6
CONTINUOUS
10
5.3263181102362207
20
-4.6388668897637793
11
5.3225685826771656
21
-4.6388668897637793
0
LINE
8
BLACK
6
CONTINUOUS
10
5.3225685826771656
20
-4.6388668897637793
11
5.3222769685039371
21
-4.6388381496062987
0
LINE
8
BLACK
6
CONTINUOUS
10
5.3222769685039371
20
-4.6388381496062987
11
5.3221992519685042
21
-4.638843700787401
0
LINE
8
BLACK
6
CONTINUOUS
10
5.3221992519685042
20
-4.638843700787401
11
5.3220969685039368
21
-4.6388204330708662
0
LINE
8
BLACK
6
CONTINUOUS
10
5.3220969685039368
20
-4.6388204330708662
11
5.3219925196850388
21
-4.6388101574803144
0
LINE
8
BLACK
6
CONTINUOUS
10
5.3219925196850388
20
-4.6388101574803144
11
5.3219204330708658
21
-4.6387802755905509
0
LINE
8
BLACK
6
CONTINUOUS
10
5.3219204330708658
20
-4.6387802755905509
11
5.3216348031496059
21
-4.6387153543307083
0
LINE
8
BLACK
6
CONTINUOUS
10
5.3216348031496059
20
-4.6387153543307083
11
5.316010551181102
21
-4.6368405905511807
0
LINE
8
BLACK
6
CONTINUOUS
10
5.316010551181102
20
-4.6368405905511807
11
5.3154819685039367
21
-4.6366046062992128
0
LINE
8
BLACK
6
CONTINUOUS
10
5.3154819685039367
20
-4.6366046062992128
11
5.3154017716535433
21
-4.636535039370079
0
LINE
8
BLACK
6
CONTINUOUS
10
5.3154017716535433
20
-4.636535039370079
11
5.3153038188976378
21
-4.6364944881889762
0
LINE
8
BLACK
6
CONTINUOUS
10
5.3153038188976378
20
-4.6364944881889762
11
5.3148563385826773
21
-4.6361272440944878
0
LINE
8
BLACK
6
CONTINUOUS
10
5.3148563385826773
20
-4.6361272440944878
11
5.3129815748031497
21
-4.6342524409448815
0
LINE
8
BLACK
6
CONTINUOUS
10
5.3129815748031497
20
-4.6342524409448815
11
5.31261437007874
21
-4.6338049999999997
0
LINE
8
BLACK
6
CONTINUOUS
10
5.31261437007874
20
-4.6338049999999997
11
5.3121735039370082
21
-4.6327405905511814
0
LINE
8
BLACK
6
CONTINUOUS
10
5.3121735039370082
20
-4.6327405905511814
11
5.3121735039370082
21
-4.6315885039370075
0
LINE
8
BLACK
6
CONTINUOUS
10
5.3121735039370082
20
-4.6315885039370075
11
5.3126144094488188
21
-4.6305240944881891
0
LINE
8
BLACK
6
CONTINUOUS
10
5.3126144094488188
20
-4.6305240944881891
11
5.313429094488189
21
-4.6297094094488189
0
LINE
8
BLACK
6
CONTINUOUS
10
5.313429094488189
20
-4.6297094094488189
11
5.3144935039370074
21
-4.6292685433070861
0
LINE
8
BLACK
6
CONTINUOUS
10
5.3144935039370074
20
-4.6292685433070861
11
5.3156455905511812
21
-4.6292685433070861
0
LINE
8
BLACK
6
CONTINUOUS
10
5.3156455905511812
20
-4.6292685433070861
11
5.3167099999999996
21
-4.6297094488188977
0
LINE
8
BLACK
6
CONTINUOUS
10
5.3167099999999996
20
-4.6297094488188977
11
5.3171574803149602
21
-4.6300766929133861
0
LINE
8
BLACK
6
CONTINUOUS
10
5.3171574803149602
20
-4.6300766929133861
11
5.3185393307086617
21
-4.6314585826771655
0
LINE
8
BLACK
6
CONTINUOUS
10
5.3185393307086617
20
-4.6314585826771655
11
5.3230477165354326
21
-4.6329613779527561
0
LINE
8
BLACK
6
CONTINUOUS
10
5.3230477165354326
20
-4.6329613779527561
11
5.3258389763779528
21
-4.6329613779527561
0
LINE
8
BLACK
6
CONTINUOUS
10
5.3258389763779528
20
-4.6329613779527561
11
5.3303473622047246
21
-4.6314585433070867
0
LINE
8
BLACK
6
CONTINUOUS
10
5.3303473622047246
20
-4.6314585433070867
11
5.3332651574803149
21
-4.6285407086614176
0
LINE
8
BLACK
6
CONTINUOUS
10
5.3332651574803149
20
-4.6285407086614176
11
5.3347806692913382
21
-4.625509724409449
0
LINE
8
BLACK
6
CONTINUOUS
10
5.3347806692913382
20
-4.625509724409449
11
5.3364887007874016
21
-4.6186776771653539
0
LINE
8
BLACK
6
CONTINUOUS
10
5.3364887007874016
20
-4.6186776771653539
11
5.3364887007874016
21
-4.6137804724409444
0
LINE
8
BLACK
6
CONTINUOUS
10
5.3364887007874016
20
-4.6137804724409444
11
5.3347806692913382
21
-4.6069484251968502
0
LINE
8
BLACK
6
CONTINUOUS
10
5.3347806692913382
20
-4.6069484251968502
11
5.3332651968503937
21
-4.6039174409448815
0
LINE
8
BLACK
6
CONTINUOUS
10
5.3332651968503937
20
-4.6039174409448815
11
5.3303473622047246
21
-4.6009996062992125
0
LINE
8
BLACK
6
CONTINUOUS
10
5.3303473622047246
20
-4.6009996062992125
11
5.3258389763779528
21
-4.5994968110236218
0
LINE
8
BLACK
6
CONTINUOUS
10
5.3258389763779528
20
-4.5994968110236218
11
5.3230477165354326
21
-4.5994968110236218
0
LINE
8
BLACK
6
CONTINUOUS
10
5.3230477165354326
20
-4.5994968110236218
11
5.3185393307086617
21
-4.6009996062992125
0
LINE
8
BLACK
6
CONTINUOUS
10
5.3185393307086617
20
-4.6009996062992125
11
5.3171574409448814
21
-4.6023814960629919
0
LINE
8
BLACK
6
CONTINUOUS
10
5.3171574409448814
20
-4.6023814960629919
11
5.3167099999999996
21
-4.6027487007874015
0
LINE
8
BLACK
6
CONTINUOUS
10
5.3167099999999996
20
-4.6027487007874015
11
5.3156455511811025
21
-4.6031896062992121
0
LINE
8
BLACK
6
CONTINUOUS
10
5.3156455511811025
20
-4.6031896062992121
11
5.3144935039370074
21
-4.6031896062992121
0
LINE
8
BLACK
6
CONTINUOUS
10
5.3144935039370074
20
-4.6031896062992121
11
5.3134290551181103
21
-4.6027487007874015
0
LINE
8
BLACK
6
CONTINUOUS
10
5.3134290551181103
20
-4.6027487007874015
11
5.3126144094488188
21
-4.60193405511811
0
LINE
8
BLACK
6
CONTINUOUS
10
5.3126144094488188
20
-4.60193405511811
11
5.3121735039370082
21
-4.6008696062992129
0
LINE
8
BLACK
6
CONTINUOUS
10
5.3121735039370082
20
-4.6008696062992129
11
5.3121735039370082
21
-4.5997175590551178
0
LINE
8
BLACK
6
CONTINUOUS
10
5.3121735039370082
20
-4.5997175590551178
11
5.3126144094488188
21
-4.5986531102362207
0
LINE
8
BLACK
6
CONTINUOUS
10
5.3126144094488188
20
-4.5986531102362207
11
5.3129816141732285
21
-4.5982056692913389
0
LINE
8
BLACK
6
CONTINUOUS
10
5.3129816141732285
20
-4.5982056692913389
11
5.314856377952756
21
-4.5963309055118113
0
LINE
8
BLACK
6
CONTINUOUS
10
5.314856377952756
20
-4.5963309055118113
11
5.3153038188976378
21
-4.5959637007874017
0
LINE
8
BLACK
6
CONTINUOUS
10
5.3153038188976378
20
-4.5959637007874017
11
5.3154017716535433
21
-4.5959231102362201
0
LINE
8
BLACK
6
CONTINUOUS
10
5.3154017716535433
20
-4.5959231102362201
11
5.3154819685039367
21
-4.5958535826771652
0
LINE
8
BLACK
6
CONTINUOUS
10
5.3154819685039367
20
-4.5958535826771652
11
5.316010551181102
21
-4.5956175984251963
0
LINE
8
BLACK
6
CONTINUOUS
10
5.316010551181102
20
-4.5956175984251963
11
5.3216348031496059
21
-4.5937428346456688
0
LINE
8
BLACK
6
CONTINUOUS
10
5.3216348031496059
20
-4.5937428346456688
11
5.3219204330708658
21
-4.5936778740157482
0
LINE
8
BLACK
6
CONTINUOUS
10
5.3219204330708658
20
-4.5936778740157482
11
5.3219925196850388
21
-4.5936480314960626
0
LINE
8
BLACK
6
CONTINUOUS
10
5.3219925196850388
20
-4.5936480314960626
11
5.3220969685039368
21
-4.593637716535433
0
LINE
8
BLACK
6
CONTINUOUS
10
5.3220969685039368
20
-4.593637716535433
11
5.3221992519685042
21
-4.593614488188976
0
LINE
8
BLACK
6
CONTINUOUS
10
5.3221992519685042
20
-4.593614488188976
11
5.3222769685039371
21
-4.5936199999999996
0
LINE
8
BLACK
6
CONTINUOUS
10
5.3222769685039371
20
-4.5936199999999996
11
5.3225685826771656
21
-4.5935912992125987
0
LINE
8
BLACK
6
CONTINUOUS
10
5.3225685826771656
20
-4.5935912992125987
11
5.3263181102362207
21
-4.5935912992125987
0
LINE
8
BLACK
6
CONTINUOUS
10
5.3263181102362207
20
-4.5935912992125987
11
5.3266096456692908
21
-4.5936199999999996
0
LINE
8
BLACK
6
CONTINUOUS
10
5.1336034645669288
20
-4.5918214173228344
11
5.1346338976377952
21
-4.5923366141732282
0
LINE
8
BLACK
6
CONTINUOUS
10
5.1346338976377952
20
-4.5923366141732282
11
5.1353887795275588
21
-4.5932069685039369
0
LINE
8
BLACK
6
CONTINUOUS
10
5.1353887795275588
20
-4.5932069685039369
11
5.1356247637795276
21
-4.5937355511811022
0
LINE
8
BLACK
6
CONTINUOUS
10
5.1356247637795276
20
-4.5937355511811022
11
5.1449985826771654
21
-4.6218569685039368
0
LINE
8
BLACK
6
CONTINUOUS
10
5.1449985826771654
20
-4.6218569685039368
11
5.1450635039370081
21
-4.6221425984251967
0
LINE
8
BLACK
6
CONTINUOUS
10
5.1450635039370081
20
-4.6221425984251967
11
5.1450933858267716
21
-4.6222146850393697
0
LINE
8
BLACK
6
CONTINUOUS
10
5.1450933858267716
20
-4.6222146850393697
11
5.1450933858267716
21
-4.6222738976377951
0
LINE
8
BLACK
6
CONTINUOUS
10
5.1450933858267716
20
-4.6222738976377951
11
5.1451269291338582
21
-4.6224214173228342
0
LINE
8
BLACK
6
CONTINUOUS
10
5.1451269291338582
20
-4.6224214173228342
11
5.1450933858267716
21
-4.6228932677165355
0
LINE
8
BLACK
6
CONTINUOUS
10
5.1450933858267716
20
-4.6228932677165355
11
5.1450933858267716
21
-4.6233668110236223
0
LINE
8
BLACK
6
CONTINUOUS
10
5.1450933858267716
20
-4.6233668110236223
11
5.1450527165354334
21
-4.6234648818897632
0
LINE
8
BLACK
6
CONTINUOUS
10
5.1450527165354334
20
-4.6234648818897632
11
5.1450452362204722
21
-4.62357062992126
0
LINE
8
BLACK
6
CONTINUOUS
10
5.1450452362204722
20
-4.62357062992126
11
5.1448336614173229
21
-4.6239937401574798
0
LINE
8
BLACK
6
CONTINUOUS
10
5.1448336614173229
20
-4.6239937401574798
11
5.1446524803149609
21
-4.6244312204724407
0
LINE
8
BLACK
6
CONTINUOUS
10
5.1446524803149609
20
-4.6244312204724407
11
5.1445774409448815
21
-4.6245062204724405
0
LINE
8
BLACK
6
CONTINUOUS
10
5.1445774409448815
20
-4.6245062204724405
11
5.1445300393700784
21
-4.6246011023622042
0
LINE
8
BLACK
6
CONTINUOUS
10
5.1445300393700784
20
-4.6246011023622042
11
5.1441725590551179
21
-4.6249111023622049
0
LINE
8
BLACK
6
CONTINUOUS
10
5.1441725590551179
20
-4.6249111023622049
11
5.1438378346456695
21
-4.6252458661417322
0
LINE
8
BLACK
6
CONTINUOUS
10
5.1438378346456695
20
-4.6252458661417322
11
5.1437397637795277
21
-4.6252864566929137
0
LINE
8
BLACK
6
CONTINUOUS
10
5.1437397637795277
20
-4.6252864566929137
11
5.1436596456692909
21
-4.6253559842519687
0
LINE
8
BLACK
6
CONTINUOUS
10
5.1436596456692909
20
-4.6253559842519687
11
5.1432107874015749
21
-4.6255055905511808
0
LINE
8
BLACK
6
CONTINUOUS
10
5.1432107874015749
20
-4.6255055905511808
11
5.1427734251968502
21
-4.6256867716535428
0
LINE
8
BLACK
6
CONTINUOUS
10
5.1427734251968502
20
-4.6256867716535428
11
5.1426227559055118
21
-4.6257015748031494
0
LINE
8
BLACK
6
CONTINUOUS
10
5.1426227559055118
20
-4.6257015748031494
11
5.142566653543307
21
-4.6257203149606294
0
LINE
8
BLACK
6
CONTINUOUS
10
5.142566653543307
20
-4.6257203149606294
11
5.1424888976377954
21
-4.6257147637795271
0
LINE
8
BLACK
6
CONTINUOUS
10
5.1424888976377954
20
-4.6257147637795271
11
5.1421973622047243
21
-4.6257435039370076
0
LINE
8
BLACK
6
CONTINUOUS
10
5.1421973622047243
20
-4.6257435039370076
11
5.1264024803149608
21
-4.6257435039370076
0
LINE
8
BLACK
6
CONTINUOUS
10
5.1264024803149608
20
-4.6257435039370076
11
5.1264024803149608
21
-4.6359141338582672
0
LINE
8
BLACK
6
CONTINUOUS
10
5.1264024803149608
20
-4.6359141338582672
11
5.126345748031496
21
-4.636490196850394
0
LINE
8
BLACK
6
CONTINUOUS
10
5.126345748031496
20
-4.636490196850394
11
5.1259048425196845
21
-4.6375546062992123
0
LINE
8
BLACK
6
CONTINUOUS
10
5.1259048425196845
20
-4.6375546062992123
11
5.1250901968503939
21
-4.6383692519685038
0
LINE
8
BLACK
6
CONTINUOUS
10
5.1250901968503939
20
-4.6383692519685038
11
5.1240257874015747
21
-4.6388101574803144
0
LINE
8
BLACK
6
CONTINUOUS
10
5.1240257874015747
20
-4.6388101574803144
11
5.1228736614173229
21
-4.6388101574803144
0
LINE
8
BLACK
6
CONTINUOUS
10
5.1228736614173229
20
-4.6388101574803144
11
5.1218092519685037
21
-4.6383692519685038
0
LINE
8
BLACK
6
CONTINUOUS
10
5.1218092519685037
20
-4.6383692519685038
11
5.1209946062992122
21
-4.6375546062992123
0
LINE
8
BLACK
6
CONTINUOUS
10
5.1209946062992122
20
-4.6375546062992123
11
5.1205537007874016
21
-4.636490196850394
0
LINE
8
BLACK
6
CONTINUOUS
10
5.1205537007874016
20
-4.636490196850394
11
5.1204969685039368
21
-4.6359141338582672
0
LINE
8
BLACK
6
CONTINUOUS
10
5.1204969685039368
20
-4.6359141338582672
11
5.1204969685039368
21
-4.6257435039370076
0
LINE
8
BLACK
6
CONTINUOUS
10
5.1204969685039368
20
-4.6257435039370076
11
5.1178254330708661
21
-4.6257435039370076
0
LINE
8
BLACK
6
CONTINUOUS
10
5.1178254330708661
20
-4.6257435039370076
11
5.1172493700787403
21
-4.6256867716535428
0
LINE
8
BLACK
6
CONTINUOUS
10
5.1172493700787403
20
-4.6256867716535428
11
5.116184960629921
21
-4.6252458661417322
0
LINE
8
BLACK
6
CONTINUOUS
10
5.116184960629921
20
-4.6252458661417322
11
5.1153703149606295
21
-4.6244312204724407
0
LINE
8
BLACK
6
CONTINUOUS
10
5.1153703149606295
20
-4.6244312204724407
11
5.1149294094488189
21
-4.6233668110236223
0
LINE
8
BLACK
6
CONTINUOUS
10
5.1149294094488189
20
-4.6233668110236223
11
5.1149294094488189
21
-4.6222146850393697
0
LINE
8
BLACK
6
CONTINUOUS
10
5.1149294094488189
20
-4.6222146850393697
11
5.1153703149606295
21
-4.6211502755905514
0
LINE
8
BLACK
6
CONTINUOUS
10
5.1153703149606295
20
-4.6211502755905514
11
5.116184960629921
21
-4.6203356299212599
0
LINE
8
BLACK
6
CONTINUOUS
10
5.116184960629921
20
-4.6203356299212599
11
5.1172493700787403
21
-4.6198947244094484
0
LINE
8
BLACK
6
CONTINUOUS
10
5.1172493700787403
20
-4.6198947244094484
11
5.1178254330708661
21
-4.6198379921259844
0
LINE
8
BLACK
6
CONTINUOUS
10
5.1178254330708661
20
-4.6198379921259844
11
5.1204969685039368
21
-4.6198379921259844
0
LINE
8
BLACK
6
CONTINUOUS
10
5.1204969685039368
20
-4.6198379921259844
11
5.1204969685039368
21
-4.6096674015748027
0
LINE
8
BLACK
6
CONTINUOUS
10
5.1204969685039368
20
-4.6096674015748027
11
5.1205537007874016
21
-4.6090913385826768
0
LINE
8
BLACK
6
CONTINUOUS
10
5.1205537007874016
20
-4.6090913385826768
11
5.1209946062992122
21
-4.6080269291338585
0
LINE
8
BLACK
6
CONTINUOUS
10
5.1209946062992122
20
-4.6080269291338585
11
5.1218092519685037
21
-4.607212283464567
0
LINE
8
BLACK
6
CONTINUOUS
10
5.1218092519685037
20
-4.607212283464567
11
5.1228736614173229
21
-4.6067713779527555
0
LINE
8
BLACK
6
CONTINUOUS
10
5.1228736614173229
20
-4.6067713779527555
11
5.1240257874015747
21
-4.6067713779527555
0
LINE
8
BLACK
6
CONTINUOUS
10
5.1240257874015747
20
-4.6067713779527555
11
5.1250901968503939
21
-4.607212283464567
0
LINE
8
BLACK
6
CONTINUOUS
10
5.1250901968503939
20
-4.607212283464567
11
5.1259048425196845
21
-4.6080269291338585
0
LINE
8
BLACK
6
CONTINUOUS
10
5.1259048425196845
20
-4.6080269291338585
11
5.126345748031496
21
-4.6090913385826768
0
LINE
8
BLACK
6
CONTINUOUS
10
5.126345748031496
20
-4.6090913385826768
11
5.1264024803149608
21
-4.6096674015748027
0
LINE
8
BLACK
6
CONTINUOUS
10
5.1264024803149608
20
-4.6096674015748027
11
5.1264024803149608
21
-4.6198379921259844
0
LINE
8
BLACK
6
CONTINUOUS
10
5.1264024803149608
20
-4.6198379921259844
11
5.1381006299212597
21
-4.6198379921259844
0
LINE
8
BLACK
6
CONTINUOUS
10
5.1381006299212597
20
-4.6198379921259844
11
5.1300223228346455
21
-4.5956030314960632
0
LINE
8
BLACK
6
CONTINUOUS
10
5.1300223228346455
20
-4.5956030314960632
11
5.1298939763779527
21
-4.5950385826771649
0
LINE
8
BLACK
6
CONTINUOUS
10
5.1298939763779527
20
-4.5950385826771649
11
5.1299756692913387
21
-4.59388937007874
0
LINE
8
BLACK
6
CONTINUOUS
10
5.1299756692913387
20
-4.59388937007874
11
5.1304908661417326
21
-4.5928589370078736
0
LINE
8
BLACK
6
CONTINUOUS
10
5.1304908661417326
20
-4.5928589370078736
11
5.1313612204724413
21
-4.59210405511811
0
LINE
8
BLACK
6
CONTINUOUS
10
5.1313612204724413
20
-4.59210405511811
11
5.1324542519685039
21
-4.5917397244094484
0
LINE
8
BLACK
6
CONTINUOUS
10
5.1324542519685039
20
-4.5917397244094484
11
5.1336034645669288
21
-4.5918214173228344
0
LINE
8
BLACK
6
CONTINUOUS
10
6.0965065748031497
20
-4.6007396456692913
11
6.09703594488189
21
-4.6012690157480316
0
LINE
8
BLACK
6
CONTINUOUS
10
6.09703594488189
20
-4.6012690157480316
11
6.1104217716535434
21
-4.6197729527559055
0
LINE
8
BLACK
6
CONTINUOUS
10
6.1104217716535434
20
-4.6197729527559055
11
6.1108402362204721
21
-4.6215318110236216
0
LINE
8
BLACK
6
CONTINUOUS
10
6.1108402362204721
20
-4.6215318110236216
11
6.1098924015748031
21
-4.6230713779527557
0
LINE
8
BLACK
6
CONTINUOUS
10
6.1098924015748031
20
-4.6230713779527557
11
6.1085078740157481
21
-4.6235196850393701
0
LINE
8
BLACK
6
CONTINUOUS
10
6.1085078740157481
20
-4.6235196850393701
11
6.0817362204724406
21
-4.6235196850393701
0
LINE
8
BLACK
6
CONTINUOUS
10
6.0817362204724406
20
-4.6235196850393701
11
6.0800659055118107
21
-4.6228277952755903
0
LINE
8
BLACK
6
CONTINUOUS
10
6.0800659055118107
20
-4.6228277952755903
11
6.0793740157480309
21
-4.6211574803149604
0
LINE
8
BLACK
6
CONTINUOUS
10
6.0793740157480309
20
-4.6211574803149604
11
6.0798223228346453
21
-4.6197729527559055
0
LINE
8
BLACK
6
CONTINUOUS
10
6.0798223228346453
20
-4.6197729527559055
11
6.0932081496062986
21
-4.6012690157480316
0
LINE
8
BLACK
6
CONTINUOUS
10
6.0932081496062986
20
-4.6012690157480316
11
6.0947477165354327
21
-4.6003211811023617
0
LINE
8
BLACK
6
CONTINUOUS
10
6.0947477165354327
20
-4.6003211811023617
11
6.0965065748031497
21
-4.6007396456692913
0
LINE
8
BLACK
6
CONTINUOUS
10
6.1225012992125984
20
-4.6017495669291337
11
6.122681102362205
21
-4.6026535433070865
0
LINE
8
BLACK
6
CONTINUOUS
10
6.122681102362205
20
-4.6026535433070865
11
6.122681102362205
21
-4.6081653543307084
0
LINE
8
BLACK
6
CONTINUOUS
10
6.122681102362205
20
-4.6081653543307084
11
6.2998464566929133
21
-4.6081653543307084
0
LINE
8
BLACK
6
CONTINUOUS
10
6.2998464566929133
20
-4.6081653543307084
11
6.2998464566929133
21
-4.6026535433070865
0
LINE
8
BLACK
6
CONTINUOUS
10
6.2998464566929133
20
-4.6026535433070865
11
6.3000262598425198
21
-4.6017495669291337
0
LINE
8
BLACK
6
CONTINUOUS
10
6.3000262598425198
20
-4.6017495669291337
11
6.3013046850393701
21
-4.6004711417322834
0
LINE
8
BLACK
6
CONTINUOUS
10
6.3013046850393701
20
-4.6004711417322834
11
6.3031126377952758
21
-4.6004711417322834
0
LINE
8
BLACK
6
CONTINUOUS
10
6.3031126377952758
20
-4.6004711417322834
11
6.304391062992126
21
-4.6017495669291337
0
LINE
8
BLACK
6
CONTINUOUS
10
6.304391062992126
20
-4.6017495669291337
11
6.3045708661417326
21
-4.6026535433070865
0
LINE
8
BLACK
6
CONTINUOUS
10
6.3045708661417326
20
-4.6026535433070865
11
6.3045708661417326
21
-4.610527559055118
0
LINE
8
BLACK
6
CONTINUOUS
10
6.3045708661417326
20
-4.610527559055118
11
6.304391062992126
21
-4.6114315354330708
0
LINE
8
BLACK
6
CONTINUOUS
10
6.304391062992126
20
-4.6114315354330708
11
6.3031126377952758
21
-4.6127099606299211
0
LINE
8
BLACK
6
CONTINUOUS
10
6.3031126377952758
20
-4.6127099606299211
11
6.3022086614173229
21
-4.6128897637795276
0
LINE
8
BLACK
6
CONTINUOUS
10
6.3022086614173229
20
-4.6128897637795276
11
6.1203188976377954
21
-4.6128897637795276
0
LINE
8
BLACK
6
CONTINUOUS
10
6.1203188976377954
20
-4.6128897637795276
11
6.1194149212598425
21
-4.6127099606299211
0
LINE
8
BLACK
6
CONTINUOUS
10
6.1194149212598425
20
-4.6127099606299211
11
6.1181364960629923
21
-4.6114315354330708
0
LINE
8
BLACK
6
CONTINUOUS
10
6.1181364960629923
20
-4.6114315354330708
11
6.1179566929133857
21
-4.610527559055118
0
LINE
8
BLACK
6
CONTINUOUS
10
6.1179566929133857
20
-4.610527559055118
11
6.1179566929133857
21
-4.6026535433070865
0
LINE
8
BLACK
6
CONTINUOUS
10
6.1179566929133857
20
-4.6026535433070865
11
6.1181364960629923
21
-4.6017495669291337
0
LINE
8
BLACK
6
CONTINUOUS
10
6.1181364960629923
20
-4.6017495669291337
11
6.1194149212598425
21
-4.6004711417322834
0
LINE
8
BLACK
6
CONTINUOUS
10
6.1194149212598425
20
-4.6004711417322834
11
6.1212228740157482
21
-4.6004711417322834
0
LINE
8
BLACK
6
CONTINUOUS
10
6.1212228740157482
20
-4.6004711417322834
11
6.1225012992125984
21
-4.6017495669291337
0
LINE
8
BLACK
6
CONTINUOUS
10
5.7250519291338584
20
-4.5800971259842518
11
5.7263303543307087
21
-4.5813755511811021
0
LINE
8
BLACK
6
CONTINUOUS
10
5.7263303543307087
20
-4.5813755511811021
11
5.7263303543307087
21
-4.5831835039370077
0
LINE
8
BLACK
6
CONTINUOUS
10
5.7263303543307087
20
-4.5831835039370077
11
5.7250519291338584
21
-4.584461929133858
0
LINE
8
BLACK
6
CONTINUOUS
10
5.7250519291338584
20
-4.584461929133858
11
5.7241479527559056
21
-4.5846417322834645
0
LINE
8
BLACK
6
CONTINUOUS
10
5.7241479527559056
20
-4.5846417322834645
11
5.7054662204724407
21
-4.5846417322834645
0
LINE
8
BLACK
6
CONTINUOUS
10
5.7054662204724407
20
-4.5846417322834645
11
5.7045622440944879
21
-4.584461929133858
0
LINE
8
BLACK
6
CONTINUOUS
10
5.7045622440944879
20
-4.584461929133858
11
5.7032838188976376
21
-4.5831835039370077
0
LINE
8
BLACK
6
CONTINUOUS
10
5.7032838188976376
20
-4.5831835039370077
11
5.7032838188976376
21
-4.5813755511811021
0
LINE
8
BLACK
6
CONTINUOUS
10
5.7032838188976376
20
-4.5813755511811021
11
5.7045622440944879
21
-4.5800971259842518
0
LINE
8
BLACK
6
CONTINUOUS
10
5.7045622440944879
20
-4.5800971259842518
11
5.7054662204724407
21
-4.5799173228346453
0
LINE
8
BLACK
6
CONTINUOUS
10
5.7054662204724407
20
-4.5799173228346453
11
5.7241479527559056
21
-4.5799173228346453
0
LINE
8
BLACK
6
CONTINUOUS
10
5.7241479527559056
20
-4.5799173228346453
11
5.7250519291338584
21
-4.5800971259842518
0
LINE
8
BLACK
6
CONTINUOUS
10
5.1570724803149606
20
-4.5796049999999999
11
5.1583509055118109
21
-4.5808834251968502
0
LINE
8
BLACK
6
CONTINUOUS
10
5.1583509055118109
20
-4.5808834251968502
11
5.1583509055118109
21
-4.5826913779527558
0
LINE
8
BLACK
6
CONTINUOUS
10
5.1583509055118109
20
-4.5826913779527558
11
5.1570724803149606
21
-4.5839698031496061
0
LINE
8
BLACK
6
CONTINUOUS
10
5.1570724803149606
20
-4.5839698031496061
11
5.1561685039370078
21
-4.5841496062992126
0
LINE
8
BLACK
6
CONTINUOUS
10
5.1561685039370078
20
-4.5841496062992126
11
5.1450992125984252
21
-4.5841496062992126
0
LINE
8
BLACK
6
CONTINUOUS
10
5.1450992125984252
20
-4.5841496062992126
11
5.1441952362204724
21
-4.5839698031496061
0
LINE
8
BLACK
6
CONTINUOUS
10
5.1441952362204724
20
-4.5839698031496061
11
5.1429168110236221
21
-4.5826913779527558
0
LINE
8
BLACK
6
CONTINUOUS
10
5.1429168110236221
20
-4.5826913779527558
11
5.1429168110236221
21
-4.5808834251968502
0
LINE
8
BLACK
6
CONTINUOUS
10
5.1429168110236221
20
-4.5808834251968502
11
5.1441952362204724
21
-4.5796049999999999
0
LINE
8
BLACK
6
CONTINUOUS
10
5.1441952362204724
20
-4.5796049999999999
11
5.1450992125984252
21
-4.5794251968503934
0
LINE
8
BLACK
6
CONTINUOUS
10
5.1450992125984252
20
-4.5794251968503934
11
5.1561685039370078
21
-4.5794251968503934
0
LINE
8
BLACK
6
CONTINUOUS
10
5.1561685039370078
20
-4.5794251968503934
11
5.1570724803149606
21
-4.5796049999999999
0
LINE
8
BLACK
6
CONTINUOUS
10
5.3149464960629924
20
-4.5796049999999999
11
5.3162249212598427
21
-4.5808834251968502
0
LINE
8
BLACK
6
CONTINUOUS
10
5.3162249212598427
20
-4.5808834251968502
11
5.3162249212598427
21
-4.5826913779527558
0
LINE
8
BLACK
6
CONTINUOUS
10
5.3162249212598427
20
-4.5826913779527558
11
5.3149464960629924
21
-4.5839698031496061
0
LINE
8
BLACK
6
CONTINUOUS
10
5.3149464960629924
20
-4.5839698031496061
11
5.3140425196850396
21
-4.5841496062992126
0
LINE
8
BLACK
6
CONTINUOUS
10
5.3140425196850396
20
-4.5841496062992126
11
5.302973228346457
21
-4.5841496062992126
0
LINE
8
BLACK
6
CONTINUOUS
10
5.302973228346457
20
-4.5841496062992126
11
5.3020692519685042
21
-4.5839698031496061
0
LINE
8
BLACK
6
CONTINUOUS
10
5.3020692519685042
20
-4.5839698031496061
11
5.300790826771653
21
-4.5826913779527558
0
LINE
8
BLACK
6
CONTINUOUS
10
5.300790826771653
20
-4.5826913779527558
11
5.300790826771653
21
-4.5808834251968502
0
LINE
8
BLACK
6
CONTINUOUS
10
5.300790826771653
20
-4.5808834251968502
11
5.3020692519685042
21
-4.5796049999999999
0
LINE
8
BLACK
6
CONTINUOUS
10
5.3020692519685042
20
-4.5796049999999999
11
5.302973228346457
21
-4.5794251968503934
0
LINE
8
BLACK
6
CONTINUOUS
10
5.302973228346457
20
-4.5794251968503934
11
5.3140425196850396
21
-4.5794251968503934
0
LINE
8
BLACK
6
CONTINUOUS
10
5.3140425196850396
20
-4.5794251968503934
11
5.3149464960629924
21
-4.5796049999999999
0
LINE
8
BLACK
6
CONTINUOUS
10
5.1570724803149606
20
-4.539447519685039
11
5.1583509055118109
21
-4.5407259448818893
0
LINE
8
BLACK
6
CONTINUOUS
10
5.1583509055118109
20
-4.5407259448818893
11
5.1583509055118109
21
-4.5425338976377949
0
LINE
8
BLACK
6
CONTINUOUS
10
5.1583509055118109
20
-4.5425338976377949
11
5.1570724803149606
21
-4.5438123228346452
0
LINE
8
BLACK
6
CONTINUOUS
10
5.1570724803149606
20
-4.5438123228346452
11
5.1561685039370078
21
-4.5439921259842517
0
LINE
8
BLACK
6
CONTINUOUS
10
5.1561685039370078
20
-4.5439921259842517
11
5.1450992125984252
21
-4.5439921259842517
0
LINE
8
BLACK
6
CONTINUOUS
10
5.1450992125984252
20
-4.5439921259842517
11
5.1441952362204724
21
-4.5438123228346452
0
LINE
8
BLACK
6
CONTINUOUS
10
5.1441952362204724
20
-4.5438123228346452
11
5.1429168110236221
21
-4.5425338976377949
0
LINE
8
BLACK
6
CONTINUOUS
10
5.1429168110236221
20
-4.5425338976377949
11
5.1429168110236221
21
-4.5407259448818893
0
LINE
8
BLACK
6
CONTINUOUS
10
5.1429168110236221
20
-4.5407259448818893
11
5.1441952362204724
21
-4.539447519685039
0
LINE
8
BLACK
6
CONTINUOUS
10
5.1441952362204724
20
-4.539447519685039
11
5.1450992125984252
21
-4.5392677165354334
0
LINE
8
BLACK
6
CONTINUOUS
10
5.1450992125984252
20
-4.5392677165354334
11
5.1561685039370078
21
-4.5392677165354334
0
LINE
8
BLACK
6
CONTINUOUS
10
5.1561685039370078
20
-4.5392677165354334
11
5.1570724803149606
21
-4.539447519685039
0
LINE
8
BLACK
6
CONTINUOUS
10
5.307857244094488
20
-4.4948291338582678
11
5.308146535433071
21
-4.4948291338582678
0
LINE
8
BLACK
6
CONTINUOUS
10
5.308146535433071
20
-4.4948291338582678
11
5.3084166141732281
21
-4.4949409842519685
0
LINE
8
BLACK
6
CONTINUOUS
10
5.3084166141732281
20
-4.4949409842519685
11
5.3087032677165356
21
-4.4949983464566925
0
LINE
8
BLACK
6
CONTINUOUS
10
5.3087032677165356
20
-4.4949983464566925
11
5.3089436220472441
21
-4.4951592913385827
0
LINE
8
BLACK
6
CONTINUOUS
10
5.3089436220472441
20
-4.4951592913385827
11
5.3092109448818894
21
-4.4952700393700784
0
LINE
8
BLACK
6
CONTINUOUS
10
5.3092109448818894
20
-4.4952700393700784
11
5.3094176377952751
21
-4.4954767322834641
0
LINE
8
BLACK
6
CONTINUOUS
10
5.3094176377952751
20
-4.4954767322834641
11
5.3096605511811026
21
-4.4956394094488186
0
LINE
8
BLACK
6
CONTINUOUS
10
5.3096605511811026
20
-4.4956394094488186
11
5.3100235433070866
21
-4.4960826377952756
0
LINE
8
BLACK
6
CONTINUOUS
10
5.3100235433070866
20
-4.4960826377952756
11
5.3100255905511808
21
-4.4960846850393699
0
LINE
8
BLACK
6
CONTINUOUS
10
5.3100255905511808
20
-4.4960846850393699
11
5.3100259448818896
21
-4.4960855511811024
0
LINE
8
BLACK
6
CONTINUOUS
10
5.3100259448818896
20
-4.4960855511811024
11
5.310027322834646
21
-4.4960872440944879
0
LINE
8
BLACK
6
CONTINUOUS
10
5.310027322834646
20
-4.4960872440944879
11
5.3136146456692916
21
-4.5014682677165352
0
LINE
8
BLACK
6
CONTINUOUS
10
5.3136146456692916
20
-4.5014682677165352
11
5.3168186220472435
21
-4.504672244094488
0
LINE
8
BLACK
6
CONTINUOUS
10
5.3168186220472435
20
-4.504672244094488
11
5.320139566929134
21
-4.5063327165354332
0
LINE
8
BLACK
6
CONTINUOUS
10
5.320139566929134
20
-4.5063327165354332
11
5.3206294488188979
21
-4.5066410629921263
0
LINE
8
BLACK
6
CONTINUOUS
10
5.3206294488188979
20
-4.5066410629921263
11
5.3213842913385827
21
-4.5075114566929129
0
LINE
8
BLACK
6
CONTINUOUS
10
5.3213842913385827
20
-4.5075114566929129
11
5.3217486220472443
21
-4.5086044094488189
0
LINE
8
BLACK
6
CONTINUOUS
10
5.3217486220472443
20
-4.5086044094488189
11
5.3216669685039371
21
-4.5097536220472438
0
LINE
8
BLACK
6
CONTINUOUS
10
5.3216669685039371
20
-4.5097536220472438
11
5.3211516929133857
21
-4.5107841338582677
0
LINE
8
BLACK
6
CONTINUOUS
10
5.3211516929133857
20
-4.5107841338582677
11
5.320281338582677
21
-4.5115389763779525
0
LINE
8
BLACK
6
CONTINUOUS
10
5.320281338582677
20
-4.5115389763779525
11
5.3191883464566931
21
-4.5119033070866141
0
LINE
8
BLACK
6
CONTINUOUS
10
5.3191883464566931
20
-4.5119033070866141
11
5.3180391338582673
21
-4.5118216535433069
0
LINE
8
BLACK
6
CONTINUOUS
10
5.3180391338582673
20
-4.5118216535433069
11
5.3174985433070869
21
-4.5116147637795274
0
LINE
8
BLACK
6
CONTINUOUS
10
5.3174985433070869
20
-4.5116147637795274
11
5.3137490157480309
21
-4.5097399999999999
0
LINE
8
BLACK
6
CONTINUOUS
10
5.3137490157480309
20
-4.5097399999999999
11
5.313501181102362
21
-4.5095839763779528
0
LINE
8
BLACK
6
CONTINUOUS
10
5.313501181102362
20
-4.5095839763779528
11
5.3134290551181103
21
-4.5095541338582672
0
LINE
8
BLACK
6
CONTINUOUS
10
5.3134290551181103
20
-4.5095541338582672
11
5.313347874015748
21
-4.509487519685039
0
LINE
8
BLACK
6
CONTINUOUS
10
5.313347874015748
20
-4.509487519685039
11
5.313259133858268
21
-4.5094316535433068
0
LINE
8
BLACK
6
CONTINUOUS
10
5.313259133858268
20
-4.5094316535433068
11
5.3132079921259843
21
-4.5093727165354327
0
LINE
8
BLACK
6
CONTINUOUS
10
5.3132079921259843
20
-4.5093727165354327
11
5.3129816141732285
21
-4.5091868897637797
0
LINE
8
BLACK
6
CONTINUOUS
10
5.3129816141732285
20
-4.5091868897637797
11
5.3105232283464563
21
-4.5067285039370075
0
LINE
8
BLACK
6
CONTINUOUS
10
5.3105232283464563
20
-4.5067285039370075
11
5.3105232283464563
21
-4.5341424803149604
0
LINE
8
BLACK
6
CONTINUOUS
10
5.3105232283464563
20
-4.5341424803149604
11
5.3188190551181105
21
-4.5341424803149604
0
LINE
8
BLACK
6
CONTINUOUS
10
5.3188190551181105
20
-4.5341424803149604
11
5.3193951181102364
21
-4.5341992125984252
0
LINE
8
BLACK
6
CONTINUOUS
10
5.3193951181102364
20
-4.5341992125984252
11
5.3204595275590547
21
-4.5346401181102358
0
LINE
8
BLACK
6
CONTINUOUS
10
5.3204595275590547
20
-4.5346401181102358
11
5.3212741732283462
21
-4.5354547637795273
0
LINE
8
BLACK
6
CONTINUOUS
10
5.3212741732283462
20
-4.5354547637795273
11
5.3217150787401577
21
-4.5365191732283465
0
LINE
8
BLACK
6
CONTINUOUS
10
5.3217150787401577
20
-4.5365191732283465
11
5.3217150787401577
21
-4.5376712992125983
0
LINE
8
BLACK
6
CONTINUOUS
10
5.3217150787401577
20
-4.5376712992125983
11
5.3212741732283462
21
-4.5387357086614175
0
LINE
8
BLACK
6
CONTINUOUS
10
5.3212741732283462
20
-4.5387357086614175
11
5.3204595275590547
21
-4.539550354330709
0
LINE
8
BLACK
6
CONTINUOUS
10
5.3204595275590547
20
-4.539550354330709
11
5.3193951181102364
21
-4.5399912598425196
0
LINE
8
BLACK
6
CONTINUOUS
10
5.3193951181102364
20
-4.5399912598425196
11
5.3188190551181105
21
-4.5400479921259844
0
LINE
8
BLACK
6
CONTINUOUS
10
5.3188190551181105
20
-4.5400479921259844
11
5.3155469685039369
21
-4.5400479921259844
0
LINE
8
BLACK
6
CONTINUOUS
10
5.3155469685039369
20
-4.5400479921259844
11
5.3162249212598427
21
-4.5407259448818893
0
LINE
8
BLACK
6
CONTINUOUS
10
5.3162249212598427
20
-4.5407259448818893
11
5.3162249212598427
21
-4.5425338976377949
0
LINE
8
BLACK
6
CONTINUOUS
10
5.3162249212598427
20
-4.5425338976377949
11
5.3149464960629924
21
-4.5438123228346452
0
LINE
8
BLACK
6
CONTINUOUS
10
5.3149464960629924
20
-4.5438123228346452
11
5.3140425196850396
21
-4.5439921259842517
0
LINE
8
BLACK
6
CONTINUOUS
10
5.3140425196850396
20
-4.5439921259842517
11
5.302973228346457
21
-4.5439921259842517
0
LINE
8
BLACK
6
CONTINUOUS
10
5.302973228346457
20
-4.5439921259842517
11
5.3020692519685042
21
-4.5438123228346452
0
LINE
8
BLACK
6
CONTINUOUS
10
5.3020692519685042
20
-4.5438123228346452
11
5.300790826771653
21
-4.5425338976377949
0
LINE
8
BLACK
6
CONTINUOUS
10
5.300790826771653
20
-4.5425338976377949
11
5.300790826771653
21
-4.5407259448818893
0
LINE
8
BLACK
6
CONTINUOUS
10
5.300790826771653
20
-4.5407259448818893
11
5.3014687795275588
21
-4.5400479921259844
0
LINE
8
BLACK
6
CONTINUOUS
10
5.3014687795275588
20
-4.5400479921259844
11
5.2963218897637798
21
-4.5400479921259844
0
LINE
8
BLACK
6
CONTINUOUS
10
5.2963218897637798
20
-4.5400479921259844
11
5.2957458267716531
21
-4.5399912598425196
0
LINE
8
BLACK
6
CONTINUOUS
10
5.2957458267716531
20
-4.5399912598425196
11
5.2946814173228347
21
-4.539550354330709
0
LINE
8
BLACK
6
CONTINUOUS
10
5.2946814173228347
20
-4.539550354330709
11
5.2938667716535432
21
-4.5387357086614175
0
LINE
8
BLACK
6
CONTINUOUS
10
5.2938667716535432
20
-4.5387357086614175
11
5.2934258661417326
21
-4.5376712992125983
0
LINE
8
BLACK
6
CONTINUOUS
10
5.2934258661417326
20
-4.5376712992125983
11
5.2934258661417326
21
-4.5365191732283465
0
LINE
8
BLACK
6
CONTINUOUS
10
5.2934258661417326
20
-4.5365191732283465
11
5.2938667716535432
21
-4.5354547637795273
0
LINE
8
BLACK
6
CONTINUOUS
10
5.2938667716535432
20
-4.5354547637795273
11
5.2946814173228347
21
-4.5346401181102358
0
LINE
8
BLACK
6
CONTINUOUS
10
5.2946814173228347
20
-4.5346401181102358
11
5.2957458267716531
21
-4.5341992125984252
0
LINE
8
BLACK
6
CONTINUOUS
10
5.2957458267716531
20
-4.5341992125984252
11
5.2963218897637798
21
-4.5341424803149604
0
LINE
8
BLACK
6
CONTINUOUS
10
5.2963218897637798
20
-4.5341424803149604
11
5.3046177165354331
21
-4.5341424803149604
0
LINE
8
BLACK
6
CONTINUOUS
10
5.3046177165354331
20
-4.5341424803149604
11
5.3046177165354331
21
-4.497725157480315
0
LINE
8
BLACK
6
CONTINUOUS
10
5.3046177165354331
20
-4.497725157480315
11
5.3046179133858269
21
-4.497723070866142
0
LINE
8
BLACK
6
CONTINUOUS
10
5.3046179133858269
20
-4.497723070866142
11
5.3046177165354331
21
-4.4977220472440944
0
LINE
8
BLACK
6
CONTINUOUS
10
5.3046177165354331
20
-4.4977220472440944
11
5.3046183070866144
21
-4.4977190157480313
0
LINE
8
BLACK
6
CONTINUOUS
10
5.3046183070866144
20
-4.4977190157480313
11
5.3046744488188979
21
-4.4971490944881891
0
LINE
8
BLACK
6
CONTINUOUS
10
5.3046744488188979
20
-4.4971490944881891
11
5.3047862992125987
21
-4.4968789763779524
0
LINE
8
BLACK
6
CONTINUOUS
10
5.3047862992125987
20
-4.4968789763779524
11
5.3048436614173227
21
-4.4965923622047246
0
LINE
8
BLACK
6
CONTINUOUS
10
5.3048436614173227
20
-4.4965923622047246
11
5.3050046062992129
21
-4.4963519685039373
0
LINE
8
BLACK
6
CONTINUOUS
10
5.3050046062992129
20
-4.4963519685039373
11
5.3051153543307086
21
-4.4960846850393699
0
LINE
8
BLACK
6
CONTINUOUS
10
5.3051153543307086
20
-4.4960846850393699
11
5.3053220472440943
21
-4.4958779527559054
0
LINE
8
BLACK
6
CONTINUOUS
10
5.3053220472440943
20
-4.4958779527559054
11
5.3054847244094487
21
-4.4956350787401576
0
LINE
8
BLACK
6
CONTINUOUS
10
5.3054847244094487
20
-4.4956350787401576
11
5.3057254330708661
21
-4.4954745669291336
0
LINE
8
BLACK
6
CONTINUOUS
10
5.3057254330708661
20
-4.4954745669291336
11
5.30593
21
-4.4952700393700784
0
LINE
8
BLACK
6
CONTINUOUS
10
5.30593
20
-4.4952700393700784
11
5.3062000787401571
21
-4.4951581496062989
0
LINE
8
BLACK
6
CONTINUOUS
10
5.3062000787401571
20
-4.4951581496062989
11
5.3064433464566925
21
-4.4949959842519682
0
LINE
8
BLACK
6
CONTINUOUS
10
5.3064433464566925
20
-4.4949959842519682
11
5.3067271259842519
21
-4.4949398425196847
0
LINE
8
BLACK
6
CONTINUOUS
10
5.3067271259842519
20
-4.4949398425196847
11
5.3069944094488184
21
-4.4948291338582678
0
LINE
8
BLACK
6
CONTINUOUS
10
5.3069944094488184
20
-4.4948291338582678
11
5.307286811023622
21
-4.4948291338582678
0
LINE
8
BLACK
6
CONTINUOUS
10
5.307286811023622
20
-4.4948291338582678
11
5.3075735826771648
21
-4.494772401574803
0
LINE
8
BLACK
6
CONTINUOUS
10
5.3075735826771648
20
-4.494772401574803
11
5.307857244094488
21
-4.4948291338582678
0
LINE
8
BLACK
6
CONTINUOUS
10
5.7088214173228344
20
-4.4948291338582678
11
5.7098858267716537
21
-4.4952700393700784
0
LINE
8
BLACK
6
CONTINUOUS
10
5.7098858267716537
20
-4.4952700393700784
11
5.7107004724409451
21
-4.4960846850393699
0
LINE
8
BLACK
6
CONTINUOUS
10
5.7107004724409451
20
-4.4960846850393699
11
5.7111413779527558
21
-4.4971490944881891
0
LINE
8
BLACK
6
CONTINUOUS
10
5.7111413779527558
20
-4.4971490944881891
11
5.7111413779527558
21
-4.4983012204724409
0
LINE
8
BLACK
6
CONTINUOUS
10
5.7111413779527558
20
-4.4983012204724409
11
5.7107004724409451
21
-4.4993656299212601
0
LINE
8
BLACK
6
CONTINUOUS
10
5.7107004724409451
20
-4.4993656299212601
11
5.7098858267716537
21
-4.5001802755905507
0
LINE
8
BLACK
6
CONTINUOUS
10
5.7098858267716537
20
-4.5001802755905507
11
5.7088214173228344
21
-4.5006211811023622
0
LINE
8
BLACK
6
CONTINUOUS
10
5.7088214173228344
20
-4.5006211811023622
11
5.7082453543307086
21
-4.500677913385827
0
LINE
8
BLACK
6
CONTINUOUS
10
5.7082453543307086
20
-4.500677913385827
11
5.6903805905511806
21
-4.500677913385827
0
LINE
8
BLACK
6
CONTINUOUS
10
5.6903805905511806
20
-4.500677913385827
11
5.6992189370078741
21
-4.5107788582677166
0
LINE
8
BLACK
6
CONTINUOUS
10
5.6992189370078741
20
-4.5107788582677166
11
5.699396929133858
21
-4.5110278346456694
0
LINE
8
BLACK
6
CONTINUOUS
10
5.699396929133858
20
-4.5110278346456694
11
5.6994518897637798
21
-4.5110827952755903
0
LINE
8
BLACK
6
CONTINUOUS
10
5.6994518897637798
20
-4.5110827952755903
11
5.6994734645669292
21
-4.5111348818897641
0
LINE
8
BLACK
6
CONTINUOUS
10
5.6994734645669292
20
-4.5111348818897641
11
5.6995555905511806
21
-4.511249763779527
0
LINE
8
BLACK
6
CONTINUOUS
10
5.6995555905511806
20
-4.511249763779527
11
5.6997091732283467
21
-4.5117039763779525
0
LINE
8
BLACK
6
CONTINUOUS
10
5.6997091732283467
20
-4.5117039763779525
11
5.6998927952755905
21
-4.5121472047244096
0
LINE
8
BLACK
6
CONTINUOUS
10
5.6998927952755905
20
-4.5121472047244096
11
5.6998927952755905
21
-4.5122468110236218
0
LINE
8
BLACK
6
CONTINUOUS
10
5.6998927952755905
20
-4.5122468110236218
11
5.6999246850393703
21
-4.512341141732283
0
LINE
8
BLACK
6
CONTINUOUS
10
5.6999246850393703
20
-4.512341141732283
11
5.6998927952755905
21
-4.5128196062992121
0
LINE
8
BLACK
6
CONTINUOUS
10
5.6998927952755905
20
-4.5128196062992121
11
5.6998927952755905
21
-4.5132993307086613
0
LINE
8
BLACK
6
CONTINUOUS
10
5.6998927952755905
20
-4.5132993307086613
11
5.6998546850393703
21
-4.5133912992125982
0
LINE
8
BLACK
6
CONTINUOUS
10
5.6998546850393703
20
-4.5133912992125982
11
5.6998480708661416
21
-4.5134906692913388
0
LINE
8
BLACK
6
CONTINUOUS
10
5.6998480708661416
20
-4.5134906692913388
11
5.6996353543307086
21
-4.5139207874015748
0
LINE
8
BLACK
6
CONTINUOUS
10
5.6996353543307086
20
-4.5139207874015748
11
5.6994518897637798
21
-4.5143637401574805
0
LINE
8
BLACK
6
CONTINUOUS
10
5.6994518897637798
20
-4.5143637401574805
11
5.699381535433071
21
-4.5144340551181097
0
LINE
8
BLACK
6
CONTINUOUS
10
5.699381535433071
20
-4.5144340551181097
11
5.6993373622047239
21
-4.5145234251968507
0
LINE
8
BLACK
6
CONTINUOUS
10
5.6993373622047239
20
-4.5145234251968507
11
5.6989762204724412
21
-4.5148393700787404
0
LINE
8
BLACK
6
CONTINUOUS
10
5.6989762204724412
20
-4.5148393700787404
11
5.6986372440944884
21
-4.5151783858267711
0
LINE
8
BLACK
6
CONTINUOUS
10
5.6986372440944884
20
-4.5151783858267711
11
5.6985452362204727
21
-4.5152164960629921
0
LINE
8
BLACK
6
CONTINUOUS
10
5.6985452362204727
20
-4.5152164960629921
11
5.6984702755905507
21
-4.5152820866141727
0
LINE
8
BLACK
6
CONTINUOUS
10
5.6984702755905507
20
-4.5152820866141727
11
5.6980160236220474
21
-4.5154356692913389
0
LINE
8
BLACK
6
CONTINUOUS
10
5.6980160236220474
20
-4.5154356692913389
11
5.6975728346456691
21
-4.5156192913385826
0
LINE
8
BLACK
6
CONTINUOUS
10
5.6975728346456691
20
-4.5156192913385826
11
5.6974322440944878
21
-4.5156331102362204
0
LINE
8
BLACK
6
CONTINUOUS
10
5.6974322440944878
20
-4.5156331102362204
11
5.6973788976377948
21
-4.5156511811023625
0
LINE
8
BLACK
6
CONTINUOUS
10
5.6973788976377948
20
-4.5156511811023625
11
5.6973014173228345
21
-4.5156459842519681
0
LINE
8
BLACK
6
CONTINUOUS
10
5.6973014173228345
20
-4.5156459842519681
11
5.6969967716535432
21
-4.5156760236220475
0
LINE
8
BLACK
6
CONTINUOUS
10
5.6969967716535432
20
-4.5156760236220475
11
5.6920695275590552
21
-4.5156760236220475
0
LINE
8
BLACK
6
CONTINUOUS
10
5.6920695275590552
20
-4.5156760236220475
11
5.6893720472440945
21
-4.5170247637795278
0
LINE
8
BLACK
6
CONTINUOUS
10
5.6893720472440945
20
-4.5170247637795278
11
5.6881749212598427
21
-4.5182218897637796
0
LINE
8
BLACK
6
CONTINUOUS
10
5.6881749212598427
20
-4.5182218897637796
11
5.6868261811023624
21
-4.5209193700787402
0
LINE
8
BLACK
6
CONTINUOUS
10
5.6868261811023624
20
-4.5209193700787402
11
5.6868261811023624
21
-4.5288990944881888
0
LINE
8
BLACK
6
CONTINUOUS
10
5.6868261811023624
20
-4.5288990944881888
11
5.6881749212598427
21
-4.5315965748031495
0
LINE
8
BLACK
6
CONTINUOUS
10
5.6881749212598427
20
-4.5315965748031495
11
5.6893720472440945
21
-4.53279374015748
0
LINE
8
BLACK
6
CONTINUOUS
10
5.6893720472440945
20
-4.53279374015748
11
5.6920695275590552
21
-4.5341424803149604
0
LINE
8
BLACK
6
CONTINUOUS
10
5.6920695275590552
20
-4.5341424803149604
11
5.7019240157480313
21
-4.5341424803149604
0
LINE
8
BLACK
6
CONTINUOUS
10
5.7019240157480313
20
-4.5341424803149604
11
5.7046214566929132
21
-4.53279374015748
0
LINE
8
BLACK
6
CONTINUOUS
10
5.7046214566929132
20
-4.53279374015748
11
5.7061574015748029
21
-4.5312577952755904
0
LINE
8
BLACK
6
CONTINUOUS
10
5.7061574015748029
20
-4.5312577952755904
11
5.7066048818897634
21
-4.530890551181102
0
LINE
8
BLACK
6
CONTINUOUS
10
5.7066048818897634
20
-4.530890551181102
11
5.7076692913385827
21
-4.5304496456692913
0
LINE
8
BLACK
6
CONTINUOUS
10
5.7076692913385827
20
-4.5304496456692913
11
5.7088213779527557
21
-4.5304496456692913
0
LINE
8
BLACK
6
CONTINUOUS
10
5.7088213779527557
20
-4.5304496456692913
11
5.7098857874015749
21
-4.5308905118110232
0
LINE
8
BLACK
6
CONTINUOUS
10
5.7098857874015749
20
-4.5308905118110232
11
5.7107004724409451
21
-4.5317051968503934
0
LINE
8
BLACK
6
CONTINUOUS
10
5.7107004724409451
20
-4.5317051968503934
11
5.7111413779527558
21
-4.5327696062992127
0
LINE
8
BLACK
6
CONTINUOUS
10
5.7111413779527558
20
-4.5327696062992127
11
5.7111413779527558
21
-4.5339216929133856
0
LINE
8
BLACK
6
CONTINUOUS
10
5.7111413779527558
20
-4.5339216929133856
11
5.7107005118110239
21
-4.5349861023622049
0
LINE
8
BLACK
6
CONTINUOUS
10
5.7107005118110239
20
-4.5349861023622049
11
5.7103332677165355
21
-4.5354335826771655
0
LINE
8
BLACK
6
CONTINUOUS
10
5.7103332677165355
20
-4.5354335826771655
11
5.7084585433070867
21
-4.537308346456693
0
LINE
8
BLACK
6
CONTINUOUS
10
5.7084585433070867
20
-4.537308346456693
11
5.7082321653543309
21
-4.5374940944881885
0
LINE
8
BLACK
6
CONTINUOUS
10
5.7082321653543309
20
-4.5374940944881885
11
5.7081809842519684
21
-4.5375531496062989
0
LINE
8
BLACK
6
CONTINUOUS
10
5.7081809842519684
20
-4.5375531496062989
11
5.7080920078740158
21
-4.5376091338582674
0
LINE
8
BLACK
6
CONTINUOUS
10
5.7080920078740158
20
-4.5376091338582674
11
5.7080110629921261
21
-4.5376755905511814
0
LINE
8
BLACK
6
CONTINUOUS
10
5.7080110629921261
20
-4.5376755905511814
11
5.7079390944881885
21
-4.5377053937007874
0
LINE
8
BLACK
6
CONTINUOUS
10
5.7079390944881885
20
-4.5377053937007874
11
5.7076911023622046
21
-4.5378614960629919
0
LINE
8
BLACK
6
CONTINUOUS
10
5.7076911023622046
20
-4.5378614960629919
11
5.7058629133858263
21
-4.5387755905511806
0
LINE
8
BLACK
6
CONTINUOUS
10
5.7058629133858263
20
-4.5387755905511806
11
5.7190055118110239
21
-4.5387755905511806
0
LINE
8
BLACK
6
CONTINUOUS
10
5.7190055118110239
20
-4.5387755905511806
11
5.718616889763779
21
-4.5381657874015744
0
LINE
8
BLACK
6
CONTINUOUS
10
5.718616889763779
20
-4.5381657874015744
11
5.7184166929133857
21
-4.5370312598425198
0
LINE
8
BLACK
6
CONTINUOUS
10
5.7184166929133857
20
-4.5370312598425198
11
5.7186658661417322
21
-4.5359064173228347
0
LINE
8
BLACK
6
CONTINUOUS
10
5.7186658661417322
20
-4.5359064173228347
11
5.718949763779527
21
-4.5354019291338581
0
LINE
8
BLACK
6
CONTINUOUS
10
5.718949763779527
20
-4.5354019291338581
11
5.7288238976377954
21
-4.5212959842519682
0
LINE
8
BLACK
6
CONTINUOUS
10
5.7288238976377954
20
-4.5212959842519682
11
5.7282917322834646
21
-4.5212435826771653
0
LINE
8
BLACK
6
CONTINUOUS
10
5.7282917322834646
20
-4.5212435826771653
11
5.7281937401574803
21
-4.5212029921259838
0
LINE
8
BLACK
6
CONTINUOUS
10
5.7281937401574803
20
-4.5212029921259838
11
5.7280878740157481
21
-4.5211954724409447
0
LINE
8
BLACK
6
CONTINUOUS
10
5.7280878740157481
20
-4.5211954724409447
11
5.7275472834645669
21
-4.5209885826771652
0
LINE
8
BLACK
6
CONTINUOUS
10
5.7275472834645669
20
-4.5209885826771652
11
5.7237977559055118
21
-4.5191138188976376
0
LINE
8
BLACK
6
CONTINUOUS
10
5.7237977559055118
20
-4.5191138188976376
11
5.7235497244094491
21
-4.5189577165354331
0
LINE
8
BLACK
6
CONTINUOUS
10
5.7235497244094491
20
-4.5189577165354331
11
5.7234777952755902
21
-4.5189279133858271
0
LINE
8
BLACK
6
CONTINUOUS
10
5.7234777952755902
20
-4.5189279133858271
11
5.7233968110236217
21
-4.5188614173228343
0
LINE
8
BLACK
6
CONTINUOUS
10
5.7233968110236217
20
-4.5188614173228343
11
5.7233078740157479
21
-4.5188054724409445
0
LINE
8
BLACK
6
CONTINUOUS
10
5.7233078740157479
20
-4.5188054724409445
11
5.7232566929133855
21
-4.518746456692913
0
LINE
8
BLACK
6
CONTINUOUS
10
5.7232566929133855
20
-4.518746456692913
11
5.7230303543307084
21
-4.5185607086614175
0
LINE
8
BLACK
6
CONTINUOUS
10
5.7230303543307084
20
-4.5185607086614175
11
5.7211555905511808
21
-4.5166859448818899
0
LINE
8
BLACK
6
CONTINUOUS
10
5.7211555905511808
20
-4.5166859448818899
11
5.7209698031496066
21
-4.5164595669291341
0
LINE
8
BLACK
6
CONTINUOUS
10
5.7209698031496066
20
-4.5164595669291341
11
5.7209108267716537
21
-4.5164084251968504
0
LINE
8
BLACK
6
CONTINUOUS
10
5.7209108267716537
20
-4.5164084251968504
11
5.7208548425196852
21
-4.5163194488188978
0
LINE
8
BLACK
6
CONTINUOUS
10
5.7208548425196852
20
-4.5163194488188978
11
5.7207883858267712
21
-4.5162385039370081
0
LINE
8
BLACK
6
CONTINUOUS
10
5.7207883858267712
20
-4.5162385039370081
11
5.7207585433070864
21
-4.5161665354330705
0
LINE
8
BLACK
6
CONTINUOUS
10
5.7207585433070864
20
-4.5161665354330705
11
5.7206024803149607
21
-4.5159185433070865
0
LINE
8
BLACK
6
CONTINUOUS
10
5.7206024803149607
20
-4.5159185433070865
11
5.7187277165354331
21
-4.5121690157480314
0
LINE
8
BLACK
6
CONTINUOUS
10
5.7187277165354331
20
-4.5121690157480314
11
5.7185208267716536
21
-4.5116283858267714
0
LINE
8
BLACK
6
CONTINUOUS
10
5.7185208267716536
20
-4.5116283858267714
11
5.7185133070866137
21
-4.511522559055118
0
LINE
8
BLACK
6
CONTINUOUS
10
5.7185133070866137
20
-4.511522559055118
11
5.718472716535433
21
-4.5114245669291337
0
LINE
8
BLACK
6
CONTINUOUS
10
5.718472716535433
20
-4.5114245669291337
11
5.7184159842519682
21
-4.5108485039370079
0
LINE
8
BLACK
6
CONTINUOUS
10
5.7184159842519682
20
-4.5108485039370079
11
5.7184159842519682
21
-4.5052242125984252
0
LINE
8
BLACK
6
CONTINUOUS
10
5.7184159842519682
20
-4.5052242125984252
11
5.718472716535433
21
-4.5046481496062993
0
LINE
8
BLACK
6
CONTINUOUS
10
5.718472716535433
20
-4.5046481496062993
11
5.7185133070866137
21
-4.5045501181102363
0
LINE
8
BLACK
6
CONTINUOUS
10
5.7185133070866137
20
-4.5045501181102363
11
5.7185208267716536
21
-4.5044443307086617
0
LINE
8
BLACK
6
CONTINUOUS
10
5.7185208267716536
20
-4.5044443307086617
11
5.7187277165354331
21
-4.5039037007874017
0
LINE
8
BLACK
6
CONTINUOUS
10
5.7187277165354331
20
-4.5039037007874017
11
5.7206024803149607
21
-4.5001541732283465
0
LINE
8
BLACK
6
CONTINUOUS
10
5.7206024803149607
20
-4.5001541732283465
11
5.7207585433070864
21
-4.499906141732283
0
LINE
8
BLACK
6
CONTINUOUS
10
5.7207585433070864
20
-4.499906141732283
11
5.7207883858267712
21
-4.499834212598425
0
LINE
8
BLACK
6
CONTINUOUS
10
5.7207883858267712
20
-4.499834212598425
11
5.7208548425196852
21
-4.4997532283464565
0
LINE
8
BLACK
6
CONTINUOUS
10
5.7208548425196852
20
-4.4997532283464565
11
5.7209108267716537
21
-4.4996642913385827
0
LINE
8
BLACK
6
CONTINUOUS
10
5.7209108267716537
20
-4.4996642913385827
11
5.7209698031496066
21
-4.4996131102362202
0
LINE
8
BLACK
6
CONTINUOUS
10
5.7209698031496066
20
-4.4996131102362202
11
5.7211555905511808
21
-4.4993867716535432
0
LINE
8
BLACK
6
CONTINUOUS
10
5.7211555905511808
20
-4.4993867716535432
11
5.7230303543307084
21
-4.4975120078740156
0
LINE
8
BLACK
6
CONTINUOUS
10
5.7230303543307084
20
-4.4975120078740156
11
5.7232566929133855
21
-4.4973262204724405
0
LINE
8
BLACK
6
CONTINUOUS
10
5.7232566929133855
20
-4.4973262204724405
11
5.7233078740157479
21
-4.4972672440944885
0
LINE
8
BLACK
6
CONTINUOUS
10
5.7233078740157479
20
-4.4972672440944885
11
5.7233968110236217
21
-4.49721125984252
0
LINE
8
BLACK
6
CONTINUOUS
10
5.7233968110236217
20
-4.49721125984252
11
5.7234777952755902
21
-4.497144803149606
0
LINE
8
BLACK
6
CONTINUOUS
10
5.7234777952755902
20
-4.497144803149606
11
5.7235497244094491
21
-4.4971149606299212
0
LINE
8
BLACK
6
CONTINUOUS
10
5.7235497244094491
20
-4.4971149606299212
11
5.7237977559055118
21
-4.4969588976377954
0
LINE
8
BLACK
6
CONTINUOUS
10
5.7237977559055118
20
-4.4969588976377954
11
5.7275472834645669
21
-4.4950841338582679
0
LINE
8
BLACK
6
CONTINUOUS
10
5.7275472834645669
20
-4.4950841338582679
11
5.7280878740157481
21
-4.4948772440944884
0
LINE
8
BLACK
6
CONTINUOUS
10
5.7280878740157481
20
-4.4948772440944884
11
5.7281937401574803
21
-4.4948696850393697
0
LINE
8
BLACK
6
CONTINUOUS
10
5.7281937401574803
20
-4.4948696850393697
11
5.7282917322834646
21
-4.4948291338582678
0
LINE
8
BLACK
6
CONTINUOUS
10
5.7282917322834646
20
-4.4948291338582678
11
5.7288677952755904
21
-4.494772401574803
0
LINE
8
BLACK
6
CONTINUOUS
10
5.7288677952755904
20
-4.494772401574803
11
5.7438659055118109
21
-4.494772401574803
0
LINE
8
BLACK
6
CONTINUOUS
10
5.7438659055118109
20
-4.494772401574803
11
5.7444419685039367
21
-4.4948291338582678
0
LINE
8
BLACK
6
CONTINUOUS
10
5.7444419685039367
20
-4.4948291338582678
11
5.745506377952756
21
-4.4952700393700784
0
LINE
8
BLACK
6
CONTINUOUS
10
5.745506377952756
20
-4.4952700393700784
11
5.7463210236220474
21
-4.4960846850393699
0
LINE
8
BLACK
6
CONTINUOUS
10
5.7463210236220474
20
-4.4960846850393699
11
5.7467619291338581
21
-4.4971490944881891
0
LINE
8
BLACK
6
CONTINUOUS
10
5.7467619291338581
20
-4.4971490944881891
11
5.7468186614173229
21
-4.497725157480315
0
LINE
8
BLACK
6
CONTINUOUS
10
5.7468186614173229
20
-4.497725157480315
11
5.7468186614173229
21
-4.5370952362204724
0
LINE
8
BLACK
6
CONTINUOUS
10
5.7468186614173229
20
-4.5370952362204724
11
5.7467619291338581
21
-4.5376712992125983
0
LINE
8
BLACK
6
CONTINUOUS
10
5.7467619291338581
20
-4.5376712992125983
11
5.7463210236220474
21
-4.5387357086614175
0
LINE
8
BLACK
6
CONTINUOUS
10
5.7463210236220474
20
-4.5387357086614175
11
5.745506377952756
21
-4.539550354330709
0
LINE
8
BLACK
6
CONTINUOUS
10
5.745506377952756
20
-4.539550354330709
11
5.7444419685039367
21
-4.5399912598425196
0
LINE
8
BLACK
6
CONTINUOUS
10
5.7444419685039367
20
-4.5399912598425196
11
5.743289842519685
21
-4.5399912598425196
0
LINE
8
BLACK
6
CONTINUOUS
10
5.743289842519685
20
-4.5399912598425196
11
5.7422254330708657
21
-4.539550354330709
0
LINE
8
BLACK
6
CONTINUOUS
10
5.7422254330708657
20
-4.539550354330709
11
5.7414107874015743
21
-4.5387357086614175
0
LINE
8
BLACK
6
CONTINUOUS
10
5.7414107874015743
20
-4.5387357086614175
11
5.7409698818897636
21
-4.5376712992125983
0
LINE
8
BLACK
6
CONTINUOUS
10
5.7409698818897636
20
-4.5376712992125983
11
5.7409131496062988
21
-4.5370952362204724
0
LINE
8
BLACK
6
CONTINUOUS
10
5.7409131496062988
20
-4.5370952362204724
11
5.7409131496062988
21
-4.5213003149606301
0
LINE
8
BLACK
6
CONTINUOUS
10
5.7409131496062988
20
-4.5213003149606301
11
5.7360294488188979
21
-4.5213003149606301
0
LINE
8
BLACK
6
CONTINUOUS
10
5.7360294488188979
20
-4.5213003149606301
11
5.7237967716535429
21
-4.5387755905511806
0
LINE
8
BLACK
6
CONTINUOUS
10
5.7237967716535429
20
-4.5387755905511806
11
5.7241479527559056
21
-4.5387755905511806
0
LINE
8
BLACK
6
CONTINUOUS
10
5.7241479527559056
20
-4.5387755905511806
11
5.7250519291338584
21
-4.5389553937007872
0
LINE
8
BLACK
6
CONTINUOUS
10
5.7250519291338584
20
-4.5389553937007872
11
5.7263303543307087
21
-4.5402338188976374
0
LINE
8
BLACK
6
CONTINUOUS
10
5.7263303543307087
20
-4.5402338188976374
11
5.7263303543307087
21
-4.5420417716535431
0
LINE
8
BLACK
6
CONTINUOUS
10
5.7263303543307087
20
-4.5420417716535431
11
5.7250519291338584
21
-4.5433201968503933
0
LINE
8
BLACK
6
CONTINUOUS
10
5.7250519291338584
20
-4.5433201968503933
11
5.7241479527559056
21
-4.5434999999999999
0
LINE
8
BLACK
6
CONTINUOUS
10
5.7241479527559056
20
-4.5434999999999999
11
5.7054662204724407
21
-4.5434999999999999
0
LINE
8
BLACK
6
CONTINUOUS
10
5.7054662204724407
20
-4.5434999999999999
11
5.7045622440944879
21
-4.5433201968503933
0
LINE
8
BLACK
6
CONTINUOUS
10
5.7045622440944879
20
-4.5433201968503933
11
5.7032838188976376
21
-4.5420417716535431
0
LINE
8
BLACK
6
CONTINUOUS
10
5.7032838188976376
20
-4.5420417716535431
11
5.7032838188976376
21
-4.5402338188976374
0
LINE
8
BLACK
6
CONTINUOUS
10
5.7032838188976376
20
-4.5402338188976374
11
5.7036820472440946
21
-4.5398355511811026
0
LINE
8
BLACK
6
CONTINUOUS
10
5.7036820472440946
20
-4.5398355511811026
11
5.7034009448818894
21
-4.539943149606299
0
LINE
8
BLACK
6
CONTINUOUS
10
5.7034009448818894
20
-4.539943149606299
11
5.703295118110236
21
-4.5399506299212593
0
LINE
8
BLACK
6
CONTINUOUS
10
5.703295118110236
20
-4.5399506299212593
11
5.7031971259842518
21
-4.5399912598425196
0
LINE
8
BLACK
6
CONTINUOUS
10
5.7031971259842518
20
-4.5399912598425196
11
5.7026210629921259
21
-4.5400479921259844
0
LINE
8
BLACK
6
CONTINUOUS
10
5.7026210629921259
20
-4.5400479921259844
11
5.6913724803149606
21
-4.5400479921259844
0
LINE
8
BLACK
6
CONTINUOUS
10
5.6913724803149606
20
-4.5400479921259844
11
5.6907964173228347
21
-4.5399912598425196
0
LINE
8
BLACK
6
CONTINUOUS
10
5.6907964173228347
20
-4.5399912598425196
11
5.6906984251968504
21
-4.5399506692913381
0
LINE
8
BLACK
6
CONTINUOUS
10
5.6906984251968504
20
-4.5399506692913381
11
5.6905925590551183
21
-4.539943149606299
0
LINE
8
BLACK
6
CONTINUOUS
10
5.6905925590551183
20
-4.539943149606299
11
5.690051968503937
21
-4.5397362598425195
0
LINE
8
BLACK
6
CONTINUOUS
10
5.690051968503937
20
-4.5397362598425195
11
5.6863024409448819
21
-4.5378614960629919
0
LINE
8
BLACK
6
CONTINUOUS
10
5.6863024409448819
20
-4.5378614960629919
11
5.6860544094488183
21
-4.5377053937007874
0
LINE
8
BLACK
6
CONTINUOUS
10
5.6860544094488183
20
-4.5377053937007874
11
5.6859824803149603
21
-4.5376755905511814
0
LINE
8
BLACK
6
CONTINUOUS
10
5.6859824803149603
20
-4.5376755905511814
11
5.6859014960629919
21
-4.5376091338582674
0
LINE
8
BLACK
6
CONTINUOUS
10
5.6859014960629919
20
-4.5376091338582674
11
5.6858125590551181
21
-4.5375531496062989
0
LINE
8
BLACK
6
CONTINUOUS
10
5.6858125590551181
20
-4.5375531496062989
11
5.6857613385826768
21
-4.5374940944881885
0
LINE
8
BLACK
6
CONTINUOUS
10
5.6857613385826768
20
-4.5374940944881885
11
5.6855349999999998
21
-4.537308346456693
0
LINE
8
BLACK
6
CONTINUOUS
10
5.6855349999999998
20
-4.537308346456693
11
5.6836602362204722
21
-4.5354335433070867
0
LINE
8
BLACK
6
CONTINUOUS
10
5.6836602362204722
20
-4.5354335433070867
11
5.6834744881889758
21
-4.5352072047244096
0
LINE
8
BLACK
6
CONTINUOUS
10
5.6834744881889758
20
-4.5352072047244096
11
5.6834155118110239
21
-4.5351560629921259
0
LINE
8
BLACK
6
CONTINUOUS
10
5.6834155118110239
20
-4.5351560629921259
11
5.6833595275590554
21
-4.5350671259842521
0
LINE
8
BLACK
6
CONTINUOUS
10
5.6833595275590554
20
-4.5350671259842521
11
5.6832930314960626
21
-4.5349861023622049
0
LINE
8
BLACK
6
CONTINUOUS
10
5.6832930314960626
20
-4.5349861023622049
11
5.6832631889763778
21
-4.5349140551181097
0
LINE
8
BLACK
6
CONTINUOUS
10
5.6832631889763778
20
-4.5349140551181097
11
5.6831071653543308
21
-4.5346661811023621
0
LINE
8
BLACK
6
CONTINUOUS
10
5.6831071653543308
20
-4.5346661811023621
11
5.6812324015748032
21
-4.530916653543307
0
LINE
8
BLACK
6
CONTINUOUS
10
5.6812324015748032
20
-4.530916653543307
11
5.6810255118110238
21
-4.5303760236220469
0
LINE
8
BLACK
6
CONTINUOUS
10
5.6810255118110238
20
-4.5303760236220469
11
5.6810179921259838
21
-4.5302701968503936
0
LINE
8
BLACK
6
CONTINUOUS
10
5.6810179921259838
20
-4.5302701968503936
11
5.6809774015748031
21
-4.5301722047244093
0
LINE
8
BLACK
6
CONTINUOUS
10
5.6809774015748031
20
-4.5301722047244093
11
5.6809206692913383
21
-4.5295961417322834
0
LINE
8
BLACK
6
CONTINUOUS
10
5.6809206692913383
20
-4.5295961417322834
11
5.6809206692913383
21
-4.5202223228346456
0
LINE
8
BLACK
6
CONTINUOUS
10
5.6809206692913383
20
-4.5202223228346456
11
5.6809774015748031
21
-4.5196462598425198
0
LINE
8
BLACK
6
CONTINUOUS
10
5.6809774015748031
20
-4.5196462598425198
11
5.6810179921259838
21
-4.5195482283464568
0
LINE
8
BLACK
6
CONTINUOUS
10
5.6810179921259838
20
-4.5195482283464568
11
5.6810255118110238
21
-4.5194424409448821
0
LINE
8
BLACK
6
CONTINUOUS
10
5.6810255118110238
20
-4.5194424409448821
11
5.6812324015748032
21
-4.5189018110236221
0
LINE
8
BLACK
6
CONTINUOUS
10
5.6812324015748032
20
-4.5189018110236221
11
5.6831071653543308
21
-4.515152283464567
0
LINE
8
BLACK
6
CONTINUOUS
10
5.6831071653543308
20
-4.515152283464567
11
5.6832632283464566
21
-4.5149042519685034
0
LINE
8
BLACK
6
CONTINUOUS
10
5.6832632283464566
20
-4.5149042519685034
11
5.6832930708661413
21
-4.5148323228346454
0
LINE
8
BLACK
6
CONTINUOUS
10
5.6832930708661413
20
-4.5148323228346454
11
5.6833595275590554
21
-4.514751338582677
0
LINE
8
BLACK
6
CONTINUOUS
10
5.6833595275590554
20
-4.514751338582677
11
5.6834155118110239
21
-4.5146624015748031
0
LINE
8
BLACK
6
CONTINUOUS
10
5.6834155118110239
20
-4.5146624015748031
11
5.6834744881889758
21
-4.5146112204724407
0
LINE
8
BLACK
6
CONTINUOUS
10
5.6834744881889758
20
-4.5146112204724407
11
5.683660275590551
21
-4.5143848818897636
0
LINE
8
BLACK
6
CONTINUOUS
10
5.683660275590551
20
-4.5143848818897636
11
5.6855350393700785
21
-4.5125101181102361
0
LINE
8
BLACK
6
CONTINUOUS
10
5.6855350393700785
20
-4.5125101181102361
11
5.6857613779527556
21
-4.5123243307086609
0
LINE
8
BLACK
6
CONTINUOUS
10
5.6857613779527556
20
-4.5123243307086609
11
5.6858125590551181
21
-4.512265354330709
0
LINE
8
BLACK
6
CONTINUOUS
10
5.6858125590551181
20
-4.512265354330709
11
5.6859014960629919
21
-4.5122093700787405
0
LINE
8
BLACK
6
CONTINUOUS
10
5.6859014960629919
20
-4.5122093700787405
11
5.6859824803149603
21
-4.5121429133858264
0
LINE
8
BLACK
6
CONTINUOUS
10
5.6859824803149603
20
-4.5121429133858264
11
5.6860544094488183
21
-4.5121130708661417
0
LINE
8
BLACK
6
CONTINUOUS
10
5.6860544094488183
20
-4.5121130708661417
11
5.6863024409448819
21
-4.5119570078740159
0
LINE
8
BLACK
6
CONTINUOUS
10
5.6863024409448819
20
-4.5119570078740159
11
5.690051968503937
21
-4.5100822440944883
0
LINE
8
BLACK
6
CONTINUOUS
10
5.690051968503937
20
-4.5100822440944883
11
5.6905841338582679
21
-4.5098785433070869
0
LINE
8
BLACK
6
CONTINUOUS
10
5.6905841338582679
20
-4.5098785433070869
11
5.6816512598425195
21
-4.4996695669291338
0
LINE
8
BLACK
6
CONTINUOUS
10
5.6816512598425195
20
-4.4996695669291338
11
5.6814732283464568
21
-4.4994205511811023
0
LINE
8
BLACK
6
CONTINUOUS
10
5.6814732283464568
20
-4.4994205511811023
11
5.6814183070866138
21
-4.4993656299212601
0
LINE
8
BLACK
6
CONTINUOUS
10
5.6814183070866138
20
-4.4993656299212601
11
5.6813966929133857
21
-4.4993135039370076
0
LINE
8
BLACK
6
CONTINUOUS
10
5.6813966929133857
20
-4.4993135039370076
11
5.6813146062992121
21
-4.4991986614173225
0
LINE
8
BLACK
6
CONTINUOUS
10
5.6813146062992121
20
-4.4991986614173225
11
5.6811609842519681
21
-4.4987444094488191
0
LINE
8
BLACK
6
CONTINUOUS
10
5.6811609842519681
20
-4.4987444094488191
11
5.6809774015748031
21
-4.4983012204724409
0
LINE
8
BLACK
6
CONTINUOUS
10
5.6809774015748031
20
-4.4983012204724409
11
5.6809774015748031
21
-4.4982015748031499
0
LINE
8
BLACK
6
CONTINUOUS
10
5.6809774015748031
20
-4.4982015748031499
11
5.6809455118110233
21
-4.4981072834645666
0
LINE
8
BLACK
6
CONTINUOUS
10
5.6809455118110233
20
-4.4981072834645666
11
5.6809774015748031
21
-4.4976287795275587
0
LINE
8
BLACK
6
CONTINUOUS
10
5.6809774015748031
20
-4.4976287795275587
11
5.6809774015748031
21
-4.4971490944881891
0
LINE
8
BLACK
6
CONTINUOUS
10
5.6809774015748031
20
-4.4971490944881891
11
5.6810154724409445
21
-4.4970570866141735
0
LINE
8
BLACK
6
CONTINUOUS
10
5.6810154724409445
20
-4.4970570866141735
11
5.6810221259842519
21
-4.4969577559055116
0
LINE
8
BLACK
6
CONTINUOUS
10
5.6810221259842519
20
-4.4969577559055116
11
5.6812348031496063
21
-4.4965275984251969
0
LINE
8
BLACK
6
CONTINUOUS
10
5.6812348031496063
20
-4.4965275984251969
11
5.6814183070866138
21
-4.4960846850393699
0
LINE
8
BLACK
6
CONTINUOUS
10
5.6814183070866138
20
-4.4960846850393699
11
5.6814886220472438
21
-4.4960143307086611
0
LINE
8
BLACK
6
CONTINUOUS
10
5.6814886220472438
20
-4.4960143307086611
11
5.6815328346456688
21
-4.4959249999999997
0
LINE
8
BLACK
6
CONTINUOUS
10
5.6815328346456688
20
-4.4959249999999997
11
5.6818939370078736
21
-4.4956090157480313
0
LINE
8
BLACK
6
CONTINUOUS
10
5.6818939370078736
20
-4.4956090157480313
11
5.6822329527559052
21
-4.4952700393700784
0
LINE
8
BLACK
6
CONTINUOUS
10
5.6822329527559052
20
-4.4952700393700784
11
5.6823249212598421
21
-4.4952318897637795
0
LINE
8
BLACK
6
CONTINUOUS
10
5.6823249212598421
20
-4.4952318897637795
11
5.6823999212598428
21
-4.4951663385826768
0
LINE
8
BLACK
6
CONTINUOUS
10
5.6823999212598428
20
-4.4951663385826768
11
5.6828541338582674
21
-4.4950127165354328
0
LINE
8
BLACK
6
CONTINUOUS
10
5.6828541338582674
20
-4.4950127165354328
11
5.6832973622047245
21
-4.4948291338582678
0
LINE
8
BLACK
6
CONTINUOUS
10
5.6832973622047245
20
-4.4948291338582678
11
5.683437913385827
21
-4.4948152755905513
0
LINE
8
BLACK
6
CONTINUOUS
10
5.683437913385827
20
-4.4948152755905513
11
5.6834912992125979
21
-4.4947972440944879
0
LINE
8
BLACK
6
CONTINUOUS
10
5.6834912992125979
20
-4.4947972440944879
11
5.6835687401574804
21
-4.4948024015748027
0
LINE
8
BLACK
6
CONTINUOUS
10
5.6835687401574804
20
-4.4948024015748027
11
5.6838734251968503
21
-4.494772401574803
0
LINE
8
BLACK
6
CONTINUOUS
10
5.6838734251968503
20
-4.494772401574803
11
5.7082453543307086
21
-4.494772401574803
0
LINE
8
BLACK
6
CONTINUOUS
10
5.7082453543307086
20
-4.494772401574803
11
5.7088214173228344
21
-4.4948291338582678
0
LINE
8
BLACK
6
CONTINUOUS
10
5.7268673622047244
20
-4.5020266535433073
11
5.7256702362204726
21
-4.5032237795275591
0
LINE
8
BLACK
6
CONTINUOUS
10
5.7256702362204726
20
-4.5032237795275591
11
5.7243214960629922
21
-4.5059212598425198
0
LINE
8
BLACK
6
CONTINUOUS
10
5.7243214960629922
20
-4.5059212598425198
11
5.7243214960629922
21
-4.5101514566929133
0
LINE
8
BLACK
6
CONTINUOUS
10
5.7243214960629922
20
-4.5101514566929133
11
5.7256702362204726
21
-4.5128489370078739
0
LINE
8
BLACK
6
CONTINUOUS
10
5.7256702362204726
20
-4.5128489370078739
11
5.7268673622047244
21
-4.5140460629921257
0
LINE
8
BLACK
6
CONTINUOUS
10
5.7268673622047244
20
-4.5140460629921257
11
5.729564842519685
21
-4.5153948031496061
0
LINE
8
BLACK
6
CONTINUOUS
10
5.729564842519685
20
-4.5153948031496061
11
5.7409131496062988
21
-4.5153948031496061
0
LINE
8
BLACK
6
CONTINUOUS
10
5.7409131496062988
20
-4.5153948031496061
11
5.7409131496062988
21
-4.500677913385827
0
LINE
8
BLACK
6
CONTINUOUS
10
5.7409131496062988
20
-4.500677913385827
11
5.729564842519685
21
-4.500677913385827
0
LINE
8
BLACK
6
CONTINUOUS
10
5.729564842519685
20
-4.500677913385827
11
5.7268673622047244
21
-4.5020266535433073
0
LINE
8
BLACK
6
CONTINUOUS
10
5.1405356299212599
20
-4.4947933464566932
11
5.1406076377952754
21
-4.4947861811023619
0
LINE
8
BLACK
6
CONTINUOUS
10
5.1406076377952754
20
-4.4947861811023619
11
5.1406779527559054
21
-4.4948073622047247
0
LINE
8
BLACK
6
CONTINUOUS
10
5.1406779527559054
20
-4.4948073622047247
11
5.1408986614173227
21
-4.4948291338582678
0
LINE
8
BLACK
6
CONTINUOUS
10
5.1408986614173227
20
-4.4948291338582678
11
5.1412973228346459
21
-4.494994251968504
0
LINE
8
BLACK
6
CONTINUOUS
10
5.1412973228346459
20
-4.494994251968504
11
5.1417106299212598
21
-4.4951189763779524
0
LINE
8
BLACK
6
CONTINUOUS
10
5.1417106299212598
20
-4.4951189763779524
11
5.1418257086614174
21
-4.4952131102362207
0
LINE
8
BLACK
6
CONTINUOUS
10
5.1418257086614174
20
-4.4952131102362207
11
5.1419630708661419
21
-4.4952700393700784
0
LINE
8
BLACK
6
CONTINUOUS
10
5.1419630708661419
20
-4.4952700393700784
11
5.1422683070866144
21
-4.4955752755905509
0
LINE
8
BLACK
6
CONTINUOUS
10
5.1422683070866144
20
-4.4955752755905509
11
5.1426022834645666
21
-4.4958485433070869
0
LINE
8
BLACK
6
CONTINUOUS
10
5.1426022834645666
20
-4.4958485433070869
11
5.1426725196850391
21
-4.4959794881889765
0
LINE
8
BLACK
6
CONTINUOUS
10
5.1426725196850391
20
-4.4959794881889765
11
5.1427777165354334
21
-4.4960846850393699
0
LINE
8
BLACK
6
CONTINUOUS
10
5.1427777165354334
20
-4.4960846850393699
11
5.1429428740157483
21
-4.4964834645669294
0
LINE
8
BLACK
6
CONTINUOUS
10
5.1429428740157483
20
-4.4964834645669294
11
5.1431469291338585
21
-4.4968637795275592
0
LINE
8
BLACK
6
CONTINUOUS
10
5.1431469291338585
20
-4.4968637795275592
11
5.1431905118110235
21
-4.4970812598425196
0
LINE
8
BLACK
6
CONTINUOUS
10
5.1431905118110235
20
-4.4970812598425196
11
5.143218622047244
21
-4.4971490944881891
0
LINE
8
BLACK
6
CONTINUOUS
10
5.143218622047244
20
-4.4971490944881891
11
5.143218622047244
21
-4.4972213779527559
0
LINE
8
BLACK
6
CONTINUOUS
10
5.143218622047244
20
-4.4972213779527559
11
5.1432607086614173
21
-4.4974313385826772
0
LINE
8
BLACK
6
CONTINUOUS
10
5.1432607086614173
20
-4.4974313385826772
11
5.1451354724409448
21
-4.5161789763779527
0
LINE
8
BLACK
6
CONTINUOUS
10
5.1451354724409448
20
-4.5161789763779527
11
5.1451363385826774
21
-4.5167578346456692
0
LINE
8
BLACK
6
CONTINUOUS
10
5.1451363385826774
20
-4.5167578346456692
11
5.1450933858267716
21
-4.5169001574803147
0
LINE
8
BLACK
6
CONTINUOUS
10
5.1450933858267716
20
-4.5169001574803147
11
5.1450933858267716
21
-4.5170488188976377
0
LINE
8
BLACK
6
CONTINUOUS
10
5.1450933858267716
20
-4.5170488188976377
11
5.1449282677165353
21
-4.5174474015748034
0
LINE
8
BLACK
6
CONTINUOUS
10
5.1449282677165353
20
-4.5174474015748034
11
5.1448035433070869
21
-4.5178608267716536
0
LINE
8
BLACK
6
CONTINUOUS
10
5.1448035433070869
20
-4.5178608267716536
11
5.1447093307086611
21
-4.5179759448818899
0
LINE
8
BLACK
6
CONTINUOUS
10
5.1447093307086611
20
-4.5179759448818899
11
5.1446524803149609
21
-4.5181132283464569
0
LINE
8
BLACK
6
CONTINUOUS
10
5.1446524803149609
20
-4.5181132283464569
11
5.1443474015748034
21
-4.5184182677165357
0
LINE
8
BLACK
6
CONTINUOUS
10
5.1443474015748034
20
-4.5184182677165357
11
5.1440739763779524
21
-4.5187524803149604
0
LINE
8
BLACK
6
CONTINUOUS
10
5.1440739763779524
20
-4.5187524803149604
11
5.1439429133858265
21
-4.5188227559055116
0
LINE
8
BLACK
6
CONTINUOUS
10
5.1439429133858265
20
-4.5188227559055116
11
5.1438377952755907
21
-4.5189279133858271
0
LINE
8
BLACK
6
CONTINUOUS
10
5.1438377952755907
20
-4.5189279133858271
11
5.1434391732283462
21
-4.5190929921259846
0
LINE
8
BLACK
6
CONTINUOUS
10
5.1434391732283462
20
-4.5190929921259846
11
5.1430587401574801
21
-4.5192971259842523
0
LINE
8
BLACK
6
CONTINUOUS
10
5.1430587401574801
20
-4.5192971259842523
11
5.1429107086614172
21
-4.5193118897637792
0
LINE
8
BLACK
6
CONTINUOUS
10
5.1429107086614172
20
-4.5193118897637792
11
5.1427733858267715
21
-4.5193688188976378
0
LINE
8
BLACK
6
CONTINUOUS
10
5.1427733858267715
20
-4.5193688188976378
11
5.1423418503937004
21
-4.5193688188976378
0
LINE
8
BLACK
6
CONTINUOUS
10
5.1423418503937004
20
-4.5193688188976378
11
5.1419123228346457
21
-4.5194117716535436
0
LINE
8
BLACK
6
CONTINUOUS
10
5.1419123228346457
20
-4.5194117716535436
11
5.1417699606299214
21
-4.5193688188976378
0
LINE
8
BLACK
6
CONTINUOUS
10
5.1417699606299214
20
-4.5193688188976378
11
5.1416212992125985
21
-4.5193688188976378
0
LINE
8
BLACK
6
CONTINUOUS
10
5.1416212992125985
20
-4.5193688188976378
11
5.1412225984251965
21
-4.5192036614173228
0
LINE
8
BLACK
6
CONTINUOUS
10
5.1412225984251965
20
-4.5192036614173228
11
5.1408093307086613
21
-4.5190789763779531
0
LINE
8
BLACK
6
CONTINUOUS
10
5.1408093307086613
20
-4.5190789763779531
11
5.140694212598425
21
-4.518984803149606
0
LINE
8
BLACK
6
CONTINUOUS
10
5.140694212598425
20
-4.518984803149606
11
5.1405568897637792
21
-4.5189279133858271
0
LINE
8
BLACK
6
CONTINUOUS
10
5.1405568897637792
20
-4.5189279133858271
11
5.1401094488188974
21
-4.5185607086614175
0
LINE
8
BLACK
6
CONTINUOUS
10
5.1401094488188974
20
-4.5185607086614175
11
5.1385735039370077
21
-4.5170247637795278
0
LINE
8
BLACK
6
CONTINUOUS
10
5.1385735039370077
20
-4.5170247637795278
11
5.1358760236220471
21
-4.5156760236220475
0
LINE
8
BLACK
6
CONTINUOUS
10
5.1358760236220471
20
-4.5156760236220475
11
5.1278962992125985
21
-4.5156760236220475
0
LINE
8
BLACK
6
CONTINUOUS
10
5.1278962992125985
20
-4.5156760236220475
11
5.1251988188976378
21
-4.5170247637795278
0
LINE
8
BLACK
6
CONTINUOUS
10
5.1251988188976378
20
-4.5170247637795278
11
5.124001692913386
21
-4.5182218897637796
0
LINE
8
BLACK
6
CONTINUOUS
10
5.124001692913386
20
-4.5182218897637796
11
5.1226529527559057
21
-4.5209193700787402
0
LINE
8
BLACK
6
CONTINUOUS
10
5.1226529527559057
20
-4.5209193700787402
11
5.1226529527559057
21
-4.5288990944881888
0
LINE
8
BLACK
6
CONTINUOUS
10
5.1226529527559057
20
-4.5288990944881888
11
5.124001692913386
21
-4.5315965748031495
0
LINE
8
BLACK
6
CONTINUOUS
10
5.124001692913386
20
-4.5315965748031495
11
5.1251988188976378
21
-4.53279374015748
0
LINE
8
BLACK
6
CONTINUOUS
10
5.1251988188976378
20
-4.53279374015748
11
5.1278962992125985
21
-4.5341424803149604
0
LINE
8
BLACK
6
CONTINUOUS
10
5.1278962992125985
20
-4.5341424803149604
11
5.1358760236220471
21
-4.5341424803149604
0
LINE
8
BLACK
6
CONTINUOUS
10
5.1358760236220471
20
-4.5341424803149604
11
5.138573464566929
21
-4.53279374015748
0
LINE
8
BLACK
6
CONTINUOUS
10
5.138573464566929
20
-4.53279374015748
11
5.1401094094488187
21
-4.5312577952755904
0
LINE
8
BLACK
6
CONTINUOUS
10
5.1401094094488187
20
-4.5312577952755904
11
5.1405568897637792
21
-4.530890551181102
0
LINE
8
BLACK
6
CONTINUOUS
10
5.1405568897637792
20
-4.530890551181102
11
5.1416212992125985
21
-4.5304496456692913
0
LINE
8
BLACK
6
CONTINUOUS
10
5.1416212992125985
20
-4.5304496456692913
11
5.1427733858267715
21
-4.5304496456692913
0
LINE
8
BLACK
6
CONTINUOUS
10
5.1427733858267715
20
-4.5304496456692913
11
5.1438377952755907
21
-4.5308905118110232
0
LINE
8
BLACK
6
CONTINUOUS
10
5.1438377952755907
20
-4.5308905118110232
11
5.1446524803149609
21
-4.5317051968503934
0
LINE
8
BLACK
6
CONTINUOUS
10
5.1446524803149609
20
-4.5317051968503934
11
5.1450933858267716
21
-4.5327696062992127
0
LINE
8
BLACK
6
CONTINUOUS
10
5.1450933858267716
20
-4.5327696062992127
11
5.1450933858267716
21
-4.5339216929133856
0
LINE
8
BLACK
6
CONTINUOUS
10
5.1450933858267716
20
-4.5339216929133856
11
5.1446525196850397
21
-4.5349861023622049
0
LINE
8
BLACK
6
CONTINUOUS
10
5.1446525196850397
20
-4.5349861023622049
11
5.1442852755905513
21
-4.5354335826771655
0
LINE
8
BLACK
6
CONTINUOUS
10
5.1442852755905513
20
-4.5354335826771655
11
5.1424105511811025
21
-4.537308346456693
0
LINE
8
BLACK
6
CONTINUOUS
10
5.1424105511811025
20
-4.537308346456693
11
5.1421841732283466
21
-4.5374940944881885
0
LINE
8
BLACK
6
CONTINUOUS
10
5.1421841732283466
20
-4.5374940944881885
11
5.1421329921259842
21
-4.5375531496062989
0
LINE
8
BLACK
6
CONTINUOUS
10
5.1421329921259842
20
-4.5375531496062989
11
5.1420440157480316
21
-4.5376091338582674
0
LINE
8
BLACK
6
CONTINUOUS
10
5.1420440157480316
20
-4.5376091338582674
11
5.1419630708661419
21
-4.5376755905511814
0
LINE
8
BLACK
6
CONTINUOUS
10
5.1419630708661419
20
-4.5376755905511814
11
5.1418911023622043
21
-4.5377053937007874
0
LINE
8
BLACK
6
CONTINUOUS
10
5.1418911023622043
20
-4.5377053937007874
11
5.1416431102362203
21
-4.5378614960629919
0
LINE
8
BLACK
6
CONTINUOUS
10
5.1416431102362203
20
-4.5378614960629919
11
5.1378935826771652
21
-4.5397362598425195
0
LINE
8
BLACK
6
CONTINUOUS
10
5.1378935826771652
20
-4.5397362598425195
11
5.1373529527559052
21
-4.539943149606299
0
LINE
8
BLACK
6
CONTINUOUS
10
5.1373529527559052
20
-4.539943149606299
11
5.1372471259842518
21
-4.5399506299212593
0
LINE
8
BLACK
6
CONTINUOUS
10
5.1372471259842518
20
-4.5399506299212593
11
5.1371491338582675
21
-4.5399912598425196
0
LINE
8
BLACK
6
CONTINUOUS
10
5.1371491338582675
20
-4.5399912598425196
11
5.1365730708661417
21
-4.5400479921259844
0
LINE
8
BLACK
6
CONTINUOUS
10
5.1365730708661417
20
-4.5400479921259844
11
5.1271992519685039
21
-4.5400479921259844
0
LINE
8
BLACK
6
CONTINUOUS
10
5.1271992519685039
20
-4.5400479921259844
11
5.126623188976378
21
-4.5399912598425196
0
LINE
8
BLACK
6
CONTINUOUS
10
5.126623188976378
20
-4.5399912598425196
11
5.1265251968503938
21
-4.5399506692913381
0
LINE
8
BLACK
6
CONTINUOUS
10
5.1265251968503938
20
-4.5399506692913381
11
5.1264193307086616
21
-4.539943149606299
0
LINE
8
BLACK
6
CONTINUOUS
10
5.1264193307086616
20
-4.539943149606299
11
5.1258787401574804
21
-4.5397362598425195
0
LINE
8
BLACK
6
CONTINUOUS
10
5.1258787401574804
20
-4.5397362598425195
11
5.1221292125984252
21
-4.5378614960629919
0
LINE
8
BLACK
6
CONTINUOUS
10
5.1221292125984252
20
-4.5378614960629919
11
5.1218811811023617
21
-4.5377053937007874
0
LINE
8
BLACK
6
CONTINUOUS
10
5.1218811811023617
20
-4.5377053937007874
11
5.1218092519685037
21
-4.5376755905511814
0
LINE
8
BLACK
6
CONTINUOUS
10
5.1218092519685037
20
-4.5376755905511814
11
5.1217282677165352
21
-4.5376091338582674
0
LINE
8
BLACK
6
CONTINUOUS
10
5.1217282677165352
20
-4.5376091338582674
11
5.1216393307086614
21
-4.5375531496062989
0
LINE
8
BLACK
6
CONTINUOUS
10
5.1216393307086614
20
-4.5375531496062989
11
5.1215881102362202
21
-4.5374940944881885
0
LINE
8
BLACK
6
CONTINUOUS
10
5.1215881102362202
20
-4.5374940944881885
11
5.1213617716535431
21
-4.537308346456693
0
LINE
8
BLACK
6
CONTINUOUS
10
5.1213617716535431
20
-4.537308346456693
11
5.1194870078740156
21
-4.5354335433070867
0
LINE
8
BLACK
6
CONTINUOUS
10
5.1194870078740156
20
-4.5354335433070867
11
5.1193012598425192
21
-4.5352072047244096
0
LINE
8
BLACK
6
CONTINUOUS
10
5.1193012598425192
20
-4.5352072047244096
11
5.1192422834645672
21
-4.5351560629921259
0
LINE
8
BLACK
6
CONTINUOUS
10
5.1192422834645672
20
-4.5351560629921259
11
5.1191862992125987
21
-4.5350671259842521
0
LINE
8
BLACK
6
CONTINUOUS
10
5.1191862992125987
20
-4.5350671259842521
11
5.1191198031496059
21
-4.5349861023622049
0
LINE
8
BLACK
6
CONTINUOUS
10
5.1191198031496059
20
-4.5349861023622049
11
5.1190899606299212
21
-4.5349140551181097
0
LINE
8
BLACK
6
CONTINUOUS
10
5.1190899606299212
20
-4.5349140551181097
11
5.1189339370078741
21
-4.5346661811023621
0
LINE
8
BLACK
6
CONTINUOUS
10
5.1189339370078741
20
-4.5346661811023621
11
5.1170591732283466
21
-4.530916653543307
0
LINE
8
BLACK
6
CONTINUOUS
10
5.1170591732283466
20
-4.530916653543307
11
5.1168522834645671
21
-4.5303760236220469
0
LINE
8
BLACK
6
CONTINUOUS
10
5.1168522834645671
20
-4.5303760236220469
11
5.1168447637795271
21
-4.5302701968503936
0
LINE
8
BLACK
6
CONTINUOUS
10
5.1168447637795271
20
-4.5302701968503936
11
5.1168041732283465
21
-4.5301722047244093
0
LINE
8
BLACK
6
CONTINUOUS
10
5.1168041732283465
20
-4.5301722047244093
11
5.1167474409448817
21
-4.5295961417322834
0
LINE
8
BLACK
6
CONTINUOUS
10
5.1167474409448817
20
-4.5295961417322834
11
5.1167474409448817
21
-4.5202223228346456
0
LINE
8
BLACK
6
CONTINUOUS
10
5.1167474409448817
20
-4.5202223228346456
11
5.1168041732283465
21
-4.5196462598425198
0
LINE
8
BLACK
6
CONTINUOUS
10
5.1168041732283465
20
-4.5196462598425198
11
5.1168447637795271
21
-4.5195482283464568
0
LINE
8
BLACK
6
CONTINUOUS
10
5.1168447637795271
20
-4.5195482283464568
11
5.1168522834645671
21
-4.5194424409448821
0
LINE
8
BLACK
6
CONTINUOUS
10
5.1168522834645671
20
-4.5194424409448821
11
5.1170591732283466
21
-4.5189018110236221
0
LINE
8
BLACK
6
CONTINUOUS
10
5.1170591732283466
20
-4.5189018110236221
11
5.1189339370078741
21
-4.515152283464567
0
LINE
8
BLACK
6
CONTINUOUS
10
5.1189339370078741
20
-4.515152283464567
11
5.1190899999999999
21
-4.5149042519685034
0
LINE
8
BLACK
6
CONTINUOUS
10
5.1190899999999999
20
-4.5149042519685034
11
5.1191198425196847
21
-4.5148323228346454
0
LINE
8
BLACK
6
CONTINUOUS
10
5.1191198425196847
20
-4.5148323228346454
11
5.1191862992125987
21
-4.514751338582677
0
LINE
8
BLACK
6
CONTINUOUS
10
5.1191862992125987
20
-4.514751338582677
11
5.1192422834645672
21
-4.5146624015748031
0
LINE
8
BLACK
6
CONTINUOUS
10
5.1192422834645672
20
-4.5146624015748031
11
5.1193012598425192
21
-4.5146112204724407
0
LINE
8
BLACK
6
CONTINUOUS
10
5.1193012598425192
20
-4.5146112204724407
11
5.1194870472440943
21
-4.5143848818897636
0
LINE
8
BLACK
6
CONTINUOUS
10
5.1194870472440943
20
-4.5143848818897636
11
5.1213618110236219
21
-4.5125101181102361
0
LINE
8
BLACK
6
CONTINUOUS
10
5.1213618110236219
20
-4.5125101181102361
11
5.1215881496062989
21
-4.5123243307086609
0
LINE
8
BLACK
6
CONTINUOUS
10
5.1215881496062989
20
-4.5123243307086609
11
5.1216393307086614
21
-4.512265354330709
0
LINE
8
BLACK
6
CONTINUOUS
10
5.1216393307086614
20
-4.512265354330709
11
5.1217282677165352
21
-4.5122093700787405
0
LINE
8
BLACK
6
CONTINUOUS
10
5.1217282677165352
20
-4.5122093700787405
11
5.1218092519685037
21
-4.5121429133858264
0
LINE
8
BLACK
6
CONTINUOUS
10
5.1218092519685037
20
-4.5121429133858264
11
5.1218811811023617
21
-4.5121130708661417
0
LINE
8
BLACK
6
CONTINUOUS
10
5.1218811811023617
20
-4.5121130708661417
11
5.1221292125984252
21
-4.5119570078740159
0
LINE
8
BLACK
6
CONTINUOUS
10
5.1221292125984252
20
-4.5119570078740159
11
5.1258787401574804
21
-4.5100822440944883
0
LINE
8
BLACK
6
CONTINUOUS
10
5.1258787401574804
20
-4.5100822440944883
11
5.1264193307086616
21
-4.5098753543307089
0
LINE
8
BLACK
6
CONTINUOUS
10
5.1264193307086616
20
-4.5098753543307089
11
5.1265251968503938
21
-4.5098677952755901
0
LINE
8
BLACK
6
CONTINUOUS
10
5.1265251968503938
20
-4.5098677952755901
11
5.126623188976378
21
-4.5098272440944882
0
LINE
8
BLACK
6
CONTINUOUS
10
5.126623188976378
20
-4.5098272440944882
11
5.1271992519685039
21
-4.5097705118110234
0
LINE
8
BLACK
6
CONTINUOUS
10
5.1271992519685039
20
-4.5097705118110234
11
5.1365730708661417
21
-4.5097705118110234
0
LINE
8
BLACK
6
CONTINUOUS
10
5.1365730708661417
20
-4.5097705118110234
11
5.1371491338582675
21
-4.5098272440944882
0
LINE
8
BLACK
6
CONTINUOUS
10
5.1371491338582675
20
-4.5098272440944882
11
5.1372471259842518
21
-4.5098678346456689
0
LINE
8
BLACK
6
CONTINUOUS
10
5.1372471259842518
20
-4.5098678346456689
11
5.1373529527559052
21
-4.5098753543307089
0
LINE
8
BLACK
6
CONTINUOUS
10
5.1373529527559052
20
-4.5098753543307089
11
5.1378935826771652
21
-4.5100822440944883
0
LINE
8
BLACK
6
CONTINUOUS
10
5.1378935826771652
20
-4.5100822440944883
11
5.1386274803149607
21
-4.5104491732283467
0
LINE
8
BLACK
6
CONTINUOUS
10
5.1386274803149607
20
-4.5104491732283467
11
5.1376503937007874
21
-4.500677913385827
0
LINE
8
BLACK
6
CONTINUOUS
10
5.1376503937007874
20
-4.500677913385827
11
5.1215749606299212
21
-4.500677913385827
0
LINE
8
BLACK
6
CONTINUOUS
10
5.1215749606299212
20
-4.500677913385827
11
5.1209988976377954
21
-4.5006211811023622
0
LINE
8
BLACK
6
CONTINUOUS
10
5.1209988976377954
20
-4.5006211811023622
11
5.1199344881889761
21
-4.5001802755905507
0
LINE
8
BLACK
6
CONTINUOUS
10
5.1199344881889761
20
-4.5001802755905507
11
5.1191198425196847
21
-4.4993656299212601
0
LINE
8
BLACK
6
CONTINUOUS
10
5.1191198425196847
20
-4.4993656299212601
11
5.118678937007874
21
-4.4983012204724409
0
LINE
8
BLACK
6
CONTINUOUS
10
5.118678937007874
20
-4.4983012204724409
11
5.118678937007874
21
-4.4971490944881891
0
LINE
8
BLACK
6
CONTINUOUS
10
5.118678937007874
20
-4.4971490944881891
11
5.1191198425196847
21
-4.4960846850393699
0
LINE
8
BLACK
6
CONTINUOUS
10
5.1191198425196847
20
-4.4960846850393699
11
5.1199344881889761
21
-4.4952700393700784
0
LINE
8
BLACK
6
CONTINUOUS
10
5.1199344881889761
20
-4.4952700393700784
11
5.1209988976377954
21
-4.4948291338582678
0
LINE
8
BLACK
6
CONTINUOUS
10
5.1209988976377954
20
-4.4948291338582678
11
5.1215749606299212
21
-4.494772401574803
0
LINE
8
BLACK
6
CONTINUOUS
10
5.1215749606299212
20
-4.494772401574803
11
5.1403225984251968
21
-4.494772401574803
0
LINE
8
BLACK
6
CONTINUOUS
10
5.1403225984251968
20
-4.494772401574803
11
5.1405356299212599
21
-4.4947933464566932
0
LINE
8
BLACK
6
CONTINUOUS
10
5.1687356299212599
20
-4.4948011023622048
11
5.1688133858267715
21
-4.4947955905511812
0
LINE
8
BLACK
6
CONTINUOUS
10
5.1688133858267715
20
-4.4947955905511812
11
5.1689156299212593
21
-4.4948188188976381
0
LINE
8
BLACK
6
CONTINUOUS
10
5.1689156299212593
20
-4.4948188188976381
11
5.1690201574803147
21
-4.4948291338582678
0
LINE
8
BLACK
6
CONTINUOUS
10
5.1690201574803147
20
-4.4948291338582678
11
5.1690922440944878
21
-4.4948589763779525
0
LINE
8
BLACK
6
CONTINUOUS
10
5.1690922440944878
20
-4.4948589763779525
11
5.1693778346456689
21
-4.494923937007874
0
LINE
8
BLACK
6
CONTINUOUS
10
5.1693778346456689
20
-4.494923937007874
11
5.1750021259842516
21
-4.4967987007874015
0
LINE
8
BLACK
6
CONTINUOUS
10
5.1750021259842516
20
-4.4967987007874015
11
5.1755306692913381
21
-4.4970346850393703
0
LINE
8
BLACK
6
CONTINUOUS
10
5.1755306692913381
20
-4.4970346850393703
11
5.1756107874015749
21
-4.4971041732283465
0
LINE
8
BLACK
6
CONTINUOUS
10
5.1756107874015749
20
-4.4971041732283465
11
5.1757088582677166
21
-4.497144803149606
0
LINE
8
BLACK
6
CONTINUOUS
10
5.1757088582677166
20
-4.497144803149606
11
5.1761562992125985
21
-4.4975120078740156
0
LINE
8
BLACK
6
CONTINUOUS
10
5.1761562992125985
20
-4.4975120078740156
11
5.1799058267716536
21
-4.5012615354330707
0
LINE
8
BLACK
6
CONTINUOUS
10
5.1799058267716536
20
-4.5012615354330707
11
5.1800916535433066
21
-4.5014879133858265
0
LINE
8
BLACK
6
CONTINUOUS
10
5.1800916535433066
20
-4.5014879133858265
11
5.1801505905511807
21
-4.5015390551181103
0
LINE
8
BLACK
6
CONTINUOUS
10
5.1801505905511807
20
-4.5015390551181103
11
5.1802064566929129
21
-4.5016277952755903
0
LINE
8
BLACK
6
CONTINUOUS
10
5.1802064566929129
20
-4.5016277952755903
11
5.180273070866142
21
-4.5017089763779525
0
LINE
8
BLACK
6
CONTINUOUS
10
5.180273070866142
20
-4.5017089763779525
11
5.1803029133858267
21
-4.5017811023622043
0
LINE
8
BLACK
6
CONTINUOUS
10
5.1803029133858267
20
-4.5017811023622043
11
5.1804589370078737
21
-4.5020289370078741
0
LINE
8
BLACK
6
CONTINUOUS
10
5.1804589370078737
20
-4.5020289370078741
11
5.1823337007874013
21
-4.5057784645669292
0
LINE
8
BLACK
6
CONTINUOUS
10
5.1823337007874013
20
-4.5057784645669292
11
5.1823498031496058
21
-4.5058205511811025
0
LINE
8
BLACK
6
CONTINUOUS
10
5.1823498031496058
20
-4.5058205511811025
11
5.1823625196850394
21
-4.5058377165354333
0
LINE
8
BLACK
6
CONTINUOUS
10
5.1823625196850394
20
-4.5058377165354333
11
5.1824488188976376
21
-4.5060792913385823
0
LINE
8
BLACK
6
CONTINUOUS
10
5.1824488188976376
20
-4.5060792913385823
11
5.1825405905511808
21
-4.5063190551181105
0
LINE
8
BLACK
6
CONTINUOUS
10
5.1825405905511808
20
-4.5063190551181105
11
5.1825420866141734
21
-4.5063403149606298
0
LINE
8
BLACK
6
CONTINUOUS
10
5.1825420866141734
20
-4.5063403149606298
11
5.1825572834645666
21
-4.5063828346456694
0
LINE
8
BLACK
6
CONTINUOUS
10
5.1825572834645666
20
-4.5063828346456694
11
5.1844320472440941
21
-4.5138818897637796
0
LINE
8
BLACK
6
CONTINUOUS
10
5.1844320472440941
20
-4.5138818897637796
11
5.1844468110236219
21
-4.5139817322834643
0
LINE
8
BLACK
6
CONTINUOUS
10
5.1844468110236219
20
-4.5139817322834643
11
5.184463464566929
21
-4.5140219685039371
0
LINE
8
BLACK
6
CONTINUOUS
10
5.184463464566929
20
-4.5140219685039371
11
5.1844848031496058
21
-4.5142389763779525
0
LINE
8
BLACK
6
CONTINUOUS
10
5.1844848031496058
20
-4.5142389763779525
11
5.1845166929133857
21
-4.5144544881889761
0
LINE
8
BLACK
6
CONTINUOUS
10
5.1845166929133857
20
-4.5144544881889761
11
5.1845102755905508
21
-4.5144974803149607
0
LINE
8
BLACK
6
CONTINUOUS
10
5.1845102755905508
20
-4.5144974803149607
11
5.1845201968503938
21
-4.514598031496063
0
LINE
8
BLACK
6
CONTINUOUS
10
5.1845201968503938
20
-4.514598031496063
11
5.1845201968503938
21
-4.5202223228346456
0
LINE
8
BLACK
6
CONTINUOUS
10
5.1845201968503938
20
-4.5202223228346456
11
5.1845102755905508
21
-4.5203228346456692
0
LINE
8
BLACK
6
CONTINUOUS
10
5.1845102755905508
20
-4.5203228346456692
11
5.1845166929133857
21
-4.5203658661417325
0
LINE
8
BLACK
6
CONTINUOUS
10
5.1845166929133857
20
-4.5203658661417325
11
5.1844848031496058
21
-4.5205813385826774
0
LINE
8
BLACK
6
CONTINUOUS
10
5.1844848031496058
20
-4.5205813385826774
11
5.184463464566929
21
-4.5207983858267715
0
LINE
8
BLACK
6
CONTINUOUS
10
5.184463464566929
20
-4.5207983858267715
11
5.1844468110236219
21
-4.5208385826771655
0
LINE
8
BLACK
6
CONTINUOUS
10
5.1844468110236219
20
-4.5208385826771655
11
5.1844320472440941
21
-4.520938464566929
0
LINE
8
BLACK
6
CONTINUOUS
10
5.1844320472440941
20
-4.520938464566929
11
5.1825572834645666
21
-4.5284375196850393
0
LINE
8
BLACK
6
CONTINUOUS
10
5.1825572834645666
20
-4.5284375196850393
11
5.1825420866141734
21
-4.5284800000000001
0
LINE
8
BLACK
6
CONTINUOUS
10
5.1825420866141734
20
-4.5284800000000001
11
5.1825405905511808
21
-4.5285012992125981
0
LINE
8
BLACK
6
CONTINUOUS
10
5.1825405905511808
20
-4.5285012992125981
11
5.1824488188976376
21
-4.5287410236220476
0
LINE
8
BLACK
6
CONTINUOUS
10
5.1824488188976376
20
-4.5287410236220476
11
5.1823625196850394
21
-4.5289826377952753
0
LINE
8
BLACK
6
CONTINUOUS
10
5.1823625196850394
20
-4.5289826377952753
11
5.1823498031496058
21
-4.5289997637795274
0
LINE
8
BLACK
6
CONTINUOUS
10
5.1823498031496058
20
-4.5289997637795274
11
5.1823337007874013
21
-4.5290418897637794
0
LINE
8
BLACK
6
CONTINUOUS
10
5.1823337007874013
20
-4.5290418897637794
11
5.1804589370078737
21
-4.5327914173228345
0
LINE
8
BLACK
6
CONTINUOUS
10
5.1804589370078737
20
-4.5327914173228345
11
5.180302874015748
21
-4.5330392913385822
0
LINE
8
BLACK
6
CONTINUOUS
10
5.180302874015748
20
-4.5330392913385822
11
5.180273070866142
21
-4.5331113385826773
0
LINE
8
BLACK
6
CONTINUOUS
10
5.180273070866142
20
-4.5331113385826773
11
5.1802065354330704
21
-4.5331923622047245
0
LINE
8
BLACK
6
CONTINUOUS
10
5.1802065354330704
20
-4.5331923622047245
11
5.1801505905511807
21
-4.5332812992125984
0
LINE
8
BLACK
6
CONTINUOUS
10
5.1801505905511807
20
-4.5332812992125984
11
5.1800915748031491
21
-4.5333324409448821
0
LINE
8
BLACK
6
CONTINUOUS
10
5.1800915748031491
20
-4.5333324409448821
11
5.1799058661417323
21
-4.5335587795275591
0
LINE
8
BLACK
6
CONTINUOUS
10
5.1799058661417323
20
-4.5335587795275591
11
5.1761562992125985
21
-4.5373083858267718
0
LINE
8
BLACK
6
CONTINUOUS
10
5.1761562992125985
20
-4.5373083858267718
11
5.1757088582677166
21
-4.5376755905511814
0
LINE
8
BLACK
6
CONTINUOUS
10
5.1757088582677166
20
-4.5376755905511814
11
5.1756107874015749
21
-4.5377161811023621
0
LINE
8
BLACK
6
CONTINUOUS
10
5.1756107874015749
20
-4.5377161811023621
11
5.1755306692913381
21
-4.5377857086614171
0
LINE
8
BLACK
6
CONTINUOUS
10
5.1755306692913381
20
-4.5377857086614171
11
5.1750021259842516
21
-4.5380216929133859
0
LINE
8
BLACK
6
CONTINUOUS
10
5.1750021259842516
20
-4.5380216929133859
11
5.1693778346456689
21
-4.5398964566929134
0
LINE
8
BLACK
6
CONTINUOUS
10
5.1693778346456689
20
-4.5398964566929134
11
5.1690922440944878
21
-4.5399613779527561
0
LINE
8
BLACK
6
CONTINUOUS
10
5.1690922440944878
20
-4.5399613779527561
11
5.1690201574803147
21
-4.5399912598425196
0
LINE
8
BLACK
6
CONTINUOUS
10
5.1690201574803147
20
-4.5399912598425196
11
5.1689156299212593
21
-4.5400015354330705
0
LINE
8
BLACK
6
CONTINUOUS
10
5.1689156299212593
20
-4.5400015354330705
11
5.1688133858267715
21
-4.5400248031496062
0
LINE
8
BLACK
6
CONTINUOUS
10
5.1688133858267715
20
-4.5400248031496062
11
5.1687356299212599
21
-4.5400192519685039
0
LINE
8
BLACK
6
CONTINUOUS
10
5.1687356299212599
20
-4.5400192519685039
11
5.1684440944881889
21
-4.5400479921259844
0
LINE
8
BLACK
6
CONTINUOUS
10
5.1684440944881889
20
-4.5400479921259844
11
5.1646945669291338
21
-4.5400479921259844
0
LINE
8
BLACK
6
CONTINUOUS
10
5.1646945669291338
20
-4.5400479921259844
11
5.1644029527559052
21
-4.5400192519685039
0
LINE
8
BLACK
6
CONTINUOUS
10
5.1644029527559052
20
-4.5400192519685039
11
5.1643252362204723
21
-4.5400248031496062
0
LINE
8
BLACK
6
CONTINUOUS
10
5.1643252362204723
20
-4.5400248031496062
11
5.1642229527559058
21
-4.5400015354330705
0
LINE
8
BLACK
6
CONTINUOUS
10
5.1642229527559058
20
-4.5400015354330705
11
5.1641185039370079
21
-4.5399912598425196
0
LINE
8
BLACK
6
CONTINUOUS
10
5.1641185039370079
20
-4.5399912598425196
11
5.1640464173228349
21
-4.5399613779527561
0
LINE
8
BLACK
6
CONTINUOUS
10
5.1640464173228349
20
-4.5399613779527561
11
5.163760787401575
21
-4.5398964566929134
0
LINE
8
BLACK
6
CONTINUOUS
10
5.163760787401575
20
-4.5398964566929134
11
5.158136535433071
21
-4.5380216929133859
0
LINE
8
BLACK
6
CONTINUOUS
10
5.158136535433071
20
-4.5380216929133859
11
5.1576079527559058
21
-4.5377857086614171
0
LINE
8
BLACK
6
CONTINUOUS
10
5.1576079527559058
20
-4.5377857086614171
11
5.1575277559055115
21
-4.5377161417322833
0
LINE
8
BLACK
6
CONTINUOUS
10
5.1575277559055115
20
-4.5377161417322833
11
5.157429803149606
21
-4.5376755905511814
0
LINE
8
BLACK
6
CONTINUOUS
10
5.157429803149606
20
-4.5376755905511814
11
5.1569823228346454
21
-4.537308346456693
0
LINE
8
BLACK
6
CONTINUOUS
10
5.1569823228346454
20
-4.537308346456693
11
5.1551075590551179
21
-4.5354335433070867
0
LINE
8
BLACK
6
CONTINUOUS
10
5.1551075590551179
20
-4.5354335433070867
11
5.1547403543307082
21
-4.5349861023622049
0
LINE
8
BLACK
6
CONTINUOUS
10
5.1547403543307082
20
-4.5349861023622049
11
5.1542994881889763
21
-4.5339216929133856
0
LINE
8
BLACK
6
CONTINUOUS
10
5.1542994881889763
20
-4.5339216929133856
11
5.1542994881889763
21
-4.5327696062992127
0
LINE
8
BLACK
6
CONTINUOUS
10
5.1542994881889763
20
-4.5327696062992127
11
5.154740393700787
21
-4.5317051968503934
0
LINE
8
BLACK
6
CONTINUOUS
10
5.154740393700787
20
-4.5317051968503934
11
5.1555550787401572
21
-4.5308905118110232
0
LINE
8
BLACK
6
CONTINUOUS
10
5.1555550787401572
20
-4.5308905118110232
11
5.1566194881889764
21
-4.5304496456692913
0
LINE
8
BLACK
6
CONTINUOUS
10
5.1566194881889764
20
-4.5304496456692913
11
5.1577715748031494
21
-4.5304496456692913
0
LINE
8
BLACK
6
CONTINUOUS
10
5.1577715748031494
20
-4.5304496456692913
11
5.1588359842519687
21
-4.530890551181102
0
LINE
8
BLACK
6
CONTINUOUS
10
5.1588359842519687
20
-4.530890551181102
11
5.1592834645669292
21
-4.5312577952755904
0
LINE
8
BLACK
6
CONTINUOUS
10
5.1592834645669292
20
-4.5312577952755904
11
5.1606653149606299
21
-4.5326396850393698
0
LINE
8
BLACK
6
CONTINUOUS
10
5.1606653149606299
20
-4.5326396850393698
11
5.1651737007874017
21
-4.5341424803149604
0
LINE
8
BLACK
6
CONTINUOUS
10
5.1651737007874017
20
-4.5341424803149604
11
5.1679649606299209
21
-4.5341424803149604
0
LINE
8
BLACK
6
CONTINUOUS
10
5.1679649606299209
20
-4.5341424803149604
11
5.1724733464566928
21
-4.532639645669291
0
LINE
8
BLACK
6
CONTINUOUS
10
5.1724733464566928
20
-4.532639645669291
11
5.1753911417322831
21
-4.5297218110236219
0
LINE
8
BLACK
6
CONTINUOUS
10
5.1753911417322831
20
-4.5297218110236219
11
5.1769066535433073
21
-4.5266908267716532
0
LINE
8
BLACK
6
CONTINUOUS
10
5.1769066535433073
20
-4.5266908267716532
11
5.1786146850393697
21
-4.5198587795275591
0
LINE
8
BLACK
6
CONTINUOUS
10
5.1786146850393697
20
-4.5198587795275591
11
5.1786146850393697
21
-4.5149615748031495
0
LINE
8
BLACK
6
CONTINUOUS
10
5.1786146850393697
20
-4.5149615748031495
11
5.1769066535433073
21
-4.5081295275590554
0
LINE
8
BLACK
6
CONTINUOUS
10
5.1769066535433073
20
-4.5081295275590554
11
5.1753911811023618
21
-4.5050985433070867
0
LINE
8
BLACK
6
CONTINUOUS
10
5.1753911811023618
20
-4.5050985433070867
11
5.1724733464566928
21
-4.5021807086614176
0
LINE
8
BLACK
6
CONTINUOUS
10
5.1724733464566928
20
-4.5021807086614176
11
5.1679649606299209
21
-4.500677913385827
0
LINE
8
BLACK
6
CONTINUOUS
10
5.1679649606299209
20
-4.500677913385827
11
5.1651737007874017
21
-4.500677913385827
0
LINE
8
BLACK
6
CONTINUOUS
10
5.1651737007874017
20
-4.500677913385827
11
5.1606653149606299
21
-4.5021807086614176
0
LINE
8
BLACK
6
CONTINUOUS
10
5.1606653149606299
20
-4.5021807086614176
11
5.1592834251968505
21
-4.503562598425197
0
LINE
8
BLACK
6
CONTINUOUS
10
5.1592834251968505
20
-4.503562598425197
11
5.1588359842519687
21
-4.5039298031496058
0
LINE
8
BLACK
6
CONTINUOUS
10
5.1588359842519687
20
-4.5039298031496058
11
5.1577715354330707
21
-4.5043707086614173
0
LINE
8
BLACK
6
CONTINUOUS
10
5.1577715354330707
20
-4.5043707086614173
11
5.1566194881889764
21
-4.5043707086614173
0
LINE
8
BLACK
6
CONTINUOUS
10
5.1566194881889764
20
-4.5043707086614173
11
5.1555550393700784
21
-4.5039298031496058
0
LINE
8
BLACK
6
CONTINUOUS
10
5.1555550393700784
20
-4.5039298031496058
11
5.154740393700787
21
-4.5031151574803152
0
LINE
8
BLACK
6
CONTINUOUS
10
5.154740393700787
20
-4.5031151574803152
11
5.1542994881889763
21
-4.5020507086614172
0
LINE
8
BLACK
6
CONTINUOUS
10
5.1542994881889763
20
-4.5020507086614172
11
5.1542994881889763
21
-4.500898661417323
0
LINE
8
BLACK
6
CONTINUOUS
10
5.1542994881889763
20
-4.500898661417323
11
5.154740393700787
21
-4.499834212598425
0
LINE
8
BLACK
6
CONTINUOUS
10
5.154740393700787
20
-4.499834212598425
11
5.1551075984251966
21
-4.4993867716535432
0
LINE
8
BLACK
6
CONTINUOUS
10
5.1551075984251966
20
-4.4993867716535432
11
5.1569823622047242
21
-4.4975120078740156
0
LINE
8
BLACK
6
CONTINUOUS
10
5.1569823622047242
20
-4.4975120078740156
11
5.157429803149606
21
-4.497144803149606
0
LINE
8
BLACK
6
CONTINUOUS
10
5.157429803149606
20
-4.497144803149606
11
5.1575277559055115
21
-4.4971042125984253
0
LINE
8
BLACK
6
CONTINUOUS
10
5.1575277559055115
20
-4.4971042125984253
11
5.1576079527559058
21
-4.4970346850393703
0
LINE
8
BLACK
6
CONTINUOUS
10
5.1576079527559058
20
-4.4970346850393703
11
5.158136535433071
21
-4.4967987007874015
0
LINE
8
BLACK
6
CONTINUOUS
10
5.158136535433071
20
-4.4967987007874015
11
5.163760787401575
21
-4.494923937007874
0
LINE
8
BLACK
6
CONTINUOUS
10
5.163760787401575
20
-4.494923937007874
11
5.1640464173228349
21
-4.4948589763779525
0
LINE
8
BLACK
6
CONTINUOUS
10
5.1640464173228349
20
-4.4948589763779525
11
5.1641185039370079
21
-4.4948291338582678
0
LINE
8
BLACK
6
CONTINUOUS
10
5.1641185039370079
20
-4.4948291338582678
11
5.1642229527559058
21
-4.4948188188976381
0
LINE
8
BLACK
6
CONTINUOUS
10
5.1642229527559058
20
-4.4948188188976381
11
5.1643252362204723
21
-4.4947955905511812
0
LINE
8
BLACK
6
CONTINUOUS
10
5.1643252362204723
20
-4.4947955905511812
11
5.1644029527559052
21
-4.4948011023622048
0
LINE
8
BLACK
6
CONTINUOUS
10
5.1644029527559052
20
-4.4948011023622048
11
5.1646945669291338
21
-4.494772401574803
0
LINE
8
BLACK
6
CONTINUOUS
10
5.1646945669291338
20
-4.494772401574803
11
5.1684440944881889
21
-4.494772401574803
0
LINE
8
BLACK
6
CONTINUOUS
10
5.1684440944881889
20
-4.494772401574803
11
5.1687356299212599
21
-4.4948011023622048
0
LINE
8
BLACK
6
CONTINUOUS
10
5.2725259842519687
20
-4.4948291338582678
11
5.272623976377953
21
-4.4948697244094484
0
LINE
8
BLACK
6
CONTINUOUS
10
5.272623976377953
20
-4.4948697244094484
11
5.2727298031496064
21
-4.4948772440944884
0
LINE
8
BLACK
6
CONTINUOUS
10
5.2727298031496064
20
-4.4948772440944884
11
5.2732704330708664
21
-4.4950841338582679
0
LINE
8
BLACK
6
CONTINUOUS
10
5.2732704330708664
20
-4.4950841338582679
11
5.2770199606299215
21
-4.4969588976377954
0
LINE
8
BLACK
6
CONTINUOUS
10
5.2770199606299215
20
-4.4969588976377954
11
5.2772679527559054
21
-4.4971149606299212
0
LINE
8
BLACK
6
CONTINUOUS
10
5.2772679527559054
20
-4.4971149606299212
11
5.2773399212598422
21
-4.497144803149606
0
LINE
8
BLACK
6
CONTINUOUS
10
5.2773399212598422
20
-4.497144803149606
11
5.2774208661417319
21
-4.49721125984252
0
LINE
8
BLACK
6
CONTINUOUS
10
5.2774208661417319
20
-4.49721125984252
11
5.2775098425196854
21
-4.4972672440944885
0
LINE
8
BLACK
6
CONTINUOUS
10
5.2775098425196854
20
-4.4972672440944885
11
5.2775609842519682
21
-4.4973262204724405
0
LINE
8
BLACK
6
CONTINUOUS
10
5.2775609842519682
20
-4.4973262204724405
11
5.277787362204724
21
-4.4975120078740156
0
LINE
8
BLACK
6
CONTINUOUS
10
5.277787362204724
20
-4.4975120078740156
11
5.2796621259842516
21
-4.4993867716535432
0
LINE
8
BLACK
6
CONTINUOUS
10
5.2796621259842516
20
-4.4993867716535432
11
5.279847874015748
21
-4.4996131102362202
0
LINE
8
BLACK
6
CONTINUOUS
10
5.279847874015748
20
-4.4996131102362202
11
5.2799068897637795
21
-4.4996642913385827
0
LINE
8
BLACK
6
CONTINUOUS
10
5.2799068897637795
20
-4.4996642913385827
11
5.2799628346456693
21
-4.4997532283464565
0
LINE
8
BLACK
6
CONTINUOUS
10
5.2799628346456693
20
-4.4997532283464565
11
5.2800293307086612
21
-4.499834212598425
0
LINE
8
BLACK
6
CONTINUOUS
10
5.2800293307086612
20
-4.499834212598425
11
5.2800591338582672
21
-4.499906141732283
0
LINE
8
BLACK
6
CONTINUOUS
10
5.2800591338582672
20
-4.499906141732283
11
5.2802152362204726
21
-4.5001541732283465
0
LINE
8
BLACK
6
CONTINUOUS
10
5.2802152362204726
20
-4.5001541732283465
11
5.2820900000000002
21
-4.5039037007874017
0
LINE
8
BLACK
6
CONTINUOUS
10
5.2820900000000002
20
-4.5039037007874017
11
5.2821061023622047
21
-4.5039457874015749
0
LINE
8
BLACK
6
CONTINUOUS
10
5.2821061023622047
20
-4.5039457874015749
11
5.2821188188976373
21
-4.5039629527559057
0
LINE
8
BLACK
6
CONTINUOUS
10
5.2821188188976373
20
-4.5039629527559057
11
5.2822051181102365
21
-4.5042045275590548
0
LINE
8
BLACK
6
CONTINUOUS
10
5.2822051181102365
20
-4.5042045275590548
11
5.2822968897637796
21
-4.5044442913385829
0
LINE
8
BLACK
6
CONTINUOUS
10
5.2822968897637796
20
-4.5044442913385829
11
5.2822983858267714
21
-4.5044655511811023
0
LINE
8
BLACK
6
CONTINUOUS
10
5.2822983858267714
20
-4.5044655511811023
11
5.2823135826771654
21
-4.5045080708661418
0
LINE
8
BLACK
6
CONTINUOUS
10
5.2823135826771654
20
-4.5045080708661418
11
5.284188346456693
21
-4.512007125984252
0
LINE
8
BLACK
6
CONTINUOUS
10
5.284188346456693
20
-4.512007125984252
11
5.2842031102362199
21
-4.5121069685039368
0
LINE
8
BLACK
6
CONTINUOUS
10
5.2842031102362199
20
-4.5121069685039368
11
5.2842197637795278
21
-4.5121472047244096
0
LINE
8
BLACK
6
CONTINUOUS
10
5.2842197637795278
20
-4.5121472047244096
11
5.2842411023622047
21
-4.5123642125984249
0
LINE
8
BLACK
6
CONTINUOUS
10
5.2842411023622047
20
-4.5123642125984249
11
5.2842729921259846
21
-4.5125797244094485
0
LINE
8
BLACK
6
CONTINUOUS
10
5.2842729921259846
20
-4.5125797244094485
11
5.2842665748031497
21
-4.5126227165354331
0
LINE
8
BLACK
6
CONTINUOUS
10
5.2842665748031497
20
-4.5126227165354331
11
5.2842764960629918
21
-4.5127232677165354
0
LINE
8
BLACK
6
CONTINUOUS
10
5.2842764960629918
20
-4.5127232677165354
11
5.2842764960629918
21
-4.5220970866141732
0
LINE
8
BLACK
6
CONTINUOUS
10
5.2842764960629918
20
-4.5220970866141732
11
5.2842665748031497
21
-4.5221975984251968
0
LINE
8
BLACK
6
CONTINUOUS
10
5.2842665748031497
20
-4.5221975984251968
11
5.2842729921259846
21
-4.5222406299212601
0
LINE
8
BLACK
6
CONTINUOUS
10
5.2842729921259846
20
-4.5222406299212601
11
5.2842411023622047
21
-4.522456102362205
0
LINE
8
BLACK
6
CONTINUOUS
10
5.2842411023622047
20
-4.522456102362205
11
5.2842197637795278
21
-4.5226731496062991
0
LINE
8
BLACK
6
CONTINUOUS
10
5.2842197637795278
20
-4.5226731496062991
11
5.2842031102362199
21
-4.5227133464566931
0
LINE
8
BLACK
6
CONTINUOUS
10
5.2842031102362199
20
-4.5227133464566931
11
5.284188346456693
21
-4.5228132283464566
0
LINE
8
BLACK
6
CONTINUOUS
10
5.284188346456693
20
-4.5228132283464566
11
5.2823135826771654
21
-4.5303122834645668
0
LINE
8
BLACK
6
CONTINUOUS
10
5.2823135826771654
20
-4.5303122834645668
11
5.2822983858267714
21
-4.5303547637795276
0
LINE
8
BLACK
6
CONTINUOUS
10
5.2822983858267714
20
-4.5303547637795276
11
5.2822968897637796
21
-4.5303760629921257
0
LINE
8
BLACK
6
CONTINUOUS
10
5.2822968897637796
20
-4.5303760629921257
11
5.2822051181102365
21
-4.5306157874015751
0
LINE
8
BLACK
6
CONTINUOUS
10
5.2822051181102365
20
-4.5306157874015751
11
5.2821188188976373
21
-4.5308574015748029
0
LINE
8
BLACK
6
CONTINUOUS
10
5.2821188188976373
20
-4.5308574015748029
11
5.2821061023622047
21
-4.530874527559055
0
LINE
8
BLACK
6
CONTINUOUS
10
5.2821061023622047
20
-4.530874527559055
11
5.2820900000000002
21
-4.530916653543307
0
LINE
8
BLACK
6
CONTINUOUS
10
5.2820900000000002
20
-4.530916653543307
11
5.2802152362204726
21
-4.5346661811023621
0
LINE
8
BLACK
6
CONTINUOUS
10
5.2802152362204726
20
-4.5346661811023621
11
5.2800591732283459
21
-4.5349140551181097
0
LINE
8
BLACK
6
CONTINUOUS
10
5.2800591732283459
20
-4.5349140551181097
11
5.28002937007874
21
-4.5349861023622049
0
LINE
8
BLACK
6
CONTINUOUS
10
5.28002937007874
20
-4.5349861023622049
11
5.2799628346456693
21
-4.5350671259842521
0
LINE
8
BLACK
6
CONTINUOUS
10
5.2799628346456693
20
-4.5350671259842521
11
5.2799068897637795
21
-4.5351560629921259
0
LINE
8
BLACK
6
CONTINUOUS
10
5.2799068897637795
20
-4.5351560629921259
11
5.279847874015748
21
-4.5352072047244096
0
LINE
8
BLACK
6
CONTINUOUS
10
5.279847874015748
20
-4.5352072047244096
11
5.2796621259842516
21
-4.5354335826771655
0
LINE
8
BLACK
6
CONTINUOUS
10
5.2796621259842516
20
-4.5354335826771655
11
5.2777874015748028
21
-4.537308346456693
0
LINE
8
BLACK
6
CONTINUOUS
10
5.2777874015748028
20
-4.537308346456693
11
5.2775610236220469
21
-4.5374940944881885
0
LINE
8
BLACK
6
CONTINUOUS
10
5.2775610236220469
20
-4.5374940944881885
11
5.2775098425196854
21
-4.5375531496062989
0
LINE
8
BLACK
6
CONTINUOUS
10
5.2775098425196854
20
-4.5375531496062989
11
5.2774208661417319
21
-4.5376091338582674
0
LINE
8
BLACK
6
CONTINUOUS
10
5.2774208661417319
20
-4.5376091338582674
11
5.2773399212598422
21
-4.5376755905511814
0
LINE
8
BLACK
6
CONTINUOUS
10
5.2773399212598422
20
-4.5376755905511814
11
5.2772679527559054
21
-4.5377053937007874
0
LINE
8
BLACK
6
CONTINUOUS
10
5.2772679527559054
20
-4.5377053937007874
11
5.2770199606299215
21
-4.5378614960629919
0
LINE
8
BLACK
6
CONTINUOUS
10
5.2770199606299215
20
-4.5378614960629919
11
5.2732704330708664
21
-4.5397362598425195
0
LINE
8
BLACK
6
CONTINUOUS
10
5.2732704330708664
20
-4.5397362598425195
11
5.2727298031496064
21
-4.539943149606299
0
LINE
8
BLACK
6
CONTINUOUS
10
5.2727298031496064
20
-4.539943149606299
11
5.272623976377953
21
-4.5399506299212593
0
LINE
8
BLACK
6
CONTINUOUS
10
5.272623976377953
20
-4.5399506299212593
11
5.2725259842519687
21
-4.5399912598425196
0
LINE
8
BLACK
6
CONTINUOUS
10
5.2725259842519687
20
-4.5399912598425196
11
5.271949921259842
21
-4.5400479921259844
0
LINE
8
BLACK
6
CONTINUOUS
10
5.271949921259842
20
-4.5400479921259844
11
5.2682003937007869
21
-4.5400479921259844
0
LINE
8
BLACK
6
CONTINUOUS
10
5.2682003937007869
20
-4.5400479921259844
11
5.267624330708661
21
-4.5399912598425196
0
LINE
8
BLACK
6
CONTINUOUS
10
5.267624330708661
20
-4.5399912598425196
11
5.2675263385826767
21
-4.5399506692913381
0
LINE
8
BLACK
6
CONTINUOUS
10
5.2675263385826767
20
-4.5399506692913381
11
5.2674204724409446
21
-4.539943149606299
0
LINE
8
BLACK
6
CONTINUOUS
10
5.2674204724409446
20
-4.539943149606299
11
5.2668798818897633
21
-4.5397362598425195
0
LINE
8
BLACK
6
CONTINUOUS
10
5.2668798818897633
20
-4.5397362598425195
11
5.2631303543307082
21
-4.5378614960629919
0
LINE
8
BLACK
6
CONTINUOUS
10
5.2631303543307082
20
-4.5378614960629919
11
5.2628823228346455
21
-4.5377053937007874
0
LINE
8
BLACK
6
CONTINUOUS
10
5.2628823228346455
20
-4.5377053937007874
11
5.2628103937007875
21
-4.5376755905511814
0
LINE
8
BLACK
6
CONTINUOUS
10
5.2628103937007875
20
-4.5376755905511814
11
5.2627294094488191
21
-4.5376091338582674
0
LINE
8
BLACK
6
CONTINUOUS
10
5.2627294094488191
20
-4.5376091338582674
11
5.2626404724409444
21
-4.5375531496062989
0
LINE
8
BLACK
6
CONTINUOUS
10
5.2626404724409444
20
-4.5375531496062989
11
5.262589251968504
21
-4.5374940944881885
0
LINE
8
BLACK
6
CONTINUOUS
10
5.262589251968504
20
-4.5374940944881885
11
5.262362913385827
21
-4.537308346456693
0
LINE
8
BLACK
6
CONTINUOUS
10
5.262362913385827
20
-4.537308346456693
11
5.2604881496062994
21
-4.5354335433070867
0
LINE
8
BLACK
6
CONTINUOUS
10
5.2604881496062994
20
-4.5354335433070867
11
5.260302401574803
21
-4.5352072047244096
0
LINE
8
BLACK
6
CONTINUOUS
10
5.260302401574803
20
-4.5352072047244096
11
5.2602434251968502
21
-4.5351560629921259
0
LINE
8
BLACK
6
CONTINUOUS
10
5.2602434251968502
20
-4.5351560629921259
11
5.2601874409448817
21
-4.5350671259842521
0
LINE
8
BLACK
6
CONTINUOUS
10
5.2601874409448817
20
-4.5350671259842521
11
5.2601209448818897
21
-4.5349861023622049
0
LINE
8
BLACK
6
CONTINUOUS
10
5.2601209448818897
20
-4.5349861023622049
11
5.260091102362205
21
-4.5349140551181097
0
LINE
8
BLACK
6
CONTINUOUS
10
5.260091102362205
20
-4.5349140551181097
11
5.2599350787401571
21
-4.5346661811023621
0
LINE
8
BLACK
6
CONTINUOUS
10
5.2599350787401571
20
-4.5346661811023621
11
5.2580603149606295
21
-4.530916653543307
0
LINE
8
BLACK
6
CONTINUOUS
10
5.2580603149606295
20
-4.530916653543307
11
5.2580441732283463
21
-4.530874527559055
0
LINE
8
BLACK
6
CONTINUOUS
10
5.2580441732283463
20
-4.530874527559055
11
5.2580314960629924
21
-4.5308574015748029
0
LINE
8
BLACK
6
CONTINUOUS
10
5.2580314960629924
20
-4.5308574015748029
11
5.2579450393700782
21
-4.5306154330708663
0
LINE
8
BLACK
6
CONTINUOUS
10
5.2579450393700782
20
-4.5306154330708663
11
5.2578534251968501
21
-4.5303760236220469
0
LINE
8
BLACK
6
CONTINUOUS
10
5.2578534251968501
20
-4.5303760236220469
11
5.2578518897637796
21
-4.5303547637795276
0
LINE
8
BLACK
6
CONTINUOUS
10
5.2578518897637796
20
-4.5303547637795276
11
5.2578367322834643
21
-4.5303122834645668
0
LINE
8
BLACK
6
CONTINUOUS
10
5.2578367322834643
20
-4.5303122834645668
11
5.2559619685039367
21
-4.5228132283464566
0
LINE
8
BLACK
6
CONTINUOUS
10
5.2559619685039367
20
-4.5228132283464566
11
5.2559471653543302
21
-4.5227133464566931
0
LINE
8
BLACK
6
CONTINUOUS
10
5.2559471653543302
20
-4.5227133464566931
11
5.2559305511811019
21
-4.5226731496062991
0
LINE
8
BLACK
6
CONTINUOUS
10
5.2559305511811019
20
-4.5226731496062991
11
5.2559091732283463
21
-4.522456102362205
0
LINE
8
BLACK
6
CONTINUOUS
10
5.2559091732283463
20
-4.522456102362205
11
5.2558773228346451
21
-4.5222406299212601
0
LINE
8
BLACK
6
CONTINUOUS
10
5.2558773228346451
20
-4.5222406299212601
11
5.2558837007874013
21
-4.5221975984251968
0
LINE
8
BLACK
6
CONTINUOUS
10
5.2558837007874013
20
-4.5221975984251968
11
5.2558738188976379
21
-4.5220970866141732
0
LINE
8
BLACK
6
CONTINUOUS
10
5.2558738188976379
20
-4.5220970866141732
11
5.2558738188976379
21
-4.5127232677165354
0
LINE
8
BLACK
6
CONTINUOUS
10
5.2558738188976379
20
-4.5127232677165354
11
5.2558837007874013
21
-4.5126227165354331
0
LINE
8
BLACK
6
CONTINUOUS
10
5.2558837007874013
20
-4.5126227165354331
11
5.2558773228346451
21
-4.5125797244094485
0
LINE
8
BLACK
6
CONTINUOUS
10
5.2558773228346451
20
-4.5125797244094485
11
5.2559091732283463
21
-4.5123642125984249
0
LINE
8
BLACK
6
CONTINUOUS
10
5.2559091732283463
20
-4.5123642125984249
11
5.2559305511811019
21
-4.5121472047244096
0
LINE
8
BLACK
6
CONTINUOUS
10
5.2559305511811019
20
-4.5121472047244096
11
5.2559471653543302
21
-4.5121069685039368
0
LINE
8
BLACK
6
CONTINUOUS
10
5.2559471653543302
20
-4.5121069685039368
11
5.2559619685039367
21
-4.512007125984252
0
LINE
8
BLACK
6
CONTINUOUS
10
5.2559619685039367
20
-4.512007125984252
11
5.2578367322834643
21
-4.5045080708661418
0
LINE
8
BLACK
6
CONTINUOUS
10
5.2578367322834643
20
-4.5045080708661418
11
5.2578518897637796
21
-4.5044655511811023
0
LINE
8
BLACK
6
CONTINUOUS
10
5.2578518897637796
20
-4.5044655511811023
11
5.2578534251968501
21
-4.5044443307086617
0
LINE
8
BLACK
6
CONTINUOUS
10
5.2578534251968501
20
-4.5044443307086617
11
5.2579450393700782
21
-4.5042048818897635
0
LINE
8
BLACK
6
CONTINUOUS
10
5.2579450393700782
20
-4.5042048818897635
11
5.2580314960629924
21
-4.5039629527559057
0
LINE
8
BLACK
6
CONTINUOUS
10
5.2580314960629924
20
-4.5039629527559057
11
5.2580441732283463
21
-4.5039457874015749
0
LINE
8
BLACK
6
CONTINUOUS
10
5.2580441732283463
20
-4.5039457874015749
11
5.2580603149606295
21
-4.5039037007874017
0
LINE
8
BLACK
6
CONTINUOUS
10
5.2580603149606295
20
-4.5039037007874017
11
5.2599350787401571
21
-4.5001541732283465
0
LINE
8
BLACK
6
CONTINUOUS
10
5.2599350787401571
20
-4.5001541732283465
11
5.2600911417322838
21
-4.499906141732283
0
LINE
8
BLACK
6
CONTINUOUS
10
5.2600911417322838
20
-4.499906141732283
11
5.2601209842519685
21
-4.499834212598425
0
LINE
8
BLACK
6
CONTINUOUS
10
5.2601209842519685
20
-4.499834212598425
11
5.2601874409448817
21
-4.4997532283464565
0
LINE
8
BLACK
6
CONTINUOUS
10
5.2601874409448817
20
-4.4997532283464565
11
5.2602434251968502
21
-4.4996642913385827
0
LINE
8
BLACK
6
CONTINUOUS
10
5.2602434251968502
20
-4.4996642913385827
11
5.260302401574803
21
-4.4996131102362202
0
LINE
8
BLACK
6
CONTINUOUS
10
5.260302401574803
20
-4.4996131102362202
11
5.2604881889763782
21
-4.4993867716535432
0
LINE
8
BLACK
6
CONTINUOUS
10
5.2604881889763782
20
-4.4993867716535432
11
5.2623629527559057
21
-4.4975120078740156
0
LINE
8
BLACK
6
CONTINUOUS
10
5.2623629527559057
20
-4.4975120078740156
11
5.2625892913385828
21
-4.4973262204724405
0
LINE
8
BLACK
6
CONTINUOUS
10
5.2625892913385828
20
-4.4973262204724405
11
5.2626404724409444
21
-4.4972672440944885
0
LINE
8
BLACK
6
CONTINUOUS
10
5.2626404724409444
20
-4.4972672440944885
11
5.2627294094488191
21
-4.49721125984252
0
LINE
8
BLACK
6
CONTINUOUS
10
5.2627294094488191
20
-4.49721125984252
11
5.2628103937007875
21
-4.497144803149606
0
LINE
8
BLACK
6
CONTINUOUS
10
5.2628103937007875
20
-4.497144803149606
11
5.2628823228346455
21
-4.4971149606299212
0
LINE
8
BLACK
6
CONTINUOUS
10
5.2628823228346455
20
-4.4971149606299212
11
5.2631303543307082
21
-4.4969588976377954
0
LINE
8
BLACK
6
CONTINUOUS
10
5.2631303543307082
20
-4.4969588976377954
11
5.2668798818897633
21
-4.4950841338582679
0
LINE
8
BLACK
6
CONTINUOUS
10
5.2668798818897633
20
-4.4950841338582679
11
5.2674204724409446
21
-4.4948772440944884
0
LINE
8
BLACK
6
CONTINUOUS
10
5.2674204724409446
20
-4.4948772440944884
11
5.2675263385826767
21
-4.4948696850393697
0
LINE
8
BLACK
6
CONTINUOUS
10
5.2675263385826767
20
-4.4948696850393697
11
5.267624330708661
21
-4.4948291338582678
0
LINE
8
BLACK
6
CONTINUOUS
10
5.267624330708661
20
-4.4948291338582678
11
5.2682003937007869
21
-4.494772401574803
0
LINE
8
BLACK
6
CONTINUOUS
10
5.2682003937007869
20
-4.494772401574803
11
5.271949921259842
21
-4.494772401574803
0
LINE
8
BLACK
6
CONTINUOUS
10
5.271949921259842
20
-4.494772401574803
11
5.2725259842519687
21
-4.4948291338582678
0
LINE
8
BLACK
6
CONTINUOUS
10
5.2661999606299208
20
-4.5020266535433073
11
5.265002834645669
21
-4.5032237795275591
0
LINE
8
BLACK
6
CONTINUOUS
10
5.265002834645669
20
-4.5032237795275591
11
5.2634873228346457
21
-4.5062547637795278
0
LINE
8
BLACK
6
CONTINUOUS
10
5.2634873228346457
20
-4.5062547637795278
11
5.2617793307086611
21
-4.513086811023622
0
LINE
8
BLACK
6
CONTINUOUS
10
5.2617793307086611
20
-4.513086811023622
11
5.2617793307086611
21
-4.5217335433070867
0
LINE
8
BLACK
6
CONTINUOUS
10
5.2617793307086611
20
-4.5217335433070867
11
5.2634873228346457
21
-4.5285655905511808
0
LINE
8
BLACK
6
CONTINUOUS
10
5.2634873228346457
20
-4.5285655905511808
11
5.265002834645669
21
-4.5315965748031495
0
LINE
8
BLACK
6
CONTINUOUS
10
5.265002834645669
20
-4.5315965748031495
11
5.2661999606299208
21
-4.53279374015748
0
LINE
8
BLACK
6
CONTINUOUS
10
5.2661999606299208
20
-4.53279374015748
11
5.2688974409448814
21
-4.5341424803149604
0
LINE
8
BLACK
6
CONTINUOUS
10
5.2688974409448814
20
-4.5341424803149604
11
5.2712528740157483
21
-4.5341424803149604
0
LINE
8
BLACK
6
CONTINUOUS
10
5.2712528740157483
20
-4.5341424803149604
11
5.2739503149606302
21
-4.53279374015748
0
LINE
8
BLACK
6
CONTINUOUS
10
5.2739503149606302
20
-4.53279374015748
11
5.275147440944882
21
-4.5315965748031495
0
LINE
8
BLACK
6
CONTINUOUS
10
5.275147440944882
20
-4.5315965748031495
11
5.2766629527559052
21
-4.5285655905511808
0
LINE
8
BLACK
6
CONTINUOUS
10
5.2766629527559052
20
-4.5285655905511808
11
5.2783709842519686
21
-4.5217335433070867
0
LINE
8
BLACK
6
CONTINUOUS
10
5.2783709842519686
20
-4.5217335433070867
11
5.2783709842519686
21
-4.513086811023622
0
LINE
8
BLACK
6
CONTINUOUS
10
5.2783709842519686
20
-4.513086811023622
11
5.2766629527559052
21
-4.5062547637795278
0
LINE
8
BLACK
6
CONTINUOUS
10
5.2766629527559052
20
-4.5062547637795278
11
5.2751474803149607
21
-4.5032237795275591
0
LINE
8
BLACK
6
CONTINUOUS
10
5.2751474803149607
20
-4.5032237795275591
11
5.2739503543307089
21
-4.5020266535433073
0
LINE
8
BLACK
6
CONTINUOUS
10
5.2739503543307089
20
-4.5020266535433073
11
5.2712528740157483
21
-4.500677913385827
0
LINE
8
BLACK
6
CONTINUOUS
10
5.2712528740157483
20
-4.500677913385827
11
5.2688974409448814
21
-4.500677913385827
0
LINE
8
BLACK
6
CONTINUOUS
10
5.2688974409448814
20
-4.500677913385827
11
5.2661999606299208
21
-4.5020266535433073
0
LINE
8
BLACK
6
CONTINUOUS
10
5.3453573228346452
20
-4.4948011023622048
11
5.3454350787401577
21
-4.4947955905511812
0
LINE
8
BLACK
6
CONTINUOUS
10
5.3454350787401577
20
-4.4947955905511812
11
5.3455373228346454
21
-4.4948188188976381
0
LINE
8
BLACK
6
CONTINUOUS
10
5.3455373228346454
20
-4.4948188188976381
11
5.3456418503937009
21
-4.4948291338582678
0
LINE
8
BLACK
6
CONTINUOUS
10
5.3456418503937009
20
-4.4948291338582678
11
5.3457139370078739
21
-4.4948589763779525
0
LINE
8
BLACK
6
CONTINUOUS
10
5.3457139370078739
20
-4.4948589763779525
11
5.3459995275590551
21
-4.494923937007874
0
LINE
8
BLACK
6
CONTINUOUS
10
5.3459995275590551
20
-4.494923937007874
11
5.3516238188976377
21
-4.4967987007874015
0
LINE
8
BLACK
6
CONTINUOUS
10
5.3516238188976377
20
-4.4967987007874015
11
5.3521523622047242
21
-4.4970346850393703
0
LINE
8
BLACK
6
CONTINUOUS
10
5.3521523622047242
20
-4.4970346850393703
11
5.3522324803149601
21
-4.4971041732283465
0
LINE
8
BLACK
6
CONTINUOUS
10
5.3522324803149601
20
-4.4971041732283465
11
5.3523305511811019
21
-4.497144803149606
0
LINE
8
BLACK
6
CONTINUOUS
10
5.3523305511811019
20
-4.497144803149606
11
5.3527779921259837
21
-4.4975120078740156
0
LINE
8
BLACK
6
CONTINUOUS
10
5.3527779921259837
20
-4.4975120078740156
11
5.3565275196850388
21
-4.5012615354330707
0
LINE
8
BLACK
6
CONTINUOUS
10
5.3565275196850388
20
-4.5012615354330707
11
5.3567133464566927
21
-4.5014879133858265
0
LINE
8
BLACK
6
CONTINUOUS
10
5.3567133464566927
20
-4.5014879133858265
11
5.3567722834645668
21
-4.5015390551181103
0
LINE
8
BLACK
6
CONTINUOUS
10
5.3567722834645668
20
-4.5015390551181103
11
5.356828149606299
21
-4.5016277952755903
0
LINE
8
BLACK
6
CONTINUOUS
10
5.356828149606299
20
-4.5016277952755903
11
5.3568947637795272
21
-4.5017089763779525
0
LINE
8
BLACK
6
CONTINUOUS
10
5.3568947637795272
20
-4.5017089763779525
11
5.3569246062992129
21
-4.5017811023622043
0
LINE
8
BLACK
6
CONTINUOUS
10
5.3569246062992129
20
-4.5017811023622043
11
5.3570806299212599
21
-4.5020289370078741
0
LINE
8
BLACK
6
CONTINUOUS
10
5.3570806299212599
20
-4.5020289370078741
11
5.3589553937007874
21
-4.5057784645669292
0
LINE
8
BLACK
6
CONTINUOUS
10
5.3589553937007874
20
-4.5057784645669292
11
5.3589714960629919
21
-4.5058205511811025
0
LINE
8
BLACK
6
CONTINUOUS
10
5.3589714960629919
20
-4.5058205511811025
11
5.3589842125984255
21
-4.5058377165354333
0
LINE
8
BLACK
6
CONTINUOUS
10
5.3589842125984255
20
-4.5058377165354333
11
5.3590702755905513
21
-4.5060786220472444
0
LINE
8
BLACK
6
CONTINUOUS
10
5.3590702755905513
20
-4.5060786220472444
11
5.3591622834645669
21
-4.5063190551181105
0
LINE
8
BLACK
6
CONTINUOUS
10
5.3591622834645669
20
-4.5063190551181105
11
5.3591637795275586
21
-4.5063403149606298
0
LINE
8
BLACK
6
CONTINUOUS
10
5.3591637795275586
20
-4.5063403149606298
11
5.3591789763779527
21
-4.5063828346456694
0
LINE
8
BLACK
6
CONTINUOUS
10
5.3591789763779527
20
-4.5063828346456694
11
5.3610537401574803
21
-4.5138818897637796
0
LINE
8
BLACK
6
CONTINUOUS
10
5.3610537401574803
20
-4.5138818897637796
11
5.3610685039370081
21
-4.5139817322834643
0
LINE
8
BLACK
6
CONTINUOUS
10
5.3610685039370081
20
-4.5139817322834643
11
5.3610851574803151
21
-4.5140219685039371
0
LINE
8
BLACK
6
CONTINUOUS
10
5.3610851574803151
20
-4.5140219685039371
11
5.3611064960629919
21
-4.5142389763779525
0
LINE
8
BLACK
6
CONTINUOUS
10
5.3611064960629919
20
-4.5142389763779525
11
5.3611383858267718
21
-4.5144544881889761
0
LINE
8
BLACK
6
CONTINUOUS
10
5.3611383858267718
20
-4.5144544881889761
11
5.3611319685039369
21
-4.5144974803149607
0
LINE
8
BLACK
6
CONTINUOUS
10
5.3611319685039369
20
-4.5144974803149607
11
5.361141889763779
21
-4.514598031496063
0
LINE
8
BLACK
6
CONTINUOUS
10
5.361141889763779
20
-4.514598031496063
11
5.361141889763779
21
-4.5202223228346456
0
LINE
8
BLACK
6
CONTINUOUS
10
5.361141889763779
20
-4.5202223228346456
11
5.3611319685039369
21
-4.5203228346456692
0
LINE
8
BLACK
6
CONTINUOUS
10
5.3611319685039369
20
-4.5203228346456692
11
5.3611383858267718
21
-4.5203658661417325
0
LINE
8
BLACK
6
CONTINUOUS
10
5.3611383858267718
20
-4.5203658661417325
11
5.3611064960629919
21
-4.5205813385826774
0
LINE
8
BLACK
6
CONTINUOUS
10
5.3611064960629919
20
-4.5205813385826774
11
5.3610851574803151
21
-4.5207983858267715
0
LINE
8
BLACK
6
CONTINUOUS
10
5.3610851574803151
20
-4.5207983858267715
11
5.3610685039370081
21
-4.5208385826771655
0
LINE
8
BLACK
6
CONTINUOUS
10
5.3610685039370081
20
-4.5208385826771655
11
5.3610537401574803
21
-4.520938464566929
0
LINE
8
BLACK
6
CONTINUOUS
10
5.3610537401574803
20
-4.520938464566929
11
5.3591789763779527
21
-4.5284375196850393
0
LINE
8
BLACK
6
CONTINUOUS
10
5.3591789763779527
20
-4.5284375196850393
11
5.3591637795275586
21
-4.5284800000000001
0
LINE
8
BLACK
6
CONTINUOUS
10
5.3591637795275586
20
-4.5284800000000001
11
5.3591622834645669
21
-4.5285012992125981
0
LINE
8
BLACK
6
CONTINUOUS
10
5.3591622834645669
20
-4.5285012992125981
11
5.3590705118110238
21
-4.5287410236220476
0
LINE
8
BLACK
6
CONTINUOUS
10
5.3590705118110238
20
-4.5287410236220476
11
5.3589842125984255
21
-4.5289826377952753
0
LINE
8
BLACK
6
CONTINUOUS
10
5.3589842125984255
20
-4.5289826377952753
11
5.3589714960629919
21
-4.5289997637795274
0
LINE
8
BLACK
6
CONTINUOUS
10
5.3589714960629919
20
-4.5289997637795274
11
5.3589553937007874
21
-4.5290418897637794
0
LINE
8
BLACK
6
CONTINUOUS
10
5.3589553937007874
20
-4.5290418897637794
11
5.3570806299212599
21
-4.5327914173228345
0
LINE
8
BLACK
6
CONTINUOUS
10
5.3570806299212599
20
-4.5327914173228345
11
5.3569245669291341
21
-4.5330392913385822
0
LINE
8
BLACK
6
CONTINUOUS
10
5.3569245669291341
20
-4.5330392913385822
11
5.3568947637795272
21
-4.5331113385826773
0
LINE
8
BLACK
6
CONTINUOUS
10
5.3568947637795272
20
-4.5331113385826773
11
5.3568282283464566
21
-4.5331923622047245
0
LINE
8
BLACK
6
CONTINUOUS
10
5.3568282283464566
20
-4.5331923622047245
11
5.3567722834645668
21
-4.5332812992125984
0
LINE
8
BLACK
6
CONTINUOUS
10
5.3567722834645668
20
-4.5332812992125984
11
5.3567132677165352
21
-4.5333324409448821
0
LINE
8
BLACK
6
CONTINUOUS
10
5.3567132677165352
20
-4.5333324409448821
11
5.3565275590551176
21
-4.5335587795275591
0
LINE
8
BLACK
6
CONTINUOUS
10
5.3565275590551176
20
-4.5335587795275591
11
5.3527779921259837
21
-4.5373083858267718
0
LINE
8
BLACK
6
CONTINUOUS
10
5.3527779921259837
20
-4.5373083858267718
11
5.3523305511811019
21
-4.5376755905511814
0
LINE
8
BLACK
6
CONTINUOUS
10
5.3523305511811019
20
-4.5376755905511814
11
5.3522324803149601
21
-4.5377161811023621
0
LINE
8
BLACK
6
CONTINUOUS
10
5.3522324803149601
20
-4.5377161811023621
11
5.3521523622047242
21
-4.5377857086614171
0
LINE
8
BLACK
6
CONTINUOUS
10
5.3521523622047242
20
-4.5377857086614171
11
5.3516238188976377
21
-4.5380216929133859
0
LINE
8
BLACK
6
CONTINUOUS
10
5.3516238188976377
20
-4.5380216929133859
11
5.3459995275590551
21
-4.5398964566929134
0
LINE
8
BLACK
6
CONTINUOUS
10
5.3459995275590551
20
-4.5398964566929134
11
5.3457139370078739
21
-4.5399613779527561
0
LINE
8
BLACK
6
CONTINUOUS
10
5.3457139370078739
20
-4.5399613779527561
11
5.3456418503937009
21
-4.5399912598425196
0
LINE
8
BLACK
6
CONTINUOUS
10
5.3456418503937009
20
-4.5399912598425196
11
5.3455373228346454
21
-4.5400015354330705
0
LINE
8
BLACK
6
CONTINUOUS
10
5.3455373228346454
20
-4.5400015354330705
11
5.3454350787401577
21
-4.5400248031496062
0
LINE
8
BLACK
6
CONTINUOUS
10
5.3454350787401577
20
-4.5400248031496062
11
5.3453573228346452
21
-4.5400192519685039
0
LINE
8
BLACK
6
CONTINUOUS
10
5.3453573228346452
20
-4.5400192519685039
11
5.345065787401575
21
-4.5400479921259844
0
LINE
8
BLACK
6
CONTINUOUS
10
5.345065787401575
20
-4.5400479921259844
11
5.3413162598425199
21
-4.5400479921259844
0
LINE
8
BLACK
6
CONTINUOUS
10
5.3413162598425199
20
-4.5400479921259844
11
5.3410246456692914
21
-4.5400192519685039
0
LINE
8
BLACK
6
CONTINUOUS
10
5.3410246456692914
20
-4.5400192519685039
11
5.3409469291338585
21
-4.5400248031496062
0
LINE
8
BLACK
6
CONTINUOUS
10
5.3409469291338585
20
-4.5400248031496062
11
5.3408446456692911
21
-4.5400015354330705
0
LINE
8
BLACK
6
CONTINUOUS
10
5.3408446456692911
20
-4.5400015354330705
11
5.3407401968503931
21
-4.5399912598425196
0
LINE
8
BLACK
6
CONTINUOUS
10
5.3407401968503931
20
-4.5399912598425196
11
5.3406681102362201
21
-4.5399613779527561
0
LINE
8
BLACK
6
CONTINUOUS
10
5.3406681102362201
20
-4.5399613779527561
11
5.3403824803149602
21
-4.5398964566929134
0
LINE
8
BLACK
6
CONTINUOUS
10
5.3403824803149602
20
-4.5398964566929134
11
5.3347582283464563
21
-4.5380216929133859
0
LINE
8
BLACK
6
CONTINUOUS
10
5.3347582283464563
20
-4.5380216929133859
11
5.334229645669291
21
-4.5377857086614171
0
LINE
8
BLACK
6
CONTINUOUS
10
5.334229645669291
20
-4.5377857086614171
11
5.3341494488188976
21
-4.5377161417322833
0
LINE
8
BLACK
6
CONTINUOUS
10
5.3341494488188976
20
-4.5377161417322833
11
5.3340514960629921
21
-4.5376755905511814
0
LINE
8
BLACK
6
CONTINUOUS
10
5.3340514960629921
20
-4.5376755905511814
11
5.3336040157480316
21
-4.537308346456693
0
LINE
8
BLACK
6
CONTINUOUS
10
5.3336040157480316
20
-4.537308346456693
11
5.331729251968504
21
-4.5354335433070867
0
LINE
8
BLACK
6
CONTINUOUS
10
5.331729251968504
20
-4.5354335433070867
11
5.3313620472440943
21
-4.5349861023622049
0
LINE
8
BLACK
6
CONTINUOUS
10
5.3313620472440943
20
-4.5349861023622049
11
5.3309211811023625
21
-4.5339216929133856
0
LINE
8
BLACK
6
CONTINUOUS
10
5.3309211811023625
20
-4.5339216929133856
11
5.3309211811023625
21
-4.5327696062992127
0
LINE
8
BLACK
6
CONTINUOUS
10
5.3309211811023625
20
-4.5327696062992127
11
5.3313620866141731
21
-4.5317051968503934
0
LINE
8
BLACK
6
CONTINUOUS
10
5.3313620866141731
20
-4.5317051968503934
11
5.3321767716535433
21
-4.5308905118110232
0
LINE
8
BLACK
6
CONTINUOUS
10
5.3321767716535433
20
-4.5308905118110232
11
5.3332411811023617
21
-4.5304496456692913
0
LINE
8
BLACK
6
CONTINUOUS
10
5.3332411811023617
20
-4.5304496456692913
11
5.3343932677165355
21
-4.5304496456692913
0
LINE
8
BLACK
6
CONTINUOUS
10
5.3343932677165355
20
-4.5304496456692913
11
5.3354576771653539
21
-4.530890551181102
0
LINE
8
BLACK
6
CONTINUOUS
10
5.3354576771653539
20
-4.530890551181102
11
5.3359051574803145
21
-4.5312577952755904
0
LINE
8
BLACK
6
CONTINUOUS
10
5.3359051574803145
20
-4.5312577952755904
11
5.337287007874016
21
-4.5326396850393698
0
LINE
8
BLACK
6
CONTINUOUS
10
5.337287007874016
20
-4.5326396850393698
11
5.3417953937007869
21
-4.5341424803149604
0
LINE
8
BLACK
6
CONTINUOUS
10
5.3417953937007869
20
-4.5341424803149604
11
5.3445866535433071
21
-4.5341424803149604
0
LINE
8
BLACK
6
CONTINUOUS
10
5.3445866535433071
20
-4.5341424803149604
11
5.3490950393700789
21
-4.532639645669291
0
LINE
8
BLACK
6
CONTINUOUS
10
5.3490950393700789
20
-4.532639645669291
11
5.3520128346456692
21
-4.5297218110236219
0
LINE
8
BLACK
6
CONTINUOUS
10
5.3520128346456692
20
-4.5297218110236219
11
5.3535283464566925
21
-4.5266908267716532
0
LINE
8
BLACK
6
CONTINUOUS
10
5.3535283464566925
20
-4.5266908267716532
11
5.3552363779527559
21
-4.5198587795275591
0
LINE
8
BLACK
6
CONTINUOUS
10
5.3552363779527559
20
-4.5198587795275591
11
5.3552363779527559
21
-4.5149615748031495
0
LINE
8
BLACK
6
CONTINUOUS
10
5.3552363779527559
20
-4.5149615748031495
11
5.3535283464566925
21
-4.5081295275590554
0
LINE
8
BLACK
6
CONTINUOUS
10
5.3535283464566925
20
-4.5081295275590554
11
5.352012874015748
21
-4.5050985433070867
0
LINE
8
BLACK
6
CONTINUOUS
10
5.352012874015748
20
-4.5050985433070867
11
5.3490950393700789
21
-4.5021807086614176
0
LINE
8
BLACK
6
CONTINUOUS
10
5.3490950393700789
20
-4.5021807086614176
11
5.3445866535433071
21
-4.500677913385827
0
LINE
8
BLACK
6
CONTINUOUS
10
5.3445866535433071
20
-4.500677913385827
11
5.3417953937007869
21
-4.500677913385827
0
LINE
8
BLACK
6
CONTINUOUS
10
5.3417953937007869
20
-4.500677913385827
11
5.337287007874016
21
-4.5021807086614176
0
LINE
8
BLACK
6
CONTINUOUS
10
5.337287007874016
20
-4.5021807086614176
11
5.3359051181102357
21
-4.503562598425197
0
LINE
8
BLACK
6
CONTINUOUS
10
5.3359051181102357
20
-4.503562598425197
11
5.3354576771653539
21
-4.5039298031496058
0
LINE
8
BLACK
6
CONTINUOUS
10
5.3354576771653539
20
-4.5039298031496058
11
5.3343932283464568
21
-4.5043707086614173
0
LINE
8
BLACK
6
CONTINUOUS
10
5.3343932283464568
20
-4.5043707086614173
11
5.3332411811023617
21
-4.5043707086614173
0
LINE
8
BLACK
6
CONTINUOUS
10
5.3332411811023617
20
-4.5043707086614173
11
5.3321767322834646
21
-4.5039298031496058
0
LINE
8
BLACK
6
CONTINUOUS
10
5.3321767322834646
20
-4.5039298031496058
11
5.3313620866141731
21
-4.5031151574803152
0
LINE
8
BLACK
6
CONTINUOUS
10
5.3313620866141731
20
-4.5031151574803152
11
5.3309211811023625
21
-4.5020507086614172
0
LINE
8
BLACK
6
CONTINUOUS
10
5.3309211811023625
20
-4.5020507086614172
11
5.3309211811023625
21
-4.500898661417323
0
LINE
8
BLACK
6
CONTINUOUS
10
5.3309211811023625
20
-4.500898661417323
11
5.3313620866141731
21
-4.499834212598425
0
LINE
8
BLACK
6
CONTINUOUS
10
5.3313620866141731
20
-4.499834212598425
11
5.3317292913385828
21
-4.4993867716535432
0
LINE
8
BLACK
6
CONTINUOUS
10
5.3317292913385828
20
-4.4993867716535432
11
5.3336040551181103
21
-4.4975120078740156
0
LINE
8
BLACK
6
CONTINUOUS
10
5.3336040551181103
20
-4.4975120078740156
11
5.3340514960629921
21
-4.497144803149606
0
LINE
8
BLACK
6
CONTINUOUS
10
5.3340514960629921
20
-4.497144803149606
11
5.3341494488188976
21
-4.4971042125984253
0
LINE
8
BLACK
6
CONTINUOUS
10
5.3341494488188976
20
-4.4971042125984253
11
5.334229645669291
21
-4.4970346850393703
0
LINE
8
BLACK
6
CONTINUOUS
10
5.334229645669291
20
-4.4970346850393703
11
5.3347582283464563
21
-4.4967987007874015
0
LINE
8
BLACK
6
CONTINUOUS
10
5.3347582283464563
20
-4.4967987007874015
11
5.3403824803149602
21
-4.494923937007874
0
LINE
8
BLACK
6
CONTINUOUS
10
5.3403824803149602
20
-4.494923937007874
11
5.3406681102362201
21
-4.4948589763779525
0
LINE
8
BLACK
6
CONTINUOUS
10
5.3406681102362201
20
-4.4948589763779525
11
5.3407401968503931
21
-4.4948291338582678
0
LINE
8
BLACK
6
CONTINUOUS
10
5.3407401968503931
20
-4.4948291338582678
11
5.3408446456692911
21
-4.4948188188976381
0
LINE
8
BLACK
6
CONTINUOUS
10
5.3408446456692911
20
-4.4948188188976381
11
5.3409469291338585
21
-4.4947955905511812
0
LINE
8
BLACK
6
CONTINUOUS
10
5.3409469291338585
20
-4.4947955905511812
11
5.3410246456692914
21
-4.4948011023622048
0
LINE
8
BLACK
6
CONTINUOUS
10
5.3410246456692914
20
-4.4948011023622048
11
5.3413162598425199
21
-4.494772401574803
0
LINE
8
BLACK
6
CONTINUOUS
10
5.3413162598425199
20
-4.494772401574803
11
5.345065787401575
21
-4.494772401574803
0
LINE
8
BLACK
6
CONTINUOUS
10
5.345065787401575
20
-4.494772401574803
11
5.3453573228346452
21
-4.4948011023622048
0
LINE
8
BLACK
6
CONTINUOUS
10
5.7250519291338584
20
-4.4812782283464569
11
5.7263303543307087
21
-4.4825566535433072
0
LINE
8
BLACK
6
CONTINUOUS
10
5.7263303543307087
20
-4.4825566535433072
11
5.7263303543307087
21
-4.4843646062992129
0
LINE
8
BLACK
6
CONTINUOUS
10
5.7263303543307087
20
-4.4843646062992129
11
5.7250519291338584
21
-4.4856430314960631
0
LINE
8
BLACK
6
CONTINUOUS
10
5.7250519291338584
20
-4.4856430314960631
11
5.7241479527559056
21
-4.4858228346456688
0
LINE
8
BLACK
6
CONTINUOUS
10
5.7241479527559056
20
-4.4858228346456688
11
5.7054662204724407
21
-4.4858228346456688
0
LINE
8
BLACK
6
CONTINUOUS
10
5.7054662204724407
20
-4.4858228346456688
11
5.7045622440944879
21
-4.4856430314960631
0
LINE
8
BLACK
6
CONTINUOUS
10
5.7045622440944879
20
-4.4856430314960631
11
5.7032838188976376
21
-4.4843646062992129
0
LINE
8
BLACK
6
CONTINUOUS
10
5.7032838188976376
20
-4.4843646062992129
11
5.7032838188976376
21
-4.4825566535433072
0
LINE
8
BLACK
6
CONTINUOUS
10
5.7032838188976376
20
-4.4825566535433072
11
5.7045622440944879
21
-4.4812782283464569
0
LINE
8
BLACK
6
CONTINUOUS
10
5.7045622440944879
20
-4.4812782283464569
11
5.7054662204724407
21
-4.4810984251968504
0
LINE
8
BLACK
6
CONTINUOUS
10
5.7054662204724407
20
-4.4810984251968504
11
5.7241479527559056
21
-4.4810984251968504
0
LINE
8
BLACK
6
CONTINUOUS
10
5.7241479527559056
20
-4.4810984251968504
11
5.7250519291338584
21
-4.4812782283464569
0
LINE
8
BLACK
6
CONTINUOUS
10
5.1570724803149606
20
-4.4807861023622042
11
5.1583509055118109
21
-4.4820645275590554
0
LINE
8
BLACK
6
CONTINUOUS
10
5.1583509055118109
20
-4.4820645275590554
11
5.1583509055118109
21
-4.4838724803149601
0
LINE
8
BLACK
6
CONTINUOUS
10
5.1583509055118109
20
-4.4838724803149601
11
5.1570724803149606
21
-4.4851509055118113
0
LINE
8
BLACK
6
CONTINUOUS
10
5.1570724803149606
20
-4.4851509055118113
11
5.1561685039370078
21
-4.4853307086614169
0
LINE
8
BLACK
6
CONTINUOUS
10
5.1561685039370078
20
-4.4853307086614169
11
5.1450992125984252
21
-4.4853307086614169
0
LINE
8
BLACK
6
CONTINUOUS
10
5.1450992125984252
20
-4.4853307086614169
11
5.1441952362204724
21
-4.4851509055118113
0
LINE
8
BLACK
6
CONTINUOUS
10
5.1441952362204724
20
-4.4851509055118113
11
5.1429168110236221
21
-4.4838724803149601
0
LINE
8
BLACK
6
CONTINUOUS
10
5.1429168110236221
20
-4.4838724803149601
11
5.1429168110236221
21
-4.4820645275590554
0
LINE
8
BLACK
6
CONTINUOUS
10
5.1429168110236221
20
-4.4820645275590554
11
5.1441952362204724
21
-4.4807861023622042
0
LINE
8
BLACK
6
CONTINUOUS
10
5.1441952362204724
20
-4.4807861023622042
11
5.1450992125984252
21
-4.4806062992125986
0
LINE
8
BLACK
6
CONTINUOUS
10
5.1450992125984252
20
-4.4806062992125986
11
5.1561685039370078
21
-4.4806062992125986
0
LINE
8
BLACK
6
CONTINUOUS
10
5.1561685039370078
20
-4.4806062992125986
11
5.1570724803149606
21
-4.4807861023622042
0
LINE
8
BLACK
6
CONTINUOUS
10
5.3149464960629924
20
-4.4807861023622042
11
5.3162249212598427
21
-4.4820645275590554
0
LINE
8
BLACK
6
CONTINUOUS
10
5.3162249212598427
20
-4.4820645275590554
11
5.3162249212598427
21
-4.4838724803149601
0
LINE
8
BLACK
6
CONTINUOUS
10
5.3162249212598427
20
-4.4838724803149601
11
5.3149464960629924
21
-4.4851509055118113
0
LINE
8
BLACK
6
CONTINUOUS
10
5.3149464960629924
20
-4.4851509055118113
11
5.3140425196850396
21
-4.4853307086614169
0
LINE
8
BLACK
6
CONTINUOUS
10
5.3140425196850396
20
-4.4853307086614169
11
5.302973228346457
21
-4.4853307086614169
0
LINE
8
BLACK
6
CONTINUOUS
10
5.302973228346457
20
-4.4853307086614169
11
5.3020692519685042
21
-4.4851509055118113
0
LINE
8
BLACK
6
CONTINUOUS
10
5.3020692519685042
20
-4.4851509055118113
11
5.300790826771653
21
-4.4838724803149601
0
LINE
8
BLACK
6
CONTINUOUS
10
5.300790826771653
20
-4.4838724803149601
11
5.300790826771653
21
-4.4820645275590554
0
LINE
8
BLACK
6
CONTINUOUS
10
5.300790826771653
20
-4.4820645275590554
11
5.3020692519685042
21
-4.4807861023622042
0
LINE
8
BLACK
6
CONTINUOUS
10
5.3020692519685042
20
-4.4807861023622042
11
5.302973228346457
21
-4.4806062992125986
0
LINE
8
BLACK
6
CONTINUOUS
10
5.302973228346457
20
-4.4806062992125986
11
5.3140425196850396
21
-4.4806062992125986
0
LINE
8
BLACK
6
CONTINUOUS
10
5.3140425196850396
20
-4.4806062992125986
11
5.3149464960629924
21
-4.4807861023622042
0
LINE
8
BLACK
6
CONTINUOUS
10
5.144966929133858
20
-4.396010236220472
11
5.1460313385826773
21
-4.3964511417322836
0
LINE
8
BLACK
6
CONTINUOUS
10
5.1460313385826773
20
-4.3964511417322836
11
5.1468459842519687
21
-4.397265787401575
0
LINE
8
BLACK
6
CONTINUOUS
10
5.1468459842519687
20
-4.397265787401575
11
5.1472868897637793
21
-4.3983301968503934
0
LINE
8
BLACK
6
CONTINUOUS
10
5.1472868897637793
20
-4.3983301968503934
11
5.1473436220472442
21
-4.3989062598425193
0
LINE
8
BLACK
6
CONTINUOUS
10
5.1473436220472442
20
-4.3989062598425193
11
5.1473436220472442
21
-4.4382763385826767
0
LINE
8
BLACK
6
CONTINUOUS
10
5.1473436220472442
20
-4.4382763385826767
11
5.1472868897637793
21
-4.4388524015748034
0
LINE
8
BLACK
6
CONTINUOUS
10
5.1472868897637793
20
-4.4388524015748034
11
5.1468459842519687
21
-4.4399168110236218
0
LINE
8
BLACK
6
CONTINUOUS
10
5.1468459842519687
20
-4.4399168110236218
11
5.1463139763779528
21
-4.4404488188976377
0
LINE
8
BLACK
6
CONTINUOUS
10
5.1463139763779528
20
-4.4404488188976377
11
5.1561685039370078
21
-4.4404488188976377
0
LINE
8
BLACK
6
CONTINUOUS
10
5.1561685039370078
20
-4.4404488188976377
11
5.1570724803149606
21
-4.4406286220472442
0
LINE
8
BLACK
6
CONTINUOUS
10
5.1570724803149606
20
-4.4406286220472442
11
5.1583509055118109
21
-4.4419070472440945
0
LINE
8
BLACK
6
CONTINUOUS
10
5.1583509055118109
20
-4.4419070472440945
11
5.1583509055118109
21
-4.4437150000000001
0
LINE
8
BLACK
6
CONTINUOUS
10
5.1583509055118109
20
-4.4437150000000001
11
5.1570724803149606
21
-4.4449934251968504
0
LINE
8
BLACK
6
CONTINUOUS
10
5.1570724803149606
20
-4.4449934251968504
11
5.1561685039370078
21
-4.4451732283464569
0
LINE
8
BLACK
6
CONTINUOUS
10
5.1561685039370078
20
-4.4451732283464569
11
5.1450992125984252
21
-4.4451732283464569
0
LINE
8
BLACK
6
CONTINUOUS
10
5.1450992125984252
20
-4.4451732283464569
11
5.1441952362204724
21
-4.4449934251968504
0
LINE
8
BLACK
6
CONTINUOUS
10
5.1441952362204724
20
-4.4449934251968504
11
5.1429168110236221
21
-4.4437150000000001
0
LINE
8
BLACK
6
CONTINUOUS
10
5.1429168110236221
20
-4.4437150000000001
11
5.1429168110236221
21
-4.4419070472440945
0
LINE
8
BLACK
6
CONTINUOUS
10
5.1429168110236221
20
-4.4419070472440945
11
5.1435947637795278
21
-4.4412290944881887
0
LINE
8
BLACK
6
CONTINUOUS
10
5.1435947637795278
20
-4.4412290944881887
11
5.1350170472440944
21
-4.4412290944881887
0
LINE
8
BLACK
6
CONTINUOUS
10
5.1350170472440944
20
-4.4412290944881887
11
5.1347254330708658
21
-4.4412003543307081
0
LINE
8
BLACK
6
CONTINUOUS
10
5.1347254330708658
20
-4.4412003543307081
11
5.1346477165354329
21
-4.4412059055118105
0
LINE
8
BLACK
6
CONTINUOUS
10
5.1346477165354329
20
-4.4412059055118105
11
5.1345454330708664
21
-4.4411826377952757
0
LINE
8
BLACK
6
CONTINUOUS
10
5.1345454330708664
20
-4.4411826377952757
11
5.1344409842519685
21
-4.4411723622047239
0
LINE
8
BLACK
6
CONTINUOUS
10
5.1344409842519685
20
-4.4411723622047239
11
5.1343688976377955
21
-4.4411424803149604
0
LINE
8
BLACK
6
CONTINUOUS
10
5.1343688976377955
20
-4.4411424803149604
11
5.1340832677165356
21
-4.4410775590551177
0
LINE
8
BLACK
6
CONTINUOUS
10
5.1340832677165356
20
-4.4410775590551177
11
5.1284590157480316
21
-4.4392027952755901
0
LINE
8
BLACK
6
CONTINUOUS
10
5.1284590157480316
20
-4.4392027952755901
11
5.1279304330708664
21
-4.4389668110236222
0
LINE
8
BLACK
6
CONTINUOUS
10
5.1279304330708664
20
-4.4389668110236222
11
5.1278503149606296
21
-4.438897322834646
0
LINE
8
BLACK
6
CONTINUOUS
10
5.1278503149606296
20
-4.438897322834646
11
5.1277522834645666
21
-4.4388567322834644
0
LINE
8
BLACK
6
CONTINUOUS
10
5.1277522834645666
20
-4.4388567322834644
11
5.1273048425196848
21
-4.438489488188976
0
LINE
8
BLACK
6
CONTINUOUS
10
5.1273048425196848
20
-4.438489488188976
11
5.1235553149606297
21
-4.4347399212598422
0
LINE
8
BLACK
6
CONTINUOUS
10
5.1235553149606297
20
-4.4347399212598422
11
5.1233695275590554
21
-4.4345135433070864
0
LINE
8
BLACK
6
CONTINUOUS
10
5.1233695275590554
20
-4.4345135433070864
11
5.1233105511811026
21
-4.4344624015748026
0
LINE
8
BLACK
6
CONTINUOUS
10
5.1233105511811026
20
-4.4344624015748026
11
5.1232545669291341
21
-4.4343734645669288
0
LINE
8
BLACK
6
CONTINUOUS
10
5.1232545669291341
20
-4.4343734645669288
11
5.1231880708661413
21
-4.4342924409448816
0
LINE
8
BLACK
6
CONTINUOUS
10
5.1231880708661413
20
-4.4342924409448816
11
5.1231582283464565
21
-4.4342203937007874
0
LINE
8
BLACK
6
CONTINUOUS
10
5.1231582283464565
20
-4.4342203937007874
11
5.1230022047244095
21
-4.4339725196850397
0
LINE
8
BLACK
6
CONTINUOUS
10
5.1230022047244095
20
-4.4339725196850397
11
5.1211274409448819
21
-4.4302229921259846
0
LINE
8
BLACK
6
CONTINUOUS
10
5.1211274409448819
20
-4.4302229921259846
11
5.1211112992125987
21
-4.4301808661417326
0
LINE
8
BLACK
6
CONTINUOUS
10
5.1211112992125987
20
-4.4301808661417326
11
5.1210986220472439
21
-4.4301637401574805
0
LINE
8
BLACK
6
CONTINUOUS
10
5.1210986220472439
20
-4.4301637401574805
11
5.1210121653543306
21
-4.4299217716535431
0
LINE
8
BLACK
6
CONTINUOUS
10
5.1210121653543306
20
-4.4299217716535431
11
5.1209205511811025
21
-4.4296823622047246
0
LINE
8
BLACK
6
CONTINUOUS
10
5.1209205511811025
20
-4.4296823622047246
11
5.1209190157480311
21
-4.4296611023622043
0
LINE
8
BLACK
6
CONTINUOUS
10
5.1209190157480311
20
-4.4296611023622043
11
5.1209038582677167
21
-4.4296186220472444
0
LINE
8
BLACK
6
CONTINUOUS
10
5.1209038582677167
20
-4.4296186220472444
11
5.1190290944881891
21
-4.4221195669291333
0
LINE
8
BLACK
6
CONTINUOUS
10
5.1190290944881891
20
-4.4221195669291333
11
5.1190142913385825
21
-4.4220196850393698
0
LINE
8
BLACK
6
CONTINUOUS
10
5.1190142913385825
20
-4.4220196850393698
11
5.1189976771653543
21
-4.4219794881889767
0
LINE
8
BLACK
6
CONTINUOUS
10
5.1189976771653543
20
-4.4219794881889767
11
5.1189762992125987
21
-4.4217624409448817
0
LINE
8
BLACK
6
CONTINUOUS
10
5.1189762992125987
20
-4.4217624409448817
11
5.1189444488188975
21
-4.4215469685039368
0
LINE
8
BLACK
6
CONTINUOUS
10
5.1189444488188975
20
-4.4215469685039368
11
5.1189508267716537
21
-4.4215039370078735
0
LINE
8
BLACK
6
CONTINUOUS
10
5.1189508267716537
20
-4.4215039370078735
11
5.1189409448818894
21
-4.4214034251968499
0
LINE
8
BLACK
6
CONTINUOUS
10
5.1189409448818894
20
-4.4214034251968499
11
5.1189409448818894
21
-4.4157791338582673
0
LINE
8
BLACK
6
CONTINUOUS
10
5.1189409448818894
20
-4.4157791338582673
11
5.1189508267716537
21
-4.415678582677165
0
LINE
8
BLACK
6
CONTINUOUS
10
5.1189508267716537
20
-4.415678582677165
11
5.1189444488188975
21
-4.4156355905511813
0
LINE
8
BLACK
6
CONTINUOUS
10
5.1189444488188975
20
-4.4156355905511813
11
5.1189762992125987
21
-4.4154200787401576
0
LINE
8
BLACK
6
CONTINUOUS
10
5.1189762992125987
20
-4.4154200787401576
11
5.1189976771653543
21
-4.4152030708661414
0
LINE
8
BLACK
6
CONTINUOUS
10
5.1189976771653543
20
-4.4152030708661414
11
5.1190142913385825
21
-4.4151628346456695
0
LINE
8
BLACK
6
CONTINUOUS
10
5.1190142913385825
20
-4.4151628346456695
11
5.1190290944881891
21
-4.4150629921259839
0
LINE
8
BLACK
6
CONTINUOUS
10
5.1190290944881891
20
-4.4150629921259839
11
5.1209038582677167
21
-4.4075639370078736
0
LINE
8
BLACK
6
CONTINUOUS
10
5.1209038582677167
20
-4.4075639370078736
11
5.1209190157480311
21
-4.407521417322835
0
LINE
8
BLACK
6
CONTINUOUS
10
5.1209190157480311
20
-4.407521417322835
11
5.1209205511811025
21
-4.4075001968503935
0
LINE
8
BLACK
6
CONTINUOUS
10
5.1209205511811025
20
-4.4075001968503935
11
5.1210125590551181
21
-4.4072597244094487
0
LINE
8
BLACK
6
CONTINUOUS
10
5.1210125590551181
20
-4.4072597244094487
11
5.1210986220472439
21
-4.4070188188976376
0
LINE
8
BLACK
6
CONTINUOUS
10
5.1210986220472439
20
-4.4070188188976376
11
5.1211112992125987
21
-4.4070016535433068
0
LINE
8
BLACK
6
CONTINUOUS
10
5.1211112992125987
20
-4.4070016535433068
11
5.1211274409448819
21
-4.4069595669291335
0
LINE
8
BLACK
6
CONTINUOUS
10
5.1211274409448819
20
-4.4069595669291335
11
5.1230022047244095
21
-4.4032100393700784
0
LINE
8
BLACK
6
CONTINUOUS
10
5.1230022047244095
20
-4.4032100393700784
11
5.1231582677165353
21
-4.4029620078740157
0
LINE
8
BLACK
6
CONTINUOUS
10
5.1231582677165353
20
-4.4029620078740157
11
5.12318811023622
21
-4.4028900787401577
0
LINE
8
BLACK
6
CONTINUOUS
10
5.12318811023622
20
-4.4028900787401577
11
5.1232545669291341
21
-4.4028090944881892
0
LINE
8
BLACK
6
CONTINUOUS
10
5.1232545669291341
20
-4.4028090944881892
11
5.1233105511811026
21
-4.4027201574803145
0
LINE
8
BLACK
6
CONTINUOUS
10
5.1233105511811026
20
-4.4027201574803145
11
5.1233695275590554
21
-4.402668976377953
0
LINE
8
BLACK
6
CONTINUOUS
10
5.1233695275590554
20
-4.402668976377953
11
5.1235553149606297
21
-4.4024426377952759
0
LINE
8
BLACK
6
CONTINUOUS
10
5.1235553149606297
20
-4.4024426377952759
11
5.1273048425196848
21
-4.3986931102362208
0
LINE
8
BLACK
6
CONTINUOUS
10
5.1273048425196848
20
-4.3986931102362208
11
5.1277522834645666
21
-4.3983258661417324
0
LINE
8
BLACK
6
CONTINUOUS
10
5.1277522834645666
20
-4.3983258661417324
11
5.1278503149606296
21
-4.3982852362204721
0
LINE
8
BLACK
6
CONTINUOUS
10
5.1278503149606296
20
-4.3982852362204721
11
5.1279304330708664
21
-4.3982157874015746
0
LINE
8
BLACK
6
CONTINUOUS
10
5.1279304330708664
20
-4.3982157874015746
11
5.1284590157480316
21
-4.3979798031496058
0
LINE
8
BLACK
6
CONTINUOUS
10
5.1284590157480316
20
-4.3979798031496058
11
5.1340832677165356
21
-4.3961050393700782
0
LINE
8
BLACK
6
CONTINUOUS
10
5.1340832677165356
20
-4.3961050393700782
11
5.1343688976377955
21
-4.3960400787401577
0
LINE
8
BLACK
6
CONTINUOUS
10
5.1343688976377955
20
-4.3960400787401577
11
5.1344409842519685
21
-4.396010236220472
0
LINE
8
BLACK
6
CONTINUOUS
10
5.1344409842519685
20
-4.396010236220472
11
5.1345454330708664
21
-4.3959999212598424
0
LINE
8
BLACK
6
CONTINUOUS
10
5.1345454330708664
20
-4.3959999212598424
11
5.1346477165354329
21
-4.3959766929133854
0
LINE
8
BLACK
6
CONTINUOUS
10
5.1346477165354329
20
-4.3959766929133854
11
5.1347254330708658
21
-4.395982204724409
0
LINE
8
BLACK
6
CONTINUOUS
10
5.1347254330708658
20
-4.395982204724409
11
5.1350170472440944
21
-4.3959535039370081
0
LINE
8
BLACK
6
CONTINUOUS
10
5.1350170472440944
20
-4.3959535039370081
11
5.1443908661417321
21
-4.3959535039370081
0
LINE
8
BLACK
6
CONTINUOUS
10
5.1443908661417321
20
-4.3959535039370081
11
5.144966929133858
21
-4.396010236220472
0
LINE
8
BLACK
6
CONTINUOUS
10
5.1309877952755905
20
-4.4033618110236219
11
5.1280699606299214
21
-4.406279645669291
0
LINE
8
BLACK
6
CONTINUOUS
10
5.1280699606299214
20
-4.406279645669291
11
5.1265544488188972
21
-4.4093106299212597
0
LINE
8
BLACK
6
CONTINUOUS
10
5.1265544488188972
20
-4.4093106299212597
11
5.1248464566929135
21
-4.4161426771653538
0
LINE
8
BLACK
6
CONTINUOUS
10
5.1248464566929135
20
-4.4161426771653538
11
5.1248464566929135
21
-4.4210398818897634
0
LINE
8
BLACK
6
CONTINUOUS
10
5.1248464566929135
20
-4.4210398818897634
11
5.1265544488188972
21
-4.4278719291338584
0
LINE
8
BLACK
6
CONTINUOUS
10
5.1265544488188972
20
-4.4278719291338584
11
5.1280699606299214
21
-4.4309029133858271
0
LINE
8
BLACK
6
CONTINUOUS
10
5.1280699606299214
20
-4.4309029133858271
11
5.1309877952755905
21
-4.4338207874015749
0
LINE
8
BLACK
6
CONTINUOUS
10
5.1309877952755905
20
-4.4338207874015749
11
5.1354961811023623
21
-4.4353235826771655
0
LINE
8
BLACK
6
CONTINUOUS
10
5.1354961811023623
20
-4.4353235826771655
11
5.1414381102362201
21
-4.4353235826771655
0
LINE
8
BLACK
6
CONTINUOUS
10
5.1414381102362201
20
-4.4353235826771655
11
5.1414381102362201
21
-4.4018590157480313
0
LINE
8
BLACK
6
CONTINUOUS
10
5.1414381102362201
20
-4.4018590157480313
11
5.1354961811023623
21
-4.4018590157480313
0
LINE
8
BLACK
6
CONTINUOUS
10
5.1354961811023623
20
-4.4018590157480313
11
5.1309877952755905
21
-4.4033618110236219
0
LINE
8
BLACK
6
CONTINUOUS
10
5.3149464960629924
20
-4.4406286220472442
11
5.3162249212598427
21
-4.4419070472440945
0
LINE
8
BLACK
6
CONTINUOUS
10
5.3162249212598427
20
-4.4419070472440945
11
5.3162249212598427
21
-4.4437150000000001
0
LINE
8
BLACK
6
CONTINUOUS
10
5.3162249212598427
20
-4.4437150000000001
11
5.3149464960629924
21
-4.4449934251968504
0
LINE
8
BLACK
6
CONTINUOUS
10
5.3149464960629924
20
-4.4449934251968504
11
5.3140425196850396
21
-4.4451732283464569
0
LINE
8
BLACK
6
CONTINUOUS
10
5.3140425196850396
20
-4.4451732283464569
11
5.302973228346457
21
-4.4451732283464569
0
LINE
8
BLACK
6
CONTINUOUS
10
5.302973228346457
20
-4.4451732283464569
11
5.3020692519685042
21
-4.4449934251968504
0
LINE
8
BLACK
6
CONTINUOUS
10
5.3020692519685042
20
-4.4449934251968504
11
5.300790826771653
21
-4.4437150000000001
0
LINE
8
BLACK
6
CONTINUOUS
10
5.300790826771653
20
-4.4437150000000001
11
5.300790826771653
21
-4.4419070472440945
0
LINE
8
BLACK
6
CONTINUOUS
10
5.300790826771653
20
-4.4419070472440945
11
5.3020692519685042
21
-4.4406286220472442
0
LINE
8
BLACK
6
CONTINUOUS
10
5.3020692519685042
20
-4.4406286220472442
11
5.302973228346457
21
-4.4404488188976377
0
LINE
8
BLACK
6
CONTINUOUS
10
5.302973228346457
20
-4.4404488188976377
11
5.3140425196850396
21
-4.4404488188976377
0
LINE
8
BLACK
6
CONTINUOUS
10
5.3140425196850396
20
-4.4404488188976377
11
5.3149464960629924
21
-4.4406286220472442
0
LINE
8
BLACK
6
CONTINUOUS
10
5.7444419685039367
20
-4.396010236220472
11
5.745506377952756
21
-4.3964511417322836
0
LINE
8
BLACK
6
CONTINUOUS
10
5.745506377952756
20
-4.3964511417322836
11
5.7463210236220474
21
-4.397265787401575
0
LINE
8
BLACK
6
CONTINUOUS
10
5.7463210236220474
20
-4.397265787401575
11
5.7467619291338581
21
-4.3983301968503934
0
LINE
8
BLACK
6
CONTINUOUS
10
5.7467619291338581
20
-4.3983301968503934
11
5.7468186614173229
21
-4.3989062598425193
0
LINE
8
BLACK
6
CONTINUOUS
10
5.7468186614173229
20
-4.3989062598425193
11
5.7468186614173229
21
-4.4382763385826767
0
LINE
8
BLACK
6
CONTINUOUS
10
5.7468186614173229
20
-4.4382763385826767
11
5.7467619291338581
21
-4.4388524015748034
0
LINE
8
BLACK
6
CONTINUOUS
10
5.7467619291338581
20
-4.4388524015748034
11
5.7463210236220474
21
-4.4399168110236218
0
LINE
8
BLACK
6
CONTINUOUS
10
5.7463210236220474
20
-4.4399168110236218
11
5.745506377952756
21
-4.4407314566929132
0
LINE
8
BLACK
6
CONTINUOUS
10
5.745506377952756
20
-4.4407314566929132
11
5.7444419685039367
21
-4.4411723622047239
0
LINE
8
BLACK
6
CONTINUOUS
10
5.7444419685039367
20
-4.4411723622047239
11
5.743289842519685
21
-4.4411723622047239
0
LINE
8
BLACK
6
CONTINUOUS
10
5.743289842519685
20
-4.4411723622047239
11
5.7422254330708657
21
-4.4407314566929132
0
LINE
8
BLACK
6
CONTINUOUS
10
5.7422254330708657
20
-4.4407314566929132
11
5.7414107874015743
21
-4.4399168110236218
0
LINE
8
BLACK
6
CONTINUOUS
10
5.7414107874015743
20
-4.4399168110236218
11
5.7409698818897636
21
-4.4388524015748034
0
LINE
8
BLACK
6
CONTINUOUS
10
5.7409698818897636
20
-4.4388524015748034
11
5.7409131496062988
21
-4.4382763385826767
0
LINE
8
BLACK
6
CONTINUOUS
10
5.7409131496062988
20
-4.4382763385826767
11
5.7409131496062988
21
-4.4224814173228344
0
LINE
8
BLACK
6
CONTINUOUS
10
5.7409131496062988
20
-4.4224814173228344
11
5.7360294488188979
21
-4.4224814173228344
0
LINE
8
BLACK
6
CONTINUOUS
10
5.7360294488188979
20
-4.4224814173228344
11
5.7237967716535429
21
-4.4399566929133858
0
LINE
8
BLACK
6
CONTINUOUS
10
5.7237967716535429
20
-4.4399566929133858
11
5.7241479527559056
21
-4.4399566929133858
0
LINE
8
BLACK
6
CONTINUOUS
10
5.7241479527559056
20
-4.4399566929133858
11
5.7250519291338584
21
-4.4401364960629923
0
LINE
8
BLACK
6
CONTINUOUS
10
5.7250519291338584
20
-4.4401364960629923
11
5.7263303543307087
21
-4.4414149212598426
0
LINE
8
BLACK
6
CONTINUOUS
10
5.7263303543307087
20
-4.4414149212598426
11
5.7263303543307087
21
-4.4432228740157482
0
LINE
8
BLACK
6
CONTINUOUS
10
5.7263303543307087
20
-4.4432228740157482
11
5.7250519291338584
21
-4.4445012992125985
0
LINE
8
BLACK
6
CONTINUOUS
10
5.7250519291338584
20
-4.4445012992125985
11
5.7241479527559056
21
-4.444681102362205
0
LINE
8
BLACK
6
CONTINUOUS
10
5.7241479527559056
20
-4.444681102362205
11
5.7054662204724407
21
-4.444681102362205
0
LINE
8
BLACK
6
CONTINUOUS
10
5.7054662204724407
20
-4.444681102362205
11
5.7045622440944879
21
-4.4445012992125985
0
LINE
8
BLACK
6
CONTINUOUS
10
5.7045622440944879
20
-4.4445012992125985
11
5.7032838188976376
21
-4.4432228740157482
0
LINE
8
BLACK
6
CONTINUOUS
10
5.7032838188976376
20
-4.4432228740157482
11
5.7032838188976376
21
-4.4414149212598426
0
LINE
8
BLACK
6
CONTINUOUS
10
5.7032838188976376
20
-4.4414149212598426
11
5.7045622440944879
21
-4.4401364960629923
0
LINE
8
BLACK
6
CONTINUOUS
10
5.7045622440944879
20
-4.4401364960629923
11
5.7054662204724407
21
-4.4399566929133858
0
LINE
8
BLACK
6
CONTINUOUS
10
5.7054662204724407
20
-4.4399566929133858
11
5.7190055118110239
21
-4.4399566929133858
0
LINE
8
BLACK
6
CONTINUOUS
10
5.7190055118110239
20
-4.4399566929133858
11
5.718616889763779
21
-4.4393468897637796
0
LINE
8
BLACK
6
CONTINUOUS
10
5.718616889763779
20
-4.4393468897637796
11
5.7184166929133857
21
-4.438212362204724
0
LINE
8
BLACK
6
CONTINUOUS
10
5.7184166929133857
20
-4.438212362204724
11
5.7186658661417322
21
-4.437087519685039
0
LINE
8
BLACK
6
CONTINUOUS
10
5.7186658661417322
20
-4.437087519685039
11
5.718949763779527
21
-4.4365830314960633
0
LINE
8
BLACK
6
CONTINUOUS
10
5.718949763779527
20
-4.4365830314960633
11
5.7288238976377954
21
-4.4224770866141734
0
LINE
8
BLACK
6
CONTINUOUS
10
5.7288238976377954
20
-4.4224770866141734
11
5.7282917322834646
21
-4.4224246850393696
0
LINE
8
BLACK
6
CONTINUOUS
10
5.7282917322834646
20
-4.4224246850393696
11
5.7281937401574803
21
-4.4223840944881889
0
LINE
8
BLACK
6
CONTINUOUS
10
5.7281937401574803
20
-4.4223840944881889
11
5.7280878740157481
21
-4.4223765748031498
0
LINE
8
BLACK
6
CONTINUOUS
10
5.7280878740157481
20
-4.4223765748031498
11
5.7275472834645669
21
-4.4221696850393704
0
LINE
8
BLACK
6
CONTINUOUS
10
5.7275472834645669
20
-4.4221696850393704
11
5.7237977559055118
21
-4.4202949212598428
0
LINE
8
BLACK
6
CONTINUOUS
10
5.7237977559055118
20
-4.4202949212598428
11
5.7235497244094491
21
-4.4201388188976374
0
LINE
8
BLACK
6
CONTINUOUS
10
5.7235497244094491
20
-4.4201388188976374
11
5.7234777952755902
21
-4.4201090157480314
0
LINE
8
BLACK
6
CONTINUOUS
10
5.7234777952755902
20
-4.4201090157480314
11
5.7233968110236217
21
-4.4200425196850395
0
LINE
8
BLACK
6
CONTINUOUS
10
5.7233968110236217
20
-4.4200425196850395
11
5.7233078740157479
21
-4.4199865748031497
0
LINE
8
BLACK
6
CONTINUOUS
10
5.7233078740157479
20
-4.4199865748031497
11
5.7232566929133855
21
-4.4199275590551181
0
LINE
8
BLACK
6
CONTINUOUS
10
5.7232566929133855
20
-4.4199275590551181
11
5.7230303543307084
21
-4.4197418110236217
0
LINE
8
BLACK
6
CONTINUOUS
10
5.7230303543307084
20
-4.4197418110236217
11
5.7211555905511808
21
-4.4178670472440942
0
LINE
8
BLACK
6
CONTINUOUS
10
5.7211555905511808
20
-4.4178670472440942
11
5.7209698031496066
21
-4.4176406692913384
0
LINE
8
BLACK
6
CONTINUOUS
10
5.7209698031496066
20
-4.4176406692913384
11
5.7209108267716537
21
-4.4175895275590547
0
LINE
8
BLACK
6
CONTINUOUS
10
5.7209108267716537
20
-4.4175895275590547
11
5.7208548425196852
21
-4.4175005511811021
0
LINE
8
BLACK
6
CONTINUOUS
10
5.7208548425196852
20
-4.4175005511811021
11
5.7207883858267712
21
-4.4174196062992124
0
LINE
8
BLACK
6
CONTINUOUS
10
5.7207883858267712
20
-4.4174196062992124
11
5.7207585433070864
21
-4.4173476377952756
0
LINE
8
BLACK
6
CONTINUOUS
10
5.7207585433070864
20
-4.4173476377952756
11
5.7206024803149607
21
-4.4170996456692908
0
LINE
8
BLACK
6
CONTINUOUS
10
5.7206024803149607
20
-4.4170996456692908
11
5.7187277165354331
21
-4.4133501181102357
0
LINE
8
BLACK
6
CONTINUOUS
10
5.7187277165354331
20
-4.4133501181102357
11
5.7185208267716536
21
-4.4128094881889766
0
LINE
8
BLACK
6
CONTINUOUS
10
5.7185208267716536
20
-4.4128094881889766
11
5.7185133070866137
21
-4.4127036614173232
0
LINE
8
BLACK
6
CONTINUOUS
10
5.7185133070866137
20
-4.4127036614173232
11
5.718472716535433
21
-4.4126056692913389
0
LINE
8
BLACK
6
CONTINUOUS
10
5.718472716535433
20
-4.4126056692913389
11
5.7184159842519682
21
-4.4120296062992121
0
LINE
8
BLACK
6
CONTINUOUS
10
5.7184159842519682
20
-4.4120296062992121
11
5.7184159842519682
21
-4.4064053149606295
0
LINE
8
BLACK
6
CONTINUOUS
10
5.7184159842519682
20
-4.4064053149606295
11
5.718472716535433
21
-4.4058292519685036
0
LINE
8
BLACK
6
CONTINUOUS
10
5.718472716535433
20
-4.4058292519685036
11
5.7185133070866137
21
-4.4057312204724406
0
LINE
8
BLACK
6
CONTINUOUS
10
5.7185133070866137
20
-4.4057312204724406
11
5.7185208267716536
21
-4.405625433070866
0
LINE
8
BLACK
6
CONTINUOUS
10
5.7185208267716536
20
-4.405625433070866
11
5.7187277165354331
21
-4.4050848031496059
0
LINE
8
BLACK
6
CONTINUOUS
10
5.7187277165354331
20
-4.4050848031496059
11
5.7206024803149607
21
-4.4013352755905508
0
LINE
8
BLACK
6
CONTINUOUS
10
5.7206024803149607
20
-4.4013352755905508
11
5.7207585433070864
21
-4.4010872440944881
0
LINE
8
BLACK
6
CONTINUOUS
10
5.7207585433070864
20
-4.4010872440944881
11
5.7207883858267712
21
-4.4010153149606301
0
LINE
8
BLACK
6
CONTINUOUS
10
5.7207883858267712
20
-4.4010153149606301
11
5.7208548425196852
21
-4.4009343307086617
0
LINE
8
BLACK
6
CONTINUOUS
10
5.7208548425196852
20
-4.4009343307086617
11
5.7209108267716537
21
-4.400845393700787
0
LINE
8
BLACK
6
CONTINUOUS
10
5.7209108267716537
20
-4.400845393700787
11
5.7209698031496066
21
-4.4007942125984254
0
LINE
8
BLACK
6
CONTINUOUS
10
5.7209698031496066
20
-4.4007942125984254
11
5.7211555905511808
21
-4.4005678740157483
0
LINE
8
BLACK
6
CONTINUOUS
10
5.7211555905511808
20
-4.4005678740157483
11
5.7230303543307084
21
-4.3986931102362208
0
LINE
8
BLACK
6
CONTINUOUS
10
5.7230303543307084
20
-4.3986931102362208
11
5.7232566929133855
21
-4.3985073228346456
0
LINE
8
BLACK
6
CONTINUOUS
10
5.7232566929133855
20
-4.3985073228346456
11
5.7233078740157479
21
-4.3984483464566928
0
LINE
8
BLACK
6
CONTINUOUS
10
5.7233078740157479
20
-4.3984483464566928
11
5.7233968110236217
21
-4.3983923622047243
0
LINE
8
BLACK
6
CONTINUOUS
10
5.7233968110236217
20
-4.3983923622047243
11
5.7234777952755902
21
-4.3983259055118111
0
LINE
8
BLACK
6
CONTINUOUS
10
5.7234777952755902
20
-4.3983259055118111
11
5.7235497244094491
21
-4.3982960629921255
0
LINE
8
BLACK
6
CONTINUOUS
10
5.7235497244094491
20
-4.3982960629921255
11
5.7237977559055118
21
-4.3981399999999997
0
LINE
8
BLACK
6
CONTINUOUS
10
5.7237977559055118
20
-4.3981399999999997
11
5.7275472834645669
21
-4.3962652362204722
0
LINE
8
BLACK
6
CONTINUOUS
10
5.7275472834645669
20
-4.3962652362204722
11
5.7280878740157481
21
-4.3960583464566927
0
LINE
8
BLACK
6
CONTINUOUS
10
5.7280878740157481
20
-4.3960583464566927
11
5.7281937401574803
21
-4.3960507874015748
0
LINE
8
BLACK
6
CONTINUOUS
10
5.7281937401574803
20
-4.3960507874015748
11
5.7282917322834646
21
-4.396010236220472
0
LINE
8
BLACK
6
CONTINUOUS
10
5.7282917322834646
20
-4.396010236220472
11
5.7288677952755904
21
-4.3959535039370081
0
LINE
8
BLACK
6
CONTINUOUS
10
5.7288677952755904
20
-4.3959535039370081
11
5.7438659055118109
21
-4.3959535039370081
0
LINE
8
BLACK
6
CONTINUOUS
10
5.7438659055118109
20
-4.3959535039370081
11
5.7444419685039367
21
-4.396010236220472
0
LINE
8
BLACK
6
CONTINUOUS
10
5.7268673622047244
20
-4.4032077559055116
11
5.7256702362204726
21
-4.4044048818897634
0
LINE
8
BLACK
6
CONTINUOUS
10
5.7256702362204726
20
-4.4044048818897634
11
5.7243214960629922
21
-4.4071023622047241
0
LINE
8
BLACK
6
CONTINUOUS
10
5.7243214960629922
20
-4.4071023622047241
11
5.7243214960629922
21
-4.4113325590551185
0
LINE
8
BLACK
6
CONTINUOUS
10
5.7243214960629922
20
-4.4113325590551185
11
5.7256702362204726
21
-4.4140300393700782
0
LINE
8
BLACK
6
CONTINUOUS
10
5.7256702362204726
20
-4.4140300393700782
11
5.7268673622047244
21
-4.4152271653543309
0
LINE
8
BLACK
6
CONTINUOUS
10
5.7268673622047244
20
-4.4152271653543309
11
5.729564842519685
21
-4.4165759055118112
0
LINE
8
BLACK
6
CONTINUOUS
10
5.729564842519685
20
-4.4165759055118112
11
5.7409131496062988
21
-4.4165759055118112
0
LINE
8
BLACK
6
CONTINUOUS
10
5.7409131496062988
20
-4.4165759055118112
11
5.7409131496062988
21
-4.4018590157480313
0
LINE
8
BLACK
6
CONTINUOUS
10
5.7409131496062988
20
-4.4018590157480313
11
5.729564842519685
21
-4.4018590157480313
0
LINE
8
BLACK
6
CONTINUOUS
10
5.729564842519685
20
-4.4018590157480313
11
5.7268673622047244
21
-4.4032077559055116
0
LINE
8
BLACK
6
CONTINUOUS
10
5.0959337401574798
20
-4.396010236220472
11
5.0962230314960628
21
-4.396010236220472
0
LINE
8
BLACK
6
CONTINUOUS
10
5.0962230314960628
20
-4.396010236220472
11
5.0964931102362208
21
-4.3961220866141728
0
LINE
8
BLACK
6
CONTINUOUS
10
5.0964931102362208
20
-4.3961220866141728
11
5.0967797637795274
21
-4.3961794488188977
0
LINE
8
BLACK
6
CONTINUOUS
10
5.0967797637795274
20
-4.3961794488188977
11
5.0970201181102359
21
-4.396340393700787
0
LINE
8
BLACK
6
CONTINUOUS
10
5.0970201181102359
20
-4.396340393700787
11
5.0972874409448821
21
-4.3964511417322836
0
LINE
8
BLACK
6
CONTINUOUS
10
5.0972874409448821
20
-4.3964511417322836
11
5.0974941338582678
21
-4.3966578346456693
0
LINE
8
BLACK
6
CONTINUOUS
10
5.0974941338582678
20
-4.3966578346456693
11
5.0977370472440944
21
-4.3968205118110237
0
LINE
8
BLACK
6
CONTINUOUS
10
5.0977370472440944
20
-4.3968205118110237
11
5.0981000393700784
21
-4.3972637401574799
0
LINE
8
BLACK
6
CONTINUOUS
10
5.0981000393700784
20
-4.3972637401574799
11
5.0981020866141735
21
-4.397265787401575
0
LINE
8
BLACK
6
CONTINUOUS
10
5.0981020866141735
20
-4.397265787401575
11
5.0981024409448814
21
-4.3972666535433067
0
LINE
8
BLACK
6
CONTINUOUS
10
5.0981024409448814
20
-4.3972666535433067
11
5.0981038188976378
21
-4.3972683464566931
0
LINE
8
BLACK
6
CONTINUOUS
10
5.0981038188976378
20
-4.3972683464566931
11
5.1016911417322834
21
-4.4026493700787404
0
LINE
8
BLACK
6
CONTINUOUS
10
5.1016911417322834
20
-4.4026493700787404
11
5.1048951181102362
21
-4.4058533464566931
0
LINE
8
BLACK
6
CONTINUOUS
10
5.1048951181102362
20
-4.4058533464566931
11
5.1082160629921258
21
-4.4075138188976375
0
LINE
8
BLACK
6
CONTINUOUS
10
5.1082160629921258
20
-4.4075138188976375
11
5.1087059448818897
21
-4.4078221653543306
0
LINE
8
BLACK
6
CONTINUOUS
10
5.1087059448818897
20
-4.4078221653543306
11
5.1094607874015745
21
-4.408692559055118
0
LINE
8
BLACK
6
CONTINUOUS
10
5.1094607874015745
20
-4.408692559055118
11
5.1098251181102361
21
-4.4097855118110232
0
LINE
8
BLACK
6
CONTINUOUS
10
5.1098251181102361
20
-4.4097855118110232
11
5.1097434645669288
21
-4.410934724409449
0
LINE
8
BLACK
6
CONTINUOUS
10
5.1097434645669288
20
-4.410934724409449
11
5.1092281889763775
21
-4.411965236220472
0
LINE
8
BLACK
6
CONTINUOUS
10
5.1092281889763775
20
-4.411965236220472
11
5.1083578346456688
21
-4.4127200787401577
0
LINE
8
BLACK
6
CONTINUOUS
10
5.1083578346456688
20
-4.4127200787401577
11
5.1072648425196849
21
-4.4130844094488184
0
LINE
8
BLACK
6
CONTINUOUS
10
5.1072648425196849
20
-4.4130844094488184
11
5.10611562992126
21
-4.4130027559055121
0
LINE
8
BLACK
6
CONTINUOUS
10
5.10611562992126
20
-4.4130027559055121
11
5.1055750393700787
21
-4.4127958661417326
0
LINE
8
BLACK
6
CONTINUOUS
10
5.1055750393700787
20
-4.4127958661417326
11
5.1018255118110236
21
-4.410921102362205
0
LINE
8
BLACK
6
CONTINUOUS
10
5.1018255118110236
20
-4.410921102362205
11
5.1015776771653538
21
-4.4107650787401571
0
LINE
8
BLACK
6
CONTINUOUS
10
5.1015776771653538
20
-4.4107650787401571
11
5.101505551181102
21
-4.4107352362204724
0
LINE
8
BLACK
6
CONTINUOUS
10
5.101505551181102
20
-4.4107352362204724
11
5.1014243700787398
21
-4.4106686220472442
0
LINE
8
BLACK
6
CONTINUOUS
10
5.1014243700787398
20
-4.4106686220472442
11
5.1013356299212598
21
-4.4106127559055119
0
LINE
8
BLACK
6
CONTINUOUS
10
5.1013356299212598
20
-4.4106127559055119
11
5.1012844881889761
21
-4.4105538188976379
0
LINE
8
BLACK
6
CONTINUOUS
10
5.1012844881889761
20
-4.4105538188976379
11
5.1010581102362202
21
-4.410367992125984
0
LINE
8
BLACK
6
CONTINUOUS
10
5.1010581102362202
20
-4.410367992125984
11
5.098599724409449
21
-4.4079096062992127
0
LINE
8
BLACK
6
CONTINUOUS
10
5.098599724409449
20
-4.4079096062992127
11
5.098599724409449
21
-4.4353235826771655
0
LINE
8
BLACK
6
CONTINUOUS
10
5.098599724409449
20
-4.4353235826771655
11
5.1068955511811023
21
-4.4353235826771655
0
LINE
8
BLACK
6
CONTINUOUS
10
5.1068955511811023
20
-4.4353235826771655
11
5.1074716141732281
21
-4.4353803149606295
0
LINE
8
BLACK
6
CONTINUOUS
10
5.1074716141732281
20
-4.4353803149606295
11
5.1085360236220474
21
-4.435821220472441
0
LINE
8
BLACK
6
CONTINUOUS
10
5.1085360236220474
20
-4.435821220472441
11
5.1093506692913389
21
-4.4366358661417324
0
LINE
8
BLACK
6
CONTINUOUS
10
5.1093506692913389
20
-4.4366358661417324
11
5.1097915748031495
21
-4.4377002755905508
0
LINE
8
BLACK
6
CONTINUOUS
10
5.1097915748031495
20
-4.4377002755905508
11
5.1097915748031495
21
-4.4388524015748034
0
LINE
8
BLACK
6
CONTINUOUS
10
5.1097915748031495
20
-4.4388524015748034
11
5.1093506692913389
21
-4.4399168110236218
0
LINE
8
BLACK
6
CONTINUOUS
10
5.1093506692913389
20
-4.4399168110236218
11
5.1085360236220474
21
-4.4407314566929132
0
LINE
8
BLACK
6
CONTINUOUS
10
5.1085360236220474
20
-4.4407314566929132
11
5.1074716141732281
21
-4.4411723622047239
0
LINE
8
BLACK
6
CONTINUOUS
10
5.1074716141732281
20
-4.4411723622047239
11
5.1068955511811023
21
-4.4412290944881887
0
LINE
8
BLACK
6
CONTINUOUS
10
5.1068955511811023
20
-4.4412290944881887
11
5.0843983858267716
21
-4.4412290944881887
0
LINE
8
BLACK
6
CONTINUOUS
10
5.0843983858267716
20
-4.4412290944881887
11
5.0838223228346457
21
-4.4411723622047239
0
LINE
8
BLACK
6
CONTINUOUS
10
5.0838223228346457
20
-4.4411723622047239
11
5.0827579133858265
21
-4.4407314566929132
0
LINE
8
BLACK
6
CONTINUOUS
10
5.0827579133858265
20
-4.4407314566929132
11
5.081943267716535
21
-4.4399168110236218
0
LINE
8
BLACK
6
CONTINUOUS
10
5.081943267716535
20
-4.4399168110236218
11
5.0815023622047244
21
-4.4388524015748034
0
LINE
8
BLACK
6
CONTINUOUS
10
5.0815023622047244
20
-4.4388524015748034
11
5.0815023622047244
21
-4.4377002755905508
0
LINE
8
BLACK
6
CONTINUOUS
10
5.0815023622047244
20
-4.4377002755905508
11
5.081943267716535
21
-4.4366358661417324
0
LINE
8
BLACK
6
CONTINUOUS
10
5.081943267716535
20
-4.4366358661417324
11
5.0827579133858265
21
-4.435821220472441
0
LINE
8
BLACK
6
CONTINUOUS
10
5.0827579133858265
20
-4.435821220472441
11
5.0838223228346457
21
-4.4353803149606295
0
LINE
8
BLACK
6
CONTINUOUS
10
5.0838223228346457
20
-4.4353803149606295
11
5.0843983858267716
21
-4.4353235826771655
0
LINE
8
BLACK
6
CONTINUOUS
10
5.0843983858267716
20
-4.4353235826771655
11
5.0926942125984249
21
-4.4353235826771655
0
LINE
8
BLACK
6
CONTINUOUS
10
5.0926942125984249
20
-4.4353235826771655
11
5.0926942125984249
21
-4.3989062598425193
0
LINE
8
BLACK
6
CONTINUOUS
10
5.0926942125984249
20
-4.3989062598425193
11
5.0926944094488187
21
-4.3989041732283463
0
LINE
8
BLACK
6
CONTINUOUS
10
5.0926944094488187
20
-4.3989041732283463
11
5.0926942125984249
21
-4.3989031496062987
0
LINE
8
BLACK
6
CONTINUOUS
10
5.0926942125984249
20
-4.3989031496062987
11
5.0926948031496062
21
-4.3989001181102365
0
LINE
8
BLACK
6
CONTINUOUS
10
5.0926948031496062
20
-4.3989001181102365
11
5.0927509448818897
21
-4.3983301968503934
0
LINE
8
BLACK
6
CONTINUOUS
10
5.0927509448818897
20
-4.3983301968503934
11
5.0928627952755905
21
-4.3980600787401576
0
LINE
8
BLACK
6
CONTINUOUS
10
5.0928627952755905
20
-4.3980600787401576
11
5.0929201574803145
21
-4.3977734645669289
0
LINE
8
BLACK
6
CONTINUOUS
10
5.0929201574803145
20
-4.3977734645669289
11
5.0930811023622047
21
-4.3975330708661415
0
LINE
8
BLACK
6
CONTINUOUS
10
5.0930811023622047
20
-4.3975330708661415
11
5.0931918503937004
21
-4.397265787401575
0
LINE
8
BLACK
6
CONTINUOUS
10
5.0931918503937004
20
-4.397265787401575
11
5.0933985433070861
21
-4.3970590551181106
0
LINE
8
BLACK
6
CONTINUOUS
10
5.0933985433070861
20
-4.3970590551181106
11
5.0935612204724405
21
-4.3968161811023618
0
LINE
8
BLACK
6
CONTINUOUS
10
5.0935612204724405
20
-4.3968161811023618
11
5.0938019291338579
21
-4.3966556692913388
0
LINE
8
BLACK
6
CONTINUOUS
10
5.0938019291338579
20
-4.3966556692913388
11
5.0940064960629918
21
-4.3964511417322836
0
LINE
8
BLACK
6
CONTINUOUS
10
5.0940064960629918
20
-4.3964511417322836
11
5.0942765748031498
21
-4.3963392519685041
0
LINE
8
BLACK
6
CONTINUOUS
10
5.0942765748031498
20
-4.3963392519685041
11
5.0945198425196851
21
-4.3961770866141734
0
LINE
8
BLACK
6
CONTINUOUS
10
5.0945198425196851
20
-4.3961770866141734
11
5.0948036220472437
21
-4.3961209448818899
0
LINE
8
BLACK
6
CONTINUOUS
10
5.0948036220472437
20
-4.3961209448818899
11
5.0950709055118111
21
-4.396010236220472
0
LINE
8
BLACK
6
CONTINUOUS
10
5.0950709055118111
20
-4.396010236220472
11
5.0953633070866138
21
-4.396010236220472
0
LINE
8
BLACK
6
CONTINUOUS
10
5.0953633070866138
20
-4.396010236220472
11
5.0956500787401575
21
-4.3959535039370081
0
LINE
8
BLACK
6
CONTINUOUS
10
5.0956500787401575
20
-4.3959535039370081
11
5.0959337401574798
21
-4.396010236220472
0
LINE
8
BLACK
6
CONTINUOUS
10
5.1647789763779528
20
-4.3964511417322836
11
5.1655936220472443
21
-4.397265787401575
0
LINE
8
BLACK
6
CONTINUOUS
10
5.1655936220472443
20
-4.397265787401575
11
5.1660345275590549
21
-4.3983301968503934
0
LINE
8
BLACK
6
CONTINUOUS
10
5.1660345275590549
20
-4.3983301968503934
11
5.1660912598425197
21
-4.3989062598425193
0
LINE
8
BLACK
6
CONTINUOUS
10
5.1660912598425197
20
-4.3989062598425193
11
5.1660912598425197
21
-4.4382763385826767
0
LINE
8
BLACK
6
CONTINUOUS
10
5.1660912598425197
20
-4.4382763385826767
11
5.1660345275590549
21
-4.4388524015748034
0
LINE
8
BLACK
6
CONTINUOUS
10
5.1660345275590549
20
-4.4388524015748034
11
5.1655936220472443
21
-4.4399168110236218
0
LINE
8
BLACK
6
CONTINUOUS
10
5.1655936220472443
20
-4.4399168110236218
11
5.1647789763779528
21
-4.4407314566929132
0
LINE
8
BLACK
6
CONTINUOUS
10
5.1647789763779528
20
-4.4407314566929132
11
5.1637145669291336
21
-4.4411723622047239
0
LINE
8
BLACK
6
CONTINUOUS
10
5.1637145669291336
20
-4.4411723622047239
11
5.1625624409448818
21
-4.4411723622047239
0
LINE
8
BLACK
6
CONTINUOUS
10
5.1625624409448818
20
-4.4411723622047239
11
5.1614980314960626
21
-4.4407314566929132
0
LINE
8
BLACK
6
CONTINUOUS
10
5.1614980314960626
20
-4.4407314566929132
11
5.1606833858267711
21
-4.4399168110236218
0
LINE
8
BLACK
6
CONTINUOUS
10
5.1606833858267711
20
-4.4399168110236218
11
5.1602424803149605
21
-4.4388524015748034
0
LINE
8
BLACK
6
CONTINUOUS
10
5.1602424803149605
20
-4.4388524015748034
11
5.1601857480314957
21
-4.4382763385826767
0
LINE
8
BLACK
6
CONTINUOUS
10
5.1601857480314957
20
-4.4382763385826767
11
5.1601857480314957
21
-4.3989062598425193
0
LINE
8
BLACK
6
CONTINUOUS
10
5.1601857480314957
20
-4.3989062598425193
11
5.1602424803149605
21
-4.3983301968503934
0
LINE
8
BLACK
6
CONTINUOUS
10
5.1602424803149605
20
-4.3983301968503934
11
5.1606833858267711
21
-4.397265787401575
0
LINE
8
BLACK
6
CONTINUOUS
10
5.1606833858267711
20
-4.397265787401575
11
5.1614980314960626
21
-4.3964511417322836
0
LINE
8
BLACK
6
CONTINUOUS
10
5.1614980314960626
20
-4.3964511417322836
11
5.1625624409448818
21
-4.396010236220472
0
LINE
8
BLACK
6
CONTINUOUS
10
5.1625624409448818
20
-4.396010236220472
11
5.1637145669291336
21
-4.396010236220472
0
LINE
8
BLACK
6
CONTINUOUS
10
5.1637145669291336
20
-4.396010236220472
11
5.1647789763779528
21
-4.3964511417322836
0
LINE
8
BLACK
6
CONTINUOUS
10
5.1974603543307083
20
-4.396010236220472
11
5.1985247637795275
21
-4.3964511417322836
0
LINE
8
BLACK
6
CONTINUOUS
10
5.1985247637795275
20
-4.3964511417322836
11
5.199339409448819
21
-4.397265787401575
0
LINE
8
BLACK
6
CONTINUOUS
10
5.199339409448819
20
-4.397265787401575
11
5.1997803149606296
21
-4.3983301968503934
0
LINE
8
BLACK
6
CONTINUOUS
10
5.1997803149606296
20
-4.3983301968503934
11
5.1998370472440945
21
-4.3989062598425193
0
LINE
8
BLACK
6
CONTINUOUS
10
5.1998370472440945
20
-4.3989062598425193
11
5.1998370472440945
21
-4.4382763385826767
0
LINE
8
BLACK
6
CONTINUOUS
10
5.1998370472440945
20
-4.4382763385826767
11
5.1997803149606296
21
-4.4388524015748034
0
LINE
8
BLACK
6
CONTINUOUS
10
5.1997803149606296
20
-4.4388524015748034
11
5.199339409448819
21
-4.4399168110236218
0
LINE
8
BLACK
6
CONTINUOUS
10
5.199339409448819
20
-4.4399168110236218
11
5.1985247637795275
21
-4.4407314566929132
0
LINE
8
BLACK
6
CONTINUOUS
10
5.1985247637795275
20
-4.4407314566929132
11
5.1974603543307083
21
-4.4411723622047239
0
LINE
8
BLACK
6
CONTINUOUS
10
5.1974603543307083
20
-4.4411723622047239
11
5.1963082283464566
21
-4.4411723622047239
0
LINE
8
BLACK
6
CONTINUOUS
10
5.1963082283464566
20
-4.4411723622047239
11
5.1952438188976373
21
-4.4407314566929132
0
LINE
8
BLACK
6
CONTINUOUS
10
5.1952438188976373
20
-4.4407314566929132
11
5.1944291732283467
21
-4.4399168110236218
0
LINE
8
BLACK
6
CONTINUOUS
10
5.1944291732283467
20
-4.4399168110236218
11
5.1939882677165352
21
-4.4388524015748034
0
LINE
8
BLACK
6
CONTINUOUS
10
5.1939882677165352
20
-4.4388524015748034
11
5.1939315354330704
21
-4.4382763385826767
0
LINE
8
BLACK
6
CONTINUOUS
10
5.1939315354330704
20
-4.4382763385826767
11
5.1939315354330704
21
-4.4206066535433068
0
LINE
8
BLACK
6
CONTINUOUS
10
5.1939315354330704
20
-4.4206066535433068
11
5.1837609448818895
21
-4.4206066535433068
0
LINE
8
BLACK
6
CONTINUOUS
10
5.1837609448818895
20
-4.4206066535433068
11
5.1831848818897637
21
-4.420549921259842
0
LINE
8
BLACK
6
CONTINUOUS
10
5.1831848818897637
20
-4.420549921259842
11
5.1821204724409444
21
-4.4201090157480314
0
LINE
8
BLACK
6
CONTINUOUS
10
5.1821204724409444
20
-4.4201090157480314
11
5.1813058267716539
21
-4.4192943700787399
0
LINE
8
BLACK
6
CONTINUOUS
10
5.1813058267716539
20
-4.4192943700787399
11
5.1808649212598423
21
-4.4182299606299216
0
LINE
8
BLACK
6
CONTINUOUS
10
5.1808649212598423
20
-4.4182299606299216
11
5.1808649212598423
21
-4.4170778346456689
0
LINE
8
BLACK
6
CONTINUOUS
10
5.1808649212598423
20
-4.4170778346456689
11
5.1813058267716539
21
-4.4160134251968506
0
LINE
8
BLACK
6
CONTINUOUS
10
5.1813058267716539
20
-4.4160134251968506
11
5.1821204724409444
21
-4.4151987795275591
0
LINE
8
BLACK
6
CONTINUOUS
10
5.1821204724409444
20
-4.4151987795275591
11
5.1831848818897637
21
-4.4147578740157476
0
LINE
8
BLACK
6
CONTINUOUS
10
5.1831848818897637
20
-4.4147578740157476
11
5.1837609448818895
21
-4.4147011417322837
0
LINE
8
BLACK
6
CONTINUOUS
10
5.1837609448818895
20
-4.4147011417322837
11
5.1939315354330704
21
-4.4147011417322837
0
LINE
8
BLACK
6
CONTINUOUS
10
5.1939315354330704
20
-4.4147011417322837
11
5.1939315354330704
21
-4.4018590157480313
0
LINE
8
BLACK
6
CONTINUOUS
10
5.1939315354330704
20
-4.4018590157480313
11
5.1781366535433069
21
-4.4018590157480313
0
LINE
8
BLACK
6
CONTINUOUS
10
5.1781366535433069
20
-4.4018590157480313
11
5.177560590551181
21
-4.4018022834645665
0
LINE
8
BLACK
6
CONTINUOUS
10
5.177560590551181
20
-4.4018022834645665
11
5.1764961811023618
21
-4.4013613779527558
0
LINE
8
BLACK
6
CONTINUOUS
10
5.1764961811023618
20
-4.4013613779527558
11
5.1756815354330712
21
-4.4005467322834644
0
LINE
8
BLACK
6
CONTINUOUS
10
5.1756815354330712
20
-4.4005467322834644
11
5.1752406299212597
21
-4.3994823228346451
0
LINE
8
BLACK
6
CONTINUOUS
10
5.1752406299212597
20
-4.3994823228346451
11
5.1752406299212597
21
-4.3983301968503934
0
LINE
8
BLACK
6
CONTINUOUS
10
5.1752406299212597
20
-4.3983301968503934
11
5.1756815354330712
21
-4.397265787401575
0
LINE
8
BLACK
6
CONTINUOUS
10
5.1756815354330712
20
-4.397265787401575
11
5.1764961811023618
21
-4.3964511417322836
0
LINE
8
BLACK
6
CONTINUOUS
10
5.1764961811023618
20
-4.3964511417322836
11
5.177560590551181
21
-4.396010236220472
0
LINE
8
BLACK
6
CONTINUOUS
10
5.177560590551181
20
-4.396010236220472
11
5.1781366535433069
21
-4.3959535039370081
0
LINE
8
BLACK
6
CONTINUOUS
10
5.1781366535433069
20
-4.3959535039370081
11
5.1968842913385824
21
-4.3959535039370081
0
LINE
8
BLACK
6
CONTINUOUS
10
5.1968842913385824
20
-4.3959535039370081
11
5.1974603543307083
21
-4.396010236220472
0
LINE
8
BLACK
6
CONTINUOUS
10
5.6977766929133855
20
-4.3941836220472439
11
5.6988071259842519
21
-4.3946988188976377
0
LINE
8
BLACK
6
CONTINUOUS
10
5.6988071259842519
20
-4.3946988188976377
11
5.6995620078740155
21
-4.3955691732283464
0
LINE
8
BLACK
6
CONTINUOUS
10
5.6995620078740155
20
-4.3955691732283464
11
5.6997979921259843
21
-4.3960977559055117
0
LINE
8
BLACK
6
CONTINUOUS
10
5.6997979921259843
20
-4.3960977559055117
11
5.709171811023622
21
-4.4242191732283462
0
LINE
8
BLACK
6
CONTINUOUS
10
5.709171811023622
20
-4.4242191732283462
11
5.7092367322834647
21
-4.4245048031496061
0
LINE
8
BLACK
6
CONTINUOUS
10
5.7092367322834647
20
-4.4245048031496061
11
5.7092666141732282
21
-4.4245768897637792
0
LINE
8
BLACK
6
CONTINUOUS
10
5.7092666141732282
20
-4.4245768897637792
11
5.7092666141732282
21
-4.4246361023622045
0
LINE
8
BLACK
6
CONTINUOUS
10
5.7092666141732282
20
-4.4246361023622045
11
5.7093001574803148
21
-4.4247836220472436
0
LINE
8
BLACK
6
CONTINUOUS
10
5.7093001574803148
20
-4.4247836220472436
11
5.7092666141732282
21
-4.425255472440945
0
LINE
8
BLACK
6
CONTINUOUS
10
5.7092666141732282
20
-4.425255472440945
11
5.7092666141732282
21
-4.4257290157480318
0
LINE
8
BLACK
6
CONTINUOUS
10
5.7092666141732282
20
-4.4257290157480318
11
5.7092259448818901
21
-4.4258270866141736
0
LINE
8
BLACK
6
CONTINUOUS
10
5.7092259448818901
20
-4.4258270866141736
11
5.7092184645669288
21
-4.4259328346456694
0
LINE
8
BLACK
6
CONTINUOUS
10
5.7092184645669288
20
-4.4259328346456694
11
5.7090068897637796
21
-4.4263559448818901
0
LINE
8
BLACK
6
CONTINUOUS
10
5.7090068897637796
20
-4.4263559448818901
11
5.7088257086614176
21
-4.4267934251968502
0
LINE
8
BLACK
6
CONTINUOUS
10
5.7088257086614176
20
-4.4267934251968502
11
5.7087506692913381
21
-4.42686842519685
0
LINE
8
BLACK
6
CONTINUOUS
10
5.7087506692913381
20
-4.42686842519685
11
5.708703267716535
21
-4.4269633070866137
0
LINE
8
BLACK
6
CONTINUOUS
10
5.708703267716535
20
-4.4269633070866137
11
5.7083457874015746
21
-4.4272733070866144
0
LINE
8
BLACK
6
CONTINUOUS
10
5.7083457874015746
20
-4.4272733070866144
11
5.7080110629921261
21
-4.4276080708661416
0
LINE
8
BLACK
6
CONTINUOUS
10
5.7080110629921261
20
-4.4276080708661416
11
5.7079129921259844
21
-4.4276486614173232
0
LINE
8
BLACK
6
CONTINUOUS
10
5.7079129921259844
20
-4.4276486614173232
11
5.7078328740157476
21
-4.4277181889763781
0
LINE
8
BLACK
6
CONTINUOUS
10
5.7078328740157476
20
-4.4277181889763781
11
5.7073840157480316
21
-4.4278677952755903
0
LINE
8
BLACK
6
CONTINUOUS
10
5.7073840157480316
20
-4.4278677952755903
11
5.7069466535433069
21
-4.4280489763779523
0
LINE
8
BLACK
6
CONTINUOUS
10
5.7069466535433069
20
-4.4280489763779523
11
5.7067959842519684
21
-4.4280637795275588
0
LINE
8
BLACK
6
CONTINUOUS
10
5.7067959842519684
20
-4.4280637795275588
11
5.7067398818897637
21
-4.4280825196850389
0
LINE
8
BLACK
6
CONTINUOUS
10
5.7067398818897637
20
-4.4280825196850389
11
5.706662125984252
21
-4.4280769685039365
0
LINE
8
BLACK
6
CONTINUOUS
10
5.706662125984252
20
-4.4280769685039365
11
5.706370590551181
21
-4.4281057086614171
0
LINE
8
BLACK
6
CONTINUOUS
10
5.706370590551181
20
-4.4281057086614171
11
5.6905757086614175
21
-4.4281057086614171
0
LINE
8
BLACK
6
CONTINUOUS
10
5.6905757086614175
20
-4.4281057086614171
11
5.6905757086614175
21
-4.4382763385826767
0
LINE
8
BLACK
6
CONTINUOUS
10
5.6905757086614175
20
-4.4382763385826767
11
5.6905189763779527
21
-4.4388524015748034
0
LINE
8
BLACK
6
CONTINUOUS
10
5.6905189763779527
20
-4.4388524015748034
11
5.690078070866142
21
-4.4399168110236218
0
LINE
8
BLACK
6
CONTINUOUS
10
5.690078070866142
20
-4.4399168110236218
11
5.6892634251968506
21
-4.4407314566929132
0
LINE
8
BLACK
6
CONTINUOUS
10
5.6892634251968506
20
-4.4407314566929132
11
5.6881990157480313
21
-4.4411723622047239
0
LINE
8
BLACK
6
CONTINUOUS
10
5.6881990157480313
20
-4.4411723622047239
11
5.6870468897637796
21
-4.4411723622047239
0
LINE
8
BLACK
6
CONTINUOUS
10
5.6870468897637796
20
-4.4411723622047239
11
5.6859824803149603
21
-4.4407314566929132
0
LINE
8
BLACK
6
CONTINUOUS
10
5.6859824803149603
20
-4.4407314566929132
11
5.6851678346456689
21
-4.4399168110236218
0
LINE
8
BLACK
6
CONTINUOUS
10
5.6851678346456689
20
-4.4399168110236218
11
5.6847269291338582
21
-4.4388524015748034
0
LINE
8
BLACK
6
CONTINUOUS
10
5.6847269291338582
20
-4.4388524015748034
11
5.6846701968503934
21
-4.4382763385826767
0
LINE
8
BLACK
6
CONTINUOUS
10
5.6846701968503934
20
-4.4382763385826767
11
5.6846701968503934
21
-4.4281057086614171
0
LINE
8
BLACK
6
CONTINUOUS
10
5.6846701968503934
20
-4.4281057086614171
11
5.6819986614173228
21
-4.4281057086614171
0
LINE
8
BLACK
6
CONTINUOUS
10
5.6819986614173228
20
-4.4281057086614171
11
5.6814225984251969
21
-4.4280489763779523
0
LINE
8
BLACK
6
CONTINUOUS
10
5.6814225984251969
20
-4.4280489763779523
11
5.6803581889763777
21
-4.4276080708661416
0
LINE
8
BLACK
6
CONTINUOUS
10
5.6803581889763777
20
-4.4276080708661416
11
5.6795435433070862
21
-4.4267934251968502
0
LINE
8
BLACK
6
CONTINUOUS
10
5.6795435433070862
20
-4.4267934251968502
11
5.6791026377952756
21
-4.4257290157480318
0
LINE
8
BLACK
6
CONTINUOUS
10
5.6791026377952756
20
-4.4257290157480318
11
5.6791026377952756
21
-4.4245768897637792
0
LINE
8
BLACK
6
CONTINUOUS
10
5.6791026377952756
20
-4.4245768897637792
11
5.6795435433070862
21
-4.4235124803149608
0
LINE
8
BLACK
6
CONTINUOUS
10
5.6795435433070862
20
-4.4235124803149608
11
5.6803581889763777
21
-4.4226978346456693
0
LINE
8
BLACK
6
CONTINUOUS
10
5.6803581889763777
20
-4.4226978346456693
11
5.6814225984251969
21
-4.4222569291338578
0
LINE
8
BLACK
6
CONTINUOUS
10
5.6814225984251969
20
-4.4222569291338578
11
5.6819986614173228
21
-4.4222001968503939
0
LINE
8
BLACK
6
CONTINUOUS
10
5.6819986614173228
20
-4.4222001968503939
11
5.6846701968503934
21
-4.4222001968503939
0
LINE
8
BLACK
6
CONTINUOUS
10
5.6846701968503934
20
-4.4222001968503939
11
5.6846701968503934
21
-4.4120296062992121
0
LINE
8
BLACK
6
CONTINUOUS
10
5.6846701968503934
20
-4.4120296062992121
11
5.6847269291338582
21
-4.4114535433070863
0
LINE
8
BLACK
6
CONTINUOUS
10
5.6847269291338582
20
-4.4114535433070863
11
5.6851678346456689
21
-4.4103891338582679
0
LINE
8
BLACK
6
CONTINUOUS
10
5.6851678346456689
20
-4.4103891338582679
11
5.6859824803149603
21
-4.4095744881889765
0
LINE
8
BLACK
6
CONTINUOUS
10
5.6859824803149603
20
-4.4095744881889765
11
5.6870468897637796
21
-4.4091335826771649
0
LINE
8
BLACK
6
CONTINUOUS
10
5.6870468897637796
20
-4.4091335826771649
11
5.6881990157480313
21
-4.4091335826771649
0
LINE
8
BLACK
6
CONTINUOUS
10
5.6881990157480313
20
-4.4091335826771649
11
5.6892634251968506
21
-4.4095744881889765
0
LINE
8
BLACK
6
CONTINUOUS
10
5.6892634251968506
20
-4.4095744881889765
11
5.690078070866142
21
-4.4103891338582679
0
LINE
8
BLACK
6
CONTINUOUS
10
5.690078070866142
20
-4.4103891338582679
11
5.6905189763779527
21
-4.4114535433070863
0
LINE
8
BLACK
6
CONTINUOUS
10
5.6905189763779527
20
-4.4114535433070863
11
5.6905757086614175
21
-4.4120296062992121
0
LINE
8
BLACK
6
CONTINUOUS
10
5.6905757086614175
20
-4.4120296062992121
11
5.6905757086614175
21
-4.4222001968503939
0
LINE
8
BLACK
6
CONTINUOUS
10
5.6905757086614175
20
-4.4222001968503939
11
5.7022738582677164
21
-4.4222001968503939
0
LINE
8
BLACK
6
CONTINUOUS
10
5.7022738582677164
20
-4.4222001968503939
11
5.6941955511811022
21
-4.3979652362204726
0
LINE
8
BLACK
6
CONTINUOUS
10
5.6941955511811022
20
-4.3979652362204726
11
5.6940672047244094
21
-4.3974007874015744
0
LINE
8
BLACK
6
CONTINUOUS
10
5.6940672047244094
20
-4.3974007874015744
11
5.6941488976377954
21
-4.3962515748031494
0
LINE
8
BLACK
6
CONTINUOUS
10
5.6941488976377954
20
-4.3962515748031494
11
5.6946640944881892
21
-4.3952211417322831
0
LINE
8
BLACK
6
CONTINUOUS
10
5.6946640944881892
20
-4.3952211417322831
11
5.6955344488188979
21
-4.3944662598425195
0
LINE
8
BLACK
6
CONTINUOUS
10
5.6955344488188979
20
-4.3944662598425195
11
5.6966274803149606
21
-4.3941019291338579
0
LINE
8
BLACK
6
CONTINUOUS
10
5.6966274803149606
20
-4.3941019291338579
11
5.6977766929133855
21
-4.3941836220472439
0
LINE
8
BLACK
6
CONTINUOUS
10
6.3031126377952758
20
-4.4028333464566929
11
6.304391062992126
21
-4.4041117716535432
0
LINE
8
BLACK
6
CONTINUOUS
10
6.304391062992126
20
-4.4041117716535432
11
6.3045708661417326
21
-4.405015748031496
0
LINE
8
BLACK
6
CONTINUOUS
10
6.3045708661417326
20
-4.405015748031496
11
6.3045708661417326
21
-4.4128897637795275
0
LINE
8
BLACK
6
CONTINUOUS
10
6.3045708661417326
20
-4.4128897637795275
11
6.304391062992126
21
-4.4137937401574803
0
LINE
8
BLACK
6
CONTINUOUS
10
6.304391062992126
20
-4.4137937401574803
11
6.3031126377952758
21
-4.4150721653543306
0
LINE
8
BLACK
6
CONTINUOUS
10
6.3031126377952758
20
-4.4150721653543306
11
6.3013046850393701
21
-4.4150721653543306
0
LINE
8
BLACK
6
CONTINUOUS
10
6.3013046850393701
20
-4.4150721653543306
11
6.3000262598425198
21
-4.4137937401574803
0
LINE
8
BLACK
6
CONTINUOUS
10
6.3000262598425198
20
-4.4137937401574803
11
6.2998464566929133
21
-4.4128897637795275
0
LINE
8
BLACK
6
CONTINUOUS
10
6.2998464566929133
20
-4.4128897637795275
11
6.2998464566929133
21
-4.4073779527559056
0
LINE
8
BLACK
6
CONTINUOUS
10
6.2998464566929133
20
-4.4073779527559056
11
6.122681102362205
21
-4.4073779527559056
0
LINE
8
BLACK
6
CONTINUOUS
10
6.122681102362205
20
-4.4073779527559056
11
6.122681102362205
21
-4.4128897637795275
0
LINE
8
BLACK
6
CONTINUOUS
10
6.122681102362205
20
-4.4128897637795275
11
6.1225012992125984
21
-4.4137937401574803
0
LINE
8
BLACK
6
CONTINUOUS
10
6.1225012992125984
20
-4.4137937401574803
11
6.1212228740157482
21
-4.4150721653543306
0
LINE
8
BLACK
6
CONTINUOUS
10
6.1212228740157482
20
-4.4150721653543306
11
6.1194149212598425
21
-4.4150721653543306
0
LINE
8
BLACK
6
CONTINUOUS
10
6.1194149212598425
20
-4.4150721653543306
11
6.1181364960629923
21
-4.4137937401574803
0
LINE
8
BLACK
6
CONTINUOUS
10
6.1181364960629923
20
-4.4137937401574803
11
6.1179566929133857
21
-4.4128897637795275
0
LINE
8
BLACK
6
CONTINUOUS
10
6.1179566929133857
20
-4.4128897637795275
11
6.1179566929133857
21
-4.405015748031496
0
LINE
8
BLACK
6
CONTINUOUS
10
6.1179566929133857
20
-4.405015748031496
11
6.1181364960629923
21
-4.4041117716535432
0
LINE
8
BLACK
6
CONTINUOUS
10
6.1181364960629923
20
-4.4041117716535432
11
6.1194149212598425
21
-4.4028333464566929
0
LINE
8
BLACK
6
CONTINUOUS
10
6.1194149212598425
20
-4.4028333464566929
11
6.1203188976377954
21
-4.4026535433070864
0
LINE
8
BLACK
6
CONTINUOUS
10
6.1203188976377954
20
-4.4026535433070864
11
6.3022086614173229
21
-4.4026535433070864
0
LINE
8
BLACK
6
CONTINUOUS
10
6.3022086614173229
20
-4.4026535433070864
11
6.3031126377952758
21
-4.4028333464566929
0
LINE
8
BLACK
6
CONTINUOUS
10
6.4602675590551177
20
-4.3613287795275593
11
6.4603395669291341
21
-4.3613216141732281
0
LINE
8
BLACK
6
CONTINUOUS
10
6.4603395669291341
20
-4.3613216141732281
11
6.4604098818897633
21
-4.3613427952755908
0
LINE
8
BLACK
6
CONTINUOUS
10
6.4604098818897633
20
-4.3613427952755908
11
6.4606305905511814
21
-4.3613645669291339
0
LINE
8
BLACK
6
CONTINUOUS
10
6.4606305905511814
20
-4.3613645669291339
11
6.4610292519685038
21
-4.3615296850393701
0
LINE
8
BLACK
6
CONTINUOUS
10
6.4610292519685038
20
-4.3615296850393701
11
6.4614425590551177
21
-4.3616544094488185
0
LINE
8
BLACK
6
CONTINUOUS
10
6.4614425590551177
20
-4.3616544094488185
11
6.4615576377952753
21
-4.3617485433070868
0
LINE
8
BLACK
6
CONTINUOUS
10
6.4615576377952753
20
-4.3617485433070868
11
6.4616949999999997
21
-4.3618054724409445
0
LINE
8
BLACK
6
CONTINUOUS
10
6.4616949999999997
20
-4.3618054724409445
11
6.4620002362204723
21
-4.362110708661417
0
LINE
8
BLACK
6
CONTINUOUS
10
6.4620002362204723
20
-4.362110708661417
11
6.4623342125984253
21
-4.3623839763779531
0
LINE
8
BLACK
6
CONTINUOUS
10
6.4623342125984253
20
-4.3623839763779531
11
6.4624044488188979
21
-4.3625149212598426
0
LINE
8
BLACK
6
CONTINUOUS
10
6.4624044488188979
20
-4.3625149212598426
11
6.4625096456692912
21
-4.362620118110236
0
LINE
8
BLACK
6
CONTINUOUS
10
6.4625096456692912
20
-4.362620118110236
11
6.4626748031496062
21
-4.3630188976377955
0
LINE
8
BLACK
6
CONTINUOUS
10
6.4626748031496062
20
-4.3630188976377955
11
6.4628788582677164
21
-4.3633992125984253
0
LINE
8
BLACK
6
CONTINUOUS
10
6.4628788582677164
20
-4.3633992125984253
11
6.4629224409448813
21
-4.3636166929133857
0
LINE
8
BLACK
6
CONTINUOUS
10
6.4629224409448813
20
-4.3636166929133857
11
6.4629505511811018
21
-4.3636845275590552
0
LINE
8
BLACK
6
CONTINUOUS
10
6.4629505511811018
20
-4.3636845275590552
11
6.4629505511811018
21
-4.363756811023622
0
LINE
8
BLACK
6
CONTINUOUS
10
6.4629505511811018
20
-4.363756811023622
11
6.4629926377952751
21
-4.3639667716535433
0
LINE
8
BLACK
6
CONTINUOUS
10
6.4629926377952751
20
-4.3639667716535433
11
6.4648674015748027
21
-4.3827144094488188
0
LINE
8
BLACK
6
CONTINUOUS
10
6.4648674015748027
20
-4.3827144094488188
11
6.4648682677165352
21
-4.3832932677165353
0
LINE
8
BLACK
6
CONTINUOUS
10
6.4648682677165352
20
-4.3832932677165353
11
6.4648253149606294
21
-4.3834355905511808
0
LINE
8
BLACK
6
CONTINUOUS
10
6.4648253149606294
20
-4.3834355905511808
11
6.4648253149606294
21
-4.3835842519685038
0
LINE
8
BLACK
6
CONTINUOUS
10
6.4648253149606294
20
-4.3835842519685038
11
6.4646601968503932
21
-4.3839828346456695
0
LINE
8
BLACK
6
CONTINUOUS
10
6.4646601968503932
20
-4.3839828346456695
11
6.4645354724409447
21
-4.3843962598425197
0
LINE
8
BLACK
6
CONTINUOUS
10
6.4645354724409447
20
-4.3843962598425197
11
6.4644412598425198
21
-4.384511377952756
0
LINE
8
BLACK
6
CONTINUOUS
10
6.4644412598425198
20
-4.384511377952756
11
6.4643844094488188
21
-4.384648661417323
0
LINE
8
BLACK
6
CONTINUOUS
10
6.4643844094488188
20
-4.384648661417323
11
6.4640793307086613
21
-4.3849537007874018
0
LINE
8
BLACK
6
CONTINUOUS
10
6.4640793307086613
20
-4.3849537007874018
11
6.4638059055118111
21
-4.3852879133858265
0
LINE
8
BLACK
6
CONTINUOUS
10
6.4638059055118111
20
-4.3852879133858265
11
6.4636748425196853
21
-4.3853581889763777
0
LINE
8
BLACK
6
CONTINUOUS
10
6.4636748425196853
20
-4.3853581889763777
11
6.4635697244094485
21
-4.3854633464566932
0
LINE
8
BLACK
6
CONTINUOUS
10
6.4635697244094485
20
-4.3854633464566932
11
6.4631711023622049
21
-4.3856284251968507
0
LINE
8
BLACK
6
CONTINUOUS
10
6.4631711023622049
20
-4.3856284251968507
11
6.4627906692913388
21
-4.3858325590551184
0
LINE
8
BLACK
6
CONTINUOUS
10
6.4627906692913388
20
-4.3858325590551184
11
6.462642637795275
21
-4.3858473228346453
0
LINE
8
BLACK
6
CONTINUOUS
10
6.462642637795275
20
-4.3858473228346453
11
6.4625053149606302
21
-4.3859042519685039
0
LINE
8
BLACK
6
CONTINUOUS
10
6.4625053149606302
20
-4.3859042519685039
11
6.4620737795275591
21
-4.3859042519685039
0
LINE
8
BLACK
6
CONTINUOUS
10
6.4620737795275591
20
-4.3859042519685039
11
6.4616442519685036
21
-4.3859472047244097
0
LINE
8
BLACK
6
CONTINUOUS
10
6.4616442519685036
20
-4.3859472047244097
11
6.4615018897637793
21
-4.3859042519685039
0
LINE
8
BLACK
6
CONTINUOUS
10
6.4615018897637793
20
-4.3859042519685039
11
6.4613532283464563
21
-4.3859042519685039
0
LINE
8
BLACK
6
CONTINUOUS
10
6.4613532283464563
20
-4.3859042519685039
11
6.4609545275590552
21
-4.3857390944881889
0
LINE
8
BLACK
6
CONTINUOUS
10
6.4609545275590552
20
-4.3857390944881889
11
6.4605412598425191
21
-4.3856144094488192
0
LINE
8
BLACK
6
CONTINUOUS
10
6.4605412598425191
20
-4.3856144094488192
11
6.4604261417322837
21
-4.3855202362204722
0
LINE
8
BLACK
6
CONTINUOUS
10
6.4604261417322837
20
-4.3855202362204722
11
6.460288818897638
21
-4.3854633464566932
0
LINE
8
BLACK
6
CONTINUOUS
10
6.460288818897638
20
-4.3854633464566932
11
6.4598413779527561
21
-4.3850961417322836
0
LINE
8
BLACK
6
CONTINUOUS
10
6.4598413779527561
20
-4.3850961417322836
11
6.4583054330708656
21
-4.3835601968503939
0
LINE
8
BLACK
6
CONTINUOUS
10
6.4583054330708656
20
-4.3835601968503939
11
6.4556079527559049
21
-4.3822114566929136
0
LINE
8
BLACK
6
CONTINUOUS
10
6.4556079527559049
20
-4.3822114566929136
11
6.4476282283464563
21
-4.3822114566929136
0
LINE
8
BLACK
6
CONTINUOUS
10
6.4476282283464563
20
-4.3822114566929136
11
6.4449307480314957
21
-4.3835601968503939
0
LINE
8
BLACK
6
CONTINUOUS
10
6.4449307480314957
20
-4.3835601968503939
11
6.4437336220472439
21
-4.3847573228346457
0
LINE
8
BLACK
6
CONTINUOUS
10
6.4437336220472439
20
-4.3847573228346457
11
6.4423848818897635
21
-4.3874548031496063
0
LINE
8
BLACK
6
CONTINUOUS
10
6.4423848818897635
20
-4.3874548031496063
11
6.4423848818897635
21
-4.3954345275590549
0
LINE
8
BLACK
6
CONTINUOUS
10
6.4423848818897635
20
-4.3954345275590549
11
6.4437336220472439
21
-4.3981320078740156
0
LINE
8
BLACK
6
CONTINUOUS
10
6.4437336220472439
20
-4.3981320078740156
11
6.4449307480314957
21
-4.3993291732283462
0
LINE
8
BLACK
6
CONTINUOUS
10
6.4449307480314957
20
-4.3993291732283462
11
6.4476282283464563
21
-4.4006779133858265
0
LINE
8
BLACK
6
CONTINUOUS
10
6.4476282283464563
20
-4.4006779133858265
11
6.4556079527559049
21
-4.4006779133858265
0
LINE
8
BLACK
6
CONTINUOUS
10
6.4556079527559049
20
-4.4006779133858265
11
6.4583053937007868
21
-4.3993291732283462
0
LINE
8
BLACK
6
CONTINUOUS
10
6.4583053937007868
20
-4.3993291732283462
11
6.4598413385826774
21
-4.3977932283464565
0
LINE
8
BLACK
6
CONTINUOUS
10
6.4598413385826774
20
-4.3977932283464565
11
6.460288818897638
21
-4.3974259842519681
0
LINE
8
BLACK
6
CONTINUOUS
10
6.460288818897638
20
-4.3974259842519681
11
6.4613532283464563
21
-4.3969850787401574
0
LINE
8
BLACK
6
CONTINUOUS
10
6.4613532283464563
20
-4.3969850787401574
11
6.4625053149606302
21
-4.3969850787401574
0
LINE
8
BLACK
6
CONTINUOUS
10
6.4625053149606302
20
-4.3969850787401574
11
6.4635697244094485
21
-4.3974259448818893
0
LINE
8
BLACK
6
CONTINUOUS
10
6.4635697244094485
20
-4.3974259448818893
11
6.4643844094488188
21
-4.3982406299212595
0
LINE
8
BLACK
6
CONTINUOUS
10
6.4643844094488188
20
-4.3982406299212595
11
6.4648253149606294
21
-4.3993050393700788
0
LINE
8
BLACK
6
CONTINUOUS
10
6.4648253149606294
20
-4.3993050393700788
11
6.4648253149606294
21
-4.4004571259842518
0
LINE
8
BLACK
6
CONTINUOUS
10
6.4648253149606294
20
-4.4004571259842518
11
6.4643844488188975
21
-4.401521535433071
0
LINE
8
BLACK
6
CONTINUOUS
10
6.4643844488188975
20
-4.401521535433071
11
6.4640172047244091
21
-4.4019690157480316
0
LINE
8
BLACK
6
CONTINUOUS
10
6.4640172047244091
20
-4.4019690157480316
11
6.4621424803149603
21
-4.4038437795275591
0
LINE
8
BLACK
6
CONTINUOUS
10
6.4621424803149603
20
-4.4038437795275591
11
6.4619161023622045
21
-4.4040295275590546
0
LINE
8
BLACK
6
CONTINUOUS
10
6.4619161023622045
20
-4.4040295275590546
11
6.461864921259842
21
-4.404088582677165
0
LINE
8
BLACK
6
CONTINUOUS
10
6.461864921259842
20
-4.404088582677165
11
6.4617759448818894
21
-4.4041445669291335
0
LINE
8
BLACK
6
CONTINUOUS
10
6.4617759448818894
20
-4.4041445669291335
11
6.4616949999999997
21
-4.4042110236220475
0
LINE
8
BLACK
6
CONTINUOUS
10
6.4616949999999997
20
-4.4042110236220475
11
6.461623031496063
21
-4.4042408267716535
0
LINE
8
BLACK
6
CONTINUOUS
10
6.461623031496063
20
-4.4042408267716535
11
6.4613750393700782
21
-4.4043969291338581
0
LINE
8
BLACK
6
CONTINUOUS
10
6.4613750393700782
20
-4.4043969291338581
11
6.4576255118110231
21
-4.4062716929133856
0
LINE
8
BLACK
6
CONTINUOUS
10
6.4576255118110231
20
-4.4062716929133856
11
6.4570848818897639
21
-4.4064785826771651
0
LINE
8
BLACK
6
CONTINUOUS
10
6.4570848818897639
20
-4.4064785826771651
11
6.4569790551181097
21
-4.4064860629921263
0
LINE
8
BLACK
6
CONTINUOUS
10
6.4569790551181097
20
-4.4064860629921263
11
6.4568810629921263
21
-4.4065266929133857
0
LINE
8
BLACK
6
CONTINUOUS
10
6.4568810629921263
20
-4.4065266929133857
11
6.4563049999999995
21
-4.4065834251968505
0
LINE
8
BLACK
6
CONTINUOUS
10
6.4563049999999995
20
-4.4065834251968505
11
6.4469311811023617
21
-4.4065834251968505
0
LINE
8
BLACK
6
CONTINUOUS
10
6.4469311811023617
20
-4.4065834251968505
11
6.4463551181102359
21
-4.4065266929133857
0
LINE
8
BLACK
6
CONTINUOUS
10
6.4463551181102359
20
-4.4065266929133857
11
6.4462571259842516
21
-4.4064861023622051
0
LINE
8
BLACK
6
CONTINUOUS
10
6.4462571259842516
20
-4.4064861023622051
11
6.4461512598425195
21
-4.4064785826771651
0
LINE
8
BLACK
6
CONTINUOUS
10
6.4461512598425195
20
-4.4064785826771651
11
6.4456106692913382
21
-4.4062716929133856
0
LINE
8
BLACK
6
CONTINUOUS
10
6.4456106692913382
20
-4.4062716929133856
11
6.4418611417322831
21
-4.4043969291338581
0
LINE
8
BLACK
6
CONTINUOUS
10
6.4418611417322831
20
-4.4043969291338581
11
6.4416131102362204
21
-4.4042408267716535
0
LINE
8
BLACK
6
CONTINUOUS
10
6.4416131102362204
20
-4.4042408267716535
11
6.4415411811023624
21
-4.4042110236220475
0
LINE
8
BLACK
6
CONTINUOUS
10
6.4415411811023624
20
-4.4042110236220475
11
6.4414601968503939
21
-4.4041445669291335
0
LINE
8
BLACK
6
CONTINUOUS
10
6.4414601968503939
20
-4.4041445669291335
11
6.4413712598425192
21
-4.404088582677165
0
LINE
8
BLACK
6
CONTINUOUS
10
6.4413712598425192
20
-4.404088582677165
11
6.4413200393700789
21
-4.4040295275590546
0
LINE
8
BLACK
6
CONTINUOUS
10
6.4413200393700789
20
-4.4040295275590546
11
6.4410937007874018
21
-4.4038437795275591
0
LINE
8
BLACK
6
CONTINUOUS
10
6.4410937007874018
20
-4.4038437795275591
11
6.4392189370078743
21
-4.4019689763779528
0
LINE
8
BLACK
6
CONTINUOUS
10
6.4392189370078743
20
-4.4019689763779528
11
6.4390331889763779
21
-4.4017426377952757
0
LINE
8
BLACK
6
CONTINUOUS
10
6.4390331889763779
20
-4.4017426377952757
11
6.4389742125984251
21
-4.401691496062992
0
LINE
8
BLACK
6
CONTINUOUS
10
6.4389742125984251
20
-4.401691496062992
11
6.4389182283464566
21
-4.4016025590551182
0
LINE
8
BLACK
6
CONTINUOUS
10
6.4389182283464566
20
-4.4016025590551182
11
6.4388517322834646
21
-4.401521535433071
0
LINE
8
BLACK
6
CONTINUOUS
10
6.4388517322834646
20
-4.401521535433071
11
6.438821889763779
21
-4.4014494881889759
0
LINE
8
BLACK
6
CONTINUOUS
10
6.438821889763779
20
-4.4014494881889759
11
6.438665866141732
21
-4.4012016141732282
0
LINE
8
BLACK
6
CONTINUOUS
10
6.438665866141732
20
-4.4012016141732282
11
6.4367911023622044
21
-4.3974520866141731
0
LINE
8
BLACK
6
CONTINUOUS
10
6.4367911023622044
20
-4.3974520866141731
11
6.4365842125984249
21
-4.3969114566929131
0
LINE
8
BLACK
6
CONTINUOUS
10
6.4365842125984249
20
-4.3969114566929131
11
6.4365766929133859
21
-4.3968056299212597
0
LINE
8
BLACK
6
CONTINUOUS
10
6.4365766929133859
20
-4.3968056299212597
11
6.4365361023622043
21
-4.3967076377952754
0
LINE
8
BLACK
6
CONTINUOUS
10
6.4365361023622043
20
-4.3967076377952754
11
6.4364793700787404
21
-4.3961315748031495
0
LINE
8
BLACK
6
CONTINUOUS
10
6.4364793700787404
20
-4.3961315748031495
11
6.4364793700787404
21
-4.3867577559055118
0
LINE
8
BLACK
6
CONTINUOUS
10
6.4364793700787404
20
-4.3867577559055118
11
6.4365361023622043
21
-4.3861816929133859
0
LINE
8
BLACK
6
CONTINUOUS
10
6.4365361023622043
20
-4.3861816929133859
11
6.4365766929133859
21
-4.3860836614173229
0
LINE
8
BLACK
6
CONTINUOUS
10
6.4365766929133859
20
-4.3860836614173229
11
6.4365842125984249
21
-4.3859778740157482
0
LINE
8
BLACK
6
CONTINUOUS
10
6.4365842125984249
20
-4.3859778740157482
11
6.4367911023622044
21
-4.3854372440944882
0
LINE
8
BLACK
6
CONTINUOUS
10
6.4367911023622044
20
-4.3854372440944882
11
6.438665866141732
21
-4.3816877165354331
0
LINE
8
BLACK
6
CONTINUOUS
10
6.438665866141732
20
-4.3816877165354331
11
6.4388219291338578
21
-4.3814396850393695
0
LINE
8
BLACK
6
CONTINUOUS
10
6.4388219291338578
20
-4.3814396850393695
11
6.4388517716535434
21
-4.3813677559055115
0
LINE
8
BLACK
6
CONTINUOUS
10
6.4388517716535434
20
-4.3813677559055115
11
6.4389182283464566
21
-4.3812867716535431
0
LINE
8
BLACK
6
CONTINUOUS
10
6.4389182283464566
20
-4.3812867716535431
11
6.4389742125984251
21
-4.3811978346456693
0
LINE
8
BLACK
6
CONTINUOUS
10
6.4389742125984251
20
-4.3811978346456693
11
6.4390331889763779
21
-4.3811466535433068
0
LINE
8
BLACK
6
CONTINUOUS
10
6.4390331889763779
20
-4.3811466535433068
11
6.439218976377953
21
-4.3809203149606297
0
LINE
8
BLACK
6
CONTINUOUS
10
6.439218976377953
20
-4.3809203149606297
11
6.4410937401574806
21
-4.3790455511811022
0
LINE
8
BLACK
6
CONTINUOUS
10
6.4410937401574806
20
-4.3790455511811022
11
6.4413200787401577
21
-4.3788597637795279
0
LINE
8
BLACK
6
CONTINUOUS
10
6.4413200787401577
20
-4.3788597637795279
11
6.4413712598425192
21
-4.3788007874015751
0
LINE
8
BLACK
6
CONTINUOUS
10
6.4413712598425192
20
-4.3788007874015751
11
6.4414601968503939
21
-4.3787448031496066
0
LINE
8
BLACK
6
CONTINUOUS
10
6.4414601968503939
20
-4.3787448031496066
11
6.4415411811023624
21
-4.3786783464566925
0
LINE
8
BLACK
6
CONTINUOUS
10
6.4415411811023624
20
-4.3786783464566925
11
6.4416131102362204
21
-4.3786485039370078
0
LINE
8
BLACK
6
CONTINUOUS
10
6.4416131102362204
20
-4.3786485039370078
11
6.4418611417322831
21
-4.378492440944882
0
LINE
8
BLACK
6
CONTINUOUS
10
6.4418611417322831
20
-4.378492440944882
11
6.4456106692913382
21
-4.3766176771653544
0
LINE
8
BLACK
6
CONTINUOUS
10
6.4456106692913382
20
-4.3766176771653544
11
6.4461512598425195
21
-4.376410787401575
0
LINE
8
BLACK
6
CONTINUOUS
10
6.4461512598425195
20
-4.376410787401575
11
6.4462571259842516
21
-4.3764032283464562
0
LINE
8
BLACK
6
CONTINUOUS
10
6.4462571259842516
20
-4.3764032283464562
11
6.4463551181102359
21
-4.3763626771653543
0
LINE
8
BLACK
6
CONTINUOUS
10
6.4463551181102359
20
-4.3763626771653543
11
6.4469311811023617
21
-4.3763059448818895
0
LINE
8
BLACK
6
CONTINUOUS
10
6.4469311811023617
20
-4.3763059448818895
11
6.4563049999999995
21
-4.3763059448818895
0
LINE
8
BLACK
6
CONTINUOUS
10
6.4563049999999995
20
-4.3763059448818895
11
6.4568810629921263
21
-4.3763626771653543
0
LINE
8
BLACK
6
CONTINUOUS
10
6.4568810629921263
20
-4.3763626771653543
11
6.4569790551181097
21
-4.376403267716535
0
LINE
8
BLACK
6
CONTINUOUS
10
6.4569790551181097
20
-4.376403267716535
11
6.4570848818897639
21
-4.376410787401575
0
LINE
8
BLACK
6
CONTINUOUS
10
6.4570848818897639
20
-4.376410787401575
11
6.4576255118110231
21
-4.3766176771653544
0
LINE
8
BLACK
6
CONTINUOUS
10
6.4576255118110231
20
-4.3766176771653544
11
6.4583594094488186
21
-4.3769846062992128
0
LINE
8
BLACK
6
CONTINUOUS
10
6.4583594094488186
20
-4.3769846062992128
11
6.4573823228346452
21
-4.3672133464566931
0
LINE
8
BLACK
6
CONTINUOUS
10
6.4573823228346452
20
-4.3672133464566931
11
6.4413068897637791
21
-4.3672133464566931
0
LINE
8
BLACK
6
CONTINUOUS
10
6.4413068897637791
20
-4.3672133464566931
11
6.4407308267716532
21
-4.3671566141732283
0
LINE
8
BLACK
6
CONTINUOUS
10
6.4407308267716532
20
-4.3671566141732283
11
6.4396664173228348
21
-4.3667157086614168
0
LINE
8
BLACK
6
CONTINUOUS
10
6.4396664173228348
20
-4.3667157086614168
11
6.4388517716535434
21
-4.3659010629921262
0
LINE
8
BLACK
6
CONTINUOUS
10
6.4388517716535434
20
-4.3659010629921262
11
6.4384108661417319
21
-4.364836653543307
0
LINE
8
BLACK
6
CONTINUOUS
10
6.4384108661417319
20
-4.364836653543307
11
6.4384108661417319
21
-4.3636845275590552
0
LINE
8
BLACK
6
CONTINUOUS
10
6.4384108661417319
20
-4.3636845275590552
11
6.4388517716535434
21
-4.362620118110236
0
LINE
8
BLACK
6
CONTINUOUS
10
6.4388517716535434
20
-4.362620118110236
11
6.4396664173228348
21
-4.3618054724409445
0
LINE
8
BLACK
6
CONTINUOUS
10
6.4396664173228348
20
-4.3618054724409445
11
6.4407308267716532
21
-4.3613645669291339
0
LINE
8
BLACK
6
CONTINUOUS
10
6.4407308267716532
20
-4.3613645669291339
11
6.4413068897637791
21
-4.3613078346456691
0
LINE
8
BLACK
6
CONTINUOUS
10
6.4413068897637791
20
-4.3613078346456691
11
6.4600545275590546
21
-4.3613078346456691
0
LINE
8
BLACK
6
CONTINUOUS
10
6.4600545275590546
20
-4.3613078346456691
11
6.4602675590551177
21
-4.3613287795275593
0
LINE
8
BLACK
6
CONTINUOUS
10
6.480442677165354
20
-4.3618054724409445
11
6.4812573228346455
21
-4.362620118110236
0
LINE
8
BLACK
6
CONTINUOUS
10
6.4812573228346455
20
-4.362620118110236
11
6.4816982283464561
21
-4.3636845275590552
0
LINE
8
BLACK
6
CONTINUOUS
10
6.4816982283464561
20
-4.3636845275590552
11
6.481754960629921
21
-4.3642605905511811
0
LINE
8
BLACK
6
CONTINUOUS
10
6.481754960629921
20
-4.3642605905511811
11
6.481754960629921
21
-4.3954345275590549
0
LINE
8
BLACK
6
CONTINUOUS
10
6.481754960629921
20
-4.3954345275590549
11
6.4831037007874013
21
-4.3981320078740156
0
LINE
8
BLACK
6
CONTINUOUS
10
6.4831037007874013
20
-4.3981320078740156
11
6.4843008267716531
21
-4.3993291732283462
0
LINE
8
BLACK
6
CONTINUOUS
10
6.4843008267716531
20
-4.3993291732283462
11
6.4869983070866137
21
-4.4006779133858265
0
LINE
8
BLACK
6
CONTINUOUS
10
6.4869983070866137
20
-4.4006779133858265
11
6.4931032677165357
21
-4.4006779133858265
0
LINE
8
BLACK
6
CONTINUOUS
10
6.4931032677165357
20
-4.4006779133858265
11
6.4958007086614176
21
-4.3993291732283462
0
LINE
8
BLACK
6
CONTINUOUS
10
6.4958007086614176
20
-4.3993291732283462
11
6.4969978346456694
21
-4.3981320078740156
0
LINE
8
BLACK
6
CONTINUOUS
10
6.4969978346456694
20
-4.3981320078740156
11
6.4983466141732285
21
-4.3954345275590549
0
LINE
8
BLACK
6
CONTINUOUS
10
6.4983466141732285
20
-4.3954345275590549
11
6.4983466141732285
21
-4.3642605905511811
0
LINE
8
BLACK
6
CONTINUOUS
10
6.4983466141732285
20
-4.3642605905511811
11
6.4984033464566924
21
-4.3636845275590552
0
LINE
8
BLACK
6
CONTINUOUS
10
6.4984033464566924
20
-4.3636845275590552
11
6.4988442519685039
21
-4.362620118110236
0
LINE
8
BLACK
6
CONTINUOUS
10
6.4988442519685039
20
-4.362620118110236
11
6.4996588976377954
21
-4.3618054724409445
0
LINE
8
BLACK
6
CONTINUOUS
10
6.4996588976377954
20
-4.3618054724409445
11
6.5007233070866137
21
-4.3613645669291339
0
LINE
8
BLACK
6
CONTINUOUS
10
6.5007233070866137
20
-4.3613645669291339
11
6.5018754330708664
21
-4.3613645669291339
0
LINE
8
BLACK
6
CONTINUOUS
10
6.5018754330708664
20
-4.3613645669291339
11
6.5029398425196847
21
-4.3618054724409445
0
LINE
8
BLACK
6
CONTINUOUS
10
6.5029398425196847
20
-4.3618054724409445
11
6.5037544881889762
21
-4.362620118110236
0
LINE
8
BLACK
6
CONTINUOUS
10
6.5037544881889762
20
-4.362620118110236
11
6.5041953937007877
21
-4.3636845275590552
0
LINE
8
BLACK
6
CONTINUOUS
10
6.5041953937007877
20
-4.3636845275590552
11
6.5042521259842516
21
-4.3642605905511811
0
LINE
8
BLACK
6
CONTINUOUS
10
6.5042521259842516
20
-4.3642605905511811
11
6.5042521259842516
21
-4.3961315748031495
0
LINE
8
BLACK
6
CONTINUOUS
10
6.5042521259842516
20
-4.3961315748031495
11
6.5041953937007877
21
-4.3967076377952754
0
LINE
8
BLACK
6
CONTINUOUS
10
6.5041953937007877
20
-4.3967076377952754
11
6.5041548031496061
21
-4.3968055905511809
0
LINE
8
BLACK
6
CONTINUOUS
10
6.5041548031496061
20
-4.3968055905511809
11
6.5041472834645671
21
-4.3969114960629918
0
LINE
8
BLACK
6
CONTINUOUS
10
6.5041472834645671
20
-4.3969114960629918
11
6.5039403937007876
21
-4.3974520866141731
0
LINE
8
BLACK
6
CONTINUOUS
10
6.5039403937007876
20
-4.3974520866141731
11
6.50206562992126
21
-4.4012016141732282
0
LINE
8
BLACK
6
CONTINUOUS
10
6.50206562992126
20
-4.4012016141732282
11
6.5019095669291334
21
-4.4014494881889759
0
LINE
8
BLACK
6
CONTINUOUS
10
6.5019095669291334
20
-4.4014494881889759
11
6.5018797637795274
21
-4.401521535433071
0
LINE
8
BLACK
6
CONTINUOUS
10
6.5018797637795274
20
-4.401521535433071
11
6.5018132283464567
21
-4.4016025590551182
0
LINE
8
BLACK
6
CONTINUOUS
10
6.5018132283464567
20
-4.4016025590551182
11
6.5017572834645669
21
-4.401691496062992
0
LINE
8
BLACK
6
CONTINUOUS
10
6.5017572834645669
20
-4.401691496062992
11
6.5016982677165354
21
-4.4017426377952757
0
LINE
8
BLACK
6
CONTINUOUS
10
6.5016982677165354
20
-4.4017426377952757
11
6.501512519685039
21
-4.4019690157480316
0
LINE
8
BLACK
6
CONTINUOUS
10
6.501512519685039
20
-4.4019690157480316
11
6.4996377952755902
21
-4.4038437795275591
0
LINE
8
BLACK
6
CONTINUOUS
10
6.4996377952755902
20
-4.4038437795275591
11
6.4994114173228343
21
-4.4040295275590546
0
LINE
8
BLACK
6
CONTINUOUS
10
6.4994114173228343
20
-4.4040295275590546
11
6.4993602362204719
21
-4.404088582677165
0
LINE
8
BLACK
6
CONTINUOUS
10
6.4993602362204719
20
-4.404088582677165
11
6.4992712598425193
21
-4.4041445669291335
0
LINE
8
BLACK
6
CONTINUOUS
10
6.4992712598425193
20
-4.4041445669291335
11
6.4991903149606296
21
-4.4042110236220475
0
LINE
8
BLACK
6
CONTINUOUS
10
6.4991903149606296
20
-4.4042110236220475
11
6.4991183464566928
21
-4.4042408267716535
0
LINE
8
BLACK
6
CONTINUOUS
10
6.4991183464566928
20
-4.4042408267716535
11
6.4988703543307089
21
-4.4043969291338581
0
LINE
8
BLACK
6
CONTINUOUS
10
6.4988703543307089
20
-4.4043969291338581
11
6.4951208267716538
21
-4.4062716929133856
0
LINE
8
BLACK
6
CONTINUOUS
10
6.4951208267716538
20
-4.4062716929133856
11
6.4945801968503938
21
-4.4064785826771651
0
LINE
8
BLACK
6
CONTINUOUS
10
6.4945801968503938
20
-4.4064785826771651
11
6.4944743700787404
21
-4.4064860629921263
0
LINE
8
BLACK
6
CONTINUOUS
10
6.4944743700787404
20
-4.4064860629921263
11
6.4943763779527561
21
-4.4065266929133857
0
LINE
8
BLACK
6
CONTINUOUS
10
6.4943763779527561
20
-4.4065266929133857
11
6.4938003149606294
21
-4.4065834251968505
0
LINE
8
BLACK
6
CONTINUOUS
10
6.4938003149606294
20
-4.4065834251968505
11
6.4863012598425192
21
-4.4065834251968505
0
LINE
8
BLACK
6
CONTINUOUS
10
6.4863012598425192
20
-4.4065834251968505
11
6.4857251968503933
21
-4.4065266929133857
0
LINE
8
BLACK
6
CONTINUOUS
10
6.4857251968503933
20
-4.4065266929133857
11
6.485627204724409
21
-4.4064861023622051
0
LINE
8
BLACK
6
CONTINUOUS
10
6.485627204724409
20
-4.4064861023622051
11
6.4855213385826769
21
-4.4064785826771651
0
LINE
8
BLACK
6
CONTINUOUS
10
6.4855213385826769
20
-4.4064785826771651
11
6.4849807480314956
21
-4.4062716929133856
0
LINE
8
BLACK
6
CONTINUOUS
10
6.4849807480314956
20
-4.4062716929133856
11
6.4812312204724405
21
-4.4043969291338581
0
LINE
8
BLACK
6
CONTINUOUS
10
6.4812312204724405
20
-4.4043969291338581
11
6.4809831889763778
21
-4.4042408267716535
0
LINE
8
BLACK
6
CONTINUOUS
10
6.4809831889763778
20
-4.4042408267716535
11
6.4809112598425198
21
-4.4042110236220475
0
LINE
8
BLACK
6
CONTINUOUS
10
6.4809112598425198
20
-4.4042110236220475
11
6.4808302755905514
21
-4.4041445669291335
0
LINE
8
BLACK
6
CONTINUOUS
10
6.4808302755905514
20
-4.4041445669291335
11
6.4807413385826766
21
-4.404088582677165
0
LINE
8
BLACK
6
CONTINUOUS
10
6.4807413385826766
20
-4.404088582677165
11
6.4806901181102363
21
-4.4040295275590546
0
LINE
8
BLACK
6
CONTINUOUS
10
6.4806901181102363
20
-4.4040295275590546
11
6.4804637795275593
21
-4.4038437795275591
0
LINE
8
BLACK
6
CONTINUOUS
10
6.4804637795275593
20
-4.4038437795275591
11
6.4785890157480317
21
-4.4019689763779528
0
LINE
8
BLACK
6
CONTINUOUS
10
6.4785890157480317
20
-4.4019689763779528
11
6.4784032677165353
21
-4.4017426377952757
0
LINE
8
BLACK
6
CONTINUOUS
10
6.4784032677165353
20
-4.4017426377952757
11
6.4783442913385825
21
-4.401691496062992
0
LINE
8
BLACK
6
CONTINUOUS
10
6.4783442913385825
20
-4.401691496062992
11
6.478288307086614
21
-4.4016025590551182
0
LINE
8
BLACK
6
CONTINUOUS
10
6.478288307086614
20
-4.4016025590551182
11
6.478221811023622
21
-4.401521535433071
0
LINE
8
BLACK
6
CONTINUOUS
10
6.478221811023622
20
-4.401521535433071
11
6.4781919685039373
21
-4.4014494881889759
0
LINE
8
BLACK
6
CONTINUOUS
10
6.4781919685039373
20
-4.4014494881889759
11
6.4780359448818894
21
-4.4012016141732282
0
LINE
8
BLACK
6
CONTINUOUS
10
6.4780359448818894
20
-4.4012016141732282
11
6.4761611811023618
21
-4.3974520866141731
0
LINE
8
BLACK
6
CONTINUOUS
10
6.4761611811023618
20
-4.3974520866141731
11
6.4759542913385824
21
-4.3969114566929131
0
LINE
8
BLACK
6
CONTINUOUS
10
6.4759542913385824
20
-4.3969114566929131
11
6.4759467716535433
21
-4.3968056299212597
0
LINE
8
BLACK
6
CONTINUOUS
10
6.4759467716535433
20
-4.3968056299212597
11
6.4759061811023617
21
-4.3967076377952754
0
LINE
8
BLACK
6
CONTINUOUS
10
6.4759061811023617
20
-4.3967076377952754
11
6.4758494488188978
21
-4.3961315748031495
0
LINE
8
BLACK
6
CONTINUOUS
10
6.4758494488188978
20
-4.3961315748031495
11
6.4758494488188978
21
-4.3642605905511811
0
LINE
8
BLACK
6
CONTINUOUS
10
6.4758494488188978
20
-4.3642605905511811
11
6.4759061811023617
21
-4.3636845275590552
0
LINE
8
BLACK
6
CONTINUOUS
10
6.4759061811023617
20
-4.3636845275590552
11
6.4763470866141732
21
-4.362620118110236
0
LINE
8
BLACK
6
CONTINUOUS
10
6.4763470866141732
20
-4.362620118110236
11
6.4771617322834647
21
-4.3618054724409445
0
LINE
8
BLACK
6
CONTINUOUS
10
6.4771617322834647
20
-4.3618054724409445
11
6.4782261417322831
21
-4.3613645669291339
0
LINE
8
BLACK
6
CONTINUOUS
10
6.4782261417322831
20
-4.3613645669291339
11
6.4793782677165357
21
-4.3613645669291339
0
LINE
8
BLACK
6
CONTINUOUS
10
6.4793782677165357
20
-4.3613645669291339
11
6.480442677165354
21
-4.3618054724409445
0
LINE
8
BLACK
6
CONTINUOUS
10
5.7250519291338584
20
-4.3824593307086612
11
5.7263303543307087
21
-4.3837377559055115
0
LINE
8
BLACK
6
CONTINUOUS
10
5.7263303543307087
20
-4.3837377559055115
11
5.7263303543307087
21
-4.3855457086614171
0
LINE
8
BLACK
6
CONTINUOUS
10
5.7263303543307087
20
-4.3855457086614171
11
5.7250519291338584
21
-4.3868241338582674
0
LINE
8
BLACK
6
CONTINUOUS
10
5.7250519291338584
20
-4.3868241338582674
11
5.7241479527559056
21
-4.3870039370078739
0
LINE
8
BLACK
6
CONTINUOUS
10
5.7241479527559056
20
-4.3870039370078739
11
5.7054662204724407
21
-4.3870039370078739
0
LINE
8
BLACK
6
CONTINUOUS
10
5.7054662204724407
20
-4.3870039370078739
11
5.7045622440944879
21
-4.3868241338582674
0
LINE
8
BLACK
6
CONTINUOUS
10
5.7045622440944879
20
-4.3868241338582674
11
5.7032838188976376
21
-4.3855457086614171
0
LINE
8
BLACK
6
CONTINUOUS
10
5.7032838188976376
20
-4.3855457086614171
11
5.7032838188976376
21
-4.3837377559055115
0
LINE
8
BLACK
6
CONTINUOUS
10
5.7032838188976376
20
-4.3837377559055115
11
5.7045622440944879
21
-4.3824593307086612
0
LINE
8
BLACK
6
CONTINUOUS
10
5.7045622440944879
20
-4.3824593307086612
11
5.7054662204724407
21
-4.3822795275590547
0
LINE
8
BLACK
6
CONTINUOUS
10
5.7054662204724407
20
-4.3822795275590547
11
5.7241479527559056
21
-4.3822795275590547
0
LINE
8
BLACK
6
CONTINUOUS
10
5.7241479527559056
20
-4.3822795275590547
11
5.7250519291338584
21
-4.3824593307086612
0
LINE
8
BLACK
6
CONTINUOUS
10
6.2622335433070866
20
-4.053300826771653
11
6.263297952755905
21
-4.0537417322834646
0
LINE
8
BLACK
6
CONTINUOUS
10
6.263297952755905
20
-4.0537417322834646
11
6.2641125984251964
21
-4.054556377952756
0
LINE
8
BLACK
6
CONTINUOUS
10
6.2641125984251964
20
-4.054556377952756
11
6.2645535039370079
21
-4.0556207874015744
0
LINE
8
BLACK
6
CONTINUOUS
10
6.2645535039370079
20
-4.0556207874015744
11
6.2646102362204719
21
-4.0561968503937003
0
LINE
8
BLACK
6
CONTINUOUS
10
6.2646102362204719
20
-4.0561968503937003
11
6.2646102362204719
21
-4.356196850393701
0
LINE
8
BLACK
6
CONTINUOUS
10
6.2646102362204719
20
-4.356196850393701
11
6.2645535039370079
21
-4.3567729133858268
0
LINE
8
BLACK
6
CONTINUOUS
10
6.2645535039370079
20
-4.3567729133858268
11
6.2641125984251964
21
-4.3578373228346452
0
LINE
8
BLACK
6
CONTINUOUS
10
6.2641125984251964
20
-4.3578373228346452
11
6.263297952755905
21
-4.3586519685039367
0
LINE
8
BLACK
6
CONTINUOUS
10
6.263297952755905
20
-4.3586519685039367
11
6.2622335433070866
21
-4.3590928740157482
0
LINE
8
BLACK
6
CONTINUOUS
10
6.2622335433070866
20
-4.3590928740157482
11
6.2616574803149607
21
-4.3591496062992121
0
LINE
8
BLACK
6
CONTINUOUS
10
6.2616574803149607
20
-4.3591496062992121
11
6.0616574803149605
21
-4.3591496062992121
0
LINE
8
BLACK
6
CONTINUOUS
10
6.0616574803149605
20
-4.3591496062992121
11
6.0610814173228347
21
-4.3590928740157482
0
LINE
8
BLACK
6
CONTINUOUS
10
6.0610814173228347
20
-4.3590928740157482
11
6.0600170078740154
21
-4.3586519685039367
0
LINE
8
BLACK
6
CONTINUOUS
10
6.0600170078740154
20
-4.3586519685039367
11
6.059202362204724
21
-4.3578373228346452
0
LINE
8
BLACK
6
CONTINUOUS
10
6.059202362204724
20
-4.3578373228346452
11
6.0587614566929133
21
-4.3567729133858268
0
LINE
8
BLACK
6
CONTINUOUS
10
6.0587614566929133
20
-4.3567729133858268
11
6.0587047244094485
21
-4.356196850393701
0
LINE
8
BLACK
6
CONTINUOUS
10
6.0587047244094485
20
-4.356196850393701
11
6.0587047244094485
21
-4.0561968503937003
0
LINE
8
BLACK
6
CONTINUOUS
10
6.0587047244094485
20
-4.0561968503937003
11
6.0587614566929133
21
-4.0556207874015744
0
LINE
8
BLACK
6
CONTINUOUS
10
6.0587614566929133
20
-4.0556207874015744
11
6.059202362204724
21
-4.054556377952756
0
LINE
8
BLACK
6
CONTINUOUS
10
6.059202362204724
20
-4.054556377952756
11
6.0600170078740154
21
-4.0537417322834646
0
LINE
8
BLACK
6
CONTINUOUS
10
6.0600170078740154
20
-4.0537417322834646
11
6.0610814173228347
21
-4.053300826771653
0
LINE
8
BLACK
6
CONTINUOUS
10
6.0610814173228347
20
-4.053300826771653
11
6.0616574803149605
21
-4.0532440944881891
0
LINE
8
BLACK
6
CONTINUOUS
10
6.0616574803149605
20
-4.0532440944881891
11
6.2616574803149607
21
-4.0532440944881891
0
LINE
8
BLACK
6
CONTINUOUS
10
6.2616574803149607
20
-4.0532440944881891
11
6.2622335433070866
21
-4.053300826771653
0
LINE
8
BLACK
6
CONTINUOUS
10
6.0646102362204726
20
-4.0591496062992123
11
6.0646102362204726
21
-4.3532440944881889
0
LINE
8
BLACK
6
CONTINUOUS
10
6.0646102362204726
20
-4.3532440944881889
11
6.2587047244094487
21
-4.3532440944881889
0
LINE
8
BLACK
6
CONTINUOUS
10
6.2587047244094487
20
-4.3532440944881889
11
6.2587047244094487
21
-4.0591496062992123
0
LINE
8
BLACK
6
CONTINUOUS
10
6.2587047244094487
20
-4.0591496062992123
11
6.0646102362204726
21
-4.0591496062992123
0
LINE
8
BLACK
6
CONTINUOUS
10
6.5631520078740158
20
-4.3514553937007872
11
6.564430433070866
21
-4.3527338188976374
0
LINE
8
BLACK
6
CONTINUOUS
10
6.564430433070866
20
-4.3527338188976374
11
6.564430433070866
21
-4.3545417716535431
0
LINE
8
BLACK
6
CONTINUOUS
10
6.564430433070866
20
-4.3545417716535431
11
6.5631520078740158
21
-4.3558201968503933
0
LINE
8
BLACK
6
CONTINUOUS
10
6.5631520078740158
20
-4.3558201968503933
11
6.5622480314960629
21
-4.3559999999999999
0
LINE
8
BLACK
6
CONTINUOUS
10
6.5622480314960629
20
-4.3559999999999999
11
6.3803582677165354
21
-4.3559999999999999
0
LINE
8
BLACK
6
CONTINUOUS
10
6.3803582677165354
20
-4.3559999999999999
11
6.3794542913385825
21
-4.3558201968503933
0
LINE
8
BLACK
6
CONTINUOUS
10
6.3794542913385825
20
-4.3558201968503933
11
6.3781758661417323
21
-4.3545417716535431
0
LINE
8
BLACK
6
CONTINUOUS
10
6.3781758661417323
20
-4.3545417716535431
11
6.3781758661417323
21
-4.3527338188976374
0
LINE
8
BLACK
6
CONTINUOUS
10
6.3781758661417323
20
-4.3527338188976374
11
6.3794542913385825
21
-4.3514553937007872
0
LINE
8
BLACK
6
CONTINUOUS
10
6.3794542913385825
20
-4.3514553937007872
11
6.3803582677165354
21
-4.3512755905511806
0
LINE
8
BLACK
6
CONTINUOUS
10
6.3803582677165354
20
-4.3512755905511806
11
6.5622480314960629
21
-4.3512755905511806
0
LINE
8
BLACK
6
CONTINUOUS
10
6.5622480314960629
20
-4.3512755905511806
11
6.5631520078740158
21
-4.3514553937007872
0
LINE
8
BLACK
6
CONTINUOUS
10
6.3077318897637795
20
-4.324365196850394
11
6.3207240157480316
21
-4.3338140157480316
0
LINE
8
BLACK
6
CONTINUOUS
10
6.3207240157480316
20
-4.3338140157480316
11
6.321667952755905
21
-4.3353559842519687
0
LINE
8
BLACK
6
CONTINUOUS
10
6.321667952755905
20
-4.3353559842519687
11
6.321245039370079
21
-4.3371137795275594
0
LINE
8
BLACK
6
CONTINUOUS
10
6.321245039370079
20
-4.3371137795275594
11
6.3207240157480316
21
-4.3376348031496059
0
LINE
8
BLACK
6
CONTINUOUS
10
6.3207240157480316
20
-4.3376348031496059
11
6.3077318897637795
21
-4.3470836220472444
0
LINE
8
BLACK
6
CONTINUOUS
10
6.3077318897637795
20
-4.3470836220472444
11
6.3059740944881888
21
-4.3475065354330704
0
LINE
8
BLACK
6
CONTINUOUS
10
6.3059740944881888
20
-4.3475065354330704
11
6.3044321259842517
21
-4.346562598425197
0
LINE
8
BLACK
6
CONTINUOUS
10
6.3044321259842517
20
-4.346562598425197
11
6.3039803149606302
21
-4.3451732283464564
0
LINE
8
BLACK
6
CONTINUOUS
10
6.3039803149606302
20
-4.3451732283464564
11
6.3039803149606302
21
-4.3262755905511812
0
LINE
8
BLACK
6
CONTINUOUS
10
6.3039803149606302
20
-4.3262755905511812
11
6.304672204724409
21
-4.3246052755905513
0
LINE
8
BLACK
6
CONTINUOUS
10
6.304672204724409
20
-4.3246052755905513
11
6.3063425196850389
21
-4.3239133858267715
0
LINE
8
BLACK
6
CONTINUOUS
10
6.3063425196850389
20
-4.3239133858267715
11
6.3077318897637795
21
-4.324365196850394
0
LINE
8
BLACK
6
CONTINUOUS
10
5.7444419685039367
20
-4.2971913385826772
11
5.745506377952756
21
-4.2976322440944879
0
LINE
8
BLACK
6
CONTINUOUS
10
5.745506377952756
20
-4.2976322440944879
11
5.7463210236220474
21
-4.2984468897637793
0
LINE
8
BLACK
6
CONTINUOUS
10
5.7463210236220474
20
-4.2984468897637793
11
5.7467619291338581
21
-4.2995112992125986
0
LINE
8
BLACK
6
CONTINUOUS
10
5.7467619291338581
20
-4.2995112992125986
11
5.7468186614173229
21
-4.3000873622047244
0
LINE
8
BLACK
6
CONTINUOUS
10
5.7468186614173229
20
-4.3000873622047244
11
5.7468186614173229
21
-4.3394574409448818
0
LINE
8
BLACK
6
CONTINUOUS
10
5.7468186614173229
20
-4.3394574409448818
11
5.7467619291338581
21
-4.3400335039370077
0
LINE
8
BLACK
6
CONTINUOUS
10
5.7467619291338581
20
-4.3400335039370077
11
5.7463210236220474
21
-4.341097913385827
0
LINE
8
BLACK
6
CONTINUOUS
10
5.7463210236220474
20
-4.341097913385827
11
5.745506377952756
21
-4.3419125590551184
0
LINE
8
BLACK
6
CONTINUOUS
10
5.745506377952756
20
-4.3419125590551184
11
5.7444419685039367
21
-4.3423534645669291
0
LINE
8
BLACK
6
CONTINUOUS
10
5.7444419685039367
20
-4.3423534645669291
11
5.743289842519685
21
-4.3423534645669291
0
LINE
8
BLACK
6
CONTINUOUS
10
5.743289842519685
20
-4.3423534645669291
11
5.7422254330708657
21
-4.3419125590551184
0
LINE
8
BLACK
6
CONTINUOUS
10
5.7422254330708657
20
-4.3419125590551184
11
5.7414107874015743
21
-4.341097913385827
0
LINE
8
BLACK
6
CONTINUOUS
10
5.7414107874015743
20
-4.341097913385827
11
5.7409698818897636
21
-4.3400335039370077
0
LINE
8
BLACK
6
CONTINUOUS
10
5.7409698818897636
20
-4.3400335039370077
11
5.7409131496062988
21
-4.3394574409448818
0
LINE
8
BLACK
6
CONTINUOUS
10
5.7409131496062988
20
-4.3394574409448818
11
5.7409131496062988
21
-4.3236625196850396
0
LINE
8
BLACK
6
CONTINUOUS
10
5.7409131496062988
20
-4.3236625196850396
11
5.7360294488188979
21
-4.3236625196850396
0
LINE
8
BLACK
6
CONTINUOUS
10
5.7360294488188979
20
-4.3236625196850396
11
5.7237967716535429
21
-4.3411377952755901
0
LINE
8
BLACK
6
CONTINUOUS
10
5.7237967716535429
20
-4.3411377952755901
11
5.7241479527559056
21
-4.3411377952755901
0
LINE
8
BLACK
6
CONTINUOUS
10
5.7241479527559056
20
-4.3411377952755901
11
5.7250519291338584
21
-4.3413175984251966
0
LINE
8
BLACK
6
CONTINUOUS
10
5.7250519291338584
20
-4.3413175984251966
11
5.7263303543307087
21
-4.3425960236220469
0
LINE
8
BLACK
6
CONTINUOUS
10
5.7263303543307087
20
-4.3425960236220469
11
5.7263303543307087
21
-4.3444039763779525
0
LINE
8
BLACK
6
CONTINUOUS
10
5.7263303543307087
20
-4.3444039763779525
11
5.7250519291338584
21
-4.3456824015748028
0
LINE
8
BLACK
6
CONTINUOUS
10
5.7250519291338584
20
-4.3456824015748028
11
5.7241479527559056
21
-4.3458622047244093
0
LINE
8
BLACK
6
CONTINUOUS
10
5.7241479527559056
20
-4.3458622047244093
11
5.7054662204724407
21
-4.3458622047244093
0
LINE
8
BLACK
6
CONTINUOUS
10
5.7054662204724407
20
-4.3458622047244093
11
5.7045622440944879
21
-4.3456824015748028
0
LINE
8
BLACK
6
CONTINUOUS
10
5.7045622440944879
20
-4.3456824015748028
11
5.7032838188976376
21
-4.3444039763779525
0
LINE
8
BLACK
6
CONTINUOUS
10
5.7032838188976376
20
-4.3444039763779525
11
5.7032838188976376
21
-4.3425960236220469
0
LINE
8
BLACK
6
CONTINUOUS
10
5.7032838188976376
20
-4.3425960236220469
11
5.7045622440944879
21
-4.3413175984251966
0
LINE
8
BLACK
6
CONTINUOUS
10
5.7045622440944879
20
-4.3413175984251966
11
5.7054662204724407
21
-4.3411377952755901
0
LINE
8
BLACK
6
CONTINUOUS
10
5.7054662204724407
20
-4.3411377952755901
11
5.7190055118110239
21
-4.3411377952755901
0
LINE
8
BLACK
6
CONTINUOUS
10
5.7190055118110239
20
-4.3411377952755901
11
5.718616889763779
21
-4.3405279921259838
0
LINE
8
BLACK
6
CONTINUOUS
10
5.718616889763779
20
-4.3405279921259838
11
5.7184166929133857
21
-4.3393934645669292
0
LINE
8
BLACK
6
CONTINUOUS
10
5.7184166929133857
20
-4.3393934645669292
11
5.7186658661417322
21
-4.3382686220472442
0
LINE
8
BLACK
6
CONTINUOUS
10
5.7186658661417322
20
-4.3382686220472442
11
5.718949763779527
21
-4.3377641338582675
0
LINE
8
BLACK
6
CONTINUOUS
10
5.718949763779527
20
-4.3377641338582675
11
5.7288238976377954
21
-4.3236581889763777
0
LINE
8
BLACK
6
CONTINUOUS
10
5.7288238976377954
20
-4.3236581889763777
11
5.7282917322834646
21
-4.3236057874015748
0
LINE
8
BLACK
6
CONTINUOUS
10
5.7282917322834646
20
-4.3236057874015748
11
5.7281937401574803
21
-4.3235651968503932
0
LINE
8
BLACK
6
CONTINUOUS
10
5.7281937401574803
20
-4.3235651968503932
11
5.7280878740157481
21
-4.3235576771653541
0
LINE
8
BLACK
6
CONTINUOUS
10
5.7280878740157481
20
-4.3235576771653541
11
5.7275472834645669
21
-4.3233507874015746
0
LINE
8
BLACK
6
CONTINUOUS
10
5.7275472834645669
20
-4.3233507874015746
11
5.7237977559055118
21
-4.3214760236220471
0
LINE
8
BLACK
6
CONTINUOUS
10
5.7237977559055118
20
-4.3214760236220471
11
5.7235497244094491
21
-4.3213199212598425
0
LINE
8
BLACK
6
CONTINUOUS
10
5.7235497244094491
20
-4.3213199212598425
11
5.7234777952755902
21
-4.3212901181102366
0
LINE
8
BLACK
6
CONTINUOUS
10
5.7234777952755902
20
-4.3212901181102366
11
5.7233968110236217
21
-4.3212236220472438
0
LINE
8
BLACK
6
CONTINUOUS
10
5.7233968110236217
20
-4.3212236220472438
11
5.7233078740157479
21
-4.321167677165354
0
LINE
8
BLACK
6
CONTINUOUS
10
5.7233078740157479
20
-4.321167677165354
11
5.7232566929133855
21
-4.3211086614173224
0
LINE
8
BLACK
6
CONTINUOUS
10
5.7232566929133855
20
-4.3211086614173224
11
5.7230303543307084
21
-4.3209229133858269
0
LINE
8
BLACK
6
CONTINUOUS
10
5.7230303543307084
20
-4.3209229133858269
11
5.7211555905511808
21
-4.3190481496062993
0
LINE
8
BLACK
6
CONTINUOUS
10
5.7211555905511808
20
-4.3190481496062993
11
5.7209698031496066
21
-4.3188217716535435
0
LINE
8
BLACK
6
CONTINUOUS
10
5.7209698031496066
20
-4.3188217716535435
11
5.7209108267716537
21
-4.3187706299212598
0
LINE
8
BLACK
6
CONTINUOUS
10
5.7209108267716537
20
-4.3187706299212598
11
5.7208548425196852
21
-4.3186816535433072
0
LINE
8
BLACK
6
CONTINUOUS
10
5.7208548425196852
20
-4.3186816535433072
11
5.7207883858267712
21
-4.3186007086614175
0
LINE
8
BLACK
6
CONTINUOUS
10
5.7207883858267712
20
-4.3186007086614175
11
5.7207585433070864
21
-4.3185287401574799
0
LINE
8
BLACK
6
CONTINUOUS
10
5.7207585433070864
20
-4.3185287401574799
11
5.7206024803149607
21
-4.318280748031496
0
LINE
8
BLACK
6
CONTINUOUS
10
5.7206024803149607
20
-4.318280748031496
11
5.7187277165354331
21
-4.3145312204724409
0
LINE
8
BLACK
6
CONTINUOUS
10
5.7187277165354331
20
-4.3145312204724409
11
5.7185208267716536
21
-4.3139905905511808
0
LINE
8
BLACK
6
CONTINUOUS
10
5.7185208267716536
20
-4.3139905905511808
11
5.7185133070866137
21
-4.3138847637795275
0
LINE
8
BLACK
6
CONTINUOUS
10
5.7185133070866137
20
-4.3138847637795275
11
5.718472716535433
21
-4.3137867716535432
0
LINE
8
BLACK
6
CONTINUOUS
10
5.718472716535433
20
-4.3137867716535432
11
5.7184159842519682
21
-4.3132107086614173
0
LINE
8
BLACK
6
CONTINUOUS
10
5.7184159842519682
20
-4.3132107086614173
11
5.7184159842519682
21
-4.3075864173228346
0
LINE
8
BLACK
6
CONTINUOUS
10
5.7184159842519682
20
-4.3075864173228346
11
5.718472716535433
21
-4.3070103543307088
0
LINE
8
BLACK
6
CONTINUOUS
10
5.718472716535433
20
-4.3070103543307088
11
5.7185133070866137
21
-4.3069123228346458
0
LINE
8
BLACK
6
CONTINUOUS
10
5.7185133070866137
20
-4.3069123228346458
11
5.7185208267716536
21
-4.3068065354330711
0
LINE
8
BLACK
6
CONTINUOUS
10
5.7185208267716536
20
-4.3068065354330711
11
5.7187277165354331
21
-4.3062659055118111
0
LINE
8
BLACK
6
CONTINUOUS
10
5.7187277165354331
20
-4.3062659055118111
11
5.7206024803149607
21
-4.302516377952756
0
LINE
8
BLACK
6
CONTINUOUS
10
5.7206024803149607
20
-4.302516377952756
11
5.7207585433070864
21
-4.3022683464566924
0
LINE
8
BLACK
6
CONTINUOUS
10
5.7207585433070864
20
-4.3022683464566924
11
5.7207883858267712
21
-4.3021964173228344
0
LINE
8
BLACK
6
CONTINUOUS
10
5.7207883858267712
20
-4.3021964173228344
11
5.7208548425196852
21
-4.302115433070866
0
LINE
8
BLACK
6
CONTINUOUS
10
5.7208548425196852
20
-4.302115433070866
11
5.7209108267716537
21
-4.3020264960629921
0
LINE
8
BLACK
6
CONTINUOUS
10
5.7209108267716537
20
-4.3020264960629921
11
5.7209698031496066
21
-4.3019753149606297
0
LINE
8
BLACK
6
CONTINUOUS
10
5.7209698031496066
20
-4.3019753149606297
11
5.7211555905511808
21
-4.3017489763779526
0
LINE
8
BLACK
6
CONTINUOUS
10
5.7211555905511808
20
-4.3017489763779526
11
5.7230303543307084
21
-4.2998742125984251
0
LINE
8
BLACK
6
CONTINUOUS
10
5.7230303543307084
20
-4.2998742125984251
11
5.7232566929133855
21
-4.2996884251968499
0
LINE
8
BLACK
6
CONTINUOUS
10
5.7232566929133855
20
-4.2996884251968499
11
5.7233078740157479
21
-4.299629448818898
0
LINE
8
BLACK
6
CONTINUOUS
10
5.7233078740157479
20
-4.299629448818898
11
5.7233968110236217
21
-4.2995734645669295
0
LINE
8
BLACK
6
CONTINUOUS
10
5.7233968110236217
20
-4.2995734645669295
11
5.7234777952755902
21
-4.2995070078740154
0
LINE
8
BLACK
6
CONTINUOUS
10
5.7234777952755902
20
-4.2995070078740154
11
5.7235497244094491
21
-4.2994771653543307
0
LINE
8
BLACK
6
CONTINUOUS
10
5.7235497244094491
20
-4.2994771653543307
11
5.7237977559055118
21
-4.2993211023622049
0
LINE
8
BLACK
6
CONTINUOUS
10
5.7237977559055118
20
-4.2993211023622049
11
5.7275472834645669
21
-4.2974463385826773
0
LINE
8
BLACK
6
CONTINUOUS
10
5.7275472834645669
20
-4.2974463385826773
11
5.7280878740157481
21
-4.2972394488188979
0
LINE
8
BLACK
6
CONTINUOUS
10
5.7280878740157481
20
-4.2972394488188979
11
5.7281937401574803
21
-4.2972318897637791
0
LINE
8
BLACK
6
CONTINUOUS
10
5.7281937401574803
20
-4.2972318897637791
11
5.7282917322834646
21
-4.2971913385826772
0
LINE
8
BLACK
6
CONTINUOUS
10
5.7282917322834646
20
-4.2971913385826772
11
5.7288677952755904
21
-4.2971346062992124
0
LINE
8
BLACK
6
CONTINUOUS
10
5.7288677952755904
20
-4.2971346062992124
11
5.7438659055118109
21
-4.2971346062992124
0
LINE
8
BLACK
6
CONTINUOUS
10
5.7438659055118109
20
-4.2971346062992124
11
5.7444419685039367
21
-4.2971913385826772
0
LINE
8
BLACK
6
CONTINUOUS
10
5.7268673622047244
20
-4.3043888582677168
11
5.7256702362204726
21
-4.3055859842519686
0
LINE
8
BLACK
6
CONTINUOUS
10
5.7256702362204726
20
-4.3055859842519686
11
5.7243214960629922
21
-4.3082834645669292
0
LINE
8
BLACK
6
CONTINUOUS
10
5.7243214960629922
20
-4.3082834645669292
11
5.7243214960629922
21
-4.3125136614173227
0
LINE
8
BLACK
6
CONTINUOUS
10
5.7243214960629922
20
-4.3125136614173227
11
5.7256702362204726
21
-4.3152111417322834
0
LINE
8
BLACK
6
CONTINUOUS
10
5.7256702362204726
20
-4.3152111417322834
11
5.7268673622047244
21
-4.3164082677165352
0
LINE
8
BLACK
6
CONTINUOUS
10
5.7268673622047244
20
-4.3164082677165352
11
5.729564842519685
21
-4.3177570078740155
0
LINE
8
BLACK
6
CONTINUOUS
10
5.729564842519685
20
-4.3177570078740155
11
5.7409131496062988
21
-4.3177570078740155
0
LINE
8
BLACK
6
CONTINUOUS
10
5.7409131496062988
20
-4.3177570078740155
11
5.7409131496062988
21
-4.3030401181102365
0
LINE
8
BLACK
6
CONTINUOUS
10
5.7409131496062988
20
-4.3030401181102365
11
5.729564842519685
21
-4.3030401181102365
0
LINE
8
BLACK
6
CONTINUOUS
10
5.729564842519685
20
-4.3030401181102365
11
5.7268673622047244
21
-4.3043888582677168
0
LINE
8
BLACK
6
CONTINUOUS
10
5.7047088582677166
20
-4.2971555511811026
11
5.7047808661417321
21
-4.2971483858267714
0
LINE
8
BLACK
6
CONTINUOUS
10
5.7047808661417321
20
-4.2971483858267714
11
5.7048511811023621
21
-4.2971695669291341
0
LINE
8
BLACK
6
CONTINUOUS
10
5.7048511811023621
20
-4.2971695669291341
11
5.7050718897637793
21
-4.2971913385826772
0
LINE
8
BLACK
6
CONTINUOUS
10
5.7050718897637793
20
-4.2971913385826772
11
5.7054705511811026
21
-4.2973564566929134
0
LINE
8
BLACK
6
CONTINUOUS
10
5.7054705511811026
20
-4.2973564566929134
11
5.7058838582677165
21
-4.2974811811023619
0
LINE
8
BLACK
6
CONTINUOUS
10
5.7058838582677165
20
-4.2974811811023619
11
5.7059989370078741
21
-4.2975753149606302
0
LINE
8
BLACK
6
CONTINUOUS
10
5.7059989370078741
20
-4.2975753149606302
11
5.7061362992125986
21
-4.2976322440944879
0
LINE
8
BLACK
6
CONTINUOUS
10
5.7061362992125986
20
-4.2976322440944879
11
5.7064415354330711
21
-4.2979374803149604
0
LINE
8
BLACK
6
CONTINUOUS
10
5.7064415354330711
20
-4.2979374803149604
11
5.7067755118110233
21
-4.2982107480314964
0
LINE
8
BLACK
6
CONTINUOUS
10
5.7067755118110233
20
-4.2982107480314964
11
5.7068457480314958
21
-4.298341692913386
0
LINE
8
BLACK
6
CONTINUOUS
10
5.7068457480314958
20
-4.298341692913386
11
5.70695094488189
21
-4.2984468897637793
0
LINE
8
BLACK
6
CONTINUOUS
10
5.70695094488189
20
-4.2984468897637793
11
5.707116102362205
21
-4.2988456692913388
0
LINE
8
BLACK
6
CONTINUOUS
10
5.707116102362205
20
-4.2988456692913388
11
5.7073201574803152
21
-4.2992259842519687
0
LINE
8
BLACK
6
CONTINUOUS
10
5.7073201574803152
20
-4.2992259842519687
11
5.7073637401574802
21
-4.2994434645669291
0
LINE
8
BLACK
6
CONTINUOUS
10
5.7073637401574802
20
-4.2994434645669291
11
5.7073918503937007
21
-4.2995112992125986
0
LINE
8
BLACK
6
CONTINUOUS
10
5.7073918503937007
20
-4.2995112992125986
11
5.7073918503937007
21
-4.2995835826771653
0
LINE
8
BLACK
6
CONTINUOUS
10
5.7073918503937007
20
-4.2995835826771653
11
5.7074339370078739
21
-4.2997935433070866
0
LINE
8
BLACK
6
CONTINUOUS
10
5.7074339370078739
20
-4.2997935433070866
11
5.7093087007874015
21
-4.3185411811023622
0
LINE
8
BLACK
6
CONTINUOUS
10
5.7093087007874015
20
-4.3185411811023622
11
5.709309566929134
21
-4.3191200393700786
0
LINE
8
BLACK
6
CONTINUOUS
10
5.709309566929134
20
-4.3191200393700786
11
5.7092666141732282
21
-4.3192623622047241
0
LINE
8
BLACK
6
CONTINUOUS
10
5.7092666141732282
20
-4.3192623622047241
11
5.7092666141732282
21
-4.3194110236220471
0
LINE
8
BLACK
6
CONTINUOUS
10
5.7092666141732282
20
-4.3194110236220471
11
5.709101496062992
21
-4.3198096062992128
0
LINE
8
BLACK
6
CONTINUOUS
10
5.709101496062992
20
-4.3198096062992128
11
5.7089767716535436
21
-4.320223031496063
0
LINE
8
BLACK
6
CONTINUOUS
10
5.7089767716535436
20
-4.320223031496063
11
5.7088825590551178
21
-4.3203381496062994
0
LINE
8
BLACK
6
CONTINUOUS
10
5.7088825590551178
20
-4.3203381496062994
11
5.7088257086614176
21
-4.3204754330708663
0
LINE
8
BLACK
6
CONTINUOUS
10
5.7088257086614176
20
-4.3204754330708663
11
5.7085206299212601
21
-4.3207804724409451
0
LINE
8
BLACK
6
CONTINUOUS
10
5.7085206299212601
20
-4.3207804724409451
11
5.7082472047244091
21
-4.3211146850393698
0
LINE
8
BLACK
6
CONTINUOUS
10
5.7082472047244091
20
-4.3211146850393698
11
5.7081161417322832
21
-4.3211849606299211
0
LINE
8
BLACK
6
CONTINUOUS
10
5.7081161417322832
20
-4.3211849606299211
11
5.7080110236220474
21
-4.3212901181102366
0
LINE
8
BLACK
6
CONTINUOUS
10
5.7080110236220474
20
-4.3212901181102366
11
5.7076124015748029
21
-4.321455196850394
0
LINE
8
BLACK
6
CONTINUOUS
10
5.7076124015748029
20
-4.321455196850394
11
5.7072319685039368
21
-4.3216593307086617
0
LINE
8
BLACK
6
CONTINUOUS
10
5.7072319685039368
20
-4.3216593307086617
11
5.7070839370078739
21
-4.3216740944881886
0
LINE
8
BLACK
6
CONTINUOUS
10
5.7070839370078739
20
-4.3216740944881886
11
5.7069466141732281
21
-4.3217310236220472
0
LINE
8
BLACK
6
CONTINUOUS
10
5.7069466141732281
20
-4.3217310236220472
11
5.7065150787401571
21
-4.3217310236220472
0
LINE
8
BLACK
6
CONTINUOUS
10
5.7065150787401571
20
-4.3217310236220472
11
5.7060855511811024
21
-4.321773976377953
0
LINE
8
BLACK
6
CONTINUOUS
10
5.7060855511811024
20
-4.321773976377953
11
5.7059431889763781
21
-4.3217310236220472
0
LINE
8
BLACK
6
CONTINUOUS
10
5.7059431889763781
20
-4.3217310236220472
11
5.7057945275590551
21
-4.3217310236220472
0
LINE
8
BLACK
6
CONTINUOUS
10
5.7057945275590551
20
-4.3217310236220472
11
5.7053958267716531
21
-4.3215658661417322
0
LINE
8
BLACK
6
CONTINUOUS
10
5.7053958267716531
20
-4.3215658661417322
11
5.704982559055118
21
-4.3214411811023625
0
LINE
8
BLACK
6
CONTINUOUS
10
5.704982559055118
20
-4.3214411811023625
11
5.7048674409448816
21
-4.3213470078740155
0
LINE
8
BLACK
6
CONTINUOUS
10
5.7048674409448816
20
-4.3213470078740155
11
5.7047301181102359
21
-4.3212901181102366
0
LINE
8
BLACK
6
CONTINUOUS
10
5.7047301181102359
20
-4.3212901181102366
11
5.7042826771653541
21
-4.3209229133858269
0
LINE
8
BLACK
6
CONTINUOUS
10
5.7042826771653541
20
-4.3209229133858269
11
5.7027467322834644
21
-4.3193869685039372
0
LINE
8
BLACK
6
CONTINUOUS
10
5.7027467322834644
20
-4.3193869685039372
11
5.7000492519685038
21
-4.3180382283464569
0
LINE
8
BLACK
6
CONTINUOUS
10
5.7000492519685038
20
-4.3180382283464569
11
5.6920695275590552
21
-4.3180382283464569
0
LINE
8
BLACK
6
CONTINUOUS
10
5.6920695275590552
20
-4.3180382283464569
11
5.6893720472440945
21
-4.3193869685039372
0
LINE
8
BLACK
6
CONTINUOUS
10
5.6893720472440945
20
-4.3193869685039372
11
5.6881749212598427
21
-4.320584094488189
0
LINE
8
BLACK
6
CONTINUOUS
10
5.6881749212598427
20
-4.320584094488189
11
5.6868261811023624
21
-4.3232815748031497
0
LINE
8
BLACK
6
CONTINUOUS
10
5.6868261811023624
20
-4.3232815748031497
11
5.6868261811023624
21
-4.3312612992125983
0
LINE
8
BLACK
6
CONTINUOUS
10
5.6868261811023624
20
-4.3312612992125983
11
5.6881749212598427
21
-4.3339587795275589
0
LINE
8
BLACK
6
CONTINUOUS
10
5.6881749212598427
20
-4.3339587795275589
11
5.6893720472440945
21
-4.3351559448818895
0
LINE
8
BLACK
6
CONTINUOUS
10
5.6893720472440945
20
-4.3351559448818895
11
5.6920695275590552
21
-4.3365046850393698
0
LINE
8
BLACK
6
CONTINUOUS
10
5.6920695275590552
20
-4.3365046850393698
11
5.7000492519685038
21
-4.3365046850393698
0
LINE
8
BLACK
6
CONTINUOUS
10
5.7000492519685038
20
-4.3365046850393698
11
5.7027466929133857
21
-4.3351559448818895
0
LINE
8
BLACK
6
CONTINUOUS
10
5.7027466929133857
20
-4.3351559448818895
11
5.7042826377952753
21
-4.3336199999999998
0
LINE
8
BLACK
6
CONTINUOUS
10
5.7042826377952753
20
-4.3336199999999998
11
5.7047301181102359
21
-4.3332527559055114
0
LINE
8
BLACK
6
CONTINUOUS
10
5.7047301181102359
20
-4.3332527559055114
11
5.7057945275590551
21
-4.3328118503937008
0
LINE
8
BLACK
6
CONTINUOUS
10
5.7057945275590551
20
-4.3328118503937008
11
5.7069466141732281
21
-4.3328118503937008
0
LINE
8
BLACK
6
CONTINUOUS
10
5.7069466141732281
20
-4.3328118503937008
11
5.7080110236220474
21
-4.3332527165354326
0
LINE
8
BLACK
6
CONTINUOUS
10
5.7080110236220474
20
-4.3332527165354326
11
5.7088257086614176
21
-4.3340674015748029
0
LINE
8
BLACK
6
CONTINUOUS
10
5.7088257086614176
20
-4.3340674015748029
11
5.7092666141732282
21
-4.3351318110236221
0
LINE
8
BLACK
6
CONTINUOUS
10
5.7092666141732282
20
-4.3351318110236221
11
5.7092666141732282
21
-4.3362838976377951
0
LINE
8
BLACK
6
CONTINUOUS
10
5.7092666141732282
20
-4.3362838976377951
11
5.7088257480314963
21
-4.3373483070866143
0
LINE
8
BLACK
6
CONTINUOUS
10
5.7088257480314963
20
-4.3373483070866143
11
5.7084585039370079
21
-4.3377957874015749
0
LINE
8
BLACK
6
CONTINUOUS
10
5.7084585039370079
20
-4.3377957874015749
11
5.7065837795275591
21
-4.3396705511811025
0
LINE
8
BLACK
6
CONTINUOUS
10
5.7065837795275591
20
-4.3396705511811025
11
5.7063574015748033
21
-4.339856299212598
0
LINE
8
BLACK
6
CONTINUOUS
10
5.7063574015748033
20
-4.339856299212598
11
5.7063062204724408
21
-4.3399153543307083
0
LINE
8
BLACK
6
CONTINUOUS
10
5.7063062204724408
20
-4.3399153543307083
11
5.7062172440944883
21
-4.3399713385826768
0
LINE
8
BLACK
6
CONTINUOUS
10
5.7062172440944883
20
-4.3399713385826768
11
5.7061362992125986
21
-4.3400377952755909
0
LINE
8
BLACK
6
CONTINUOUS
10
5.7061362992125986
20
-4.3400377952755909
11
5.7060643307086609
21
-4.3400675984251968
0
LINE
8
BLACK
6
CONTINUOUS
10
5.7060643307086609
20
-4.3400675984251968
11
5.705816338582677
21
-4.3402237007874014
0
LINE
8
BLACK
6
CONTINUOUS
10
5.705816338582677
20
-4.3402237007874014
11
5.7020668110236219
21
-4.3420984645669289
0
LINE
8
BLACK
6
CONTINUOUS
10
5.7020668110236219
20
-4.3420984645669289
11
5.7015261811023619
21
-4.3423053543307084
0
LINE
8
BLACK
6
CONTINUOUS
10
5.7015261811023619
20
-4.3423053543307084
11
5.7014203543307085
21
-4.3423128346456688
0
LINE
8
BLACK
6
CONTINUOUS
10
5.7014203543307085
20
-4.3423128346456688
11
5.7013223622047242
21
-4.3423534645669291
0
LINE
8
BLACK
6
CONTINUOUS
10
5.7013223622047242
20
-4.3423534645669291
11
5.7007462992125983
21
-4.3424101968503939
0
LINE
8
BLACK
6
CONTINUOUS
10
5.7007462992125983
20
-4.3424101968503939
11
5.6913724803149606
21
-4.3424101968503939
0
LINE
8
BLACK
6
CONTINUOUS
10
5.6913724803149606
20
-4.3424101968503939
11
5.6907964173228347
21
-4.3423534645669291
0
LINE
8
BLACK
6
CONTINUOUS
10
5.6907964173228347
20
-4.3423534645669291
11
5.6906984251968504
21
-4.3423128740157475
0
LINE
8
BLACK
6
CONTINUOUS
10
5.6906984251968504
20
-4.3423128740157475
11
5.6905925590551183
21
-4.3423053543307084
0
LINE
8
BLACK
6
CONTINUOUS
10
5.6905925590551183
20
-4.3423053543307084
11
5.690051968503937
21
-4.3420984645669289
0
LINE
8
BLACK
6
CONTINUOUS
10
5.690051968503937
20
-4.3420984645669289
11
5.6863024409448819
21
-4.3402237007874014
0
LINE
8
BLACK
6
CONTINUOUS
10
5.6863024409448819
20
-4.3402237007874014
11
5.6860544094488183
21
-4.3400675984251968
0
LINE
8
BLACK
6
CONTINUOUS
10
5.6860544094488183
20
-4.3400675984251968
11
5.6859824803149603
21
-4.3400377952755909
0
LINE
8
BLACK
6
CONTINUOUS
10
5.6859824803149603
20
-4.3400377952755909
11
5.6859014960629919
21
-4.3399713385826768
0
LINE
8
BLACK
6
CONTINUOUS
10
5.6859014960629919
20
-4.3399713385826768
11
5.6858125590551181
21
-4.3399153543307083
0
LINE
8
BLACK
6
CONTINUOUS
10
5.6858125590551181
20
-4.3399153543307083
11
5.6857613385826768
21
-4.339856299212598
0
LINE
8
BLACK
6
CONTINUOUS
10
5.6857613385826768
20
-4.339856299212598
11
5.6855349999999998
21
-4.3396705511811025
0
LINE
8
BLACK
6
CONTINUOUS
10
5.6855349999999998
20
-4.3396705511811025
11
5.6836602362204722
21
-4.3377957480314961
0
LINE
8
BLACK
6
CONTINUOUS
10
5.6836602362204722
20
-4.3377957480314961
11
5.6834744881889758
21
-4.3375694094488191
0
LINE
8
BLACK
6
CONTINUOUS
10
5.6834744881889758
20
-4.3375694094488191
11
5.6834155118110239
21
-4.3375182677165354
0
LINE
8
BLACK
6
CONTINUOUS
10
5.6834155118110239
20
-4.3375182677165354
11
5.6833595275590554
21
-4.3374293307086615
0
LINE
8
BLACK
6
CONTINUOUS
10
5.6833595275590554
20
-4.3374293307086615
11
5.6832930314960626
21
-4.3373483070866143
0
LINE
8
BLACK
6
CONTINUOUS
10
5.6832930314960626
20
-4.3373483070866143
11
5.6832631889763778
21
-4.3372762598425192
0
LINE
8
BLACK
6
CONTINUOUS
10
5.6832631889763778
20
-4.3372762598425192
11
5.6831071653543308
21
-4.3370283858267715
0
LINE
8
BLACK
6
CONTINUOUS
10
5.6831071653543308
20
-4.3370283858267715
11
5.6812324015748032
21
-4.3332788582677164
0
LINE
8
BLACK
6
CONTINUOUS
10
5.6812324015748032
20
-4.3332788582677164
11
5.6810255118110238
21
-4.3327382283464564
0
LINE
8
BLACK
6
CONTINUOUS
10
5.6810255118110238
20
-4.3327382283464564
11
5.6810179921259838
21
-4.332632401574803
0
LINE
8
BLACK
6
CONTINUOUS
10
5.6810179921259838
20
-4.332632401574803
11
5.6809774015748031
21
-4.3325344094488187
0
LINE
8
BLACK
6
CONTINUOUS
10
5.6809774015748031
20
-4.3325344094488187
11
5.6809206692913383
21
-4.3319583464566929
0
LINE
8
BLACK
6
CONTINUOUS
10
5.6809206692913383
20
-4.3319583464566929
11
5.6809206692913383
21
-4.3225845275590551
0
LINE
8
BLACK
6
CONTINUOUS
10
5.6809206692913383
20
-4.3225845275590551
11
5.6809774015748031
21
-4.3220084645669292
0
LINE
8
BLACK
6
CONTINUOUS
10
5.6809774015748031
20
-4.3220084645669292
11
5.6810179921259838
21
-4.3219104330708662
0
LINE
8
BLACK
6
CONTINUOUS
10
5.6810179921259838
20
-4.3219104330708662
11
5.6810255118110238
21
-4.3218046456692916
0
LINE
8
BLACK
6
CONTINUOUS
10
5.6810255118110238
20
-4.3218046456692916
11
5.6812324015748032
21
-4.3212640157480315
0
LINE
8
BLACK
6
CONTINUOUS
10
5.6812324015748032
20
-4.3212640157480315
11
5.6831071653543308
21
-4.3175144881889764
0
LINE
8
BLACK
6
CONTINUOUS
10
5.6831071653543308
20
-4.3175144881889764
11
5.6832632283464566
21
-4.3172664566929129
0
LINE
8
BLACK
6
CONTINUOUS
10
5.6832632283464566
20
-4.3172664566929129
11
5.6832930708661413
21
-4.3171945275590549
0
LINE
8
BLACK
6
CONTINUOUS
10
5.6832930708661413
20
-4.3171945275590549
11
5.6833595275590554
21
-4.3171135433070864
0
LINE
8
BLACK
6
CONTINUOUS
10
5.6833595275590554
20
-4.3171135433070864
11
5.6834155118110239
21
-4.3170246062992126
0
LINE
8
BLACK
6
CONTINUOUS
10
5.6834155118110239
20
-4.3170246062992126
11
5.6834744881889758
21
-4.3169734251968501
0
LINE
8
BLACK
6
CONTINUOUS
10
5.6834744881889758
20
-4.3169734251968501
11
5.683660275590551
21
-4.3167470866141731
0
LINE
8
BLACK
6
CONTINUOUS
10
5.683660275590551
20
-4.3167470866141731
11
5.6855350393700785
21
-4.3148723228346455
0
LINE
8
BLACK
6
CONTINUOUS
10
5.6855350393700785
20
-4.3148723228346455
11
5.6857613779527556
21
-4.3146865354330703
0
LINE
8
BLACK
6
CONTINUOUS
10
5.6857613779527556
20
-4.3146865354330703
11
5.6858125590551181
21
-4.3146275590551184
0
LINE
8
BLACK
6
CONTINUOUS
10
5.6858125590551181
20
-4.3146275590551184
11
5.6859014960629919
21
-4.3145715748031499
0
LINE
8
BLACK
6
CONTINUOUS
10
5.6859014960629919
20
-4.3145715748031499
11
5.6859824803149603
21
-4.3145051181102358
0
LINE
8
BLACK
6
CONTINUOUS
10
5.6859824803149603
20
-4.3145051181102358
11
5.6860544094488183
21
-4.3144752755905511
0
LINE
8
BLACK
6
CONTINUOUS
10
5.6860544094488183
20
-4.3144752755905511
11
5.6863024409448819
21
-4.3143192125984253
0
LINE
8
BLACK
6
CONTINUOUS
10
5.6863024409448819
20
-4.3143192125984253
11
5.690051968503937
21
-4.3124444488188978
0
LINE
8
BLACK
6
CONTINUOUS
10
5.690051968503937
20
-4.3124444488188978
11
5.6905925590551183
21
-4.3122375590551183
0
LINE
8
BLACK
6
CONTINUOUS
10
5.6905925590551183
20
-4.3122375590551183
11
5.6906984251968504
21
-4.3122299999999996
0
LINE
8
BLACK
6
CONTINUOUS
10
5.6906984251968504
20
-4.3122299999999996
11
5.6907964173228347
21
-4.3121894488188977
0
LINE
8
BLACK
6
CONTINUOUS
10
5.6907964173228347
20
-4.3121894488188977
11
5.6913724803149606
21
-4.3121327165354328
0
LINE
8
BLACK
6
CONTINUOUS
10
5.6913724803149606
20
-4.3121327165354328
11
5.7007462992125983
21
-4.3121327165354328
0
LINE
8
BLACK
6
CONTINUOUS
10
5.7007462992125983
20
-4.3121327165354328
11
5.7013223622047242
21
-4.3121894488188977
0
LINE
8
BLACK
6
CONTINUOUS
10
5.7013223622047242
20
-4.3121894488188977
11
5.7014203543307085
21
-4.3122300393700783
0
LINE
8
BLACK
6
CONTINUOUS
10
5.7014203543307085
20
-4.3122300393700783
11
5.7015261811023619
21
-4.3122375590551183
0
LINE
8
BLACK
6
CONTINUOUS
10
5.7015261811023619
20
-4.3122375590551183
11
5.7020668110236219
21
-4.3124444488188978
0
LINE
8
BLACK
6
CONTINUOUS
10
5.7020668110236219
20
-4.3124444488188978
11
5.7028007086614174
21
-4.3128113779527562
0
LINE
8
BLACK
6
CONTINUOUS
10
5.7028007086614174
20
-4.3128113779527562
11
5.701823622047244
21
-4.3030401181102365
0
LINE
8
BLACK
6
CONTINUOUS
10
5.701823622047244
20
-4.3030401181102365
11
5.6857481889763779
21
-4.3030401181102365
0
LINE
8
BLACK
6
CONTINUOUS
10
5.6857481889763779
20
-4.3030401181102365
11
5.685172125984252
21
-4.3029833858267716
0
LINE
8
BLACK
6
CONTINUOUS
10
5.685172125984252
20
-4.3029833858267716
11
5.6841077165354328
21
-4.3025424803149601
0
LINE
8
BLACK
6
CONTINUOUS
10
5.6841077165354328
20
-4.3025424803149601
11
5.6832930708661413
21
-4.3017278346456695
0
LINE
8
BLACK
6
CONTINUOUS
10
5.6832930708661413
20
-4.3017278346456695
11
5.6828521653543307
21
-4.3006634251968503
0
LINE
8
BLACK
6
CONTINUOUS
10
5.6828521653543307
20
-4.3006634251968503
11
5.6828521653543307
21
-4.2995112992125986
0
LINE
8
BLACK
6
CONTINUOUS
10
5.6828521653543307
20
-4.2995112992125986
11
5.6832930708661413
21
-4.2984468897637793
0
LINE
8
BLACK
6
CONTINUOUS
10
5.6832930708661413
20
-4.2984468897637793
11
5.6841077165354328
21
-4.2976322440944879
0
LINE
8
BLACK
6
CONTINUOUS
10
5.6841077165354328
20
-4.2976322440944879
11
5.685172125984252
21
-4.2971913385826772
0
LINE
8
BLACK
6
CONTINUOUS
10
5.685172125984252
20
-4.2971913385826772
11
5.6857481889763779
21
-4.2971346062992124
0
LINE
8
BLACK
6
CONTINUOUS
10
5.6857481889763779
20
-4.2971346062992124
11
5.7044958267716535
21
-4.2971346062992124
0
LINE
8
BLACK
6
CONTINUOUS
10
5.7044958267716535
20
-4.2971346062992124
11
5.7047088582677166
21
-4.2971555511811026
0
LINE
8
BLACK
6
CONTINUOUS
10
5.1018473228346455
20
-4.2562464566929137
11
5.1019453149606298
21
-4.2562870472440943
0
LINE
8
BLACK
6
CONTINUOUS
10
5.1019453149606298
20
-4.2562870472440943
11
5.1020511417322831
21
-4.2562945669291334
0
LINE
8
BLACK
6
CONTINUOUS
10
5.1020511417322831
20
-4.2562945669291334
11
5.1025917716535432
21
-4.2565014566929129
0
LINE
8
BLACK
6
CONTINUOUS
10
5.1025917716535432
20
-4.2565014566929129
11
5.1063412992125983
21
-4.2583762204724405
0
LINE
8
BLACK
6
CONTINUOUS
10
5.1063412992125983
20
-4.2583762204724405
11
5.1065892913385822
21
-4.2585322834645671
0
LINE
8
BLACK
6
CONTINUOUS
10
5.1065892913385822
20
-4.2585322834645671
11
5.1066612598425198
21
-4.2585621259842519
0
LINE
8
BLACK
6
CONTINUOUS
10
5.1066612598425198
20
-4.2585621259842519
11
5.1067422047244095
21
-4.258628582677165
0
LINE
8
BLACK
6
CONTINUOUS
10
5.1067422047244095
20
-4.258628582677165
11
5.1068311811023621
21
-4.2586845669291336
0
LINE
8
BLACK
6
CONTINUOUS
10
5.1068311811023621
20
-4.2586845669291336
11
5.1068823228346458
21
-4.2587435433070864
0
LINE
8
BLACK
6
CONTINUOUS
10
5.1068823228346458
20
-4.2587435433070864
11
5.1071087007874016
21
-4.2589293307086615
0
LINE
8
BLACK
6
CONTINUOUS
10
5.1071087007874016
20
-4.2589293307086615
11
5.1089834645669292
21
-4.2608040944881891
0
LINE
8
BLACK
6
CONTINUOUS
10
5.1089834645669292
20
-4.2608040944881891
11
5.1093506692913389
21
-4.2612515354330709
0
LINE
8
BLACK
6
CONTINUOUS
10
5.1093506692913389
20
-4.2612515354330709
11
5.1097915748031495
21
-4.2623159448818893
0
LINE
8
BLACK
6
CONTINUOUS
10
5.1097915748031495
20
-4.2623159448818893
11
5.1097915748031495
21
-4.2634680314960631
0
LINE
8
BLACK
6
CONTINUOUS
10
5.1097915748031495
20
-4.2634680314960631
11
5.1093506692913389
21
-4.2645324409448815
0
LINE
8
BLACK
6
CONTINUOUS
10
5.1093506692913389
20
-4.2645324409448815
11
5.1085359842519686
21
-4.2653471259842517
0
LINE
8
BLACK
6
CONTINUOUS
10
5.1085359842519686
20
-4.2653471259842517
11
5.1074715748031494
21
-4.2657880314960632
0
LINE
8
BLACK
6
CONTINUOUS
10
5.1074715748031494
20
-4.2657880314960632
11
5.1063194881889764
21
-4.2657880314960632
0
LINE
8
BLACK
6
CONTINUOUS
10
5.1063194881889764
20
-4.2657880314960632
11
5.1052550787401572
21
-4.2653471259842517
0
LINE
8
BLACK
6
CONTINUOUS
10
5.1052550787401572
20
-4.2653471259842517
11
5.1048076377952754
21
-4.264979921259842
0
LINE
8
BLACK
6
CONTINUOUS
10
5.1048076377952754
20
-4.264979921259842
11
5.1032716929133857
21
-4.2634439763779524
0
LINE
8
BLACK
6
CONTINUOUS
10
5.1032716929133857
20
-4.2634439763779524
11
5.100574212598425
21
-4.262095236220472
0
LINE
8
BLACK
6
CONTINUOUS
10
5.100574212598425
20
-4.262095236220472
11
5.0925944881889764
21
-4.262095236220472
0
LINE
8
BLACK
6
CONTINUOUS
10
5.0925944881889764
20
-4.262095236220472
11
5.0898970078740158
21
-4.2634439763779524
0
LINE
8
BLACK
6
CONTINUOUS
10
5.0898970078740158
20
-4.2634439763779524
11
5.088699881889764
21
-4.2646411023622051
0
LINE
8
BLACK
6
CONTINUOUS
10
5.088699881889764
20
-4.2646411023622051
11
5.0873511417322836
21
-4.2673385826771648
0
LINE
8
BLACK
6
CONTINUOUS
10
5.0873511417322836
20
-4.2673385826771648
11
5.0873511417322836
21
-4.2699118897637796
0
LINE
8
BLACK
6
CONTINUOUS
10
5.0873511417322836
20
-4.2699118897637796
11
5.0888539370078743
21
-4.2744203149606301
0
LINE
8
BLACK
6
CONTINUOUS
10
5.0888539370078743
20
-4.2744203149606301
11
5.1108582283464568
21
-4.2964246456692914
0
LINE
8
BLACK
6
CONTINUOUS
10
5.1108582283464568
20
-4.2964246456692914
11
5.1112254724409452
21
-4.2968720866141732
0
LINE
8
BLACK
6
CONTINUOUS
10
5.1112254724409452
20
-4.2968720866141732
11
5.111666338582677
21
-4.2979365354330712
0
LINE
8
BLACK
6
CONTINUOUS
10
5.111666338582677
20
-4.2979365354330712
11
5.111666338582677
21
-4.2990886220472442
0
LINE
8
BLACK
6
CONTINUOUS
10
5.111666338582677
20
-4.2990886220472442
11
5.1112254330708664
21
-4.3001530314960625
0
LINE
8
BLACK
6
CONTINUOUS
10
5.1112254330708664
20
-4.3001530314960625
11
5.110410787401575
21
-4.3009677165354327
0
LINE
8
BLACK
6
CONTINUOUS
10
5.110410787401575
20
-4.3009677165354327
11
5.1096581102362206
21
-4.3012794488188977
0
LINE
8
BLACK
6
CONTINUOUS
10
5.1096581102362206
20
-4.3012794488188977
11
5.1093463779527557
21
-4.3014085826771655
0
LINE
8
BLACK
6
CONTINUOUS
10
5.1093463779527557
20
-4.3014085826771655
11
5.1087703149606298
21
-4.3014653149606294
0
LINE
8
BLACK
6
CONTINUOUS
10
5.1087703149606298
20
-4.3014653149606294
11
5.0843983858267716
21
-4.3014653149606294
0
LINE
8
BLACK
6
CONTINUOUS
10
5.0843983858267716
20
-4.3014653149606294
11
5.0838223228346457
21
-4.3014085826771655
0
LINE
8
BLACK
6
CONTINUOUS
10
5.0838223228346457
20
-4.3014085826771655
11
5.0827579133858265
21
-4.300967677165354
0
LINE
8
BLACK
6
CONTINUOUS
10
5.0827579133858265
20
-4.300967677165354
11
5.081943267716535
21
-4.3001530314960625
0
LINE
8
BLACK
6
CONTINUOUS
10
5.081943267716535
20
-4.3001530314960625
11
5.0815023622047244
21
-4.2990886220472442
0
LINE
8
BLACK
6
CONTINUOUS
10
5.0815023622047244
20
-4.2990886220472442
11
5.0815023622047244
21
-4.2979364960629924
0
LINE
8
BLACK
6
CONTINUOUS
10
5.0815023622047244
20
-4.2979364960629924
11
5.081943267716535
21
-4.2968720866141732
0
LINE
8
BLACK
6
CONTINUOUS
10
5.081943267716535
20
-4.2968720866141732
11
5.0827579133858265
21
-4.2960574409448817
0
LINE
8
BLACK
6
CONTINUOUS
10
5.0827579133858265
20
-4.2960574409448817
11
5.0838223228346457
21
-4.2956165354330711
0
LINE
8
BLACK
6
CONTINUOUS
10
5.0838223228346457
20
-4.2956165354330711
11
5.0843983858267716
21
-4.2955598031496063
0
LINE
8
BLACK
6
CONTINUOUS
10
5.0843983858267716
20
-4.2955598031496063
11
5.1016417322834648
21
-4.2955598031496063
0
LINE
8
BLACK
6
CONTINUOUS
10
5.1016417322834648
20
-4.2955598031496063
11
5.0841852362204722
21
-4.2781032677165349
0
LINE
8
BLACK
6
CONTINUOUS
10
5.0841852362204722
20
-4.2781032677165349
11
5.0838180314960626
21
-4.2776558267716531
0
LINE
8
BLACK
6
CONTINUOUS
10
5.0838180314960626
20
-4.2776558267716531
11
5.0837774015748032
21
-4.2775577559055113
0
LINE
8
BLACK
6
CONTINUOUS
10
5.0837774015748032
20
-4.2775577559055113
11
5.0837079133858269
21
-4.2774776377952755
0
LINE
8
BLACK
6
CONTINUOUS
10
5.0837079133858269
20
-4.2774776377952755
11
5.0834719291338581
21
-4.2769490944881889
0
LINE
8
BLACK
6
CONTINUOUS
10
5.0834719291338581
20
-4.2769490944881889
11
5.0815971653543306
21
-4.2713248031496063
0
LINE
8
BLACK
6
CONTINUOUS
10
5.0815971653543306
20
-4.2713248031496063
11
5.0815322047244091
21
-4.2710392125984251
0
LINE
8
BLACK
6
CONTINUOUS
10
5.0815322047244091
20
-4.2710392125984251
11
5.0815023622047244
21
-4.2709671259842521
0
LINE
8
BLACK
6
CONTINUOUS
10
5.0815023622047244
20
-4.2709671259842521
11
5.0814920472440948
21
-4.2708625984251967
0
LINE
8
BLACK
6
CONTINUOUS
10
5.0814920472440948
20
-4.2708625984251967
11
5.0814688188976378
21
-4.2707603543307089
0
LINE
8
BLACK
6
CONTINUOUS
10
5.0814688188976378
20
-4.2707603543307089
11
5.0814743307086614
21
-4.2706825984251964
0
LINE
8
BLACK
6
CONTINUOUS
10
5.0814743307086614
20
-4.2706825984251964
11
5.0814456299212596
21
-4.2703910629921262
0
LINE
8
BLACK
6
CONTINUOUS
10
5.0814456299212596
20
-4.2703910629921262
11
5.0814456299212596
21
-4.2666415354330711
0
LINE
8
BLACK
6
CONTINUOUS
10
5.0814456299212596
20
-4.2666415354330711
11
5.0815023622047244
21
-4.2660654724409444
0
LINE
8
BLACK
6
CONTINUOUS
10
5.0815023622047244
20
-4.2660654724409444
11
5.0815429527559051
21
-4.2659674409448822
0
LINE
8
BLACK
6
CONTINUOUS
10
5.0815429527559051
20
-4.2659674409448822
11
5.081550472440945
21
-4.2658616535433067
0
LINE
8
BLACK
6
CONTINUOUS
10
5.081550472440945
20
-4.2658616535433067
11
5.0817573622047245
21
-4.2653210236220476
0
LINE
8
BLACK
6
CONTINUOUS
10
5.0817573622047245
20
-4.2653210236220476
11
5.0836321259842521
21
-4.2615714960629925
0
LINE
8
BLACK
6
CONTINUOUS
10
5.0836321259842521
20
-4.2615714960629925
11
5.0837881889763779
21
-4.2613234645669289
0
LINE
8
BLACK
6
CONTINUOUS
10
5.0837881889763779
20
-4.2613234645669289
11
5.0838180314960626
21
-4.2612515354330709
0
LINE
8
BLACK
6
CONTINUOUS
10
5.0838180314960626
20
-4.2612515354330709
11
5.0838844881889766
21
-4.2611705511811024
0
LINE
8
BLACK
6
CONTINUOUS
10
5.0838844881889766
20
-4.2611705511811024
11
5.0839404724409452
21
-4.2610816141732286
0
LINE
8
BLACK
6
CONTINUOUS
10
5.0839404724409452
20
-4.2610816141732286
11
5.0839994488188971
21
-4.2610304330708662
0
LINE
8
BLACK
6
CONTINUOUS
10
5.0839994488188971
20
-4.2610304330708662
11
5.0841852362204722
21
-4.2608040944881891
0
LINE
8
BLACK
6
CONTINUOUS
10
5.0841852362204722
20
-4.2608040944881891
11
5.0860599999999998
21
-4.2589293307086615
0
LINE
8
BLACK
6
CONTINUOUS
10
5.0860599999999998
20
-4.2589293307086615
11
5.0862863385826769
21
-4.2587435433070864
0
LINE
8
BLACK
6
CONTINUOUS
10
5.0862863385826769
20
-4.2587435433070864
11
5.0863375196850393
21
-4.2586845669291336
0
LINE
8
BLACK
6
CONTINUOUS
10
5.0863375196850393
20
-4.2586845669291336
11
5.0864264566929132
21
-4.258628582677165
0
LINE
8
BLACK
6
CONTINUOUS
10
5.0864264566929132
20
-4.258628582677165
11
5.0865074409448816
21
-4.2585621259842519
0
LINE
8
BLACK
6
CONTINUOUS
10
5.0865074409448816
20
-4.2585621259842519
11
5.0865793700787396
21
-4.2585322834645671
0
LINE
8
BLACK
6
CONTINUOUS
10
5.0865793700787396
20
-4.2585322834645671
11
5.0868274015748032
21
-4.2583762204724405
0
LINE
8
BLACK
6
CONTINUOUS
10
5.0868274015748032
20
-4.2583762204724405
11
5.0905769291338583
21
-4.2565014566929129
0
LINE
8
BLACK
6
CONTINUOUS
10
5.0905769291338583
20
-4.2565014566929129
11
5.0911175196850396
21
-4.2562945669291334
0
LINE
8
BLACK
6
CONTINUOUS
10
5.0911175196850396
20
-4.2562945669291334
11
5.0912233858267717
21
-4.2562870078740156
0
LINE
8
BLACK
6
CONTINUOUS
10
5.0912233858267717
20
-4.2562870078740156
11
5.091321377952756
21
-4.2562464566929137
0
LINE
8
BLACK
6
CONTINUOUS
10
5.091321377952756
20
-4.2562464566929137
11
5.0918974409448818
21
-4.2561897244094489
0
LINE
8
BLACK
6
CONTINUOUS
10
5.0918974409448818
20
-4.2561897244094489
11
5.1012712598425196
21
-4.2561897244094489
0
LINE
8
BLACK
6
CONTINUOUS
10
5.1012712598425196
20
-4.2561897244094489
11
5.1018473228346455
21
-4.2562464566929137
0
LINE
8
BLACK
6
CONTINUOUS
10
5.144966929133858
20
-4.2562464566929137
11
5.1460313385826773
21
-4.2566873622047243
0
LINE
8
BLACK
6
CONTINUOUS
10
5.1460313385826773
20
-4.2566873622047243
11
5.1468459842519687
21
-4.2575020078740158
0
LINE
8
BLACK
6
CONTINUOUS
10
5.1468459842519687
20
-4.2575020078740158
11
5.1472868897637793
21
-4.2585664173228341
0
LINE
8
BLACK
6
CONTINUOUS
10
5.1472868897637793
20
-4.2585664173228341
11
5.1473436220472442
21
-4.2591424803149609
0
LINE
8
BLACK
6
CONTINUOUS
10
5.1473436220472442
20
-4.2591424803149609
11
5.1473436220472442
21
-4.2985125590551183
0
LINE
8
BLACK
6
CONTINUOUS
10
5.1473436220472442
20
-4.2985125590551183
11
5.1472868897637793
21
-4.2990886220472442
0
LINE
8
BLACK
6
CONTINUOUS
10
5.1472868897637793
20
-4.2990886220472442
11
5.1468459842519687
21
-4.3001530314960625
0
LINE
8
BLACK
6
CONTINUOUS
10
5.1468459842519687
20
-4.3001530314960625
11
5.1460313385826773
21
-4.300967677165354
0
LINE
8
BLACK
6
CONTINUOUS
10
5.1460313385826773
20
-4.300967677165354
11
5.144966929133858
21
-4.3014085826771655
0
LINE
8
BLACK
6
CONTINUOUS
10
5.144966929133858
20
-4.3014085826771655
11
5.1443908661417321
21
-4.3014653149606294
0
LINE
8
BLACK
6
CONTINUOUS
10
5.1443908661417321
20
-4.3014653149606294
11
5.1350170472440944
21
-4.3014653149606294
0
LINE
8
BLACK
6
CONTINUOUS
10
5.1350170472440944
20
-4.3014653149606294
11
5.1347254330708658
21
-4.3014365748031498
0
LINE
8
BLACK
6
CONTINUOUS
10
5.1347254330708658
20
-4.3014365748031498
11
5.1346477165354329
21
-4.3014421259842521
0
LINE
8
BLACK
6
CONTINUOUS
10
5.1346477165354329
20
-4.3014421259842521
11
5.1345454330708664
21
-4.3014188582677164
0
LINE
8
BLACK
6
CONTINUOUS
10
5.1345454330708664
20
-4.3014188582677164
11
5.1344409842519685
21
-4.3014085826771655
0
LINE
8
BLACK
6
CONTINUOUS
10
5.1344409842519685
20
-4.3014085826771655
11
5.1343688976377955
21
-4.3013787007874011
0
LINE
8
BLACK
6
CONTINUOUS
10
5.1343688976377955
20
-4.3013787007874011
11
5.1340832677165356
21
-4.3013137795275593
0
LINE
8
BLACK
6
CONTINUOUS
10
5.1340832677165356
20
-4.3013137795275593
11
5.1284590157480316
21
-4.2994390157480318
0
LINE
8
BLACK
6
CONTINUOUS
10
5.1284590157480316
20
-4.2994390157480318
11
5.1279304330708664
21
-4.299203031496063
0
LINE
8
BLACK
6
CONTINUOUS
10
5.1279304330708664
20
-4.299203031496063
11
5.1278503149606296
21
-4.2991335433070867
0
LINE
8
BLACK
6
CONTINUOUS
10
5.1278503149606296
20
-4.2991335433070867
11
5.1277522834645666
21
-4.2990929527559052
0
LINE
8
BLACK
6
CONTINUOUS
10
5.1277522834645666
20
-4.2990929527559052
11
5.1273048425196848
21
-4.2987257086614168
0
LINE
8
BLACK
6
CONTINUOUS
10
5.1273048425196848
20
-4.2987257086614168
11
5.1235553149606297
21
-4.2949761417322829
0
LINE
8
BLACK
6
CONTINUOUS
10
5.1235553149606297
20
-4.2949761417322829
11
5.1233695275590554
21
-4.2947497637795271
0
LINE
8
BLACK
6
CONTINUOUS
10
5.1233695275590554
20
-4.2947497637795271
11
5.1233105511811026
21
-4.2946986220472443
0
LINE
8
BLACK
6
CONTINUOUS
10
5.1233105511811026
20
-4.2946986220472443
11
5.1232545669291341
21
-4.2946096850393696
0
LINE
8
BLACK
6
CONTINUOUS
10
5.1232545669291341
20
-4.2946096850393696
11
5.1231880708661413
21
-4.2945286614173224
0
LINE
8
BLACK
6
CONTINUOUS
10
5.1231880708661413
20
-4.2945286614173224
11
5.1231582283464565
21
-4.2944566141732281
0
LINE
8
BLACK
6
CONTINUOUS
10
5.1231582283464565
20
-4.2944566141732281
11
5.1230022047244095
21
-4.2942087401574804
0
LINE
8
BLACK
6
CONTINUOUS
10
5.1230022047244095
20
-4.2942087401574804
11
5.1211274409448819
21
-4.2904592125984253
0
LINE
8
BLACK
6
CONTINUOUS
10
5.1211274409448819
20
-4.2904592125984253
11
5.1211112992125987
21
-4.2904170866141733
0
LINE
8
BLACK
6
CONTINUOUS
10
5.1211112992125987
20
-4.2904170866141733
11
5.1210986220472439
21
-4.2903999606299212
0
LINE
8
BLACK
6
CONTINUOUS
10
5.1210986220472439
20
-4.2903999606299212
11
5.1210121653543306
21
-4.2901579921259838
0
LINE
8
BLACK
6
CONTINUOUS
10
5.1210121653543306
20
-4.2901579921259838
11
5.1209205511811025
21
-4.2899185826771653
0
LINE
8
BLACK
6
CONTINUOUS
10
5.1209205511811025
20
-4.2899185826771653
11
5.1209190157480311
21
-4.289897322834646
0
LINE
8
BLACK
6
CONTINUOUS
10
5.1209190157480311
20
-4.289897322834646
11
5.1209038582677167
21
-4.2898548425196852
0
LINE
8
BLACK
6
CONTINUOUS
10
5.1209038582677167
20
-4.2898548425196852
11
5.1190290944881891
21
-4.282355787401575
0
LINE
8
BLACK
6
CONTINUOUS
10
5.1190290944881891
20
-4.282355787401575
11
5.1190142913385825
21
-4.2822559055118106
0
LINE
8
BLACK
6
CONTINUOUS
10
5.1190142913385825
20
-4.2822559055118106
11
5.1189976771653543
21
-4.2822157086614174
0
LINE
8
BLACK
6
CONTINUOUS
10
5.1189976771653543
20
-4.2822157086614174
11
5.1189762992125987
21
-4.2819986614173224
0
LINE
8
BLACK
6
CONTINUOUS
10
5.1189762992125987
20
-4.2819986614173224
11
5.1189444488188975
21
-4.2817831889763776
0
LINE
8
BLACK
6
CONTINUOUS
10
5.1189444488188975
20
-4.2817831889763776
11
5.1189508267716537
21
-4.2817401574803151
0
LINE
8
BLACK
6
CONTINUOUS
10
5.1189508267716537
20
-4.2817401574803151
11
5.1189409448818894
21
-4.2816396456692916
0
LINE
8
BLACK
6
CONTINUOUS
10
5.1189409448818894
20
-4.2816396456692916
11
5.1189409448818894
21
-4.2760153543307089
0
LINE
8
BLACK
6
CONTINUOUS
10
5.1189409448818894
20
-4.2760153543307089
11
5.1189508267716537
21
-4.2759148031496066
0
LINE
8
BLACK
6
CONTINUOUS
10
5.1189508267716537
20
-4.2759148031496066
11
5.1189444488188975
21
-4.275871811023622
0
LINE
8
BLACK
6
CONTINUOUS
10
5.1189444488188975
20
-4.275871811023622
11
5.1189762992125987
21
-4.2756562992125984
0
LINE
8
BLACK
6
CONTINUOUS
10
5.1189762992125987
20
-4.2756562992125984
11
5.1189976771653543
21
-4.2754392913385821
0
LINE
8
BLACK
6
CONTINUOUS
10
5.1189976771653543
20
-4.2754392913385821
11
5.1190142913385825
21
-4.2753990551181102
0
LINE
8
BLACK
6
CONTINUOUS
10
5.1190142913385825
20
-4.2753990551181102
11
5.1190290944881891
21
-4.2752992125984255
0
LINE
8
BLACK
6
CONTINUOUS
10
5.1190290944881891
20
-4.2752992125984255
11
5.1209038582677167
21
-4.2678001574803153
0
LINE
8
BLACK
6
CONTINUOUS
10
5.1209038582677167
20
-4.2678001574803153
11
5.1209190157480311
21
-4.2677576377952757
0
LINE
8
BLACK
6
CONTINUOUS
10
5.1209190157480311
20
-4.2677576377952757
11
5.1209205511811025
21
-4.2677364173228343
0
LINE
8
BLACK
6
CONTINUOUS
10
5.1209205511811025
20
-4.2677364173228343
11
5.1210121653543306
21
-4.267496968503937
0
LINE
8
BLACK
6
CONTINUOUS
10
5.1210121653543306
20
-4.267496968503937
11
5.1210986220472439
21
-4.2672550393700783
0
LINE
8
BLACK
6
CONTINUOUS
10
5.1210986220472439
20
-4.2672550393700783
11
5.1211112992125987
21
-4.2672378740157475
0
LINE
8
BLACK
6
CONTINUOUS
10
5.1211112992125987
20
-4.2672378740157475
11
5.1211274409448819
21
-4.2671957874015751
0
LINE
8
BLACK
6
CONTINUOUS
10
5.1211274409448819
20
-4.2671957874015751
11
5.1230022047244095
21
-4.26344625984252
0
LINE
8
BLACK
6
CONTINUOUS
10
5.1230022047244095
20
-4.26344625984252
11
5.1231582677165353
21
-4.2631982283464565
0
LINE
8
BLACK
6
CONTINUOUS
10
5.1231582677165353
20
-4.2631982283464565
11
5.12318811023622
21
-4.2631262992125984
0
LINE
8
BLACK
6
CONTINUOUS
10
5.12318811023622
20
-4.2631262992125984
11
5.1232545669291341
21
-4.26304531496063
0
LINE
8
BLACK
6
CONTINUOUS
10
5.1232545669291341
20
-4.26304531496063
11
5.1233105511811026
21
-4.2629563779527562
0
LINE
8
BLACK
6
CONTINUOUS
10
5.1233105511811026
20
-4.2629563779527562
11
5.1233695275590554
21
-4.2629051968503937
0
LINE
8
BLACK
6
CONTINUOUS
10
5.1233695275590554
20
-4.2629051968503937
11
5.1235553149606297
21
-4.2626788582677166
0
LINE
8
BLACK
6
CONTINUOUS
10
5.1235553149606297
20
-4.2626788582677166
11
5.1273048425196848
21
-4.2589293307086615
0
LINE
8
BLACK
6
CONTINUOUS
10
5.1273048425196848
20
-4.2589293307086615
11
5.1277522834645666
21
-4.2585620866141731
0
LINE
8
BLACK
6
CONTINUOUS
10
5.1277522834645666
20
-4.2585620866141731
11
5.1278503149606296
21
-4.2585214566929137
0
LINE
8
BLACK
6
CONTINUOUS
10
5.1278503149606296
20
-4.2585214566929137
11
5.1279304330708664
21
-4.2584520078740153
0
LINE
8
BLACK
6
CONTINUOUS
10
5.1279304330708664
20
-4.2584520078740153
11
5.1284590157480316
21
-4.2582160236220474
0
LINE
8
BLACK
6
CONTINUOUS
10
5.1284590157480316
20
-4.2582160236220474
11
5.1340832677165356
21
-4.2563412598425199
0
LINE
8
BLACK
6
CONTINUOUS
10
5.1340832677165356
20
-4.2563412598425199
11
5.1343688976377955
21
-4.2562762992125984
0
LINE
8
BLACK
6
CONTINUOUS
10
5.1343688976377955
20
-4.2562762992125984
11
5.1344409842519685
21
-4.2562464566929137
0
LINE
8
BLACK
6
CONTINUOUS
10
5.1344409842519685
20
-4.2562464566929137
11
5.1345454330708664
21
-4.2562361417322832
0
LINE
8
BLACK
6
CONTINUOUS
10
5.1345454330708664
20
-4.2562361417322832
11
5.1346477165354329
21
-4.2562129133858271
0
LINE
8
BLACK
6
CONTINUOUS
10
5.1346477165354329
20
-4.2562129133858271
11
5.1347254330708658
21
-4.2562184251968507
0
LINE
8
BLACK
6
CONTINUOUS
10
5.1347254330708658
20
-4.2562184251968507
11
5.1350170472440944
21
-4.2561897244094489
0
LINE
8
BLACK
6
CONTINUOUS
10
5.1350170472440944
20
-4.2561897244094489
11
5.1443908661417321
21
-4.2561897244094489
0
LINE
8
BLACK
6
CONTINUOUS
10
5.1443908661417321
20
-4.2561897244094489
11
5.144966929133858
21
-4.2562464566929137
0
LINE
8
BLACK
6
CONTINUOUS
10
5.1309877952755905
20
-4.2635980314960626
11
5.1280699606299214
21
-4.2665158661417326
0
LINE
8
BLACK
6
CONTINUOUS
10
5.1280699606299214
20
-4.2665158661417326
11
5.1265544488188972
21
-4.2695468503937004
0
LINE
8
BLACK
6
CONTINUOUS
10
5.1265544488188972
20
-4.2695468503937004
11
5.1248464566929135
21
-4.2763788976377954
0
LINE
8
BLACK
6
CONTINUOUS
10
5.1248464566929135
20
-4.2763788976377954
11
5.1248464566929135
21
-4.281276102362205
0
LINE
8
BLACK
6
CONTINUOUS
10
5.1248464566929135
20
-4.281276102362205
11
5.1265544488188972
21
-4.2881081496062992
0
LINE
8
BLACK
6
CONTINUOUS
10
5.1265544488188972
20
-4.2881081496062992
11
5.1280699606299214
21
-4.2911391338582678
0
LINE
8
BLACK
6
CONTINUOUS
10
5.1280699606299214
20
-4.2911391338582678
11
5.1309877952755905
21
-4.2940570078740157
0
LINE
8
BLACK
6
CONTINUOUS
10
5.1309877952755905
20
-4.2940570078740157
11
5.1354961811023623
21
-4.2955598031496063
0
LINE
8
BLACK
6
CONTINUOUS
10
5.1354961811023623
20
-4.2955598031496063
11
5.1414381102362201
21
-4.2955598031496063
0
LINE
8
BLACK
6
CONTINUOUS
10
5.1414381102362201
20
-4.2955598031496063
11
5.1414381102362201
21
-4.262095236220472
0
LINE
8
BLACK
6
CONTINUOUS
10
5.1414381102362201
20
-4.262095236220472
11
5.1354961811023623
21
-4.262095236220472
0
LINE
8
BLACK
6
CONTINUOUS
10
5.1354961811023623
20
-4.262095236220472
11
5.1309877952755905
21
-4.2635980314960626
0
LINE
8
BLACK
6
CONTINUOUS
10
5.1647789763779528
20
-4.2566873622047243
11
5.1655936220472443
21
-4.2575020078740158
0
LINE
8
BLACK
6
CONTINUOUS
10
5.1655936220472443
20
-4.2575020078740158
11
5.1660345275590549
21
-4.2585664173228341
0
LINE
8
BLACK
6
CONTINUOUS
10
5.1660345275590549
20
-4.2585664173228341
11
5.1660912598425197
21
-4.2591424803149609
0
LINE
8
BLACK
6
CONTINUOUS
10
5.1660912598425197
20
-4.2591424803149609
11
5.1660912598425197
21
-4.2985125590551183
0
LINE
8
BLACK
6
CONTINUOUS
10
5.1660912598425197
20
-4.2985125590551183
11
5.1660345275590549
21
-4.2990886220472442
0
LINE
8
BLACK
6
CONTINUOUS
10
5.1660345275590549
20
-4.2990886220472442
11
5.1655936220472443
21
-4.3001530314960625
0
LINE
8
BLACK
6
CONTINUOUS
10
5.1655936220472443
20
-4.3001530314960625
11
5.1647789763779528
21
-4.300967677165354
0
LINE
8
BLACK
6
CONTINUOUS
10
5.1647789763779528
20
-4.300967677165354
11
5.1637145669291336
21
-4.3014085826771655
0
LINE
8
BLACK
6
CONTINUOUS
10
5.1637145669291336
20
-4.3014085826771655
11
5.1625624409448818
21
-4.3014085826771655
0
LINE
8
BLACK
6
CONTINUOUS
10
5.1625624409448818
20
-4.3014085826771655
11
5.1614980314960626
21
-4.300967677165354
0
LINE
8
BLACK
6
CONTINUOUS
10
5.1614980314960626
20
-4.300967677165354
11
5.1606833858267711
21
-4.3001530314960625
0
LINE
8
BLACK
6
CONTINUOUS
10
5.1606833858267711
20
-4.3001530314960625
11
5.1602424803149605
21
-4.2990886220472442
0
LINE
8
BLACK
6
CONTINUOUS
10
5.1602424803149605
20
-4.2990886220472442
11
5.1601857480314957
21
-4.2985125590551183
0
LINE
8
BLACK
6
CONTINUOUS
10
5.1601857480314957
20
-4.2985125590551183
11
5.1601857480314957
21
-4.2591424803149609
0
LINE
8
BLACK
6
CONTINUOUS
10
5.1601857480314957
20
-4.2591424803149609
11
5.1602424803149605
21
-4.2585664173228341
0
LINE
8
BLACK
6
CONTINUOUS
10
5.1602424803149605
20
-4.2585664173228341
11
5.1606833858267711
21
-4.2575020078740158
0
LINE
8
BLACK
6
CONTINUOUS
10
5.1606833858267711
20
-4.2575020078740158
11
5.1614980314960626
21
-4.2566873622047243
0
LINE
8
BLACK
6
CONTINUOUS
10
5.1614980314960626
20
-4.2566873622047243
11
5.1625624409448818
21
-4.2562464566929137
0
LINE
8
BLACK
6
CONTINUOUS
10
5.1625624409448818
20
-4.2562464566929137
11
5.1637145669291336
21
-4.2562464566929137
0
LINE
8
BLACK
6
CONTINUOUS
10
5.1637145669291336
20
-4.2562464566929137
11
5.1647789763779528
21
-4.2566873622047243
0
LINE
8
BLACK
6
CONTINUOUS
10
5.1974603543307083
20
-4.2562464566929137
11
5.1985247637795275
21
-4.2566873622047243
0
LINE
8
BLACK
6
CONTINUOUS
10
5.1985247637795275
20
-4.2566873622047243
11
5.199339409448819
21
-4.2575020078740158
0
LINE
8
BLACK
6
CONTINUOUS
10
5.199339409448819
20
-4.2575020078740158
11
5.1997803149606296
21
-4.2585664173228341
0
LINE
8
BLACK
6
CONTINUOUS
10
5.1997803149606296
20
-4.2585664173228341
11
5.1998370472440945
21
-4.2591424803149609
0
LINE
8
BLACK
6
CONTINUOUS
10
5.1998370472440945
20
-4.2591424803149609
11
5.1998370472440945
21
-4.2985125590551183
0
LINE
8
BLACK
6
CONTINUOUS
10
5.1998370472440945
20
-4.2985125590551183
11
5.1997803149606296
21
-4.2990886220472442
0
LINE
8
BLACK
6
CONTINUOUS
10
5.1997803149606296
20
-4.2990886220472442
11
5.199339409448819
21
-4.3001530314960625
0
LINE
8
BLACK
6
CONTINUOUS
10
5.199339409448819
20
-4.3001530314960625
11
5.1985247637795275
21
-4.300967677165354
0
LINE
8
BLACK
6
CONTINUOUS
10
5.1985247637795275
20
-4.300967677165354
11
5.1974603543307083
21
-4.3014085826771655
0
LINE
8
BLACK
6
CONTINUOUS
10
5.1974603543307083
20
-4.3014085826771655
11
5.1963082283464566
21
-4.3014085826771655
0
LINE
8
BLACK
6
CONTINUOUS
10
5.1963082283464566
20
-4.3014085826771655
11
5.1952438188976373
21
-4.300967677165354
0
LINE
8
BLACK
6
CONTINUOUS
10
5.1952438188976373
20
-4.300967677165354
11
5.1944291732283467
21
-4.3001530314960625
0
LINE
8
BLACK
6
CONTINUOUS
10
5.1944291732283467
20
-4.3001530314960625
11
5.1939882677165352
21
-4.2990886220472442
0
LINE
8
BLACK
6
CONTINUOUS
10
5.1939882677165352
20
-4.2990886220472442
11
5.1939315354330704
21
-4.2985125590551183
0
LINE
8
BLACK
6
CONTINUOUS
10
5.1939315354330704
20
-4.2985125590551183
11
5.1939315354330704
21
-4.2808428740157476
0
LINE
8
BLACK
6
CONTINUOUS
10
5.1939315354330704
20
-4.2808428740157476
11
5.1837609448818895
21
-4.2808428740157476
0
LINE
8
BLACK
6
CONTINUOUS
10
5.1837609448818895
20
-4.2808428740157476
11
5.1831848818897637
21
-4.2807861417322837
0
LINE
8
BLACK
6
CONTINUOUS
10
5.1831848818897637
20
-4.2807861417322837
11
5.1821204724409444
21
-4.2803452362204721
0
LINE
8
BLACK
6
CONTINUOUS
10
5.1821204724409444
20
-4.2803452362204721
11
5.1813058267716539
21
-4.2795305905511807
0
LINE
8
BLACK
6
CONTINUOUS
10
5.1813058267716539
20
-4.2795305905511807
11
5.1808649212598423
21
-4.2784661811023623
0
LINE
8
BLACK
6
CONTINUOUS
10
5.1808649212598423
20
-4.2784661811023623
11
5.1808649212598423
21
-4.2773140551181106
0
LINE
8
BLACK
6
CONTINUOUS
10
5.1808649212598423
20
-4.2773140551181106
11
5.1813058267716539
21
-4.2762496456692913
0
LINE
8
BLACK
6
CONTINUOUS
10
5.1813058267716539
20
-4.2762496456692913
11
5.1821204724409444
21
-4.2754349999999999
0
LINE
8
BLACK
6
CONTINUOUS
10
5.1821204724409444
20
-4.2754349999999999
11
5.1831848818897637
21
-4.2749940944881892
0
LINE
8
BLACK
6
CONTINUOUS
10
5.1831848818897637
20
-4.2749940944881892
11
5.1837609448818895
21
-4.2749373622047244
0
LINE
8
BLACK
6
CONTINUOUS
10
5.1837609448818895
20
-4.2749373622047244
11
5.1939315354330704
21
-4.2749373622047244
0
LINE
8
BLACK
6
CONTINUOUS
10
5.1939315354330704
20
-4.2749373622047244
11
5.1939315354330704
21
-4.262095236220472
0
LINE
8
BLACK
6
CONTINUOUS
10
5.1939315354330704
20
-4.262095236220472
11
5.1781366535433069
21
-4.262095236220472
0
LINE
8
BLACK
6
CONTINUOUS
10
5.1781366535433069
20
-4.262095236220472
11
5.177560590551181
21
-4.2620385039370081
0
LINE
8
BLACK
6
CONTINUOUS
10
5.177560590551181
20
-4.2620385039370081
11
5.1764961811023618
21
-4.2615975984251966
0
LINE
8
BLACK
6
CONTINUOUS
10
5.1764961811023618
20
-4.2615975984251966
11
5.1756815354330712
21
-4.2607829527559051
0
LINE
8
BLACK
6
CONTINUOUS
10
5.1756815354330712
20
-4.2607829527559051
11
5.1752406299212597
21
-4.2597185433070868
0
LINE
8
BLACK
6
CONTINUOUS
10
5.1752406299212597
20
-4.2597185433070868
11
5.1752406299212597
21
-4.2585664173228341
0
LINE
8
BLACK
6
CONTINUOUS
10
5.1752406299212597
20
-4.2585664173228341
11
5.1756815354330712
21
-4.2575020078740158
0
LINE
8
BLACK
6
CONTINUOUS
10
5.1756815354330712
20
-4.2575020078740158
11
5.1764961811023618
21
-4.2566873622047243
0
LINE
8
BLACK
6
CONTINUOUS
10
5.1764961811023618
20
-4.2566873622047243
11
5.177560590551181
21
-4.2562464566929137
0
LINE
8
BLACK
6
CONTINUOUS
10
5.177560590551181
20
-4.2562464566929137
11
5.1781366535433069
21
-4.2561897244094489
0
LINE
8
BLACK
6
CONTINUOUS
10
5.1781366535433069
20
-4.2561897244094489
11
5.1968842913385824
21
-4.2561897244094489
0
LINE
8
BLACK
6
CONTINUOUS
10
5.1968842913385824
20
-4.2561897244094489
11
5.1974603543307083
21
-4.2562464566929137
0
LINE
8
BLACK
6
CONTINUOUS
10
5.7250519291338584
20
-4.2836404330708664
11
5.7263303543307087
21
-4.2849188582677167
0
LINE
8
BLACK
6
CONTINUOUS
10
5.7263303543307087
20
-4.2849188582677167
11
5.7263303543307087
21
-4.2867268110236223
0
LINE
8
BLACK
6
CONTINUOUS
10
5.7263303543307087
20
-4.2867268110236223
11
5.7250519291338584
21
-4.2880052362204726
0
LINE
8
BLACK
6
CONTINUOUS
10
5.7250519291338584
20
-4.2880052362204726
11
5.7241479527559056
21
-4.2881850393700782
0
LINE
8
BLACK
6
CONTINUOUS
10
5.7241479527559056
20
-4.2881850393700782
11
5.7054662204724407
21
-4.2881850393700782
0
LINE
8
BLACK
6
CONTINUOUS
10
5.7054662204724407
20
-4.2881850393700782
11
5.7045622440944879
21
-4.2880052362204726
0
LINE
8
BLACK
6
CONTINUOUS
10
5.7045622440944879
20
-4.2880052362204726
11
5.7032838188976376
21
-4.2867268110236223
0
LINE
8
BLACK
6
CONTINUOUS
10
5.7032838188976376
20
-4.2867268110236223
11
5.7032838188976376
21
-4.2849188582677167
0
LINE
8
BLACK
6
CONTINUOUS
10
5.7032838188976376
20
-4.2849188582677167
11
5.7045622440944879
21
-4.2836404330708664
0
LINE
8
BLACK
6
CONTINUOUS
10
5.7045622440944879
20
-4.2836404330708664
11
5.7054662204724407
21
-4.2834606299212599
0
LINE
8
BLACK
6
CONTINUOUS
10
5.7054662204724407
20
-4.2834606299212599
11
5.7241479527559056
21
-4.2834606299212599
0
LINE
8
BLACK
6
CONTINUOUS
10
5.7241479527559056
20
-4.2834606299212599
11
5.7250519291338584
21
-4.2836404330708664
0
LINE
8
BLACK
6
CONTINUOUS
10
5.9042615748031491
20
-4.2383802755905515
11
5.9050762204724405
21
-4.2391949212598421
0
LINE
8
BLACK
6
CONTINUOUS
10
5.9050762204724405
20
-4.2391949212598421
11
5.905517125984252
21
-4.2402593307086613
0
LINE
8
BLACK
6
CONTINUOUS
10
5.905517125984252
20
-4.2402593307086613
11
5.905573858267716
21
-4.2408353937007872
0
LINE
8
BLACK
6
CONTINUOUS
10
5.905573858267716
20
-4.2408353937007872
11
5.905573858267716
21
-4.2720093307086611
0
LINE
8
BLACK
6
CONTINUOUS
10
5.905573858267716
20
-4.2720093307086611
11
5.9069225984251963
21
-4.2747068110236217
0
LINE
8
BLACK
6
CONTINUOUS
10
5.9069225984251963
20
-4.2747068110236217
11
5.908119724409449
21
-4.2759039763779523
0
LINE
8
BLACK
6
CONTINUOUS
10
5.908119724409449
20
-4.2759039763779523
11
5.9108172047244096
21
-4.2772527165354326
0
LINE
8
BLACK
6
CONTINUOUS
10
5.9108172047244096
20
-4.2772527165354326
11
5.9169221653543307
21
-4.2772527165354326
0
LINE
8
BLACK
6
CONTINUOUS
10
5.9169221653543307
20
-4.2772527165354326
11
5.9196196062992126
21
-4.2759039763779523
0
LINE
8
BLACK
6
CONTINUOUS
10
5.9196196062992126
20
-4.2759039763779523
11
5.9208167322834644
21
-4.2747068110236217
0
LINE
8
BLACK
6
CONTINUOUS
10
5.9208167322834644
20
-4.2747068110236217
11
5.9221655118110235
21
-4.2720093307086611
0
LINE
8
BLACK
6
CONTINUOUS
10
5.9221655118110235
20
-4.2720093307086611
11
5.9221655118110235
21
-4.2408353937007872
0
LINE
8
BLACK
6
CONTINUOUS
10
5.9221655118110235
20
-4.2408353937007872
11
5.9222222440944883
21
-4.2402593307086613
0
LINE
8
BLACK
6
CONTINUOUS
10
5.9222222440944883
20
-4.2402593307086613
11
5.9226631496062989
21
-4.2391949212598421
0
LINE
8
BLACK
6
CONTINUOUS
10
5.9226631496062989
20
-4.2391949212598421
11
5.9234777952755904
21
-4.2383802755905515
0
LINE
8
BLACK
6
CONTINUOUS
10
5.9234777952755904
20
-4.2383802755905515
11
5.9245422047244096
21
-4.23793937007874
0
LINE
8
BLACK
6
CONTINUOUS
10
5.9245422047244096
20
-4.23793937007874
11
5.9256943307086614
21
-4.23793937007874
0
LINE
8
BLACK
6
CONTINUOUS
10
5.9256943307086614
20
-4.23793937007874
11
5.9267587401574806
21
-4.2383802755905515
0
LINE
8
BLACK
6
CONTINUOUS
10
5.9267587401574806
20
-4.2383802755905515
11
5.9275733858267712
21
-4.2391949212598421
0
LINE
8
BLACK
6
CONTINUOUS
10
5.9275733858267712
20
-4.2391949212598421
11
5.9280142913385827
21
-4.2402593307086613
0
LINE
8
BLACK
6
CONTINUOUS
10
5.9280142913385827
20
-4.2402593307086613
11
5.9280710236220475
21
-4.2408353937007872
0
LINE
8
BLACK
6
CONTINUOUS
10
5.9280710236220475
20
-4.2408353937007872
11
5.9280710236220475
21
-4.2727063779527557
0
LINE
8
BLACK
6
CONTINUOUS
10
5.9280710236220475
20
-4.2727063779527557
11
5.9280142913385827
21
-4.2732824409448815
0
LINE
8
BLACK
6
CONTINUOUS
10
5.9280142913385827
20
-4.2732824409448815
11
5.9279737007874012
21
-4.273380393700787
0
LINE
8
BLACK
6
CONTINUOUS
10
5.9279737007874012
20
-4.273380393700787
11
5.9279661811023621
21
-4.2734862992125979
0
LINE
8
BLACK
6
CONTINUOUS
10
5.9279661811023621
20
-4.2734862992125979
11
5.9277592913385826
21
-4.2740268897637792
0
LINE
8
BLACK
6
CONTINUOUS
10
5.9277592913385826
20
-4.2740268897637792
11
5.925884527559055
21
-4.2777764173228343
0
LINE
8
BLACK
6
CONTINUOUS
10
5.925884527559055
20
-4.2777764173228343
11
5.9257284645669293
21
-4.2780242913385829
0
LINE
8
BLACK
6
CONTINUOUS
10
5.9257284645669293
20
-4.2780242913385829
11
5.9256986614173224
21
-4.2780963385826771
0
LINE
8
BLACK
6
CONTINUOUS
10
5.9256986614173224
20
-4.2780963385826771
11
5.9256321259842517
21
-4.2781773622047243
0
LINE
8
BLACK
6
CONTINUOUS
10
5.9256321259842517
20
-4.2781773622047243
11
5.925576181102362
21
-4.2782662992125982
0
LINE
8
BLACK
6
CONTINUOUS
10
5.925576181102362
20
-4.2782662992125982
11
5.9255171653543304
21
-4.2783174409448819
0
LINE
8
BLACK
6
CONTINUOUS
10
5.9255171653543304
20
-4.2783174409448819
11
5.9253314173228349
21
-4.2785438188976377
0
LINE
8
BLACK
6
CONTINUOUS
10
5.9253314173228349
20
-4.2785438188976377
11
5.9234566929133861
21
-4.2804185826771652
0
LINE
8
BLACK
6
CONTINUOUS
10
5.9234566929133861
20
-4.2804185826771652
11
5.9232303149606294
21
-4.2806043307086616
0
LINE
8
BLACK
6
CONTINUOUS
10
5.9232303149606294
20
-4.2806043307086616
11
5.9231791338582678
21
-4.280663385826772
0
LINE
8
BLACK
6
CONTINUOUS
10
5.9231791338582678
20
-4.280663385826772
11
5.9230901574803152
21
-4.2807193700787405
0
LINE
8
BLACK
6
CONTINUOUS
10
5.9230901574803152
20
-4.2807193700787405
11
5.9230092125984255
21
-4.2807858267716536
0
LINE
8
BLACK
6
CONTINUOUS
10
5.9230092125984255
20
-4.2807858267716536
11
5.9229372440944879
21
-4.2808156299212596
0
LINE
8
BLACK
6
CONTINUOUS
10
5.9229372440944879
20
-4.2808156299212596
11
5.9226892519685039
21
-4.2809717322834642
0
LINE
8
BLACK
6
CONTINUOUS
10
5.9226892519685039
20
-4.2809717322834642
11
5.9189397244094488
21
-4.2828464960629917
0
LINE
8
BLACK
6
CONTINUOUS
10
5.9189397244094488
20
-4.2828464960629917
11
5.9183990944881888
21
-4.2830533858267712
0
LINE
8
BLACK
6
CONTINUOUS
10
5.9183990944881888
20
-4.2830533858267712
11
5.9182932677165354
21
-4.2830608661417324
0
LINE
8
BLACK
6
CONTINUOUS
10
5.9182932677165354
20
-4.2830608661417324
11
5.9181952755905511
21
-4.2831014960629918
0
LINE
8
BLACK
6
CONTINUOUS
10
5.9181952755905511
20
-4.2831014960629918
11
5.9176192125984253
21
-4.2831582283464567
0
LINE
8
BLACK
6
CONTINUOUS
10
5.9176192125984253
20
-4.2831582283464567
11
5.9101201574803151
21
-4.2831582283464567
0
LINE
8
BLACK
6
CONTINUOUS
10
5.9101201574803151
20
-4.2831582283464567
11
5.9095440944881892
21
-4.2831014960629918
0
LINE
8
BLACK
6
CONTINUOUS
10
5.9095440944881892
20
-4.2831014960629918
11
5.9094461023622049
21
-4.2830609055118112
0
LINE
8
BLACK
6
CONTINUOUS
10
5.9094461023622049
20
-4.2830609055118112
11
5.9093402362204719
21
-4.2830533858267712
0
LINE
8
BLACK
6
CONTINUOUS
10
5.9093402362204719
20
-4.2830533858267712
11
5.9087996456692915
21
-4.2828464960629917
0
LINE
8
BLACK
6
CONTINUOUS
10
5.9087996456692915
20
-4.2828464960629917
11
5.9050501181102364
21
-4.2809717322834642
0
LINE
8
BLACK
6
CONTINUOUS
10
5.9050501181102364
20
-4.2809717322834642
11
5.9048020866141728
21
-4.2808156299212596
0
LINE
8
BLACK
6
CONTINUOUS
10
5.9048020866141728
20
-4.2808156299212596
11
5.9047301574803148
21
-4.2807858267716536
0
LINE
8
BLACK
6
CONTINUOUS
10
5.9047301574803148
20
-4.2807858267716536
11
5.9046491732283464
21
-4.2807193700787405
0
LINE
8
BLACK
6
CONTINUOUS
10
5.9046491732283464
20
-4.2807193700787405
11
5.9045602362204725
21
-4.280663385826772
0
LINE
8
BLACK
6
CONTINUOUS
10
5.9045602362204725
20
-4.280663385826772
11
5.9045090157480313
21
-4.2806043307086616
0
LINE
8
BLACK
6
CONTINUOUS
10
5.9045090157480313
20
-4.2806043307086616
11
5.9042826771653543
21
-4.2804185826771652
0
LINE
8
BLACK
6
CONTINUOUS
10
5.9042826771653543
20
-4.2804185826771652
11
5.9024079133858267
21
-4.2785437795275589
0
LINE
8
BLACK
6
CONTINUOUS
10
5.9024079133858267
20
-4.2785437795275589
11
5.9022221653543303
21
-4.2783174409448819
0
LINE
8
BLACK
6
CONTINUOUS
10
5.9022221653543303
20
-4.2783174409448819
11
5.9021631889763775
21
-4.2782662992125982
0
LINE
8
BLACK
6
CONTINUOUS
10
5.9021631889763775
20
-4.2782662992125982
11
5.902107204724409
21
-4.2781773622047243
0
LINE
8
BLACK
6
CONTINUOUS
10
5.902107204724409
20
-4.2781773622047243
11
5.9020407086614171
21
-4.2780963385826771
0
LINE
8
BLACK
6
CONTINUOUS
10
5.9020407086614171
20
-4.2780963385826771
11
5.9020108661417323
21
-4.2780242913385829
0
LINE
8
BLACK
6
CONTINUOUS
10
5.9020108661417323
20
-4.2780242913385829
11
5.9018548425196853
21
-4.2777764173228343
0
LINE
8
BLACK
6
CONTINUOUS
10
5.9018548425196853
20
-4.2777764173228343
11
5.8999800787401577
21
-4.2740268897637792
0
LINE
8
BLACK
6
CONTINUOUS
10
5.8999800787401577
20
-4.2740268897637792
11
5.8997731889763783
21
-4.2734862598425192
0
LINE
8
BLACK
6
CONTINUOUS
10
5.8997731889763783
20
-4.2734862598425192
11
5.8997656692913383
21
-4.2733804330708658
0
LINE
8
BLACK
6
CONTINUOUS
10
5.8997656692913383
20
-4.2733804330708658
11
5.8997250787401576
21
-4.2732824409448815
0
LINE
8
BLACK
6
CONTINUOUS
10
5.8997250787401576
20
-4.2732824409448815
11
5.8996683464566928
21
-4.2727063779527557
0
LINE
8
BLACK
6
CONTINUOUS
10
5.8996683464566928
20
-4.2727063779527557
11
5.8996683464566928
21
-4.2408353937007872
0
LINE
8
BLACK
6
CONTINUOUS
10
5.8996683464566928
20
-4.2408353937007872
11
5.8997250787401576
21
-4.2402593307086613
0
LINE
8
BLACK
6
CONTINUOUS
10
5.8997250787401576
20
-4.2402593307086613
11
5.9001659842519683
21
-4.2391949212598421
0
LINE
8
BLACK
6
CONTINUOUS
10
5.9001659842519683
20
-4.2391949212598421
11
5.9009806299212597
21
-4.2383802755905515
0
LINE
8
BLACK
6
CONTINUOUS
10
5.9009806299212597
20
-4.2383802755905515
11
5.902045039370079
21
-4.23793937007874
0
LINE
8
BLACK
6
CONTINUOUS
10
5.902045039370079
20
-4.23793937007874
11
5.9031971653543307
21
-4.23793937007874
0
LINE
8
BLACK
6
CONTINUOUS
10
5.9031971653543307
20
-4.23793937007874
11
5.9042615748031491
21
-4.2383802755905515
0
LINE
8
BLACK
6
CONTINUOUS
10
5.8771542913385826
20
-4.2361127559055118
11
5.8781847244094489
21
-4.2366279527559056
0
LINE
8
BLACK
6
CONTINUOUS
10
5.8781847244094489
20
-4.2366279527559056
11
5.8789396062992125
21
-4.2374983070866143
0
LINE
8
BLACK
6
CONTINUOUS
10
5.8789396062992125
20
-4.2374983070866143
11
5.8791755905511813
21
-4.2380268897637796
0
LINE
8
BLACK
6
CONTINUOUS
10
5.8791755905511813
20
-4.2380268897637796
11
5.8885494094488191
21
-4.2661483070866142
0
LINE
8
BLACK
6
CONTINUOUS
10
5.8885494094488191
20
-4.2661483070866142
11
5.8886143307086609
21
-4.2664339370078741
0
LINE
8
BLACK
6
CONTINUOUS
10
5.8886143307086609
20
-4.2664339370078741
11
5.8886442125984253
21
-4.2665060236220471
0
LINE
8
BLACK
6
CONTINUOUS
10
5.8886442125984253
20
-4.2665060236220471
11
5.8886442125984253
21
-4.2665652362204725
0
LINE
8
BLACK
6
CONTINUOUS
10
5.8886442125984253
20
-4.2665652362204725
11
5.8886777559055119
21
-4.2667127559055116
0
LINE
8
BLACK
6
CONTINUOUS
10
5.8886777559055119
20
-4.2667127559055116
11
5.8886442125984253
21
-4.2671846062992129
0
LINE
8
BLACK
6
CONTINUOUS
10
5.8886442125984253
20
-4.2671846062992129
11
5.8886442125984253
21
-4.2676581496062989
0
LINE
8
BLACK
6
CONTINUOUS
10
5.8886442125984253
20
-4.2676581496062989
11
5.8886035433070862
21
-4.2677562204724406
0
LINE
8
BLACK
6
CONTINUOUS
10
5.8886035433070862
20
-4.2677562204724406
11
5.8885960629921259
21
-4.2678619685039365
0
LINE
8
BLACK
6
CONTINUOUS
10
5.8885960629921259
20
-4.2678619685039365
11
5.8883844881889766
21
-4.2682850787401572
0
LINE
8
BLACK
6
CONTINUOUS
10
5.8883844881889766
20
-4.2682850787401572
11
5.8882033070866138
21
-4.2687225590551181
0
LINE
8
BLACK
6
CONTINUOUS
10
5.8882033070866138
20
-4.2687225590551181
11
5.8881282677165352
21
-4.2687975590551179
0
LINE
8
BLACK
6
CONTINUOUS
10
5.8881282677165352
20
-4.2687975590551179
11
5.8880808661417321
21
-4.2688924409448816
0
LINE
8
BLACK
6
CONTINUOUS
10
5.8880808661417321
20
-4.2688924409448816
11
5.8877233858267717
21
-4.2692024409448814
0
LINE
8
BLACK
6
CONTINUOUS
10
5.8877233858267717
20
-4.2692024409448814
11
5.8873886614173223
21
-4.2695372047244096
0
LINE
8
BLACK
6
CONTINUOUS
10
5.8873886614173223
20
-4.2695372047244096
11
5.8872905905511805
21
-4.2695777952755902
0
LINE
8
BLACK
6
CONTINUOUS
10
5.8872905905511805
20
-4.2695777952755902
11
5.8872104724409446
21
-4.2696473228346452
0
LINE
8
BLACK
6
CONTINUOUS
10
5.8872104724409446
20
-4.2696473228346452
11
5.8867616141732286
21
-4.2697969291338582
0
LINE
8
BLACK
6
CONTINUOUS
10
5.8867616141732286
20
-4.2697969291338582
11
5.886324251968504
21
-4.2699781102362202
0
LINE
8
BLACK
6
CONTINUOUS
10
5.886324251968504
20
-4.2699781102362202
11
5.8861735826771655
21
-4.2699929133858268
0
LINE
8
BLACK
6
CONTINUOUS
10
5.8861735826771655
20
-4.2699929133858268
11
5.8861174803149607
21
-4.2700116535433068
0
LINE
8
BLACK
6
CONTINUOUS
10
5.8861174803149607
20
-4.2700116535433068
11
5.8860397244094491
21
-4.2700061023622045
0
LINE
8
BLACK
6
CONTINUOUS
10
5.8860397244094491
20
-4.2700061023622045
11
5.8857481889763781
21
-4.270034842519685
0
LINE
8
BLACK
6
CONTINUOUS
10
5.8857481889763781
20
-4.270034842519685
11
5.8699533070866137
21
-4.270034842519685
0
LINE
8
BLACK
6
CONTINUOUS
10
5.8699533070866137
20
-4.270034842519685
11
5.8699533070866137
21
-4.2802054724409446
0
LINE
8
BLACK
6
CONTINUOUS
10
5.8699533070866137
20
-4.2802054724409446
11
5.8698965748031497
21
-4.2807815354330705
0
LINE
8
BLACK
6
CONTINUOUS
10
5.8698965748031497
20
-4.2807815354330705
11
5.8694556692913382
21
-4.2818459448818897
0
LINE
8
BLACK
6
CONTINUOUS
10
5.8694556692913382
20
-4.2818459448818897
11
5.8686410236220468
21
-4.2826605905511812
0
LINE
8
BLACK
6
CONTINUOUS
10
5.8686410236220468
20
-4.2826605905511812
11
5.8675766141732284
21
-4.2831014960629918
0
LINE
8
BLACK
6
CONTINUOUS
10
5.8675766141732284
20
-4.2831014960629918
11
5.8664244881889767
21
-4.2831014960629918
0
LINE
8
BLACK
6
CONTINUOUS
10
5.8664244881889767
20
-4.2831014960629918
11
5.8653600787401574
21
-4.2826605905511812
0
LINE
8
BLACK
6
CONTINUOUS
10
5.8653600787401574
20
-4.2826605905511812
11
5.864545433070866
21
-4.2818459448818897
0
LINE
8
BLACK
6
CONTINUOUS
10
5.864545433070866
20
-4.2818459448818897
11
5.8641045275590553
21
-4.2807815354330705
0
LINE
8
BLACK
6
CONTINUOUS
10
5.8641045275590553
20
-4.2807815354330705
11
5.8640477952755905
21
-4.2802054724409446
0
LINE
8
BLACK
6
CONTINUOUS
10
5.8640477952755905
20
-4.2802054724409446
11
5.8640477952755905
21
-4.270034842519685
0
LINE
8
BLACK
6
CONTINUOUS
10
5.8640477952755905
20
-4.270034842519685
11
5.8613762598425199
21
-4.270034842519685
0
LINE
8
BLACK
6
CONTINUOUS
10
5.8613762598425199
20
-4.270034842519685
11
5.860800196850394
21
-4.2699781102362202
0
LINE
8
BLACK
6
CONTINUOUS
10
5.860800196850394
20
-4.2699781102362202
11
5.8597357874015747
21
-4.2695372047244096
0
LINE
8
BLACK
6
CONTINUOUS
10
5.8597357874015747
20
-4.2695372047244096
11
5.8589211417322833
21
-4.2687225590551181
0
LINE
8
BLACK
6
CONTINUOUS
10
5.8589211417322833
20
-4.2687225590551181
11
5.8584802362204726
21
-4.2676581496062989
0
LINE
8
BLACK
6
CONTINUOUS
10
5.8584802362204726
20
-4.2676581496062989
11
5.8584802362204726
21
-4.2665060236220471
0
LINE
8
BLACK
6
CONTINUOUS
10
5.8584802362204726
20
-4.2665060236220471
11
5.8589211417322833
21
-4.2654416141732279
0
LINE
8
BLACK
6
CONTINUOUS
10
5.8589211417322833
20
-4.2654416141732279
11
5.8597357874015747
21
-4.2646269685039373
0
LINE
8
BLACK
6
CONTINUOUS
10
5.8597357874015747
20
-4.2646269685039373
11
5.860800196850394
21
-4.2641860629921258
0
LINE
8
BLACK
6
CONTINUOUS
10
5.860800196850394
20
-4.2641860629921258
11
5.8613762598425199
21
-4.264129330708661
0
LINE
8
BLACK
6
CONTINUOUS
10
5.8613762598425199
20
-4.264129330708661
11
5.8640477952755905
21
-4.264129330708661
0
LINE
8
BLACK
6
CONTINUOUS
10
5.8640477952755905
20
-4.264129330708661
11
5.8640477952755905
21
-4.2539587401574801
0
LINE
8
BLACK
6
CONTINUOUS
10
5.8640477952755905
20
-4.2539587401574801
11
5.8641045275590553
21
-4.2533826771653542
0
LINE
8
BLACK
6
CONTINUOUS
10
5.8641045275590553
20
-4.2533826771653542
11
5.864545433070866
21
-4.252318267716535
0
LINE
8
BLACK
6
CONTINUOUS
10
5.864545433070866
20
-4.252318267716535
11
5.8653600787401574
21
-4.2515036220472444
0
LINE
8
BLACK
6
CONTINUOUS
10
5.8653600787401574
20
-4.2515036220472444
11
5.8664244881889767
21
-4.2510627165354329
0
LINE
8
BLACK
6
CONTINUOUS
10
5.8664244881889767
20
-4.2510627165354329
11
5.8675766141732284
21
-4.2510627165354329
0
LINE
8
BLACK
6
CONTINUOUS
10
5.8675766141732284
20
-4.2510627165354329
11
5.8686410236220468
21
-4.2515036220472444
0
LINE
8
BLACK
6
CONTINUOUS
10
5.8686410236220468
20
-4.2515036220472444
11
5.8694556692913382
21
-4.252318267716535
0
LINE
8
BLACK
6
CONTINUOUS
10
5.8694556692913382
20
-4.252318267716535
11
5.8698965748031497
21
-4.2533826771653542
0
LINE
8
BLACK
6
CONTINUOUS
10
5.8698965748031497
20
-4.2533826771653542
11
5.8699533070866137
21
-4.2539587401574801
0
LINE
8
BLACK
6
CONTINUOUS
10
5.8699533070866137
20
-4.2539587401574801
11
5.8699533070866137
21
-4.264129330708661
0
LINE
8
BLACK
6
CONTINUOUS
10
5.8699533070866137
20
-4.264129330708661
11
5.8816514566929134
21
-4.264129330708661
0
LINE
8
BLACK
6
CONTINUOUS
10
5.8816514566929134
20
-4.264129330708661
11
5.8735731496062993
21
-4.2398943700787397
0
LINE
8
BLACK
6
CONTINUOUS
10
5.8735731496062993
20
-4.2398943700787397
11
5.8734448031496065
21
-4.2393299212598423
0
LINE
8
BLACK
6
CONTINUOUS
10
5.8734448031496065
20
-4.2393299212598423
11
5.8735264960629916
21
-4.2381807086614174
0
LINE
8
BLACK
6
CONTINUOUS
10
5.8735264960629916
20
-4.2381807086614174
11
5.8740416929133854
21
-4.237150275590551
0
LINE
8
BLACK
6
CONTINUOUS
10
5.8740416929133854
20
-4.237150275590551
11
5.8749120472440941
21
-4.2363953937007874
0
LINE
8
BLACK
6
CONTINUOUS
10
5.8749120472440941
20
-4.2363953937007874
11
5.8760050787401576
21
-4.2360310629921258
0
LINE
8
BLACK
6
CONTINUOUS
10
5.8760050787401576
20
-4.2360310629921258
11
5.8771542913385826
21
-4.2361127559055118
0
LINE
8
BLACK
6
CONTINUOUS
10
5.7250519291338584
20
-4.2424987007874018
11
5.7263303543307087
21
-4.2437771259842521
0
LINE
8
BLACK
6
CONTINUOUS
10
5.7263303543307087
20
-4.2437771259842521
11
5.7263303543307087
21
-4.2455850787401577
0
LINE
8
BLACK
6
CONTINUOUS
10
5.7263303543307087
20
-4.2455850787401577
11
5.7250519291338584
21
-4.246863503937008
0
LINE
8
BLACK
6
CONTINUOUS
10
5.7250519291338584
20
-4.246863503937008
11
5.7241479527559056
21
-4.2470433070866145
0
LINE
8
BLACK
6
CONTINUOUS
10
5.7241479527559056
20
-4.2470433070866145
11
5.7054662204724407
21
-4.2470433070866145
0
LINE
8
BLACK
6
CONTINUOUS
10
5.7054662204724407
20
-4.2470433070866145
11
5.7045622440944879
21
-4.246863503937008
0
LINE
8
BLACK
6
CONTINUOUS
10
5.7045622440944879
20
-4.246863503937008
11
5.7032838188976376
21
-4.2455850787401577
0
LINE
8
BLACK
6
CONTINUOUS
10
5.7032838188976376
20
-4.2455850787401577
11
5.7032838188976376
21
-4.2437771259842521
0
LINE
8
BLACK
6
CONTINUOUS
10
5.7032838188976376
20
-4.2437771259842521
11
5.7045622440944879
21
-4.2424987007874018
0
LINE
8
BLACK
6
CONTINUOUS
10
5.7045622440944879
20
-4.2424987007874018
11
5.7054662204724407
21
-4.2423188976377952
0
LINE
8
BLACK
6
CONTINUOUS
10
5.7054662204724407
20
-4.2423188976377952
11
5.7241479527559056
21
-4.2423188976377952
0
LINE
8
BLACK
6
CONTINUOUS
10
5.7241479527559056
20
-4.2423188976377952
11
5.7250519291338584
21
-4.2424987007874018
0
LINE
8
BLACK
6
CONTINUOUS
10
5.8394248031496065
20
-4.2253494488188972
11
5.8399458267716531
21
-4.2258704724409446
0
LINE
8
BLACK
6
CONTINUOUS
10
5.8399458267716531
20
-4.2258704724409446
11
5.8493946456692916
21
-4.2388625984251966
0
LINE
8
BLACK
6
CONTINUOUS
10
5.8493946456692916
20
-4.2388625984251966
11
5.8498175590551176
21
-4.2406203937007874
0
LINE
8
BLACK
6
CONTINUOUS
10
5.8498175590551176
20
-4.2406203937007874
11
5.8488736220472441
21
-4.2421623622047244
0
LINE
8
BLACK
6
CONTINUOUS
10
5.8488736220472441
20
-4.2421623622047244
11
5.8474842519685035
21
-4.242614173228346
0
LINE
8
BLACK
6
CONTINUOUS
10
5.8474842519685035
20
-4.242614173228346
11
5.8285866141732283
21
-4.242614173228346
0
LINE
8
BLACK
6
CONTINUOUS
10
5.8285866141732283
20
-4.242614173228346
11
5.8269162992125985
21
-4.2419222834645671
0
LINE
8
BLACK
6
CONTINUOUS
10
5.8269162992125985
20
-4.2419222834645671
11
5.8262244094488187
21
-4.2402519685039373
0
LINE
8
BLACK
6
CONTINUOUS
10
5.8262244094488187
20
-4.2402519685039373
11
5.8266762204724412
21
-4.2388625984251966
0
LINE
8
BLACK
6
CONTINUOUS
10
5.8266762204724412
20
-4.2388625984251966
11
5.8361250393700788
21
-4.2258704724409446
0
LINE
8
BLACK
6
CONTINUOUS
10
5.8361250393700788
20
-4.2258704724409446
11
5.8376670078740158
21
-4.2249265354330712
0
LINE
8
BLACK
6
CONTINUOUS
10
5.8376670078740158
20
-4.2249265354330712
11
5.8394248031496065
21
-4.2253494488188972
0
LINE
8
BLACK
6
CONTINUOUS
10
5.8614776771653538
20
-4.2263558661417324
11
5.8615791732283462
21
-4.226866141732283
0
LINE
8
BLACK
6
CONTINUOUS
10
5.8615791732283462
20
-4.226866141732283
11
5.9286649212598421
21
-4.226866141732283
0
LINE
8
BLACK
6
CONTINUOUS
10
5.9286649212598421
20
-4.226866141732283
11
5.9287664173228345
21
-4.2263558661417324
0
LINE
8
BLACK
6
CONTINUOUS
10
5.9287664173228345
20
-4.2263558661417324
11
5.9300448425196848
21
-4.2250774409448821
0
LINE
8
BLACK
6
CONTINUOUS
10
5.9300448425196848
20
-4.2250774409448821
11
5.9318527952755904
21
-4.2250774409448821
0
LINE
8
BLACK
6
CONTINUOUS
10
5.9318527952755904
20
-4.2250774409448821
11
5.9331312204724407
21
-4.2263558661417324
0
LINE
8
BLACK
6
CONTINUOUS
10
5.9331312204724407
20
-4.2263558661417324
11
5.9333110236220472
21
-4.2272598425196852
0
LINE
8
BLACK
6
CONTINUOUS
10
5.9333110236220472
20
-4.2272598425196852
11
5.9333110236220472
21
-4.2292283464566927
0
LINE
8
BLACK
6
CONTINUOUS
10
5.9333110236220472
20
-4.2292283464566927
11
5.9331312204724407
21
-4.2301323228346455
0
LINE
8
BLACK
6
CONTINUOUS
10
5.9331312204724407
20
-4.2301323228346455
11
5.9318527952755904
21
-4.2314107480314957
0
LINE
8
BLACK
6
CONTINUOUS
10
5.9318527952755904
20
-4.2314107480314957
11
5.9309488188976376
21
-4.2315905511811023
0
LINE
8
BLACK
6
CONTINUOUS
10
5.9309488188976376
20
-4.2315905511811023
11
5.8592952755905507
21
-4.2315905511811023
0
LINE
8
BLACK
6
CONTINUOUS
10
5.8592952755905507
20
-4.2315905511811023
11
5.8583912992125979
21
-4.2314107480314957
0
LINE
8
BLACK
6
CONTINUOUS
10
5.8583912992125979
20
-4.2314107480314957
11
5.8571128740157476
21
-4.2301323228346455
0
LINE
8
BLACK
6
CONTINUOUS
10
5.8571128740157476
20
-4.2301323228346455
11
5.856933070866142
21
-4.2292283464566927
0
LINE
8
BLACK
6
CONTINUOUS
10
5.856933070866142
20
-4.2292283464566927
11
5.856933070866142
21
-4.2272598425196852
0
LINE
8
BLACK
6
CONTINUOUS
10
5.856933070866142
20
-4.2272598425196852
11
5.8571128740157476
21
-4.2263558661417324
0
LINE
8
BLACK
6
CONTINUOUS
10
5.8571128740157476
20
-4.2263558661417324
11
5.8583912992125979
21
-4.2250774409448821
0
LINE
8
BLACK
6
CONTINUOUS
10
5.8583912992125979
20
-4.2250774409448821
11
5.8601992519685036
21
-4.2250774409448821
0
LINE
8
BLACK
6
CONTINUOUS
10
5.8601992519685036
20
-4.2250774409448821
11
5.8614776771653538
21
-4.2263558661417324
0
LINE
8
BLACK
6
CONTINUOUS
10
5.9331312204724407
20
-4.1515527165354333
11
5.9333110236220472
21
-4.1524566929133861
0
LINE
8
BLACK
6
CONTINUOUS
10
5.9333110236220472
20
-4.1524566929133861
11
5.9333110236220472
21
-4.1831653543307086
0
LINE
8
BLACK
6
CONTINUOUS
10
5.9333110236220472
20
-4.1831653543307086
11
5.9331312204724407
21
-4.1840693307086614
0
LINE
8
BLACK
6
CONTINUOUS
10
5.9331312204724407
20
-4.1840693307086614
11
5.9318527952755904
21
-4.1853477559055117
0
LINE
8
BLACK
6
CONTINUOUS
10
5.9318527952755904
20
-4.1853477559055117
11
5.9300448425196848
21
-4.1853477559055117
0
LINE
8
BLACK
6
CONTINUOUS
10
5.9300448425196848
20
-4.1853477559055117
11
5.9287664173228345
21
-4.1840693307086614
0
LINE
8
BLACK
6
CONTINUOUS
10
5.9287664173228345
20
-4.1840693307086614
11
5.928586614173228
21
-4.1831653543307086
0
LINE
8
BLACK
6
CONTINUOUS
10
5.928586614173228
20
-4.1831653543307086
11
5.928586614173228
21
-4.1524566929133861
0
LINE
8
BLACK
6
CONTINUOUS
10
5.928586614173228
20
-4.1524566929133861
11
5.9287664173228345
21
-4.1515527165354333
0
LINE
8
BLACK
6
CONTINUOUS
10
5.9287664173228345
20
-4.1515527165354333
11
5.9300448425196848
21
-4.1502742913385822
0
LINE
8
BLACK
6
CONTINUOUS
10
5.9300448425196848
20
-4.1502742913385822
11
5.9318527952755904
21
-4.1502742913385822
0
LINE
8
BLACK
6
CONTINUOUS
10
5.9318527952755904
20
-4.1502742913385822
11
5.9331312204724407
21
-4.1515527165354333
0
LINE
8
BLACK
6
CONTINUOUS
10
5.1093463779527557
20
-4.1164826771653544
11
5.110410787401575
21
-4.1169235826771651
0
LINE
8
BLACK
6
CONTINUOUS
10
5.110410787401575
20
-4.1169235826771651
11
5.1112254330708664
21
-4.1177382283464565
0
LINE
8
BLACK
6
CONTINUOUS
10
5.1112254330708664
20
-4.1177382283464565
11
5.111666338582677
21
-4.1188026377952758
0
LINE
8
BLACK
6
CONTINUOUS
10
5.111666338582677
20
-4.1188026377952758
11
5.111666338582677
21
-4.1199547637795275
0
LINE
8
BLACK
6
CONTINUOUS
10
5.111666338582677
20
-4.1199547637795275
11
5.1112254330708664
21
-4.1210191732283468
0
LINE
8
BLACK
6
CONTINUOUS
10
5.1112254330708664
20
-4.1210191732283468
11
5.110410787401575
21
-4.1218338188976373
0
LINE
8
BLACK
6
CONTINUOUS
10
5.110410787401575
20
-4.1218338188976373
11
5.1093463779527557
21
-4.1222747244094489
0
LINE
8
BLACK
6
CONTINUOUS
10
5.1093463779527557
20
-4.1222747244094489
11
5.1087703149606298
21
-4.1223314566929137
0
LINE
8
BLACK
6
CONTINUOUS
10
5.1087703149606298
20
-4.1223314566929137
11
5.0909055511811019
21
-4.1223314566929137
0
LINE
8
BLACK
6
CONTINUOUS
10
5.0909055511811019
20
-4.1223314566929137
11
5.0997438976377953
21
-4.1324324015748033
0
LINE
8
BLACK
6
CONTINUOUS
10
5.0997438976377953
20
-4.1324324015748033
11
5.0999218897637792
21
-4.132681377952756
0
LINE
8
BLACK
6
CONTINUOUS
10
5.0999218897637792
20
-4.132681377952756
11
5.0999768503937011
21
-4.132736338582677
0
LINE
8
BLACK
6
CONTINUOUS
10
5.0999768503937011
20
-4.132736338582677
11
5.0999984251968504
21
-4.1327884251968499
0
LINE
8
BLACK
6
CONTINUOUS
10
5.0999984251968504
20
-4.1327884251968499
11
5.1000805511811018
21
-4.1329033070866137
0
LINE
8
BLACK
6
CONTINUOUS
10
5.1000805511811018
20
-4.1329033070866137
11
5.100234133858268
21
-4.1333575196850392
0
LINE
8
BLACK
6
CONTINUOUS
10
5.100234133858268
20
-4.1333575196850392
11
5.1004177559055117
21
-4.1338007480314962
0
LINE
8
BLACK
6
CONTINUOUS
10
5.1004177559055117
20
-4.1338007480314962
11
5.1004177559055117
21
-4.1339003543307085
0
LINE
8
BLACK
6
CONTINUOUS
10
5.1004177559055117
20
-4.1339003543307085
11
5.1004496456692916
21
-4.1339946850393696
0
LINE
8
BLACK
6
CONTINUOUS
10
5.1004496456692916
20
-4.1339946850393696
11
5.1004177559055117
21
-4.1344731496062987
0
LINE
8
BLACK
6
CONTINUOUS
10
5.1004177559055117
20
-4.1344731496062987
11
5.1004177559055117
21
-4.134952874015748
0
LINE
8
BLACK
6
CONTINUOUS
10
5.1004177559055117
20
-4.134952874015748
11
5.1003796456692916
21
-4.1350448425196848
0
LINE
8
BLACK
6
CONTINUOUS
10
5.1003796456692916
20
-4.1350448425196848
11
5.1003730314960629
21
-4.1351442125984255
0
LINE
8
BLACK
6
CONTINUOUS
10
5.1003730314960629
20
-4.1351442125984255
11
5.1001603149606298
21
-4.1355743307086614
0
LINE
8
BLACK
6
CONTINUOUS
10
5.1001603149606298
20
-4.1355743307086614
11
5.0999768503937011
21
-4.1360172834645672
0
LINE
8
BLACK
6
CONTINUOUS
10
5.0999768503937011
20
-4.1360172834645672
11
5.0999064960629923
21
-4.1360875984251964
0
LINE
8
BLACK
6
CONTINUOUS
10
5.0999064960629923
20
-4.1360875984251964
11
5.0998623228346451
21
-4.1361769685039373
0
LINE
8
BLACK
6
CONTINUOUS
10
5.0998623228346451
20
-4.1361769685039373
11
5.0995011811023625
21
-4.136492913385827
0
LINE
8
BLACK
6
CONTINUOUS
10
5.0995011811023625
20
-4.136492913385827
11
5.0991622047244096
21
-4.1368319291338578
0
LINE
8
BLACK
6
CONTINUOUS
10
5.0991622047244096
20
-4.1368319291338578
11
5.099070196850394
21
-4.1368700393700788
0
LINE
8
BLACK
6
CONTINUOUS
10
5.099070196850394
20
-4.1368700393700788
11
5.098995236220472
21
-4.1369356299212594
0
LINE
8
BLACK
6
CONTINUOUS
10
5.098995236220472
20
-4.1369356299212594
11
5.0985409842519687
21
-4.1370892125984247
0
LINE
8
BLACK
6
CONTINUOUS
10
5.0985409842519687
20
-4.1370892125984247
11
5.0980977952755904
21
-4.1372728346456693
0
LINE
8
BLACK
6
CONTINUOUS
10
5.0980977952755904
20
-4.1372728346456693
11
5.0979572047244091
21
-4.137286653543307
0
LINE
8
BLACK
6
CONTINUOUS
10
5.0979572047244091
20
-4.137286653543307
11
5.0979038582677161
21
-4.1373047244094483
0
LINE
8
BLACK
6
CONTINUOUS
10
5.0979038582677161
20
-4.1373047244094483
11
5.0978263779527557
21
-4.1372995275590547
0
LINE
8
BLACK
6
CONTINUOUS
10
5.0978263779527557
20
-4.1372995275590547
11
5.0975217322834645
21
-4.1373295669291341
0
LINE
8
BLACK
6
CONTINUOUS
10
5.0975217322834645
20
-4.1373295669291341
11
5.0925944881889764
21
-4.1373295669291341
0
LINE
8
BLACK
6
CONTINUOUS
10
5.0925944881889764
20
-4.1373295669291341
11
5.0898970078740158
21
-4.1386783070866144
0
LINE
8
BLACK
6
CONTINUOUS
10
5.0898970078740158
20
-4.1386783070866144
11
5.088699881889764
21
-4.1398754330708663
0
LINE
8
BLACK
6
CONTINUOUS
10
5.088699881889764
20
-4.1398754330708663
11
5.0873511417322836
21
-4.1425729133858269
0
LINE
8
BLACK
6
CONTINUOUS
10
5.0873511417322836
20
-4.1425729133858269
11
5.0873511417322836
21
-4.1505526377952755
0
LINE
8
BLACK
6
CONTINUOUS
10
5.0873511417322836
20
-4.1505526377952755
11
5.088699881889764
21
-4.1532501181102361
0
LINE
8
BLACK
6
CONTINUOUS
10
5.088699881889764
20
-4.1532501181102361
11
5.0898970078740158
21
-4.1544472834645667
0
LINE
8
BLACK
6
CONTINUOUS
10
5.0898970078740158
20
-4.1544472834645667
11
5.0925944881889764
21
-4.155796023622047
0
LINE
8
BLACK
6
CONTINUOUS
10
5.0925944881889764
20
-4.155796023622047
11
5.1024489763779526
21
-4.155796023622047
0
LINE
8
BLACK
6
CONTINUOUS
10
5.1024489763779526
20
-4.155796023622047
11
5.1051464173228345
21
-4.1544472834645667
0
LINE
8
BLACK
6
CONTINUOUS
10
5.1051464173228345
20
-4.1544472834645667
11
5.1066823622047242
21
-4.152911338582677
0
LINE
8
BLACK
6
CONTINUOUS
10
5.1066823622047242
20
-4.152911338582677
11
5.1071298425196847
21
-4.1525440944881886
0
LINE
8
BLACK
6
CONTINUOUS
10
5.1071298425196847
20
-4.1525440944881886
11
5.108194251968504
21
-4.152103188976378
0
LINE
8
BLACK
6
CONTINUOUS
10
5.108194251968504
20
-4.152103188976378
11
5.1093463385826769
21
-4.152103188976378
0
LINE
8
BLACK
6
CONTINUOUS
10
5.1093463385826769
20
-4.152103188976378
11
5.1104107480314962
21
-4.1525440551181099
0
LINE
8
BLACK
6
CONTINUOUS
10
5.1104107480314962
20
-4.1525440551181099
11
5.1112254330708664
21
-4.1533587401574801
0
LINE
8
BLACK
6
CONTINUOUS
10
5.1112254330708664
20
-4.1533587401574801
11
5.111666338582677
21
-4.1544231496062993
0
LINE
8
BLACK
6
CONTINUOUS
10
5.111666338582677
20
-4.1544231496062993
11
5.111666338582677
21
-4.1555752362204723
0
LINE
8
BLACK
6
CONTINUOUS
10
5.111666338582677
20
-4.1555752362204723
11
5.1112254724409452
21
-4.1566396456692916
0
LINE
8
BLACK
6
CONTINUOUS
10
5.1112254724409452
20
-4.1566396456692916
11
5.1108582283464568
21
-4.1570871259842521
0
LINE
8
BLACK
6
CONTINUOUS
10
5.1108582283464568
20
-4.1570871259842521
11
5.108983503937008
21
-4.1589618897637797
0
LINE
8
BLACK
6
CONTINUOUS
10
5.108983503937008
20
-4.1589618897637797
11
5.1087571259842521
21
-4.1591476377952752
0
LINE
8
BLACK
6
CONTINUOUS
10
5.1087571259842521
20
-4.1591476377952752
11
5.1087059448818897
21
-4.1592066929133855
0
LINE
8
BLACK
6
CONTINUOUS
10
5.1087059448818897
20
-4.1592066929133855
11
5.1086169685039371
21
-4.159262677165354
0
LINE
8
BLACK
6
CONTINUOUS
10
5.1086169685039371
20
-4.159262677165354
11
5.1085360236220474
21
-4.1593291338582672
0
LINE
8
BLACK
6
CONTINUOUS
10
5.1085360236220474
20
-4.1593291338582672
11
5.1084640551181097
21
-4.1593589370078741
0
LINE
8
BLACK
6
CONTINUOUS
10
5.1084640551181097
20
-4.1593589370078741
11
5.1082160629921258
21
-4.1595150393700786
0
LINE
8
BLACK
6
CONTINUOUS
10
5.1082160629921258
20
-4.1595150393700786
11
5.1044665354330707
21
-4.1613898031496062
0
LINE
8
BLACK
6
CONTINUOUS
10
5.1044665354330707
20
-4.1613898031496062
11
5.1039259055118107
21
-4.1615966929133856
0
LINE
8
BLACK
6
CONTINUOUS
10
5.1039259055118107
20
-4.1615966929133856
11
5.1038200787401573
21
-4.161604173228346
0
LINE
8
BLACK
6
CONTINUOUS
10
5.1038200787401573
20
-4.161604173228346
11
5.103722086614173
21
-4.1616448031496063
0
LINE
8
BLACK
6
CONTINUOUS
10
5.103722086614173
20
-4.1616448031496063
11
5.1031460236220472
21
-4.1617015354330711
0
LINE
8
BLACK
6
CONTINUOUS
10
5.1031460236220472
20
-4.1617015354330711
11
5.0918974409448818
21
-4.1617015354330711
0
LINE
8
BLACK
6
CONTINUOUS
10
5.0918974409448818
20
-4.1617015354330711
11
5.091321377952756
21
-4.1616448031496063
0
LINE
8
BLACK
6
CONTINUOUS
10
5.091321377952756
20
-4.1616448031496063
11
5.0912233858267717
21
-4.1616042125984247
0
LINE
8
BLACK
6
CONTINUOUS
10
5.0912233858267717
20
-4.1616042125984247
11
5.0911175196850396
21
-4.1615966929133856
0
LINE
8
BLACK
6
CONTINUOUS
10
5.0911175196850396
20
-4.1615966929133856
11
5.0905769291338583
21
-4.1613898031496062
0
LINE
8
BLACK
6
CONTINUOUS
10
5.0905769291338583
20
-4.1613898031496062
11
5.0868274015748032
21
-4.1595150393700786
0
LINE
8
BLACK
6
CONTINUOUS
10
5.0868274015748032
20
-4.1595150393700786
11
5.0865793700787396
21
-4.1593589370078741
0
LINE
8
BLACK
6
CONTINUOUS
10
5.0865793700787396
20
-4.1593589370078741
11
5.0865074409448816
21
-4.1593291338582672
0
LINE
8
BLACK
6
CONTINUOUS
10
5.0865074409448816
20
-4.1593291338582672
11
5.0864264566929132
21
-4.159262677165354
0
LINE
8
BLACK
6
CONTINUOUS
10
5.0864264566929132
20
-4.159262677165354
11
5.0863375196850393
21
-4.1592066929133855
0
LINE
8
BLACK
6
CONTINUOUS
10
5.0863375196850393
20
-4.1592066929133855
11
5.0862862992125981
21
-4.1591476377952752
0
LINE
8
BLACK
6
CONTINUOUS
10
5.0862862992125981
20
-4.1591476377952752
11
5.0860599606299211
21
-4.1589618897637797
0
LINE
8
BLACK
6
CONTINUOUS
10
5.0860599606299211
20
-4.1589618897637797
11
5.0841851968503935
21
-4.1570870866141734
0
LINE
8
BLACK
6
CONTINUOUS
10
5.0841851968503935
20
-4.1570870866141734
11
5.0839994488188971
21
-4.1568607480314963
0
LINE
8
BLACK
6
CONTINUOUS
10
5.0839994488188971
20
-4.1568607480314963
11
5.0839404724409452
21
-4.1568096062992126
0
LINE
8
BLACK
6
CONTINUOUS
10
5.0839404724409452
20
-4.1568096062992126
11
5.0838844881889766
21
-4.1567206692913388
0
LINE
8
BLACK
6
CONTINUOUS
10
5.0838844881889766
20
-4.1567206692913388
11
5.0838179921259838
21
-4.1566396456692916
0
LINE
8
BLACK
6
CONTINUOUS
10
5.0838179921259838
20
-4.1566396456692916
11
5.0837881496062991
21
-4.1565675984251964
0
LINE
8
BLACK
6
CONTINUOUS
10
5.0837881496062991
20
-4.1565675984251964
11
5.0836321259842521
21
-4.1563197244094487
0
LINE
8
BLACK
6
CONTINUOUS
10
5.0836321259842521
20
-4.1563197244094487
11
5.0817573622047245
21
-4.1525701968503936
0
LINE
8
BLACK
6
CONTINUOUS
10
5.0817573622047245
20
-4.1525701968503936
11
5.081550472440945
21
-4.1520295669291336
0
LINE
8
BLACK
6
CONTINUOUS
10
5.081550472440945
20
-4.1520295669291336
11
5.0815429527559051
21
-4.1519237401574802
0
LINE
8
BLACK
6
CONTINUOUS
10
5.0815429527559051
20
-4.1519237401574802
11
5.0815023622047244
21
-4.151825748031496
0
LINE
8
BLACK
6
CONTINUOUS
10
5.0815023622047244
20
-4.151825748031496
11
5.0814456299212596
21
-4.1512496850393701
0
LINE
8
BLACK
6
CONTINUOUS
10
5.0814456299212596
20
-4.1512496850393701
11
5.0814456299212596
21
-4.1418758661417323
0
LINE
8
BLACK
6
CONTINUOUS
10
5.0814456299212596
20
-4.1418758661417323
11
5.0815023622047244
21
-4.1412998031496064
0
LINE
8
BLACK
6
CONTINUOUS
10
5.0815023622047244
20
-4.1412998031496064
11
5.0815429527559051
21
-4.1412017716535434
0
LINE
8
BLACK
6
CONTINUOUS
10
5.0815429527559051
20
-4.1412017716535434
11
5.081550472440945
21
-4.1410959842519688
0
LINE
8
BLACK
6
CONTINUOUS
10
5.081550472440945
20
-4.1410959842519688
11
5.0817573622047245
21
-4.1405553543307088
0
LINE
8
BLACK
6
CONTINUOUS
10
5.0817573622047245
20
-4.1405553543307088
11
5.0836321259842521
21
-4.1368058267716536
0
LINE
8
BLACK
6
CONTINUOUS
10
5.0836321259842521
20
-4.1368058267716536
11
5.0837881889763779
21
-4.1365577952755901
0
LINE
8
BLACK
6
CONTINUOUS
10
5.0837881889763779
20
-4.1365577952755901
11
5.0838180314960626
21
-4.1364858661417321
0
LINE
8
BLACK
6
CONTINUOUS
10
5.0838180314960626
20
-4.1364858661417321
11
5.0838844881889766
21
-4.1364048818897636
0
LINE
8
BLACK
6
CONTINUOUS
10
5.0838844881889766
20
-4.1364048818897636
11
5.0839404724409452
21
-4.1363159448818898
0
LINE
8
BLACK
6
CONTINUOUS
10
5.0839404724409452
20
-4.1363159448818898
11
5.0839994488188971
21
-4.1362647637795273
0
LINE
8
BLACK
6
CONTINUOUS
10
5.0839994488188971
20
-4.1362647637795273
11
5.0841852362204722
21
-4.1360384251968503
0
LINE
8
BLACK
6
CONTINUOUS
10
5.0841852362204722
20
-4.1360384251968503
11
5.0860599999999998
21
-4.1341636614173227
0
LINE
8
BLACK
6
CONTINUOUS
10
5.0860599999999998
20
-4.1341636614173227
11
5.0862863385826769
21
-4.1339778740157476
0
LINE
8
BLACK
6
CONTINUOUS
10
5.0862863385826769
20
-4.1339778740157476
11
5.0863375196850393
21
-4.1339188976377947
0
LINE
8
BLACK
6
CONTINUOUS
10
5.0863375196850393
20
-4.1339188976377947
11
5.0864264566929132
21
-4.1338629133858271
0
LINE
8
BLACK
6
CONTINUOUS
10
5.0864264566929132
20
-4.1338629133858271
11
5.0865074409448816
21
-4.1337964566929131
0
LINE
8
BLACK
6
CONTINUOUS
10
5.0865074409448816
20
-4.1337964566929131
11
5.0865793700787396
21
-4.1337666141732283
0
LINE
8
BLACK
6
CONTINUOUS
10
5.0865793700787396
20
-4.1337666141732283
11
5.0868274015748032
21
-4.1336105511811025
0
LINE
8
BLACK
6
CONTINUOUS
10
5.0868274015748032
20
-4.1336105511811025
11
5.0905769291338583
21
-4.131735787401575
0
LINE
8
BLACK
6
CONTINUOUS
10
5.0905769291338583
20
-4.131735787401575
11
5.0911090944881892
21
-4.1315320866141727
0
LINE
8
BLACK
6
CONTINUOUS
10
5.0911090944881892
20
-4.1315320866141727
11
5.0821762204724408
21
-4.1213231102362204
0
LINE
8
BLACK
6
CONTINUOUS
10
5.0821762204724408
20
-4.1213231102362204
11
5.0819981889763781
21
-4.121074094488189
0
LINE
8
BLACK
6
CONTINUOUS
10
5.0819981889763781
20
-4.121074094488189
11
5.081943267716535
21
-4.1210191732283468
0
LINE
8
BLACK
6
CONTINUOUS
10
5.081943267716535
20
-4.1210191732283468
11
5.0819216535433069
21
-4.1209670472440942
0
LINE
8
BLACK
6
CONTINUOUS
10
5.0819216535433069
20
-4.1209670472440942
11
5.0818395669291334
21
-4.1208522047244092
0
LINE
8
BLACK
6
CONTINUOUS
10
5.0818395669291334
20
-4.1208522047244092
11
5.0816859448818894
21
-4.1203979527559058
0
LINE
8
BLACK
6
CONTINUOUS
10
5.0816859448818894
20
-4.1203979527559058
11
5.0815023622047244
21
-4.1199547637795275
0
LINE
8
BLACK
6
CONTINUOUS
10
5.0815023622047244
20
-4.1199547637795275
11
5.0815023622047244
21
-4.1198551181102365
0
LINE
8
BLACK
6
CONTINUOUS
10
5.0815023622047244
20
-4.1198551181102365
11
5.0814704724409445
21
-4.1197608267716532
0
LINE
8
BLACK
6
CONTINUOUS
10
5.0814704724409445
20
-4.1197608267716532
11
5.0815023622047244
21
-4.1192823228346453
0
LINE
8
BLACK
6
CONTINUOUS
10
5.0815023622047244
20
-4.1192823228346453
11
5.0815023622047244
21
-4.1188026377952758
0
LINE
8
BLACK
6
CONTINUOUS
10
5.0815023622047244
20
-4.1188026377952758
11
5.0815404330708658
21
-4.1187106299212601
0
LINE
8
BLACK
6
CONTINUOUS
10
5.0815404330708658
20
-4.1187106299212601
11
5.0815470866141732
21
-4.1186112992125983
0
LINE
8
BLACK
6
CONTINUOUS
10
5.0815470866141732
20
-4.1186112992125983
11
5.0817597637795275
21
-4.1181811417322836
0
LINE
8
BLACK
6
CONTINUOUS
10
5.0817597637795275
20
-4.1181811417322836
11
5.081943267716535
21
-4.1177382283464565
0
LINE
8
BLACK
6
CONTINUOUS
10
5.081943267716535
20
-4.1177382283464565
11
5.0820135826771651
21
-4.1176678740157477
0
LINE
8
BLACK
6
CONTINUOUS
10
5.0820135826771651
20
-4.1176678740157477
11
5.0820577952755901
21
-4.1175785433070864
0
LINE
8
BLACK
6
CONTINUOUS
10
5.0820577952755901
20
-4.1175785433070864
11
5.0824188976377949
21
-4.117262559055118
0
LINE
8
BLACK
6
CONTINUOUS
10
5.0824188976377949
20
-4.117262559055118
11
5.0827579133858265
21
-4.1169235826771651
0
LINE
8
BLACK
6
CONTINUOUS
10
5.0827579133858265
20
-4.1169235826771651
11
5.0828498818897634
21
-4.1168854330708662
0
LINE
8
BLACK
6
CONTINUOUS
10
5.0828498818897634
20
-4.1168854330708662
11
5.0829248818897641
21
-4.1168198818897634
0
LINE
8
BLACK
6
CONTINUOUS
10
5.0829248818897641
20
-4.1168198818897634
11
5.0833790944881887
21
-4.1166662598425194
0
LINE
8
BLACK
6
CONTINUOUS
10
5.0833790944881887
20
-4.1166662598425194
11
5.0838223228346457
21
-4.1164826771653544
0
LINE
8
BLACK
6
CONTINUOUS
10
5.0838223228346457
20
-4.1164826771653544
11
5.0839628740157483
21
-4.1164688188976379
0
LINE
8
BLACK
6
CONTINUOUS
10
5.0839628740157483
20
-4.1164688188976379
11
5.0840162598425191
21
-4.1164507874015746
0
LINE
8
BLACK
6
CONTINUOUS
10
5.0840162598425191
20
-4.1164507874015746
11
5.0840937007874016
21
-4.1164559448818894
0
LINE
8
BLACK
6
CONTINUOUS
10
5.0840937007874016
20
-4.1164559448818894
11
5.0843983858267716
21
-4.1164259448818896
0
LINE
8
BLACK
6
CONTINUOUS
10
5.0843983858267716
20
-4.1164259448818896
11
5.1087703149606298
21
-4.1164259448818896
0
LINE
8
BLACK
6
CONTINUOUS
10
5.1087703149606298
20
-4.1164259448818896
11
5.1093463779527557
21
-4.1164826771653544
0
LINE
8
BLACK
6
CONTINUOUS
10
5.144966929133858
20
-4.1164826771653544
11
5.1460313385826773
21
-4.1169235826771651
0
LINE
8
BLACK
6
CONTINUOUS
10
5.1460313385826773
20
-4.1169235826771651
11
5.1468459842519687
21
-4.1177382283464565
0
LINE
8
BLACK
6
CONTINUOUS
10
5.1468459842519687
20
-4.1177382283464565
11
5.1472868897637793
21
-4.1188026377952758
0
LINE
8
BLACK
6
CONTINUOUS
10
5.1472868897637793
20
-4.1188026377952758
11
5.1473436220472442
21
-4.1193787007874016
0
LINE
8
BLACK
6
CONTINUOUS
10
5.1473436220472442
20
-4.1193787007874016
11
5.1473436220472442
21
-4.1587487795275591
0
LINE
8
BLACK
6
CONTINUOUS
10
5.1473436220472442
20
-4.1587487795275591
11
5.1472868897637793
21
-4.1593248425196849
0
LINE
8
BLACK
6
CONTINUOUS
10
5.1472868897637793
20
-4.1593248425196849
11
5.1468459842519687
21
-4.1603892519685042
0
LINE
8
BLACK
6
CONTINUOUS
10
5.1468459842519687
20
-4.1603892519685042
11
5.1460313385826773
21
-4.1612038976377947
0
LINE
8
BLACK
6
CONTINUOUS
10
5.1460313385826773
20
-4.1612038976377947
11
5.144966929133858
21
-4.1616448031496063
0
LINE
8
BLACK
6
CONTINUOUS
10
5.144966929133858
20
-4.1616448031496063
11
5.1443908661417321
21
-4.1617015354330711
0
LINE
8
BLACK
6
CONTINUOUS
10
5.1443908661417321
20
-4.1617015354330711
11
5.1350170472440944
21
-4.1617015354330711
0
LINE
8
BLACK
6
CONTINUOUS
10
5.1350170472440944
20
-4.1617015354330711
11
5.1347254330708658
21
-4.1616727952755905
0
LINE
8
BLACK
6
CONTINUOUS
10
5.1347254330708658
20
-4.1616727952755905
11
5.1346477165354329
21
-4.1616783464566929
0
LINE
8
BLACK
6
CONTINUOUS
10
5.1346477165354329
20
-4.1616783464566929
11
5.1345454330708664
21
-4.1616550787401572
0
LINE
8
BLACK
6
CONTINUOUS
10
5.1345454330708664
20
-4.1616550787401572
11
5.1344409842519685
21
-4.1616448031496063
0
LINE
8
BLACK
6
CONTINUOUS
10
5.1344409842519685
20
-4.1616448031496063
11
5.1343688976377955
21
-4.1616149212598428
0
LINE
8
BLACK
6
CONTINUOUS
10
5.1343688976377955
20
-4.1616149212598428
11
5.1340832677165356
21
-4.1615500000000001
0
LINE
8
BLACK
6
CONTINUOUS
10
5.1340832677165356
20
-4.1615500000000001
11
5.1284590157480316
21
-4.1596752362204725
0
LINE
8
BLACK
6
CONTINUOUS
10
5.1284590157480316
20
-4.1596752362204725
11
5.1279304330708664
21
-4.1594392519685037
0
LINE
8
BLACK
6
CONTINUOUS
10
5.1279304330708664
20
-4.1594392519685037
11
5.1278503149606296
21
-4.1593697637795275
0
LINE
8
BLACK
6
CONTINUOUS
10
5.1278503149606296
20
-4.1593697637795275
11
5.1277522834645666
21
-4.1593291732283459
0
LINE
8
BLACK
6
CONTINUOUS
10
5.1277522834645666
20
-4.1593291732283459
11
5.1273048425196848
21
-4.1589619291338584
0
LINE
8
BLACK
6
CONTINUOUS
10
5.1273048425196848
20
-4.1589619291338584
11
5.1235553149606297
21
-4.1552123622047246
0
LINE
8
BLACK
6
CONTINUOUS
10
5.1235553149606297
20
-4.1552123622047246
11
5.1233695275590554
21
-4.1549859842519687
0
LINE
8
BLACK
6
CONTINUOUS
10
5.1233695275590554
20
-4.1549859842519687
11
5.1233105511811026
21
-4.154934842519685
0
LINE
8
BLACK
6
CONTINUOUS
10
5.1233105511811026
20
-4.154934842519685
11
5.1232545669291341
21
-4.1548459055118112
0
LINE
8
BLACK
6
CONTINUOUS
10
5.1232545669291341
20
-4.1548459055118112
11
5.1231880708661413
21
-4.154764881889764
0
LINE
8
BLACK
6
CONTINUOUS
10
5.1231880708661413
20
-4.154764881889764
11
5.1231582283464565
21
-4.1546928346456689
0
LINE
8
BLACK
6
CONTINUOUS
10
5.1231582283464565
20
-4.1546928346456689
11
5.1230022047244095
21
-4.1544449606299212
0
LINE
8
BLACK
6
CONTINUOUS
10
5.1230022047244095
20
-4.1544449606299212
11
5.1211274409448819
21
-4.1506954330708661
0
LINE
8
BLACK
6
CONTINUOUS
10
5.1211274409448819
20
-4.1506954330708661
11
5.1211112992125987
21
-4.1506533070866141
0
LINE
8
BLACK
6
CONTINUOUS
10
5.1211112992125987
20
-4.1506533070866141
11
5.1210986220472439
21
-4.150636181102362
0
LINE
8
BLACK
6
CONTINUOUS
10
5.1210986220472439
20
-4.150636181102362
11
5.1210121653543306
21
-4.1503942125984254
0
LINE
8
BLACK
6
CONTINUOUS
10
5.1210121653543306
20
-4.1503942125984254
11
5.1209205511811025
21
-4.1501548031496061
0
LINE
8
BLACK
6
CONTINUOUS
10
5.1209205511811025
20
-4.1501548031496061
11
5.1209190157480311
21
-4.1501335433070867
0
LINE
8
BLACK
6
CONTINUOUS
10
5.1209190157480311
20
-4.1501335433070867
11
5.1209038582677167
21
-4.1500910629921259
0
LINE
8
BLACK
6
CONTINUOUS
10
5.1209038582677167
20
-4.1500910629921259
11
5.1190290944881891
21
-4.1425920078740157
0
LINE
8
BLACK
6
CONTINUOUS
10
5.1190290944881891
20
-4.1425920078740157
11
5.1190142913385825
21
-4.1424921259842522
0
LINE
8
BLACK
6
CONTINUOUS
10
5.1190142913385825
20
-4.1424921259842522
11
5.1189976771653543
21
-4.1424519291338582
0
LINE
8
BLACK
6
CONTINUOUS
10
5.1189976771653543
20
-4.1424519291338582
11
5.1189762992125987
21
-4.1422348818897641
0
LINE
8
BLACK
6
CONTINUOUS
10
5.1189762992125987
20
-4.1422348818897641
11
5.1189444488188975
21
-4.1420194094488192
0
LINE
8
BLACK
6
CONTINUOUS
10
5.1189444488188975
20
-4.1420194094488192
11
5.1189508267716537
21
-4.1419763779527559
0
LINE
8
BLACK
6
CONTINUOUS
10
5.1189508267716537
20
-4.1419763779527559
11
5.1189409448818894
21
-4.1418758661417323
0
LINE
8
BLACK
6
CONTINUOUS
10
5.1189409448818894
20
-4.1418758661417323
11
5.1189409448818894
21
-4.1362515748031496
0
LINE
8
BLACK
6
CONTINUOUS
10
5.1189409448818894
20
-4.1362515748031496
11
5.1189508267716537
21
-4.1361510236220473
0
LINE
8
BLACK
6
CONTINUOUS
10
5.1189508267716537
20
-4.1361510236220473
11
5.1189444488188975
21
-4.1361080314960628
0
LINE
8
BLACK
6
CONTINUOUS
10
5.1189444488188975
20
-4.1361080314960628
11
5.1189762992125987
21
-4.1358925196850391
0
LINE
8
BLACK
6
CONTINUOUS
10
5.1189762992125987
20
-4.1358925196850391
11
5.1189976771653543
21
-4.1356755118110238
0
LINE
8
BLACK
6
CONTINUOUS
10
5.1189976771653543
20
-4.1356755118110238
11
5.1190142913385825
21
-4.135635275590551
0
LINE
8
BLACK
6
CONTINUOUS
10
5.1190142913385825
20
-4.135635275590551
11
5.1190290944881891
21
-4.1355354330708662
0
LINE
8
BLACK
6
CONTINUOUS
10
5.1190290944881891
20
-4.1355354330708662
11
5.1209038582677167
21
-4.128036377952756
0
LINE
8
BLACK
6
CONTINUOUS
10
5.1209038582677167
20
-4.128036377952756
11
5.1209190157480311
21
-4.1279938582677165
0
LINE
8
BLACK
6
CONTINUOUS
10
5.1209190157480311
20
-4.1279938582677165
11
5.1209205511811025
21
-4.1279726377952759
0
LINE
8
BLACK
6
CONTINUOUS
10
5.1209205511811025
20
-4.1279726377952759
11
5.1210121653543306
21
-4.1277331889763778
0
LINE
8
BLACK
6
CONTINUOUS
10
5.1210121653543306
20
-4.1277331889763778
11
5.1210986220472439
21
-4.12749125984252
0
LINE
8
BLACK
6
CONTINUOUS
10
5.1210986220472439
20
-4.12749125984252
11
5.1211112992125987
21
-4.1274740944881891
0
LINE
8
BLACK
6
CONTINUOUS
10
5.1211112992125987
20
-4.1274740944881891
11
5.1211274409448819
21
-4.1274320078740159
0
LINE
8
BLACK
6
CONTINUOUS
10
5.1211274409448819
20
-4.1274320078740159
11
5.1230022047244095
21
-4.1236824803149608
0
LINE
8
BLACK
6
CONTINUOUS
10
5.1230022047244095
20
-4.1236824803149608
11
5.1231582677165353
21
-4.1234344488188972
0
LINE
8
BLACK
6
CONTINUOUS
10
5.1231582677165353
20
-4.1234344488188972
11
5.12318811023622
21
-4.1233625196850392
0
LINE
8
BLACK
6
CONTINUOUS
10
5.12318811023622
20
-4.1233625196850392
11
5.1232545669291341
21
-4.1232815354330707
0
LINE
8
BLACK
6
CONTINUOUS
10
5.1232545669291341
20
-4.1232815354330707
11
5.1233105511811026
21
-4.1231925984251969
0
LINE
8
BLACK
6
CONTINUOUS
10
5.1233105511811026
20
-4.1231925984251969
11
5.1233695275590554
21
-4.1231414173228345
0
LINE
8
BLACK
6
CONTINUOUS
10
5.1233695275590554
20
-4.1231414173228345
11
5.1235553149606297
21
-4.1229150787401574
0
LINE
8
BLACK
6
CONTINUOUS
10
5.1235553149606297
20
-4.1229150787401574
11
5.1273048425196848
21
-4.1191655511811023
0
LINE
8
BLACK
6
CONTINUOUS
10
5.1273048425196848
20
-4.1191655511811023
11
5.1277522834645666
21
-4.1187983070866139
0
LINE
8
BLACK
6
CONTINUOUS
10
5.1277522834645666
20
-4.1187983070866139
11
5.1278503149606296
21
-4.1187576771653545
0
LINE
8
BLACK
6
CONTINUOUS
10
5.1278503149606296
20
-4.1187576771653545
11
5.1279304330708664
21
-4.118688228346457
0
LINE
8
BLACK
6
CONTINUOUS
10
5.1279304330708664
20
-4.118688228346457
11
5.1284590157480316
21
-4.1184522440944882
0
LINE
8
BLACK
6
CONTINUOUS
10
5.1284590157480316
20
-4.1184522440944882
11
5.1340832677165356
21
-4.1165774803149606
0
LINE
8
BLACK
6
CONTINUOUS
10
5.1340832677165356
20
-4.1165774803149606
11
5.1343688976377955
21
-4.1165125196850392
0
LINE
8
BLACK
6
CONTINUOUS
10
5.1343688976377955
20
-4.1165125196850392
11
5.1344409842519685
21
-4.1164826771653544
0
LINE
8
BLACK
6
CONTINUOUS
10
5.1344409842519685
20
-4.1164826771653544
11
5.1345454330708664
21
-4.1164723622047239
0
LINE
8
BLACK
6
CONTINUOUS
10
5.1345454330708664
20
-4.1164723622047239
11
5.1346477165354329
21
-4.1164491338582678
0
LINE
8
BLACK
6
CONTINUOUS
10
5.1346477165354329
20
-4.1164491338582678
11
5.1347254330708658
21
-4.1164546456692914
0
LINE
8
BLACK
6
CONTINUOUS
10
5.1347254330708658
20
-4.1164546456692914
11
5.1350170472440944
21
-4.1164259448818896
0
LINE
8
BLACK
6
CONTINUOUS
10
5.1350170472440944
20
-4.1164259448818896
11
5.1443908661417321
21
-4.1164259448818896
0
LINE
8
BLACK
6
CONTINUOUS
10
5.1443908661417321
20
-4.1164259448818896
11
5.144966929133858
21
-4.1164826771653544
0
LINE
8
BLACK
6
CONTINUOUS
10
5.1309877952755905
20
-4.1238342519685043
11
5.1280699606299214
21
-4.1267520866141734
0
LINE
8
BLACK
6
CONTINUOUS
10
5.1280699606299214
20
-4.1267520866141734
11
5.1265544488188972
21
-4.129783070866142
0
LINE
8
BLACK
6
CONTINUOUS
10
5.1265544488188972
20
-4.129783070866142
11
5.1248464566929135
21
-4.1366151181102362
0
LINE
8
BLACK
6
CONTINUOUS
10
5.1248464566929135
20
-4.1366151181102362
11
5.1248464566929135
21
-4.1415123228346458
0
LINE
8
BLACK
6
CONTINUOUS
10
5.1248464566929135
20
-4.1415123228346458
11
5.1265544488188972
21
-4.1483443700787399
0
LINE
8
BLACK
6
CONTINUOUS
10
5.1265544488188972
20
-4.1483443700787399
11
5.1280699606299214
21
-4.1513753543307086
0
LINE
8
BLACK
6
CONTINUOUS
10
5.1280699606299214
20
-4.1513753543307086
11
5.1309877952755905
21
-4.1542932283464564
0
LINE
8
BLACK
6
CONTINUOUS
10
5.1309877952755905
20
-4.1542932283464564
11
5.1354961811023623
21
-4.155796023622047
0
LINE
8
BLACK
6
CONTINUOUS
10
5.1354961811023623
20
-4.155796023622047
11
5.1414381102362201
21
-4.155796023622047
0
LINE
8
BLACK
6
CONTINUOUS
10
5.1414381102362201
20
-4.155796023622047
11
5.1414381102362201
21
-4.1223314566929137
0
LINE
8
BLACK
6
CONTINUOUS
10
5.1414381102362201
20
-4.1223314566929137
11
5.1354961811023623
21
-4.1223314566929137
0
LINE
8
BLACK
6
CONTINUOUS
10
5.1354961811023623
20
-4.1223314566929137
11
5.1309877952755905
21
-4.1238342519685043
0
LINE
8
BLACK
6
CONTINUOUS
10
5.1647789763779528
20
-4.1169235826771651
11
5.1655936220472443
21
-4.1177382283464565
0
LINE
8
BLACK
6
CONTINUOUS
10
5.1655936220472443
20
-4.1177382283464565
11
5.1660345275590549
21
-4.1188026377952758
0
LINE
8
BLACK
6
CONTINUOUS
10
5.1660345275590549
20
-4.1188026377952758
11
5.1660912598425197
21
-4.1193787007874016
0
LINE
8
BLACK
6
CONTINUOUS
10
5.1660912598425197
20
-4.1193787007874016
11
5.1660912598425197
21
-4.1587487795275591
0
LINE
8
BLACK
6
CONTINUOUS
10
5.1660912598425197
20
-4.1587487795275591
11
5.1660345275590549
21
-4.1593248425196849
0
LINE
8
BLACK
6
CONTINUOUS
10
5.1660345275590549
20
-4.1593248425196849
11
5.1655936220472443
21
-4.1603892519685042
0
LINE
8
BLACK
6
CONTINUOUS
10
5.1655936220472443
20
-4.1603892519685042
11
5.1647789763779528
21
-4.1612038976377947
0
LINE
8
BLACK
6
CONTINUOUS
10
5.1647789763779528
20
-4.1612038976377947
11
5.1637145669291336
21
-4.1616448031496063
0
LINE
8
BLACK
6
CONTINUOUS
10
5.1637145669291336
20
-4.1616448031496063
11
5.1625624409448818
21
-4.1616448031496063
0
LINE
8
BLACK
6
CONTINUOUS
10
5.1625624409448818
20
-4.1616448031496063
11
5.1614980314960626
21
-4.1612038976377947
0
LINE
8
BLACK
6
CONTINUOUS
10
5.1614980314960626
20
-4.1612038976377947
11
5.1606833858267711
21
-4.1603892519685042
0
LINE
8
BLACK
6
CONTINUOUS
10
5.1606833858267711
20
-4.1603892519685042
11
5.1602424803149605
21
-4.1593248425196849
0
LINE
8
BLACK
6
CONTINUOUS
10
5.1602424803149605
20
-4.1593248425196849
11
5.1601857480314957
21
-4.1587487795275591
0
LINE
8
BLACK
6
CONTINUOUS
10
5.1601857480314957
20
-4.1587487795275591
11
5.1601857480314957
21
-4.1193787007874016
0
LINE
8
BLACK
6
CONTINUOUS
10
5.1601857480314957
20
-4.1193787007874016
11
5.1602424803149605
21
-4.1188026377952758
0
LINE
8
BLACK
6
CONTINUOUS
10
5.1602424803149605
20
-4.1188026377952758
11
5.1606833858267711
21
-4.1177382283464565
0
LINE
8
BLACK
6
CONTINUOUS
10
5.1606833858267711
20
-4.1177382283464565
11
5.1614980314960626
21
-4.1169235826771651
0
LINE
8
BLACK
6
CONTINUOUS
10
5.1614980314960626
20
-4.1169235826771651
11
5.1625624409448818
21
-4.1164826771653544
0
LINE
8
BLACK
6
CONTINUOUS
10
5.1625624409448818
20
-4.1164826771653544
11
5.1637145669291336
21
-4.1164826771653544
0
LINE
8
BLACK
6
CONTINUOUS
10
5.1637145669291336
20
-4.1164826771653544
11
5.1647789763779528
21
-4.1169235826771651
0
LINE
8
BLACK
6
CONTINUOUS
10
5.1974603543307083
20
-4.1164826771653544
11
5.1985247637795275
21
-4.1169235826771651
0
LINE
8
BLACK
6
CONTINUOUS
10
5.1985247637795275
20
-4.1169235826771651
11
5.199339409448819
21
-4.1177382283464565
0
LINE
8
BLACK
6
CONTINUOUS
10
5.199339409448819
20
-4.1177382283464565
11
5.1997803149606296
21
-4.1188026377952758
0
LINE
8
BLACK
6
CONTINUOUS
10
5.1997803149606296
20
-4.1188026377952758
11
5.1998370472440945
21
-4.1193787007874016
0
LINE
8
BLACK
6
CONTINUOUS
10
5.1998370472440945
20
-4.1193787007874016
11
5.1998370472440945
21
-4.1587487795275591
0
LINE
8
BLACK
6
CONTINUOUS
10
5.1998370472440945
20
-4.1587487795275591
11
5.1997803149606296
21
-4.1593248425196849
0
LINE
8
BLACK
6
CONTINUOUS
10
5.1997803149606296
20
-4.1593248425196849
11
5.199339409448819
21
-4.1603892519685042
0
LINE
8
BLACK
6
CONTINUOUS
10
5.199339409448819
20
-4.1603892519685042
11
5.1985247637795275
21
-4.1612038976377947
0
LINE
8
BLACK
6
CONTINUOUS
10
5.1985247637795275
20
-4.1612038976377947
11
5.1974603543307083
21
-4.1616448031496063
0
LINE
8
BLACK
6
CONTINUOUS
10
5.1974603543307083
20
-4.1616448031496063
11
5.1963082283464566
21
-4.1616448031496063
0
LINE
8
BLACK
6
CONTINUOUS
10
5.1963082283464566
20
-4.1616448031496063
11
5.1952438188976373
21
-4.1612038976377947
0
LINE
8
BLACK
6
CONTINUOUS
10
5.1952438188976373
20
-4.1612038976377947
11
5.1944291732283467
21
-4.1603892519685042
0
LINE
8
BLACK
6
CONTINUOUS
10
5.1944291732283467
20
-4.1603892519685042
11
5.1939882677165352
21
-4.1593248425196849
0
LINE
8
BLACK
6
CONTINUOUS
10
5.1939882677165352
20
-4.1593248425196849
11
5.1939315354330704
21
-4.1587487795275591
0
LINE
8
BLACK
6
CONTINUOUS
10
5.1939315354330704
20
-4.1587487795275591
11
5.1939315354330704
21
-4.1410790944881892
0
LINE
8
BLACK
6
CONTINUOUS
10
5.1939315354330704
20
-4.1410790944881892
11
5.1837609448818895
21
-4.1410790944881892
0
LINE
8
BLACK
6
CONTINUOUS
10
5.1837609448818895
20
-4.1410790944881892
11
5.1831848818897637
21
-4.1410223622047244
0
LINE
8
BLACK
6
CONTINUOUS
10
5.1831848818897637
20
-4.1410223622047244
11
5.1821204724409444
21
-4.1405814566929129
0
LINE
8
BLACK
6
CONTINUOUS
10
5.1821204724409444
20
-4.1405814566929129
11
5.1813058267716539
21
-4.1397668110236223
0
LINE
8
BLACK
6
CONTINUOUS
10
5.1813058267716539
20
-4.1397668110236223
11
5.1808649212598423
21
-4.1387024015748031
0
LINE
8
BLACK
6
CONTINUOUS
10
5.1808649212598423
20
-4.1387024015748031
11
5.1808649212598423
21
-4.1375502755905513
0
LINE
8
BLACK
6
CONTINUOUS
10
5.1808649212598423
20
-4.1375502755905513
11
5.1813058267716539
21
-4.1364858661417321
0
LINE
8
BLACK
6
CONTINUOUS
10
5.1813058267716539
20
-4.1364858661417321
11
5.1821204724409444
21
-4.1356712204724406
0
LINE
8
BLACK
6
CONTINUOUS
10
5.1821204724409444
20
-4.1356712204724406
11
5.1831848818897637
21
-4.13523031496063
0
LINE
8
BLACK
6
CONTINUOUS
10
5.1831848818897637
20
-4.13523031496063
11
5.1837609448818895
21
-4.1351735826771652
0
LINE
8
BLACK
6
CONTINUOUS
10
5.1837609448818895
20
-4.1351735826771652
11
5.1939315354330704
21
-4.1351735826771652
0
LINE
8
BLACK
6
CONTINUOUS
10
5.1939315354330704
20
-4.1351735826771652
11
5.1939315354330704
21
-4.1223314566929137
0
LINE
8
BLACK
6
CONTINUOUS
10
5.1939315354330704
20
-4.1223314566929137
11
5.1781366535433069
21
-4.1223314566929137
0
LINE
8
BLACK
6
CONTINUOUS
10
5.1781366535433069
20
-4.1223314566929137
11
5.177560590551181
21
-4.1222747244094489
0
LINE
8
BLACK
6
CONTINUOUS
10
5.177560590551181
20
-4.1222747244094489
11
5.1764961811023618
21
-4.1218338188976373
0
LINE
8
BLACK
6
CONTINUOUS
10
5.1764961811023618
20
-4.1218338188976373
11
5.1756815354330712
21
-4.1210191732283468
0
LINE
8
BLACK
6
CONTINUOUS
10
5.1756815354330712
20
-4.1210191732283468
11
5.1752406299212597
21
-4.1199547637795275
0
LINE
8
BLACK
6
CONTINUOUS
10
5.1752406299212597
20
-4.1199547637795275
11
5.1752406299212597
21
-4.1188026377952758
0
LINE
8
BLACK
6
CONTINUOUS
10
5.1752406299212597
20
-4.1188026377952758
11
5.1756815354330712
21
-4.1177382283464565
0
LINE
8
BLACK
6
CONTINUOUS
10
5.1756815354330712
20
-4.1177382283464565
11
5.1764961811023618
21
-4.1169235826771651
0
LINE
8
BLACK
6
CONTINUOUS
10
5.1764961811023618
20
-4.1169235826771651
11
5.177560590551181
21
-4.1164826771653544
0
LINE
8
BLACK
6
CONTINUOUS
10
5.177560590551181
20
-4.1164826771653544
11
5.1781366535433069
21
-4.1164259448818896
0
LINE
8
BLACK
6
CONTINUOUS
10
5.1781366535433069
20
-4.1164259448818896
11
5.1968842913385824
21
-4.1164259448818896
0
LINE
8
BLACK
6
CONTINUOUS
10
5.1968842913385824
20
-4.1164259448818896
11
5.1974603543307083
21
-4.1164826771653544
0
LINE
8
BLACK
6
CONTINUOUS
10
5.9117648031496062
20
-4.061167716535433
11
5.9128292125984254
21
-4.0616086220472436
0
LINE
8
BLACK
6
CONTINUOUS
10
5.9128292125984254
20
-4.0616086220472436
11
5.913643858267716
21
-4.0624232677165351
0
LINE
8
BLACK
6
CONTINUOUS
10
5.913643858267716
20
-4.0624232677165351
11
5.9140847637795275
21
-4.0634876771653543
0
LINE
8
BLACK
6
CONTINUOUS
10
5.9140847637795275
20
-4.0634876771653543
11
5.9141414960629923
21
-4.0640637401574802
0
LINE
8
BLACK
6
CONTINUOUS
10
5.9141414960629923
20
-4.0640637401574802
11
5.9141414960629923
21
-4.1034338188976376
0
LINE
8
BLACK
6
CONTINUOUS
10
5.9141414960629923
20
-4.1034338188976376
11
5.9140847637795275
21
-4.1040098818897635
0
LINE
8
BLACK
6
CONTINUOUS
10
5.9140847637795275
20
-4.1040098818897635
11
5.9140758267716533
21
-4.1040314960629924
0
LINE
8
BLACK
6
CONTINUOUS
10
5.9140758267716533
20
-4.1040314960629924
11
5.9309488188976376
21
-4.1040314960629924
0
LINE
8
BLACK
6
CONTINUOUS
10
5.9309488188976376
20
-4.1040314960629924
11
5.9318527952755904
21
-4.1042112992125981
0
LINE
8
BLACK
6
CONTINUOUS
10
5.9318527952755904
20
-4.1042112992125981
11
5.9331312204724407
21
-4.1054897244094484
0
LINE
8
BLACK
6
CONTINUOUS
10
5.9331312204724407
20
-4.1054897244094484
11
5.9333110236220472
21
-4.1063937007874012
0
LINE
8
BLACK
6
CONTINUOUS
10
5.9333110236220472
20
-4.1063937007874012
11
5.9333110236220472
21
-4.1083622047244095
0
LINE
8
BLACK
6
CONTINUOUS
10
5.9333110236220472
20
-4.1083622047244095
11
5.9331312204724407
21
-4.1092661811023623
0
LINE
8
BLACK
6
CONTINUOUS
10
5.9331312204724407
20
-4.1092661811023623
11
5.9318527952755904
21
-4.1105446062992126
0
LINE
8
BLACK
6
CONTINUOUS
10
5.9318527952755904
20
-4.1105446062992126
11
5.9300448425196848
21
-4.1105446062992126
0
LINE
8
BLACK
6
CONTINUOUS
10
5.9300448425196848
20
-4.1105446062992126
11
5.9287664173228345
21
-4.1092661811023623
0
LINE
8
BLACK
6
CONTINUOUS
10
5.9287664173228345
20
-4.1092661811023623
11
5.9286649212598421
21
-4.1087559055118108
0
LINE
8
BLACK
6
CONTINUOUS
10
5.9286649212598421
20
-4.1087559055118108
11
5.8615791732283462
21
-4.1087559055118108
0
LINE
8
BLACK
6
CONTINUOUS
10
5.8615791732283462
20
-4.1087559055118108
11
5.8614776771653538
21
-4.1092661811023623
0
LINE
8
BLACK
6
CONTINUOUS
10
5.8614776771653538
20
-4.1092661811023623
11
5.8601992519685036
21
-4.1105446062992126
0
LINE
8
BLACK
6
CONTINUOUS
10
5.8601992519685036
20
-4.1105446062992126
11
5.8583912992125979
21
-4.1105446062992126
0
LINE
8
BLACK
6
CONTINUOUS
10
5.8583912992125979
20
-4.1105446062992126
11
5.8571128740157476
21
-4.1092661811023623
0
LINE
8
BLACK
6
CONTINUOUS
10
5.8571128740157476
20
-4.1092661811023623
11
5.856933070866142
21
-4.1083622047244095
0
LINE
8
BLACK
6
CONTINUOUS
10
5.856933070866142
20
-4.1083622047244095
11
5.856933070866142
21
-4.1063937007874012
0
LINE
8
BLACK
6
CONTINUOUS
10
5.856933070866142
20
-4.1063937007874012
11
5.8569344881889762
21
-4.1063865748031496
0
LINE
8
BLACK
6
CONTINUOUS
10
5.8569344881889762
20
-4.1063865748031496
11
5.8511962598425198
21
-4.1063865748031496
0
LINE
8
BLACK
6
CONTINUOUS
10
5.8511962598425198
20
-4.1063865748031496
11
5.8506201968503939
21
-4.1063298425196848
0
LINE
8
BLACK
6
CONTINUOUS
10
5.8506201968503939
20
-4.1063298425196848
11
5.8495557874015747
21
-4.1058889370078742
0
LINE
8
BLACK
6
CONTINUOUS
10
5.8495557874015747
20
-4.1058889370078742
11
5.8487411417322832
21
-4.1050742913385827
0
LINE
8
BLACK
6
CONTINUOUS
10
5.8487411417322832
20
-4.1050742913385827
11
5.8483002362204726
21
-4.1040098818897635
0
LINE
8
BLACK
6
CONTINUOUS
10
5.8483002362204726
20
-4.1040098818897635
11
5.8483002362204726
21
-4.1028577559055117
0
LINE
8
BLACK
6
CONTINUOUS
10
5.8483002362204726
20
-4.1028577559055117
11
5.8487411417322832
21
-4.1017933464566925
0
LINE
8
BLACK
6
CONTINUOUS
10
5.8487411417322832
20
-4.1017933464566925
11
5.8495557874015747
21
-4.1009787007874019
0
LINE
8
BLACK
6
CONTINUOUS
10
5.8495557874015747
20
-4.1009787007874019
11
5.8506201968503939
21
-4.1005377952755904
0
LINE
8
BLACK
6
CONTINUOUS
10
5.8506201968503939
20
-4.1005377952755904
11
5.8511962598425198
21
-4.1004810629921256
0
LINE
8
BLACK
6
CONTINUOUS
10
5.8511962598425198
20
-4.1004810629921256
11
5.8594920866141731
21
-4.1004810629921256
0
LINE
8
BLACK
6
CONTINUOUS
10
5.8594920866141731
20
-4.1004810629921256
11
5.8594920866141731
21
-4.0640637401574802
0
LINE
8
BLACK
6
CONTINUOUS
10
5.8594920866141731
20
-4.0640637401574802
11
5.8594922834645669
21
-4.0640616535433072
0
LINE
8
BLACK
6
CONTINUOUS
10
5.8594922834645669
20
-4.0640616535433072
11
5.8594920866141731
21
-4.0640606299212596
0
LINE
8
BLACK
6
CONTINUOUS
10
5.8594920866141731
20
-4.0640606299212596
11
5.8594926771653544
21
-4.0640575984251965
0
LINE
8
BLACK
6
CONTINUOUS
10
5.8594926771653544
20
-4.0640575984251965
11
5.8595488188976379
21
-4.0634876771653543
0
LINE
8
BLACK
6
CONTINUOUS
10
5.8595488188976379
20
-4.0634876771653543
11
5.8596606692913387
21
-4.0632175590551176
0
LINE
8
BLACK
6
CONTINUOUS
10
5.8596606692913387
20
-4.0632175590551176
11
5.8597180314960626
21
-4.0629309448818898
0
LINE
8
BLACK
6
CONTINUOUS
10
5.8597180314960626
20
-4.0629309448818898
11
5.8598789763779529
21
-4.0626905511811024
0
LINE
8
BLACK
6
CONTINUOUS
10
5.8598789763779529
20
-4.0626905511811024
11
5.8599897244094485
21
-4.0624232677165351
0
LINE
8
BLACK
6
CONTINUOUS
10
5.8599897244094485
20
-4.0624232677165351
11
5.8601964173228343
21
-4.0622165354330706
0
LINE
8
BLACK
6
CONTINUOUS
10
5.8601964173228343
20
-4.0622165354330706
11
5.8603590944881887
21
-4.0619736614173227
0
LINE
8
BLACK
6
CONTINUOUS
10
5.8603590944881887
20
-4.0619736614173227
11
5.860599803149606
21
-4.0618131496062988
0
LINE
8
BLACK
6
CONTINUOUS
10
5.860599803149606
20
-4.0618131496062988
11
5.86080437007874
21
-4.0616086220472436
0
LINE
8
BLACK
6
CONTINUOUS
10
5.86080437007874
20
-4.0616086220472436
11
5.8610744488188979
21
-4.0614967322834641
0
LINE
8
BLACK
6
CONTINUOUS
10
5.8610744488188979
20
-4.0614967322834641
11
5.8613177165354333
21
-4.0613345669291334
0
LINE
8
BLACK
6
CONTINUOUS
10
5.8613177165354333
20
-4.0613345669291334
11
5.8616014960629919
21
-4.0612784251968499
0
LINE
8
BLACK
6
CONTINUOUS
10
5.8616014960629919
20
-4.0612784251968499
11
5.8618687795275592
21
-4.061167716535433
0
LINE
8
BLACK
6
CONTINUOUS
10
5.8618687795275592
20
-4.061167716535433
11
5.862161181102362
21
-4.061167716535433
0
LINE
8
BLACK
6
CONTINUOUS
10
5.862161181102362
20
-4.061167716535433
11
5.8624479527559057
21
-4.0611109842519681
0
LINE
8
BLACK
6
CONTINUOUS
10
5.8624479527559057
20
-4.0611109842519681
11
5.862731614173228
21
-4.061167716535433
0
LINE
8
BLACK
6
CONTINUOUS
10
5.862731614173228
20
-4.061167716535433
11
5.863020905511811
21
-4.061167716535433
0
LINE
8
BLACK
6
CONTINUOUS
10
5.863020905511811
20
-4.061167716535433
11
5.863290984251968
21
-4.0612795669291337
0
LINE
8
BLACK
6
CONTINUOUS
10
5.863290984251968
20
-4.0612795669291337
11
5.8635776377952755
21
-4.0613369291338586
0
LINE
8
BLACK
6
CONTINUOUS
10
5.8635776377952755
20
-4.0613369291338586
11
5.8638179921259841
21
-4.0614978740157479
0
LINE
8
BLACK
6
CONTINUOUS
10
5.8638179921259841
20
-4.0614978740157479
11
5.8640853149606293
21
-4.0616086220472436
0
LINE
8
BLACK
6
CONTINUOUS
10
5.8640853149606293
20
-4.0616086220472436
11
5.8642920078740159
21
-4.0618153149606302
0
LINE
8
BLACK
6
CONTINUOUS
10
5.8642920078740159
20
-4.0618153149606302
11
5.8645349212598425
21
-4.0619779921259838
0
LINE
8
BLACK
6
CONTINUOUS
10
5.8645349212598425
20
-4.0619779921259838
11
5.8648979133858266
21
-4.0624212204724408
0
LINE
8
BLACK
6
CONTINUOUS
10
5.8648979133858266
20
-4.0624212204724408
11
5.8648999606299208
21
-4.0624232677165351
0
LINE
8
BLACK
6
CONTINUOUS
10
5.8648999606299208
20
-4.0624232677165351
11
5.8649003149606296
21
-4.0624241338582676
0
LINE
8
BLACK
6
CONTINUOUS
10
5.8649003149606296
20
-4.0624241338582676
11
5.8649016929133859
21
-4.0624258267716531
0
LINE
8
BLACK
6
CONTINUOUS
10
5.8649016929133859
20
-4.0624258267716531
11
5.8684890157480316
21
-4.0678068503937004
0
LINE
8
BLACK
6
CONTINUOUS
10
5.8684890157480316
20
-4.0678068503937004
11
5.8716929921259844
21
-4.0710108267716532
0
LINE
8
BLACK
6
CONTINUOUS
10
5.8716929921259844
20
-4.0710108267716532
11
5.875013937007874
21
-4.0726712992125984
0
LINE
8
BLACK
6
CONTINUOUS
10
5.875013937007874
20
-4.0726712992125984
11
5.8755038188976378
21
-4.0729796456692915
0
LINE
8
BLACK
6
CONTINUOUS
10
5.8755038188976378
20
-4.0729796456692915
11
5.8762586614173227
21
-4.0738500393700789
0
LINE
8
BLACK
6
CONTINUOUS
10
5.8762586614173227
20
-4.0738500393700789
11
5.8766229921259843
21
-4.0749429921259841
0
LINE
8
BLACK
6
CONTINUOUS
10
5.8766229921259843
20
-4.0749429921259841
11
5.876541338582677
21
-4.076092204724409
0
LINE
8
BLACK
6
CONTINUOUS
10
5.876541338582677
20
-4.076092204724409
11
5.8760260629921257
21
-4.0771227165354329
0
LINE
8
BLACK
6
CONTINUOUS
10
5.8760260629921257
20
-4.0771227165354329
11
5.875155708661417
21
-4.0778775590551177
0
LINE
8
BLACK
6
CONTINUOUS
10
5.875155708661417
20
-4.0778775590551177
11
5.8740627165354331
21
-4.0782418897637793
0
LINE
8
BLACK
6
CONTINUOUS
10
5.8740627165354331
20
-4.0782418897637793
11
5.8729135039370082
21
-4.0781602362204721
0
LINE
8
BLACK
6
CONTINUOUS
10
5.8729135039370082
20
-4.0781602362204721
11
5.8723729133858269
21
-4.0779533464566926
0
LINE
8
BLACK
6
CONTINUOUS
10
5.8723729133858269
20
-4.0779533464566926
11
5.8686233858267718
21
-4.0760785826771651
0
LINE
8
BLACK
6
CONTINUOUS
10
5.8686233858267718
20
-4.0760785826771651
11
5.868375551181102
21
-4.075922559055118
0
LINE
8
BLACK
6
CONTINUOUS
10
5.868375551181102
20
-4.075922559055118
11
5.8683034251968502
21
-4.0758927165354333
0
LINE
8
BLACK
6
CONTINUOUS
10
5.8683034251968502
20
-4.0758927165354333
11
5.868222244094488
21
-4.0758261023622042
0
LINE
8
BLACK
6
CONTINUOUS
10
5.868222244094488
20
-4.0758261023622042
11
5.8681335039370079
21
-4.075770236220472
0
LINE
8
BLACK
6
CONTINUOUS
10
5.8681335039370079
20
-4.075770236220472
11
5.8680823622047242
21
-4.0757112992125979
0
LINE
8
BLACK
6
CONTINUOUS
10
5.8680823622047242
20
-4.0757112992125979
11
5.8678559842519684
21
-4.0755254724409449
0
LINE
8
BLACK
6
CONTINUOUS
10
5.8678559842519684
20
-4.0755254724409449
11
5.8653975984251971
21
-4.0730670866141727
0
LINE
8
BLACK
6
CONTINUOUS
10
5.8653975984251971
20
-4.0730670866141727
11
5.8653975984251971
21
-4.1004810629921256
0
LINE
8
BLACK
6
CONTINUOUS
10
5.8653975984251971
20
-4.1004810629921256
11
5.8736934251968504
21
-4.1004810629921256
0
LINE
8
BLACK
6
CONTINUOUS
10
5.8736934251968504
20
-4.1004810629921256
11
5.8742694881889763
21
-4.1005377952755904
0
LINE
8
BLACK
6
CONTINUOUS
10
5.8742694881889763
20
-4.1005377952755904
11
5.8753338976377956
21
-4.1009787007874019
0
LINE
8
BLACK
6
CONTINUOUS
10
5.8753338976377956
20
-4.1009787007874019
11
5.8761485433070861
21
-4.1017933464566925
0
LINE
8
BLACK
6
CONTINUOUS
10
5.8761485433070861
20
-4.1017933464566925
11
5.8765894488188977
21
-4.1028577559055117
0
LINE
8
BLACK
6
CONTINUOUS
10
5.8765894488188977
20
-4.1028577559055117
11
5.8765894488188977
21
-4.1040098818897635
0
LINE
8
BLACK
6
CONTINUOUS
10
5.8765894488188977
20
-4.1040098818897635
11
5.8765805118110235
21
-4.1040314960629924
0
LINE
8
BLACK
6
CONTINUOUS
10
5.8765805118110235
20
-4.1040314960629924
11
5.8945918897637792
21
-4.1040314960629924
0
LINE
8
BLACK
6
CONTINUOUS
10
5.8945918897637792
20
-4.1040314960629924
11
5.8945501574803147
21
-4.1040142125984254
0
LINE
8
BLACK
6
CONTINUOUS
10
5.8945501574803147
20
-4.1040142125984254
11
5.8941027165354329
21
-4.103646968503937
0
LINE
8
BLACK
6
CONTINUOUS
10
5.8941027165354329
20
-4.103646968503937
11
5.8903531889763778
21
-4.0998974015748031
0
LINE
8
BLACK
6
CONTINUOUS
10
5.8903531889763778
20
-4.0998974015748031
11
5.8901674015748027
21
-4.0996710236220473
0
LINE
8
BLACK
6
CONTINUOUS
10
5.8901674015748027
20
-4.0996710236220473
11
5.8901084251968499
21
-4.0996198818897636
0
LINE
8
BLACK
6
CONTINUOUS
10
5.8901084251968499
20
-4.0996198818897636
11
5.8900524409448813
21
-4.0995309448818897
0
LINE
8
BLACK
6
CONTINUOUS
10
5.8900524409448813
20
-4.0995309448818897
11
5.8899859448818894
21
-4.0994499212598425
0
LINE
8
BLACK
6
CONTINUOUS
10
5.8899859448818894
20
-4.0994499212598425
11
5.8899561023622047
21
-4.0993778740157483
0
LINE
8
BLACK
6
CONTINUOUS
10
5.8899561023622047
20
-4.0993778740157483
11
5.8898000787401577
21
-4.0991299999999997
0
LINE
8
BLACK
6
CONTINUOUS
10
5.8898000787401577
20
-4.0991299999999997
11
5.8879253149606301
21
-4.0953804724409446
0
LINE
8
BLACK
6
CONTINUOUS
10
5.8879253149606301
20
-4.0953804724409446
11
5.8879091732283459
21
-4.0953383464566926
0
LINE
8
BLACK
6
CONTINUOUS
10
5.8879091732283459
20
-4.0953383464566926
11
5.887896496062992
21
-4.0953212204724405
0
LINE
8
BLACK
6
CONTINUOUS
10
5.887896496062992
20
-4.0953212204724405
11
5.8878100393700787
21
-4.095079251968504
0
LINE
8
BLACK
6
CONTINUOUS
10
5.8878100393700787
20
-4.095079251968504
11
5.8877184251968506
21
-4.0948398425196846
0
LINE
8
BLACK
6
CONTINUOUS
10
5.8877184251968506
20
-4.0948398425196846
11
5.8877168897637793
21
-4.0948185826771653
0
LINE
8
BLACK
6
CONTINUOUS
10
5.8877168897637793
20
-4.0948185826771653
11
5.8877017322834648
21
-4.0947761023622045
0
LINE
8
BLACK
6
CONTINUOUS
10
5.8877017322834648
20
-4.0947761023622045
11
5.8858269685039373
21
-4.0872770472440942
0
LINE
8
BLACK
6
CONTINUOUS
10
5.8858269685039373
20
-4.0872770472440942
11
5.8858121653543307
21
-4.0871771653543307
0
LINE
8
BLACK
6
CONTINUOUS
10
5.8858121653543307
20
-4.0871771653543307
11
5.8857955511811024
21
-4.0871369685039367
0
LINE
8
BLACK
6
CONTINUOUS
10
5.8857955511811024
20
-4.0871369685039367
11
5.885774173228346
21
-4.0869199212598426
0
LINE
8
BLACK
6
CONTINUOUS
10
5.885774173228346
20
-4.0869199212598426
11
5.8857423228346457
21
-4.0867044488188977
0
LINE
8
BLACK
6
CONTINUOUS
10
5.8857423228346457
20
-4.0867044488188977
11
5.8857487007874019
21
-4.0866614173228344
0
LINE
8
BLACK
6
CONTINUOUS
10
5.8857487007874019
20
-4.0866614173228344
11
5.8857388188976376
21
-4.0865609055118108
0
LINE
8
BLACK
6
CONTINUOUS
10
5.8857388188976376
20
-4.0865609055118108
11
5.8857388188976376
21
-4.0809366141732282
0
LINE
8
BLACK
6
CONTINUOUS
10
5.8857388188976376
20
-4.0809366141732282
11
5.8857487007874019
21
-4.0808360629921259
0
LINE
8
BLACK
6
CONTINUOUS
10
5.8857487007874019
20
-4.0808360629921259
11
5.8857423228346457
21
-4.0807930708661413
0
LINE
8
BLACK
6
CONTINUOUS
10
5.8857423228346457
20
-4.0807930708661413
11
5.885774173228346
21
-4.0805775590551177
0
LINE
8
BLACK
6
CONTINUOUS
10
5.885774173228346
20
-4.0805775590551177
11
5.8857955511811024
21
-4.0803605511811023
0
LINE
8
BLACK
6
CONTINUOUS
10
5.8857955511811024
20
-4.0803605511811023
11
5.8858121653543307
21
-4.0803203149606295
0
LINE
8
BLACK
6
CONTINUOUS
10
5.8858121653543307
20
-4.0803203149606295
11
5.8858269685039373
21
-4.0802204724409448
0
LINE
8
BLACK
6
CONTINUOUS
10
5.8858269685039373
20
-4.0802204724409448
11
5.8877017322834648
21
-4.0727214173228345
0
LINE
8
BLACK
6
CONTINUOUS
10
5.8877017322834648
20
-4.0727214173228345
11
5.8877168897637793
21
-4.072678897637795
0
LINE
8
BLACK
6
CONTINUOUS
10
5.8877168897637793
20
-4.072678897637795
11
5.8877184251968506
21
-4.0726576771653544
0
LINE
8
BLACK
6
CONTINUOUS
10
5.8877184251968506
20
-4.0726576771653544
11
5.8878104330708663
21
-4.0724172047244096
0
LINE
8
BLACK
6
CONTINUOUS
10
5.8878104330708663
20
-4.0724172047244096
11
5.887896496062992
21
-4.0721762992125985
0
LINE
8
BLACK
6
CONTINUOUS
10
5.887896496062992
20
-4.0721762992125985
11
5.8879091732283459
21
-4.0721591338582677
0
LINE
8
BLACK
6
CONTINUOUS
10
5.8879091732283459
20
-4.0721591338582677
11
5.8879253149606301
21
-4.0721170472440944
0
LINE
8
BLACK
6
CONTINUOUS
10
5.8879253149606301
20
-4.0721170472440944
11
5.8898000787401577
21
-4.0683675196850393
0
LINE
8
BLACK
6
CONTINUOUS
10
5.8898000787401577
20
-4.0683675196850393
11
5.8899561417322834
21
-4.0681194881889766
0
LINE
8
BLACK
6
CONTINUOUS
10
5.8899561417322834
20
-4.0681194881889766
11
5.8899859842519682
21
-4.0680475590551177
0
LINE
8
BLACK
6
CONTINUOUS
10
5.8899859842519682
20
-4.0680475590551177
11
5.8900524409448813
21
-4.0679665748031493
0
LINE
8
BLACK
6
CONTINUOUS
10
5.8900524409448813
20
-4.0679665748031493
11
5.8901084251968499
21
-4.0678776377952754
0
LINE
8
BLACK
6
CONTINUOUS
10
5.8901084251968499
20
-4.0678776377952754
11
5.8901674015748027
21
-4.067826456692913
0
LINE
8
BLACK
6
CONTINUOUS
10
5.8901674015748027
20
-4.067826456692913
11
5.8903531889763778
21
-4.0676001181102359
0
LINE
8
BLACK
6
CONTINUOUS
10
5.8903531889763778
20
-4.0676001181102359
11
5.8941027165354329
21
-4.0638505905511808
0
LINE
8
BLACK
6
CONTINUOUS
10
5.8941027165354329
20
-4.0638505905511808
11
5.8945501574803147
21
-4.0634833464566924
0
LINE
8
BLACK
6
CONTINUOUS
10
5.8945501574803147
20
-4.0634833464566924
11
5.8946481889763778
21
-4.063442716535433
0
LINE
8
BLACK
6
CONTINUOUS
10
5.8946481889763778
20
-4.063442716535433
11
5.8947283070866137
21
-4.0633732677165355
0
LINE
8
BLACK
6
CONTINUOUS
10
5.8947283070866137
20
-4.0633732677165355
11
5.8952568897637798
21
-4.0631372834645667
0
LINE
8
BLACK
6
CONTINUOUS
10
5.8952568897637798
20
-4.0631372834645667
11
5.9008811417322837
21
-4.0612625196850392
0
LINE
8
BLACK
6
CONTINUOUS
10
5.9008811417322837
20
-4.0612625196850392
11
5.9011667716535428
21
-4.0611975590551177
0
LINE
8
BLACK
6
CONTINUOUS
10
5.9011667716535428
20
-4.0611975590551177
11
5.9012388582677167
21
-4.061167716535433
0
LINE
8
BLACK
6
CONTINUOUS
10
5.9012388582677167
20
-4.061167716535433
11
5.9013433070866137
21
-4.0611574015748033
0
LINE
8
BLACK
6
CONTINUOUS
10
5.9013433070866137
20
-4.0611574015748033
11
5.9014455905511811
21
-4.0611341732283464
0
LINE
8
BLACK
6
CONTINUOUS
10
5.9014455905511811
20
-4.0611341732283464
11
5.901523307086614
21
-4.06113968503937
0
LINE
8
BLACK
6
CONTINUOUS
10
5.901523307086614
20
-4.06113968503937
11
5.9018149212598425
21
-4.0611109842519681
0
LINE
8
BLACK
6
CONTINUOUS
10
5.9018149212598425
20
-4.0611109842519681
11
5.9111887401574803
21
-4.0611109842519681
0
LINE
8
BLACK
6
CONTINUOUS
10
5.9111887401574803
20
-4.0611109842519681
11
5.9117648031496062
21
-4.061167716535433
0
LINE
8
BLACK
6
CONTINUOUS
10
5.8977856692913386
20
-4.0685192913385828
11
5.8948678346456695
21
-4.0714371259842519
0
LINE
8
BLACK
6
CONTINUOUS
10
5.8948678346456695
20
-4.0714371259842519
11
5.8933523228346454
21
-4.0744681102362206
0
LINE
8
BLACK
6
CONTINUOUS
10
5.8933523228346454
20
-4.0744681102362206
11
5.8916443307086617
21
-4.0813001574803147
0
LINE
8
BLACK
6
CONTINUOUS
10
5.8916443307086617
20
-4.0813001574803147
11
5.8916443307086617
21
-4.0861973622047243
0
LINE
8
BLACK
6
CONTINUOUS
10
5.8916443307086617
20
-4.0861973622047243
11
5.8933523228346454
21
-4.0930294094488184
0
LINE
8
BLACK
6
CONTINUOUS
10
5.8933523228346454
20
-4.0930294094488184
11
5.8948678346456695
21
-4.0960603937007871
0
LINE
8
BLACK
6
CONTINUOUS
10
5.8948678346456695
20
-4.0960603937007871
11
5.8977856692913386
21
-4.098978267716535
0
LINE
8
BLACK
6
CONTINUOUS
10
5.8977856692913386
20
-4.098978267716535
11
5.9022940551181104
21
-4.1004810629921256
0
LINE
8
BLACK
6
CONTINUOUS
10
5.9022940551181104
20
-4.1004810629921256
11
5.9082359842519683
21
-4.1004810629921256
0
LINE
8
BLACK
6
CONTINUOUS
10
5.9082359842519683
20
-4.1004810629921256
11
5.9082359842519683
21
-4.0670164960629922
0
LINE
8
BLACK
6
CONTINUOUS
10
5.9082359842519683
20
-4.0670164960629922
11
5.9022940551181104
21
-4.0670164960629922
0
LINE
8
BLACK
6
CONTINUOUS
10
5.9022940551181104
20
-4.0670164960629922
11
5.8977856692913386
21
-4.0685192913385828
0
LINE
8
BLACK
6
CONTINUOUS
10
5.2903549999999999
20
-4.0503409448818894
11
5.2904529921259842
21
-4.050381535433071
0
LINE
8
BLACK
6
CONTINUOUS
10
5.2904529921259842
20
-4.050381535433071
11
5.2905588188976376
21
-4.0503890551181101
0
LINE
8
BLACK
6
CONTINUOUS
10
5.2905588188976376
20
-4.0503890551181101
11
5.2910994488188976
21
-4.0505959448818896
0
LINE
8
BLACK
6
CONTINUOUS
10
5.2910994488188976
20
-4.0505959448818896
11
5.2948489763779527
21
-4.0524707086614171
0
LINE
8
BLACK
6
CONTINUOUS
10
5.2948489763779527
20
-4.0524707086614171
11
5.2950969685039366
21
-4.0526267716535429
0
LINE
8
BLACK
6
CONTINUOUS
10
5.2950969685039366
20
-4.0526267716535429
11
5.2951689370078743
21
-4.0526566141732285
0
LINE
8
BLACK
6
CONTINUOUS
10
5.2951689370078743
20
-4.0526566141732285
11
5.295249881889764
21
-4.0527230708661417
0
LINE
8
BLACK
6
CONTINUOUS
10
5.295249881889764
20
-4.0527230708661417
11
5.2953388582677166
21
-4.0527790551181102
0
LINE
8
BLACK
6
CONTINUOUS
10
5.2953388582677166
20
-4.0527790551181102
11
5.2953900000000003
21
-4.052838031496063
0
LINE
8
BLACK
6
CONTINUOUS
10
5.2953900000000003
20
-4.052838031496063
11
5.2956163779527561
21
-4.0530238188976373
0
LINE
8
BLACK
6
CONTINUOUS
10
5.2956163779527561
20
-4.0530238188976373
11
5.2974911417322836
21
-4.0548985826771649
0
LINE
8
BLACK
6
CONTINUOUS
10
5.2974911417322836
20
-4.0548985826771649
11
5.2978583464566924
21
-4.0553460236220475
0
LINE
8
BLACK
6
CONTINUOUS
10
5.2978583464566924
20
-4.0553460236220475
11
5.2982992519685039
21
-4.0564104330708659
0
LINE
8
BLACK
6
CONTINUOUS
10
5.2982992519685039
20
-4.0564104330708659
11
5.2982992519685039
21
-4.0575625196850389
0
LINE
8
BLACK
6
CONTINUOUS
10
5.2982992519685039
20
-4.0575625196850389
11
5.2978583464566924
21
-4.0586269291338581
0
LINE
8
BLACK
6
CONTINUOUS
10
5.2978583464566924
20
-4.0586269291338581
11
5.2970436614173231
21
-4.0594416141732284
0
LINE
8
BLACK
6
CONTINUOUS
10
5.2970436614173231
20
-4.0594416141732284
11
5.2959792519685038
21
-4.059882519685039
0
LINE
8
BLACK
6
CONTINUOUS
10
5.2959792519685038
20
-4.059882519685039
11
5.2948271653543308
21
-4.059882519685039
0
LINE
8
BLACK
6
CONTINUOUS
10
5.2948271653543308
20
-4.059882519685039
11
5.2937627559055116
21
-4.0594416141732284
0
LINE
8
BLACK
6
CONTINUOUS
10
5.2937627559055116
20
-4.0594416141732284
11
5.2933153149606298
21
-4.0590744094488187
0
LINE
8
BLACK
6
CONTINUOUS
10
5.2933153149606298
20
-4.0590744094488187
11
5.2917793700787401
21
-4.057538464566929
0
LINE
8
BLACK
6
CONTINUOUS
10
5.2917793700787401
20
-4.057538464566929
11
5.2890818897637795
21
-4.0561897244094487
0
LINE
8
BLACK
6
CONTINUOUS
10
5.2890818897637795
20
-4.0561897244094487
11
5.2811021653543309
21
-4.0561897244094487
0
LINE
8
BLACK
6
CONTINUOUS
10
5.2811021653543309
20
-4.0561897244094487
11
5.2784046850393702
21
-4.057538464566929
0
LINE
8
BLACK
6
CONTINUOUS
10
5.2784046850393702
20
-4.057538464566929
11
5.2772075590551184
21
-4.0587355905511808
0
LINE
8
BLACK
6
CONTINUOUS
10
5.2772075590551184
20
-4.0587355905511808
11
5.2758588188976381
21
-4.0614330708661415
0
LINE
8
BLACK
6
CONTINUOUS
10
5.2758588188976381
20
-4.0614330708661415
11
5.2758588188976381
21
-4.0640063779527562
0
LINE
8
BLACK
6
CONTINUOUS
10
5.2758588188976381
20
-4.0640063779527562
11
5.2773616141732278
21
-4.0685148031496059
0
LINE
8
BLACK
6
CONTINUOUS
10
5.2773616141732278
20
-4.0685148031496059
11
5.2993659055118112
21
-4.090519133858268
0
LINE
8
BLACK
6
CONTINUOUS
10
5.2993659055118112
20
-4.090519133858268
11
5.2997331496062987
21
-4.0909665748031498
0
LINE
8
BLACK
6
CONTINUOUS
10
5.2997331496062987
20
-4.0909665748031498
11
5.3001740157480315
21
-4.092031023622047
0
LINE
8
BLACK
6
CONTINUOUS
10
5.3001740157480315
20
-4.092031023622047
11
5.3001740157480315
21
-4.0931831102362199
0
LINE
8
BLACK
6
CONTINUOUS
10
5.3001740157480315
20
-4.0931831102362199
11
5.29973311023622
21
-4.0942475196850392
0
LINE
8
BLACK
6
CONTINUOUS
10
5.29973311023622
20
-4.0942475196850392
11
5.2989184645669294
21
-4.0950622047244094
0
LINE
8
BLACK
6
CONTINUOUS
10
5.2989184645669294
20
-4.0950622047244094
11
5.2981657874015751
21
-4.0953739370078743
0
LINE
8
BLACK
6
CONTINUOUS
10
5.2981657874015751
20
-4.0953739370078743
11
5.2978540551181101
21
-4.0955030708661413
0
LINE
8
BLACK
6
CONTINUOUS
10
5.2978540551181101
20
-4.0955030708661413
11
5.2972779921259843
21
-4.0955598031496061
0
LINE
8
BLACK
6
CONTINUOUS
10
5.2972779921259843
20
-4.0955598031496061
11
5.2729060629921261
21
-4.0955598031496061
0
LINE
8
BLACK
6
CONTINUOUS
10
5.2729060629921261
20
-4.0955598031496061
11
5.2723300000000002
21
-4.0955030708661413
0
LINE
8
BLACK
6
CONTINUOUS
10
5.2723300000000002
20
-4.0955030708661413
11
5.2712655905511809
21
-4.0950621653543307
0
LINE
8
BLACK
6
CONTINUOUS
10
5.2712655905511809
20
-4.0950621653543307
11
5.2704509448818895
21
-4.0942475196850392
0
LINE
8
BLACK
6
CONTINUOUS
10
5.2704509448818895
20
-4.0942475196850392
11
5.2700100393700788
21
-4.0931831102362199
0
LINE
8
BLACK
6
CONTINUOUS
10
5.2700100393700788
20
-4.0931831102362199
11
5.2700100393700788
21
-4.0920309842519682
0
LINE
8
BLACK
6
CONTINUOUS
10
5.2700100393700788
20
-4.0920309842519682
11
5.2704509448818895
21
-4.0909665748031498
0
LINE
8
BLACK
6
CONTINUOUS
10
5.2704509448818895
20
-4.0909665748031498
11
5.2712655905511809
21
-4.0901519291338584
0
LINE
8
BLACK
6
CONTINUOUS
10
5.2712655905511809
20
-4.0901519291338584
11
5.2723300000000002
21
-4.0897110236220469
0
LINE
8
BLACK
6
CONTINUOUS
10
5.2723300000000002
20
-4.0897110236220469
11
5.2729060629921261
21
-4.0896542913385829
0
LINE
8
BLACK
6
CONTINUOUS
10
5.2729060629921261
20
-4.0896542913385829
11
5.2901494094488184
21
-4.0896542913385829
0
LINE
8
BLACK
6
CONTINUOUS
10
5.2901494094488184
20
-4.0896542913385829
11
5.2726929133858267
21
-4.0721977559055116
0
LINE
8
BLACK
6
CONTINUOUS
10
5.2726929133858267
20
-4.0721977559055116
11
5.272325708661417
21
-4.0717503149606298
0
LINE
8
BLACK
6
CONTINUOUS
10
5.272325708661417
20
-4.0717503149606298
11
5.2722850787401576
21
-4.071652244094488
0
LINE
8
BLACK
6
CONTINUOUS
10
5.2722850787401576
20
-4.071652244094488
11
5.2722155905511814
21
-4.0715721259842521
0
LINE
8
BLACK
6
CONTINUOUS
10
5.2722155905511814
20
-4.0715721259842521
11
5.2719796062992126
21
-4.0710435826771656
0
LINE
8
BLACK
6
CONTINUOUS
10
5.2719796062992126
20
-4.0710435826771656
11
5.270104842519685
21
-4.0654192913385829
0
LINE
8
BLACK
6
CONTINUOUS
10
5.270104842519685
20
-4.0654192913385829
11
5.2700398818897636
21
-4.0651337007874018
0
LINE
8
BLACK
6
CONTINUOUS
10
5.2700398818897636
20
-4.0651337007874018
11
5.2700100393700788
21
-4.0650616141732279
0
LINE
8
BLACK
6
CONTINUOUS
10
5.2700100393700788
20
-4.0650616141732279
11
5.2699997244094483
21
-4.0649570866141733
0
LINE
8
BLACK
6
CONTINUOUS
10
5.2699997244094483
20
-4.0649570866141733
11
5.2699764960629922
21
-4.0648548425196847
0
LINE
8
BLACK
6
CONTINUOUS
10
5.2699764960629922
20
-4.0648548425196847
11
5.2699820078740158
21
-4.064777086614173
0
LINE
8
BLACK
6
CONTINUOUS
10
5.2699820078740158
20
-4.064777086614173
11
5.269953307086614
21
-4.064485551181102
0
LINE
8
BLACK
6
CONTINUOUS
10
5.269953307086614
20
-4.064485551181102
11
5.269953307086614
21
-4.0607360236220469
0
LINE
8
BLACK
6
CONTINUOUS
10
5.269953307086614
20
-4.0607360236220469
11
5.2700100393700788
21
-4.060159960629921
0
LINE
8
BLACK
6
CONTINUOUS
10
5.2700100393700788
20
-4.060159960629921
11
5.2700506299212595
21
-4.060061929133858
0
LINE
8
BLACK
6
CONTINUOUS
10
5.2700506299212595
20
-4.060061929133858
11
5.2700581496062995
21
-4.0599561417322834
0
LINE
8
BLACK
6
CONTINUOUS
10
5.2700581496062995
20
-4.0599561417322834
11
5.270265039370079
21
-4.0594155118110233
0
LINE
8
BLACK
6
CONTINUOUS
10
5.270265039370079
20
-4.0594155118110233
11
5.2721398031496065
21
-4.0556659842519682
0
LINE
8
BLACK
6
CONTINUOUS
10
5.2721398031496065
20
-4.0556659842519682
11
5.2722958661417323
21
-4.0554179527559056
0
LINE
8
BLACK
6
CONTINUOUS
10
5.2722958661417323
20
-4.0554179527559056
11
5.272325708661417
21
-4.0553460236220475
0
LINE
8
BLACK
6
CONTINUOUS
10
5.272325708661417
20
-4.0553460236220475
11
5.2723921653543302
21
-4.0552650393700782
0
LINE
8
BLACK
6
CONTINUOUS
10
5.2723921653543302
20
-4.0552650393700782
11
5.2724481496062987
21
-4.0551761023622044
0
LINE
8
BLACK
6
CONTINUOUS
10
5.2724481496062987
20
-4.0551761023622044
11
5.2725071259842515
21
-4.0551249212598428
0
LINE
8
BLACK
6
CONTINUOUS
10
5.2725071259842515
20
-4.0551249212598428
11
5.2726929133858267
21
-4.0548985826771649
0
LINE
8
BLACK
6
CONTINUOUS
10
5.2726929133858267
20
-4.0548985826771649
11
5.2745676771653542
21
-4.0530238188976373
0
LINE
8
BLACK
6
CONTINUOUS
10
5.2745676771653542
20
-4.0530238188976373
11
5.2747940157480313
21
-4.052838031496063
0
LINE
8
BLACK
6
CONTINUOUS
10
5.2747940157480313
20
-4.052838031496063
11
5.2748451968503938
21
-4.0527790551181102
0
LINE
8
BLACK
6
CONTINUOUS
10
5.2748451968503938
20
-4.0527790551181102
11
5.2749341338582676
21
-4.0527230708661417
0
LINE
8
BLACK
6
CONTINUOUS
10
5.2749341338582676
20
-4.0527230708661417
11
5.275015118110236
21
-4.0526566141732285
0
LINE
8
BLACK
6
CONTINUOUS
10
5.275015118110236
20
-4.0526566141732285
11
5.2750870472440941
21
-4.0526267716535429
0
LINE
8
BLACK
6
CONTINUOUS
10
5.2750870472440941
20
-4.0526267716535429
11
5.2753350787401576
21
-4.0524707086614171
0
LINE
8
BLACK
6
CONTINUOUS
10
5.2753350787401576
20
-4.0524707086614171
11
5.2790846062992127
21
-4.0505959448818896
0
LINE
8
BLACK
6
CONTINUOUS
10
5.2790846062992127
20
-4.0505959448818896
11
5.279625196850394
21
-4.0503890551181101
0
LINE
8
BLACK
6
CONTINUOUS
10
5.279625196850394
20
-4.0503890551181101
11
5.2797310629921261
21
-4.0503814960629922
0
LINE
8
BLACK
6
CONTINUOUS
10
5.2797310629921261
20
-4.0503814960629922
11
5.2798290551181104
21
-4.0503409448818894
0
LINE
8
BLACK
6
CONTINUOUS
10
5.2798290551181104
20
-4.0503409448818894
11
5.2804051181102363
21
-4.0502842125984255
0
LINE
8
BLACK
6
CONTINUOUS
10
5.2804051181102363
20
-4.0502842125984255
11
5.289778937007874
21
-4.0502842125984255
0
LINE
8
BLACK
6
CONTINUOUS
10
5.289778937007874
20
-4.0502842125984255
11
5.2903549999999999
21
-4.0503409448818894
0
LINE
8
BLACK
6
CONTINUOUS
10
5.3339673622047243
20
-4.0504844094488188
11
5.3349393700787404
21
-4.0511029527559055
0
LINE
8
BLACK
6
CONTINUOUS
10
5.3349393700787404
20
-4.0511029527559055
11
5.3356006299212595
21
-4.0520464173228348
0
LINE
8
BLACK
6
CONTINUOUS
10
5.3356006299212595
20
-4.0520464173228348
11
5.3358505511811023
21
-4.053171062992126
0
LINE
8
BLACK
6
CONTINUOUS
10
5.3358505511811023
20
-4.053171062992126
11
5.3356511023622044
21
-4.0543057480314957
0
LINE
8
BLACK
6
CONTINUOUS
10
5.3356511023622044
20
-4.0543057480314957
11
5.3353896850393703
21
-4.0548222047244096
0
LINE
8
BLACK
6
CONTINUOUS
10
5.3353896850393703
20
-4.0548222047244096
11
5.3227279527559057
21
-4.0747192125984251
0
LINE
8
BLACK
6
CONTINUOUS
10
5.3227279527559057
20
-4.0747192125984251
11
5.3227279527559057
21
-4.0926070472440941
0
LINE
8
BLACK
6
CONTINUOUS
10
5.3227279527559057
20
-4.0926070472440941
11
5.3226712204724409
21
-4.0931831102362199
0
LINE
8
BLACK
6
CONTINUOUS
10
5.3226712204724409
20
-4.0931831102362199
11
5.3222303149606294
21
-4.0942475196850392
0
LINE
8
BLACK
6
CONTINUOUS
10
5.3222303149606294
20
-4.0942475196850392
11
5.3214156692913388
21
-4.0950621653543307
0
LINE
8
BLACK
6
CONTINUOUS
10
5.3214156692913388
20
-4.0950621653543307
11
5.3203512598425196
21
-4.0955030708661413
0
LINE
8
BLACK
6
CONTINUOUS
10
5.3203512598425196
20
-4.0955030708661413
11
5.3191991338582678
21
-4.0955030708661413
0
LINE
8
BLACK
6
CONTINUOUS
10
5.3191991338582678
20
-4.0955030708661413
11
5.3181347244094486
21
-4.0950621653543307
0
LINE
8
BLACK
6
CONTINUOUS
10
5.3181347244094486
20
-4.0950621653543307
11
5.3173200787401571
21
-4.0942475196850392
0
LINE
8
BLACK
6
CONTINUOUS
10
5.3173200787401571
20
-4.0942475196850392
11
5.3168791732283465
21
-4.0931831102362199
0
LINE
8
BLACK
6
CONTINUOUS
10
5.3168791732283465
20
-4.0931831102362199
11
5.3168224409448817
21
-4.0926070472440941
0
LINE
8
BLACK
6
CONTINUOUS
10
5.3168224409448817
20
-4.0926070472440941
11
5.3168224409448817
21
-4.0747192519685038
0
LINE
8
BLACK
6
CONTINUOUS
10
5.3168224409448817
20
-4.0747192519685038
11
5.3041607086614171
21
-4.0548222440944883
0
LINE
8
BLACK
6
CONTINUOUS
10
5.3041607086614171
20
-4.0548222440944883
11
5.3038993307086617
21
-4.0543057874015744
0
LINE
8
BLACK
6
CONTINUOUS
10
5.3038993307086617
20
-4.0543057874015744
11
5.3036998425196851
21
-4.053171062992126
0
LINE
8
BLACK
6
CONTINUOUS
10
5.3036998425196851
20
-4.053171062992126
11
5.3039497637795279
21
-4.0520464173228348
0
LINE
8
BLACK
6
CONTINUOUS
10
5.3039497637795279
20
-4.0520464173228348
11
5.3046110629921257
21
-4.0511029921259842
0
LINE
8
BLACK
6
CONTINUOUS
10
5.3046110629921257
20
-4.0511029921259842
11
5.305583031496063
21
-4.0504844488188976
0
LINE
8
BLACK
6
CONTINUOUS
10
5.305583031496063
20
-4.0504844488188976
11
5.3067177559055114
21
-4.0502849606299209
0
LINE
8
BLACK
6
CONTINUOUS
10
5.3067177559055114
20
-4.0502849606299209
11
5.3078424015748027
21
-4.0505348818897637
0
LINE
8
BLACK
6
CONTINUOUS
10
5.3078424015748027
20
-4.0505348818897637
11
5.3087858267716532
21
-4.0511961811023625
0
LINE
8
BLACK
6
CONTINUOUS
10
5.3087858267716532
20
-4.0511961811023625
11
5.3091429921259845
21
-4.0516516929133859
0
LINE
8
BLACK
6
CONTINUOUS
10
5.3091429921259845
20
-4.0516516929133859
11
5.3197751574803149
21
-4.0683594488188977
0
LINE
8
BLACK
6
CONTINUOUS
10
5.3197751574803149
20
-4.0683594488188977
11
5.3304074015748029
21
-4.0516516929133859
0
LINE
8
BLACK
6
CONTINUOUS
10
5.3304074015748029
20
-4.0516516929133859
11
5.3307645669291341
21
-4.0511961417322837
0
LINE
8
BLACK
6
CONTINUOUS
10
5.3307645669291341
20
-4.0511961417322837
11
5.3317079921259838
21
-4.0505348818897637
0
LINE
8
BLACK
6
CONTINUOUS
10
5.3317079921259838
20
-4.0505348818897637
11
5.3328326377952751
21
-4.0502849606299209
0
LINE
8
BLACK
6
CONTINUOUS
10
5.3328326377952751
20
-4.0502849606299209
11
5.3339673622047243
21
-4.0504844094488188
0
LINE
8
BLACK
6
CONTINUOUS
10
6.385583700787401
20
-4.0404984251968505
11
6.3866481102362203
21
-4.0409393307086612
0
LINE
8
BLACK
6
CONTINUOUS
10
6.3866481102362203
20
-4.0409393307086612
11
6.3874627559055117
21
-4.0417539763779526
0
LINE
8
BLACK
6
CONTINUOUS
10
6.3874627559055117
20
-4.0417539763779526
11
6.3879036614173224
21
-4.0428183858267719
0
LINE
8
BLACK
6
CONTINUOUS
10
6.3879036614173224
20
-4.0428183858267719
11
6.3879603937007872
21
-4.0433944488188978
0
LINE
8
BLACK
6
CONTINUOUS
10
6.3879603937007872
20
-4.0433944488188978
11
6.3879603937007872
21
-4.0827645275590552
0
LINE
8
BLACK
6
CONTINUOUS
10
6.3879603937007872
20
-4.0827645275590552
11
6.3879036614173224
21
-4.083340590551181
0
LINE
8
BLACK
6
CONTINUOUS
10
6.3879036614173224
20
-4.083340590551181
11
6.3874627559055117
21
-4.0844050000000003
0
LINE
8
BLACK
6
CONTINUOUS
10
6.3874627559055117
20
-4.0844050000000003
11
6.387127598425197
21
-4.084740157480315
0
LINE
8
BLACK
6
CONTINUOUS
10
6.387127598425197
20
-4.084740157480315
11
6.5622480314960629
21
-4.084740157480315
0
LINE
8
BLACK
6
CONTINUOUS
10
6.5622480314960629
20
-4.084740157480315
11
6.5631520078740158
21
-4.0849199606299216
0
LINE
8
BLACK
6
CONTINUOUS
10
6.5631520078740158
20
-4.0849199606299216
11
6.564430433070866
21
-4.0861983858267719
0
LINE
8
BLACK
6
CONTINUOUS
10
6.564430433070866
20
-4.0861983858267719
11
6.564430433070866
21
-4.0880063385826775
0
LINE
8
BLACK
6
CONTINUOUS
10
6.564430433070866
20
-4.0880063385826775
11
6.5631520078740158
21
-4.0892847637795278
0
LINE
8
BLACK
6
CONTINUOUS
10
6.5631520078740158
20
-4.0892847637795278
11
6.5622480314960629
21
-4.0894645669291334
0
LINE
8
BLACK
6
CONTINUOUS
10
6.5622480314960629
20
-4.0894645669291334
11
6.3803582677165354
21
-4.0894645669291334
0
LINE
8
BLACK
6
CONTINUOUS
10
6.3803582677165354
20
-4.0894645669291334
11
6.3794542913385825
21
-4.0892847637795278
0
LINE
8
BLACK
6
CONTINUOUS
10
6.3794542913385825
20
-4.0892847637795278
11
6.3781758661417323
21
-4.0880063385826775
0
LINE
8
BLACK
6
CONTINUOUS
10
6.3781758661417323
20
-4.0880063385826775
11
6.3781758661417323
21
-4.0861983858267719
0
LINE
8
BLACK
6
CONTINUOUS
10
6.3781758661417323
20
-4.0861983858267719
11
6.3786569685039369
21
-4.0857172834645672
0
LINE
8
BLACK
6
CONTINUOUS
10
6.3786569685039369
20
-4.0857172834645672
11
6.3756338188976374
21
-4.0857172834645672
0
LINE
8
BLACK
6
CONTINUOUS
10
6.3756338188976374
20
-4.0857172834645672
11
6.3753422047244097
21
-4.0856885433070866
0
LINE
8
BLACK
6
CONTINUOUS
10
6.3753422047244097
20
-4.0856885433070866
11
6.375264488188976
21
-4.085694094488189
0
LINE
8
BLACK
6
CONTINUOUS
10
6.375264488188976
20
-4.085694094488189
11
6.3751622047244094
21
-4.0856708267716533
0
LINE
8
BLACK
6
CONTINUOUS
10
6.3751622047244094
20
-4.0856708267716533
11
6.3750577559055115
21
-4.0856605511811024
0
LINE
8
BLACK
6
CONTINUOUS
10
6.3750577559055115
20
-4.0856605511811024
11
6.3749856692913385
21
-4.0856306692913389
0
LINE
8
BLACK
6
CONTINUOUS
10
6.3749856692913385
20
-4.0856306692913389
11
6.3747000393700786
21
-4.0855657480314962
0
LINE
8
BLACK
6
CONTINUOUS
10
6.3747000393700786
20
-4.0855657480314962
11
6.3690757874015747
21
-4.0836909842519686
0
LINE
8
BLACK
6
CONTINUOUS
10
6.3690757874015747
20
-4.0836909842519686
11
6.3685472047244094
21
-4.0834549999999998
0
LINE
8
BLACK
6
CONTINUOUS
10
6.3685472047244094
20
-4.0834549999999998
11
6.3684670866141735
21
-4.0833855118110236
0
LINE
8
BLACK
6
CONTINUOUS
10
6.3684670866141735
20
-4.0833855118110236
11
6.3683690551181105
21
-4.0833449212598421
0
LINE
8
BLACK
6
CONTINUOUS
10
6.3683690551181105
20
-4.0833449212598421
11
6.3679216141732278
21
-4.0829776771653545
0
LINE
8
BLACK
6
CONTINUOUS
10
6.3679216141732278
20
-4.0829776771653545
11
6.3641720866141727
21
-4.0792281102362207
0
LINE
8
BLACK
6
CONTINUOUS
10
6.3641720866141727
20
-4.0792281102362207
11
6.3639862992125984
21
-4.0790017322834649
0
LINE
8
BLACK
6
CONTINUOUS
10
6.3639862992125984
20
-4.0790017322834649
11
6.3639273228346456
21
-4.0789505905511811
0
LINE
8
BLACK
6
CONTINUOUS
10
6.3639273228346456
20
-4.0789505905511811
11
6.3638713385826771
21
-4.0788616535433073
0
LINE
8
BLACK
6
CONTINUOUS
10
6.3638713385826771
20
-4.0788616535433073
11
6.3638048425196851
21
-4.0787806299212601
0
LINE
8
BLACK
6
CONTINUOUS
10
6.3638048425196851
20
-4.0787806299212601
11
6.3637749999999995
21
-4.078708582677165
0
LINE
8
BLACK
6
CONTINUOUS
10
6.3637749999999995
20
-4.078708582677165
11
6.3636189763779525
21
-4.0784607086614173
0
LINE
8
BLACK
6
CONTINUOUS
10
6.3636189763779525
20
-4.0784607086614173
11
6.3617442125984249
21
-4.0747111811023622
0
LINE
8
BLACK
6
CONTINUOUS
10
6.3617442125984249
20
-4.0747111811023622
11
6.3617280708661417
21
-4.0746690551181102
0
LINE
8
BLACK
6
CONTINUOUS
10
6.3617280708661417
20
-4.0746690551181102
11
6.3617153937007869
21
-4.0746519291338581
0
LINE
8
BLACK
6
CONTINUOUS
10
6.3617153937007869
20
-4.0746519291338581
11
6.3616289370078736
21
-4.0744099606299216
0
LINE
8
BLACK
6
CONTINUOUS
10
6.3616289370078736
20
-4.0744099606299216
11
6.3615373228346455
21
-4.0741705511811022
0
LINE
8
BLACK
6
CONTINUOUS
10
6.3615373228346455
20
-4.0741705511811022
11
6.361535787401575
21
-4.0741492913385828
0
LINE
8
BLACK
6
CONTINUOUS
10
6.361535787401575
20
-4.0741492913385828
11
6.3615206299212597
21
-4.074106811023622
0
LINE
8
BLACK
6
CONTINUOUS
10
6.3615206299212597
20
-4.074106811023622
11
6.3596458661417321
21
-4.0666077559055118
0
LINE
8
BLACK
6
CONTINUOUS
10
6.3596458661417321
20
-4.0666077559055118
11
6.3596310629921255
21
-4.0665078740157483
0
LINE
8
BLACK
6
CONTINUOUS
10
6.3596310629921255
20
-4.0665078740157483
11
6.3596144488188973
21
-4.0664676771653543
0
LINE
8
BLACK
6
CONTINUOUS
10
6.3596144488188973
20
-4.0664676771653543
11
6.3595930708661417
21
-4.0662506299212602
0
LINE
8
BLACK
6
CONTINUOUS
10
6.3595930708661417
20
-4.0662506299212602
11
6.3595612204724405
21
-4.0660351574803153
0
LINE
8
BLACK
6
CONTINUOUS
10
6.3595612204724405
20
-4.0660351574803153
11
6.3595675984251967
21
-4.065992125984252
0
LINE
8
BLACK
6
CONTINUOUS
10
6.3595675984251967
20
-4.065992125984252
11
6.3595577165354333
21
-4.0658916141732284
0
LINE
8
BLACK
6
CONTINUOUS
10
6.3595577165354333
20
-4.0658916141732284
11
6.3595577165354333
21
-4.0602673228346458
0
LINE
8
BLACK
6
CONTINUOUS
10
6.3595577165354333
20
-4.0602673228346458
11
6.3595675984251967
21
-4.0601667716535434
0
LINE
8
BLACK
6
CONTINUOUS
10
6.3595675984251967
20
-4.0601667716535434
11
6.3595612204724405
21
-4.0601237795275589
0
LINE
8
BLACK
6
CONTINUOUS
10
6.3595612204724405
20
-4.0601237795275589
11
6.3595930708661417
21
-4.0599082677165352
0
LINE
8
BLACK
6
CONTINUOUS
10
6.3595930708661417
20
-4.0599082677165352
11
6.3596144488188973
21
-4.0596912598425199
0
LINE
8
BLACK
6
CONTINUOUS
10
6.3596144488188973
20
-4.0596912598425199
11
6.3596310629921255
21
-4.0596510236220471
0
LINE
8
BLACK
6
CONTINUOUS
10
6.3596310629921255
20
-4.0596510236220471
11
6.3596458661417321
21
-4.0595511811023623
0
LINE
8
BLACK
6
CONTINUOUS
10
6.3596458661417321
20
-4.0595511811023623
11
6.3615206299212597
21
-4.0520521259842521
0
LINE
8
BLACK
6
CONTINUOUS
10
6.3615206299212597
20
-4.0520521259842521
11
6.361535787401575
21
-4.0520096062992126
0
LINE
8
BLACK
6
CONTINUOUS
10
6.361535787401575
20
-4.0520096062992126
11
6.3615373228346455
21
-4.0519883858267711
0
LINE
8
BLACK
6
CONTINUOUS
10
6.3615373228346455
20
-4.0519883858267711
11
6.3616289370078736
21
-4.0517489370078739
0
LINE
8
BLACK
6
CONTINUOUS
10
6.3616289370078736
20
-4.0517489370078739
11
6.3617153937007869
21
-4.0515070078740161
0
LINE
8
BLACK
6
CONTINUOUS
10
6.3617153937007869
20
-4.0515070078740161
11
6.3617280708661417
21
-4.0514898425196852
0
LINE
8
BLACK
6
CONTINUOUS
10
6.3617280708661417
20
-4.0514898425196852
11
6.3617442125984249
21
-4.051447755905512
0
LINE
8
BLACK
6
CONTINUOUS
10
6.3617442125984249
20
-4.051447755905512
11
6.3636189763779525
21
-4.0476982283464569
0
LINE
8
BLACK
6
CONTINUOUS
10
6.3636189763779525
20
-4.0476982283464569
11
6.3637750393700783
21
-4.0474501968503933
0
LINE
8
BLACK
6
CONTINUOUS
10
6.3637750393700783
20
-4.0474501968503933
11
6.3638048818897639
21
-4.0473782677165353
0
LINE
8
BLACK
6
CONTINUOUS
10
6.3638048818897639
20
-4.0473782677165353
11
6.3638713385826771
21
-4.0472972834645669
0
LINE
8
BLACK
6
CONTINUOUS
10
6.3638713385826771
20
-4.0472972834645669
11
6.3639273228346456
21
-4.047208346456693
0
LINE
8
BLACK
6
CONTINUOUS
10
6.3639273228346456
20
-4.047208346456693
11
6.3639862992125984
21
-4.0471571653543306
0
LINE
8
BLACK
6
CONTINUOUS
10
6.3639862992125984
20
-4.0471571653543306
11
6.3641720866141727
21
-4.0469308267716535
0
LINE
8
BLACK
6
CONTINUOUS
10
6.3641720866141727
20
-4.0469308267716535
11
6.3679216141732278
21
-4.0431812992125984
0
LINE
8
BLACK
6
CONTINUOUS
10
6.3679216141732278
20
-4.0431812992125984
11
6.3683690551181105
21
-4.04281405511811
0
LINE
8
BLACK
6
CONTINUOUS
10
6.3683690551181105
20
-4.04281405511811
11
6.3684670866141735
21
-4.0427734251968506
0
LINE
8
BLACK
6
CONTINUOUS
10
6.3684670866141735
20
-4.0427734251968506
11
6.3685472047244094
21
-4.0427039763779531
0
LINE
8
BLACK
6
CONTINUOUS
10
6.3685472047244094
20
-4.0427039763779531
11
6.3690757874015747
21
-4.0424679921259843
0
LINE
8
BLACK
6
CONTINUOUS
10
6.3690757874015747
20
-4.0424679921259843
11
6.3747000393700786
21
-4.0405932283464567
0
LINE
8
BLACK
6
CONTINUOUS
10
6.3747000393700786
20
-4.0405932283464567
11
6.3749856692913385
21
-4.0405282677165353
0
LINE
8
BLACK
6
CONTINUOUS
10
6.3749856692913385
20
-4.0405282677165353
11
6.3750577559055115
21
-4.0404984251968505
0
LINE
8
BLACK
6
CONTINUOUS
10
6.3750577559055115
20
-4.0404984251968505
11
6.3751622047244094
21
-4.04048811023622
0
LINE
8
BLACK
6
CONTINUOUS
10
6.3751622047244094
20
-4.04048811023622
11
6.375264488188976
21
-4.0404648818897639
0
LINE
8
BLACK
6
CONTINUOUS
10
6.375264488188976
20
-4.0404648818897639
11
6.3753422047244097
21
-4.0404703937007875
0
LINE
8
BLACK
6
CONTINUOUS
10
6.3753422047244097
20
-4.0404703937007875
11
6.3756338188976374
21
-4.0404416929133857
0
LINE
8
BLACK
6
CONTINUOUS
10
6.3756338188976374
20
-4.0404416929133857
11
6.3850076377952751
21
-4.0404416929133857
0
LINE
8
BLACK
6
CONTINUOUS
10
6.3850076377952751
20
-4.0404416929133857
11
6.385583700787401
21
-4.0404984251968505
0
LINE
8
BLACK
6
CONTINUOUS
10
6.3716045669291335
20
-4.0478499999999995
11
6.3686867322834644
21
-4.0507678346456695
0
LINE
8
BLACK
6
CONTINUOUS
10
6.3686867322834644
20
-4.0507678346456695
11
6.3671712204724411
21
-4.0537988188976373
0
LINE
8
BLACK
6
CONTINUOUS
10
6.3671712204724411
20
-4.0537988188976373
11
6.3654632283464565
21
-4.0606308661417323
0
LINE
8
BLACK
6
CONTINUOUS
10
6.3654632283464565
20
-4.0606308661417323
11
6.3654632283464565
21
-4.0655280708661419
0
LINE
8
BLACK
6
CONTINUOUS
10
6.3654632283464565
20
-4.0655280708661419
11
6.3671712204724411
21
-4.072360118110236
0
LINE
8
BLACK
6
CONTINUOUS
10
6.3671712204724411
20
-4.072360118110236
11
6.3686867322834644
21
-4.0753911023622047
0
LINE
8
BLACK
6
CONTINUOUS
10
6.3686867322834644
20
-4.0753911023622047
11
6.3716045669291335
21
-4.0783089763779525
0
LINE
8
BLACK
6
CONTINUOUS
10
6.3716045669291335
20
-4.0783089763779525
11
6.3761129527559053
21
-4.0798117716535431
0
LINE
8
BLACK
6
CONTINUOUS
10
6.3761129527559053
20
-4.0798117716535431
11
6.382054881889764
21
-4.0798117716535431
0
LINE
8
BLACK
6
CONTINUOUS
10
6.382054881889764
20
-4.0798117716535431
11
6.382054881889764
21
-4.0463472047244098
0
LINE
8
BLACK
6
CONTINUOUS
10
6.382054881889764
20
-4.0463472047244098
11
6.3761129527559053
21
-4.0463472047244098
0
LINE
8
BLACK
6
CONTINUOUS
10
6.3761129527559053
20
-4.0463472047244098
11
6.3716045669291335
21
-4.0478499999999995
0
LINE
8
BLACK
6
CONTINUOUS
10
6.3424640944881885
20
-4.0404984251968505
11
6.3425620866141728
21
-4.0405390157480312
0
LINE
8
BLACK
6
CONTINUOUS
10
6.3425620866141728
20
-4.0405390157480312
11
6.342667913385827
21
-4.0405465354330712
0
LINE
8
BLACK
6
CONTINUOUS
10
6.342667913385827
20
-4.0405465354330712
11
6.3432085433070862
21
-4.0407534251968507
0
LINE
8
BLACK
6
CONTINUOUS
10
6.3432085433070862
20
-4.0407534251968507
11
6.3469580708661413
21
-4.0426281889763782
0
LINE
8
BLACK
6
CONTINUOUS
10
6.3469580708661413
20
-4.0426281889763782
11
6.3472060629921261
21
-4.042784251968504
0
LINE
8
BLACK
6
CONTINUOUS
10
6.3472060629921261
20
-4.042784251968504
11
6.3472780314960628
21
-4.0428140944881887
0
LINE
8
BLACK
6
CONTINUOUS
10
6.3472780314960628
20
-4.0428140944881887
11
6.3473589763779525
21
-4.0428805511811019
0
LINE
8
BLACK
6
CONTINUOUS
10
6.3473589763779525
20
-4.0428805511811019
11
6.3474479527559051
21
-4.0429365354330704
0
LINE
8
BLACK
6
CONTINUOUS
10
6.3474479527559051
20
-4.0429365354330704
11
6.3474990944881888
21
-4.0429955118110232
0
LINE
8
BLACK
6
CONTINUOUS
10
6.3474990944881888
20
-4.0429955118110232
11
6.3477254724409446
21
-4.0431812992125984
0
LINE
8
BLACK
6
CONTINUOUS
10
6.3477254724409446
20
-4.0431812992125984
11
6.3496002362204722
21
-4.0450560629921259
0
LINE
8
BLACK
6
CONTINUOUS
10
6.3496002362204722
20
-4.0450560629921259
11
6.3499674409448819
21
-4.0455035039370077
0
LINE
8
BLACK
6
CONTINUOUS
10
6.3499674409448819
20
-4.0455035039370077
11
6.3504083464566925
21
-4.046567913385827
0
LINE
8
BLACK
6
CONTINUOUS
10
6.3504083464566925
20
-4.046567913385827
11
6.3504083464566925
21
-4.04772
0
LINE
8
BLACK
6
CONTINUOUS
10
6.3504083464566925
20
-4.04772
11
6.3499674409448819
21
-4.0487844094488192
0
LINE
8
BLACK
6
CONTINUOUS
10
6.3499674409448819
20
-4.0487844094488192
11
6.3491527559055116
21
-4.0495990944881886
0
LINE
8
BLACK
6
CONTINUOUS
10
6.3491527559055116
20
-4.0495990944881886
11
6.3480883464566924
21
-4.0500400000000001
0
LINE
8
BLACK
6
CONTINUOUS
10
6.3480883464566924
20
-4.0500400000000001
11
6.3469362598425194
21
-4.0500400000000001
0
LINE
8
BLACK
6
CONTINUOUS
10
6.3469362598425194
20
-4.0500400000000001
11
6.3458718503937011
21
-4.0495990944881886
0
LINE
8
BLACK
6
CONTINUOUS
10
6.3458718503937011
20
-4.0495990944881886
11
6.3454244094488184
21
-4.0492318897637798
0
LINE
8
BLACK
6
CONTINUOUS
10
6.3454244094488184
20
-4.0492318897637798
11
6.3438884645669287
21
-4.0476959448818901
0
LINE
8
BLACK
6
CONTINUOUS
10
6.3438884645669287
20
-4.0476959448818901
11
6.341190984251968
21
-4.0463472047244098
0
LINE
8
BLACK
6
CONTINUOUS
10
6.341190984251968
20
-4.0463472047244098
11
6.3332112598425194
21
-4.0463472047244098
0
LINE
8
BLACK
6
CONTINUOUS
10
6.3332112598425194
20
-4.0463472047244098
11
6.3305137795275588
21
-4.0476959448818901
0
LINE
8
BLACK
6
CONTINUOUS
10
6.3305137795275588
20
-4.0476959448818901
11
6.329316653543307
21
-4.0488930708661419
0
LINE
8
BLACK
6
CONTINUOUS
10
6.329316653543307
20
-4.0488930708661419
11
6.3279679133858266
21
-4.0515905511811026
0
LINE
8
BLACK
6
CONTINUOUS
10
6.3279679133858266
20
-4.0515905511811026
11
6.3279679133858266
21
-4.0541638582677164
0
LINE
8
BLACK
6
CONTINUOUS
10
6.3279679133858266
20
-4.0541638582677164
11
6.3294707086614173
21
-4.058672283464567
0
LINE
8
BLACK
6
CONTINUOUS
10
6.3294707086614173
20
-4.058672283464567
11
6.3514749999999998
21
-4.0806766141732282
0
LINE
8
BLACK
6
CONTINUOUS
10
6.3514749999999998
20
-4.0806766141732282
11
6.3518422440944882
21
-4.08112405511811
0
LINE
8
BLACK
6
CONTINUOUS
10
6.3518422440944882
20
-4.08112405511811
11
6.3522831102362201
21
-4.0821885039370081
0
LINE
8
BLACK
6
CONTINUOUS
10
6.3522831102362201
20
-4.0821885039370081
11
6.3522831102362201
21
-4.083340590551181
0
LINE
8
BLACK
6
CONTINUOUS
10
6.3522831102362201
20
-4.083340590551181
11
6.3518422047244094
21
-4.0844050000000003
0
LINE
8
BLACK
6
CONTINUOUS
10
6.3518422047244094
20
-4.0844050000000003
11
6.351027559055118
21
-4.0852196850393696
0
LINE
8
BLACK
6
CONTINUOUS
10
6.351027559055118
20
-4.0852196850393696
11
6.3502748818897636
21
-4.0855314173228345
0
LINE
8
BLACK
6
CONTINUOUS
10
6.3502748818897636
20
-4.0855314173228345
11
6.3499631496062987
21
-4.0856605511811024
0
LINE
8
BLACK
6
CONTINUOUS
10
6.3499631496062987
20
-4.0856605511811024
11
6.3493870866141728
21
-4.0857172834645672
0
LINE
8
BLACK
6
CONTINUOUS
10
6.3493870866141728
20
-4.0857172834645672
11
6.3250151574803146
21
-4.0857172834645672
0
LINE
8
BLACK
6
CONTINUOUS
10
6.3250151574803146
20
-4.0857172834645672
11
6.3244390944881888
21
-4.0856605511811024
0
LINE
8
BLACK
6
CONTINUOUS
10
6.3244390944881888
20
-4.0856605511811024
11
6.3233746850393695
21
-4.0852196456692909
0
LINE
8
BLACK
6
CONTINUOUS
10
6.3233746850393695
20
-4.0852196456692909
11
6.3225600393700789
21
-4.0844050000000003
0
LINE
8
BLACK
6
CONTINUOUS
10
6.3225600393700789
20
-4.0844050000000003
11
6.3221191338582674
21
-4.083340590551181
0
LINE
8
BLACK
6
CONTINUOUS
10
6.3221191338582674
20
-4.083340590551181
11
6.3221191338582674
21
-4.0821884645669293
0
LINE
8
BLACK
6
CONTINUOUS
10
6.3221191338582674
20
-4.0821884645669293
11
6.3225600393700789
21
-4.08112405511811
0
LINE
8
BLACK
6
CONTINUOUS
10
6.3225600393700789
20
-4.08112405511811
11
6.3233746850393695
21
-4.0803094094488186
0
LINE
8
BLACK
6
CONTINUOUS
10
6.3233746850393695
20
-4.0803094094488186
11
6.3244390944881888
21
-4.079868503937008
0
LINE
8
BLACK
6
CONTINUOUS
10
6.3244390944881888
20
-4.079868503937008
11
6.3250151574803146
21
-4.0798117716535431
0
LINE
8
BLACK
6
CONTINUOUS
10
6.3250151574803146
20
-4.0798117716535431
11
6.3422585039370079
21
-4.0798117716535431
0
LINE
8
BLACK
6
CONTINUOUS
10
6.3422585039370079
20
-4.0798117716535431
11
6.3248020078740153
21
-4.0623552362204727
0
LINE
8
BLACK
6
CONTINUOUS
10
6.3248020078740153
20
-4.0623552362204727
11
6.3244348031496065
21
-4.0619077952755909
0
LINE
8
BLACK
6
CONTINUOUS
10
6.3244348031496065
20
-4.0619077952755909
11
6.3243941732283462
21
-4.0618097244094491
0
LINE
8
BLACK
6
CONTINUOUS
10
6.3243941732283462
20
-4.0618097244094491
11
6.32432468503937
21
-4.0617296062992123
0
LINE
8
BLACK
6
CONTINUOUS
10
6.32432468503937
20
-4.0617296062992123
11
6.3240887007874012
21
-4.0612010629921258
0
LINE
8
BLACK
6
CONTINUOUS
10
6.3240887007874012
20
-4.0612010629921258
11
6.3222139370078736
21
-4.0555767716535431
0
LINE
8
BLACK
6
CONTINUOUS
10
6.3222139370078736
20
-4.0555767716535431
11
6.322148976377953
21
-4.055291181102362
0
LINE
8
BLACK
6
CONTINUOUS
10
6.322148976377953
20
-4.055291181102362
11
6.3221191338582674
21
-4.055219094488189
0
LINE
8
BLACK
6
CONTINUOUS
10
6.3221191338582674
20
-4.055219094488189
11
6.3221088188976378
21
-4.0551145669291335
0
LINE
8
BLACK
6
CONTINUOUS
10
6.3221088188976378
20
-4.0551145669291335
11
6.3220855905511808
21
-4.0550123228346457
0
LINE
8
BLACK
6
CONTINUOUS
10
6.3220855905511808
20
-4.0550123228346457
11
6.3220911023622044
21
-4.0549345669291341
0
LINE
8
BLACK
6
CONTINUOUS
10
6.3220911023622044
20
-4.0549345669291341
11
6.3220624015748026
21
-4.0546430314960631
0
LINE
8
BLACK
6
CONTINUOUS
10
6.3220624015748026
20
-4.0546430314960631
11
6.3220624015748026
21
-4.050893503937008
0
LINE
8
BLACK
6
CONTINUOUS
10
6.3220624015748026
20
-4.050893503937008
11
6.3221191338582674
21
-4.0503174409448821
0
LINE
8
BLACK
6
CONTINUOUS
10
6.3221191338582674
20
-4.0503174409448821
11
6.322159724409449
21
-4.0502194094488191
0
LINE
8
BLACK
6
CONTINUOUS
10
6.322159724409449
20
-4.0502194094488191
11
6.322167244094488
21
-4.0501136220472436
0
LINE
8
BLACK
6
CONTINUOUS
10
6.322167244094488
20
-4.0501136220472436
11
6.3223741338582675
21
-4.0495729921259844
0
LINE
8
BLACK
6
CONTINUOUS
10
6.3223741338582675
20
-4.0495729921259844
11
6.3242488976377951
21
-4.0458234645669293
0
LINE
8
BLACK
6
CONTINUOUS
10
6.3242488976377951
20
-4.0458234645669293
11
6.3244049606299209
21
-4.0455754330708658
0
LINE
8
BLACK
6
CONTINUOUS
10
6.3244049606299209
20
-4.0455754330708658
11
6.3244348031496065
21
-4.0455035039370077
0
LINE
8
BLACK
6
CONTINUOUS
10
6.3244348031496065
20
-4.0455035039370077
11
6.3245012598425197
21
-4.0454225196850393
0
LINE
8
BLACK
6
CONTINUOUS
10
6.3245012598425197
20
-4.0454225196850393
11
6.3245572440944882
21
-4.0453335826771655
0
LINE
8
BLACK
6
CONTINUOUS
10
6.3245572440944882
20
-4.0453335826771655
11
6.324616220472441
21
-4.045282401574803
0
LINE
8
BLACK
6
CONTINUOUS
10
6.324616220472441
20
-4.045282401574803
11
6.3248020078740153
21
-4.0450560629921259
0
LINE
8
BLACK
6
CONTINUOUS
10
6.3248020078740153
20
-4.0450560629921259
11
6.3266767716535428
21
-4.0431812992125984
0
LINE
8
BLACK
6
CONTINUOUS
10
6.3266767716535428
20
-4.0431812992125984
11
6.3269031102362208
21
-4.0429955118110232
0
LINE
8
BLACK
6
CONTINUOUS
10
6.3269031102362208
20
-4.0429955118110232
11
6.3269542913385823
21
-4.0429365354330704
0
LINE
8
BLACK
6
CONTINUOUS
10
6.3269542913385823
20
-4.0429365354330704
11
6.3270432283464562
21
-4.0428805511811019
0
LINE
8
BLACK
6
CONTINUOUS
10
6.3270432283464562
20
-4.0428805511811019
11
6.3271242125984246
21
-4.0428140944881887
0
LINE
8
BLACK
6
CONTINUOUS
10
6.3271242125984246
20
-4.0428140944881887
11
6.3271961417322835
21
-4.042784251968504
0
LINE
8
BLACK
6
CONTINUOUS
10
6.3271961417322835
20
-4.042784251968504
11
6.3274441732283462
21
-4.0426281889763782
0
LINE
8
BLACK
6
CONTINUOUS
10
6.3274441732283462
20
-4.0426281889763782
11
6.3311937007874013
21
-4.0407534251968507
0
LINE
8
BLACK
6
CONTINUOUS
10
6.3311937007874013
20
-4.0407534251968507
11
6.3317342913385826
21
-4.0405465354330712
0
LINE
8
BLACK
6
CONTINUOUS
10
6.3317342913385826
20
-4.0405465354330712
11
6.3318401574803147
21
-4.0405389763779525
0
LINE
8
BLACK
6
CONTINUOUS
10
6.3318401574803147
20
-4.0405389763779525
11
6.331938149606299
21
-4.0404984251968505
0
LINE
8
BLACK
6
CONTINUOUS
10
6.331938149606299
20
-4.0404984251968505
11
6.3325142125984248
21
-4.0404416929133857
0
LINE
8
BLACK
6
CONTINUOUS
10
6.3325142125984248
20
-4.0404416929133857
11
6.3418880314960626
21
-4.0404416929133857
0
LINE
8
BLACK
6
CONTINUOUS
10
6.3418880314960626
20
-4.0404416929133857
11
6.3424640944881885
21
-4.0404984251968505
0
LINE
8
BLACK
6
CONTINUOUS
10
5.4131805905511809
20
-4.0490544488188975
11
5.4141022834645671
21
-4.0497457086614173
0
LINE
8
BLACK
6
CONTINUOUS
10
5.4141022834645671
20
-4.0497457086614173
11
5.4146892519685039
21
-4.0507370866141734
0
LINE
8
BLACK
6
CONTINUOUS
10
5.4146892519685039
20
-4.0507370866141734
11
5.4148522047244096
21
-4.0518775984251967
0
LINE
8
BLACK
6
CONTINUOUS
10
5.4148522047244096
20
-4.0518775984251967
11
5.4145662598425197
21
-4.0529936614173225
0
LINE
8
BLACK
6
CONTINUOUS
10
5.4145662598425197
20
-4.0529936614173225
11
5.414266023622047
21
-4.0534885433070862
0
LINE
8
BLACK
6
CONTINUOUS
10
5.414266023622047
20
-4.0534885433070862
11
5.4109534251968503
21
-4.0579052755905511
0
LINE
8
BLACK
6
CONTINUOUS
10
5.4109534251968503
20
-4.0579052755905511
11
5.4167499606299208
21
-4.0602238976377949
0
LINE
8
BLACK
6
CONTINUOUS
10
5.4167499606299208
20
-4.0602238976377949
11
5.4172637401574804
21
-4.0604905118110235
0
LINE
8
BLACK
6
CONTINUOUS
10
5.4172637401574804
20
-4.0604905118110235
11
5.4180883070866139
21
-4.0612951968503932
0
LINE
8
BLACK
6
CONTINUOUS
10
5.4180883070866139
20
-4.0612951968503932
11
5.4185421259842519
21
-4.0623541338582676
0
LINE
8
BLACK
6
CONTINUOUS
10
5.4185421259842519
20
-4.0623541338582676
11
5.4185561811023621
21
-4.0635061811023618
0
LINE
8
BLACK
6
CONTINUOUS
10
5.4185561811023621
20
-4.0635061811023618
11
5.4181282677165354
21
-4.0645759055118109
0
LINE
8
BLACK
6
CONTINUOUS
10
5.4181282677165354
20
-4.0645759055118109
11
5.4173236220472436
21
-4.0654004330708657
0
LINE
8
BLACK
6
CONTINUOUS
10
5.4173236220472436
20
-4.0654004330708657
11
5.4162646850393701
21
-4.0658542519685037
0
LINE
8
BLACK
6
CONTINUOUS
10
5.4162646850393701
20
-4.0658542519685037
11
5.4151126377952759
21
-4.065868307086614
0
LINE
8
BLACK
6
CONTINUOUS
10
5.4151126377952759
20
-4.065868307086614
11
5.4145567322834642
21
-4.0657070472440946
0
LINE
8
BLACK
6
CONTINUOUS
10
5.4145567322834642
20
-4.0657070472440946
11
5.4092322834645667
21
-4.0635772440944882
0
LINE
8
BLACK
6
CONTINUOUS
10
5.4092322834645667
20
-4.0635772440944882
11
5.4092322834645667
21
-4.0685897637795279
0
LINE
8
BLACK
6
CONTINUOUS
10
5.4092322834645667
20
-4.0685897637795279
11
5.4091755511811019
21
-4.0691658267716537
0
LINE
8
BLACK
6
CONTINUOUS
10
5.4091755511811019
20
-4.0691658267716537
11
5.4087346456692913
21
-4.0702302362204721
0
LINE
8
BLACK
6
CONTINUOUS
10
5.4087346456692913
20
-4.0702302362204721
11
5.4079199999999998
21
-4.0710448818897635
0
LINE
8
BLACK
6
CONTINUOUS
10
5.4079199999999998
20
-4.0710448818897635
11
5.4068555905511806
21
-4.0714857874015751
0
LINE
8
BLACK
6
CONTINUOUS
10
5.4068555905511806
20
-4.0714857874015751
11
5.4057034645669289
21
-4.0714857874015751
0
LINE
8
BLACK
6
CONTINUOUS
10
5.4057034645669289
20
-4.0714857874015751
11
5.4046390551181105
21
-4.0710448818897635
0
LINE
8
BLACK
6
CONTINUOUS
10
5.4046390551181105
20
-4.0710448818897635
11
5.403824409448819
21
-4.0702302362204721
0
LINE
8
BLACK
6
CONTINUOUS
10
5.403824409448819
20
-4.0702302362204721
11
5.4033835039370075
21
-4.0691658267716537
0
LINE
8
BLACK
6
CONTINUOUS
10
5.4033835039370075
20
-4.0691658267716537
11
5.4033267716535436
21
-4.0685897637795279
0
LINE
8
BLACK
6
CONTINUOUS
10
5.4033267716535436
20
-4.0685897637795279
11
5.4033267716535436
21
-4.0635772440944882
0
LINE
8
BLACK
6
CONTINUOUS
10
5.4033267716535436
20
-4.0635772440944882
11
5.3980023228346452
21
-4.0657070472440946
0
LINE
8
BLACK
6
CONTINUOUS
10
5.3980023228346452
20
-4.0657070472440946
11
5.3974464173228345
21
-4.065868307086614
0
LINE
8
BLACK
6
CONTINUOUS
10
5.3974464173228345
20
-4.065868307086614
11
5.3962943700787402
21
-4.0658542519685037
0
LINE
8
BLACK
6
CONTINUOUS
10
5.3962943700787402
20
-4.0658542519685037
11
5.3952354330708658
21
-4.0654004330708657
0
LINE
8
BLACK
6
CONTINUOUS
10
5.3952354330708658
20
-4.0654004330708657
11
5.3944307480314961
21
-4.0645759055118109
0
LINE
8
BLACK
6
CONTINUOUS
10
5.3944307480314961
20
-4.0645759055118109
11
5.3940028740157482
21
-4.0635061811023618
0
LINE
8
BLACK
6
CONTINUOUS
10
5.3940028740157482
20
-4.0635061811023618
11
5.3940169291338584
21
-4.0623541338582676
0
LINE
8
BLACK
6
CONTINUOUS
10
5.3940169291338584
20
-4.0623541338582676
11
5.3944707480314955
21
-4.0612951968503932
0
LINE
8
BLACK
6
CONTINUOUS
10
5.3944707480314955
20
-4.0612951968503932
11
5.3952952755905512
21
-4.0604905118110235
0
LINE
8
BLACK
6
CONTINUOUS
10
5.3952952755905512
20
-4.0604905118110235
11
5.3958090944881887
21
-4.0602238976377949
0
LINE
8
BLACK
6
CONTINUOUS
10
5.3958090944881887
20
-4.0602238976377949
11
5.4016055905511813
21
-4.0579052755905511
0
LINE
8
BLACK
6
CONTINUOUS
10
5.4016055905511813
20
-4.0579052755905511
11
5.3982930314960624
21
-4.0534885433070862
0
LINE
8
BLACK
6
CONTINUOUS
10
5.3982930314960624
20
-4.0534885433070862
11
5.3979927952755906
21
-4.0529936614173225
0
LINE
8
BLACK
6
CONTINUOUS
10
5.3979927952755906
20
-4.0529936614173225
11
5.3977068503937007
21
-4.0518775984251967
0
LINE
8
BLACK
6
CONTINUOUS
10
5.3977068503937007
20
-4.0518775984251967
11
5.3978698031496064
21
-4.0507370866141734
0
LINE
8
BLACK
6
CONTINUOUS
10
5.3978698031496064
20
-4.0507370866141734
11
5.3984567716535432
21
-4.0497457086614173
0
LINE
8
BLACK
6
CONTINUOUS
10
5.3984567716535432
20
-4.0497457086614173
11
5.3993784645669294
21
-4.0490544488188975
0
LINE
8
BLACK
6
CONTINUOUS
10
5.3993784645669294
20
-4.0490544488188975
11
5.4004945275590552
21
-4.0487685039370076
0
LINE
8
BLACK
6
CONTINUOUS
10
5.4004945275590552
20
-4.0487685039370076
11
5.4016350393700785
21
-4.0489314566929133
0
LINE
8
BLACK
6
CONTINUOUS
10
5.4016350393700785
20
-4.0489314566929133
11
5.4026264173228347
21
-4.0495184251968501
0
LINE
8
BLACK
6
CONTINUOUS
10
5.4026264173228347
20
-4.0495184251968501
11
5.4030174409448817
21
-4.0499452362204726
0
LINE
8
BLACK
6
CONTINUOUS
10
5.4030174409448817
20
-4.0499452362204726
11
5.4062795275590547
21
-4.0542946850393697
0
LINE
8
BLACK
6
CONTINUOUS
10
5.4062795275590547
20
-4.0542946850393697
11
5.4095416141732287
21
-4.0499452362204726
0
LINE
8
BLACK
6
CONTINUOUS
10
5.4095416141732287
20
-4.0499452362204726
11
5.4099326377952757
21
-4.0495184251968501
0
LINE
8
BLACK
6
CONTINUOUS
10
5.4099326377952757
20
-4.0495184251968501
11
5.4109240157480309
21
-4.0489314566929133
0
LINE
8
BLACK
6
CONTINUOUS
10
5.4109240157480309
20
-4.0489314566929133
11
5.4120645275590551
21
-4.0487685039370076
0
LINE
8
BLACK
6
CONTINUOUS
10
5.4120645275590551
20
-4.0487685039370076
11
5.4131805905511809
21
-4.0490544488188975
0
LINE
8
BLACK
6
CONTINUOUS
10
5.9224039763779528
20
-3.980589251968504
11
5.9236824015748031
21
-3.9818676771653543
0
LINE
8
BLACK
6
CONTINUOUS
10
5.9236824015748031
20
-3.9818676771653543
11
5.9236824015748031
21
-3.9836756299212599
0
LINE
8
BLACK
6
CONTINUOUS
10
5.9236824015748031
20
-3.9836756299212599
11
5.9224039763779528
21
-3.9849540551181102
0
LINE
8
BLACK
6
CONTINUOUS
10
5.9224039763779528
20
-3.9849540551181102
11
5.9215
21
-3.9851338582677163
0
LINE
8
BLACK
6
CONTINUOUS
10
5.9215
20
-3.9851338582677163
11
5.8181535433070861
21
-3.9851338582677163
0
LINE
8
BLACK
6
CONTINUOUS
10
5.8181535433070861
20
-3.9851338582677163
11
5.8181535433070861
21
-4.056
0
LINE
8
BLACK
6
CONTINUOUS
10
5.8181535433070861
20
-4.056
11
5.9215
21
-4.056
0
LINE
8
BLACK
6
CONTINUOUS
10
5.9215
20
-4.056
11
5.9224039763779528
21
-4.0561798031496066
0
LINE
8
BLACK
6
CONTINUOUS
10
5.9224039763779528
20
-4.0561798031496066
11
5.9236824015748031
21
-4.0574582283464569
0
LINE
8
BLACK
6
CONTINUOUS
10
5.9236824015748031
20
-4.0574582283464569
11
5.9236824015748031
21
-4.0592661811023625
0
LINE
8
BLACK
6
CONTINUOUS
10
5.9236824015748031
20
-4.0592661811023625
11
5.9224039763779528
21
-4.0605446062992128
0
LINE
8
BLACK
6
CONTINUOUS
10
5.9224039763779528
20
-4.0605446062992128
11
5.9215
21
-4.0607244094488184
0
LINE
8
BLACK
6
CONTINUOUS
10
5.9215
20
-4.0607244094488184
11
5.8157913385826774
21
-4.0607244094488184
0
LINE
8
BLACK
6
CONTINUOUS
10
5.8157913385826774
20
-4.0607244094488184
11
5.8148873622047246
21
-4.0605446062992128
0
LINE
8
BLACK
6
CONTINUOUS
10
5.8148873622047246
20
-4.0605446062992128
11
5.8136089370078743
21
-4.0592661811023625
0
LINE
8
BLACK
6
CONTINUOUS
10
5.8136089370078743
20
-4.0592661811023625
11
5.8134291338582678
21
-4.0583622047244097
0
LINE
8
BLACK
6
CONTINUOUS
10
5.8134291338582678
20
-4.0583622047244097
11
5.8134291338582678
21
-3.9827716535433071
0
LINE
8
BLACK
6
CONTINUOUS
10
5.8134291338582678
20
-3.9827716535433071
11
5.8136089370078743
21
-3.9818676771653543
0
LINE
8
BLACK
6
CONTINUOUS
10
5.8136089370078743
20
-3.9818676771653543
11
5.8148873622047246
21
-3.980589251968504
0
LINE
8
BLACK
6
CONTINUOUS
10
5.8148873622047246
20
-3.980589251968504
11
5.8157913385826774
21
-3.9804094488188975
0
LINE
8
BLACK
6
CONTINUOUS
10
5.8157913385826774
20
-3.9804094488188975
11
5.9215
21
-3.9804094488188975
0
LINE
8
BLACK
6
CONTINUOUS
10
5.9215
20
-3.9804094488188975
11
5.9224039763779528
21
-3.980589251968504
0
LINE
8
BLACK
6
CONTINUOUS
10
5.4079199606299211
20
-4.0232070472440942
11
5.4087346062992125
21
-4.0240216929133856
0
LINE
8
BLACK
6
CONTINUOUS
10
5.4087346062992125
20
-4.0240216929133856
11
5.4091755118110232
21
-4.0250861023622049
0
LINE
8
BLACK
6
CONTINUOUS
10
5.4091755118110232
20
-4.0250861023622049
11
5.409232244094488
21
-4.0256621653543307
0
LINE
8
BLACK
6
CONTINUOUS
10
5.409232244094488
20
-4.0256621653543307
11
5.409232244094488
21
-4.0306746456692917
0
LINE
8
BLACK
6
CONTINUOUS
10
5.409232244094488
20
-4.0306746456692917
11
5.4145566929133855
21
-4.028544881889764
0
LINE
8
BLACK
6
CONTINUOUS
10
5.4145566929133855
20
-4.028544881889764
11
5.4151125984251971
21
-4.0283836220472438
0
LINE
8
BLACK
6
CONTINUOUS
10
5.4151125984251971
20
-4.0283836220472438
11
5.4162646456692913
21
-4.028397677165354
0
LINE
8
BLACK
6
CONTINUOUS
10
5.4162646456692913
20
-4.028397677165354
11
5.4173235826771649
21
-4.028851496062992
0
LINE
8
BLACK
6
CONTINUOUS
10
5.4173235826771649
20
-4.028851496062992
11
5.4181282283464567
21
-4.0296760236220468
0
LINE
8
BLACK
6
CONTINUOUS
10
5.4181282283464567
20
-4.0296760236220468
11
5.4183768897637794
21
-4.030297677165354
0
LINE
8
BLACK
6
CONTINUOUS
10
5.4183768897637794
20
-4.030297677165354
11
5.4188648031496065
21
-4.030297677165354
0
LINE
8
BLACK
6
CONTINUOUS
10
5.4188648031496065
20
-4.030297677165354
11
5.4199462204724407
21
-4.0307456299212596
0
LINE
8
BLACK
6
CONTINUOUS
10
5.4199462204724407
20
-4.0307456299212596
11
5.4207739370078736
21
-4.0315733464566925
0
LINE
8
BLACK
6
CONTINUOUS
10
5.4207739370078736
20
-4.0315733464566925
11
5.4212218897637792
21
-4.0326547637795276
0
LINE
8
BLACK
6
CONTINUOUS
10
5.4212218897637792
20
-4.0326547637795276
11
5.4212795275590553
21
-4.0332400393700789
0
LINE
8
BLACK
6
CONTINUOUS
10
5.4212795275590553
20
-4.0332400393700789
11
5.4212795275590553
21
-4.0371259842519684
0
LINE
8
BLACK
6
CONTINUOUS
10
5.4212795275590553
20
-4.0371259842519684
11
5.4782795275590548
21
-4.0371259842519684
0
LINE
8
BLACK
6
CONTINUOUS
10
5.4782795275590548
20
-4.0371259842519684
11
5.4782795275590548
21
-4.0332400393700789
0
LINE
8
BLACK
6
CONTINUOUS
10
5.4782795275590548
20
-4.0332400393700789
11
5.4783371653543309
21
-4.0326547637795276
0
LINE
8
BLACK
6
CONTINUOUS
10
5.4783371653543309
20
-4.0326547637795276
11
5.4787851181102365
21
-4.0315733464566925
0
LINE
8
BLACK
6
CONTINUOUS
10
5.4787851181102365
20
-4.0315733464566925
11
5.4796128346456694
21
-4.0307456299212596
0
LINE
8
BLACK
6
CONTINUOUS
10
5.4796128346456694
20
-4.0307456299212596
11
5.4806942519685036
21
-4.030297677165354
0
LINE
8
BLACK
6
CONTINUOUS
10
5.4806942519685036
20
-4.030297677165354
11
5.4818648031496062
21
-4.030297677165354
0
LINE
8
BLACK
6
CONTINUOUS
10
5.4818648031496062
20
-4.030297677165354
11
5.4829462204724404
21
-4.0307456299212596
0
LINE
8
BLACK
6
CONTINUOUS
10
5.4829462204724404
20
-4.0307456299212596
11
5.4837739370078742
21
-4.0315733464566925
0
LINE
8
BLACK
6
CONTINUOUS
10
5.4837739370078742
20
-4.0315733464566925
11
5.4842218897637798
21
-4.0326547637795276
0
LINE
8
BLACK
6
CONTINUOUS
10
5.4842218897637798
20
-4.0326547637795276
11
5.484279527559055
21
-4.0332400393700789
0
LINE
8
BLACK
6
CONTINUOUS
10
5.484279527559055
20
-4.0332400393700789
11
5.484279527559055
21
-4.0401259842519686
0
LINE
8
BLACK
6
CONTINUOUS
10
5.484279527559055
20
-4.0401259842519686
11
5.4842218897637798
21
-4.0407112598425199
0
LINE
8
BLACK
6
CONTINUOUS
10
5.4842218897637798
20
-4.0407112598425199
11
5.4837739370078742
21
-4.0417926771653541
0
LINE
8
BLACK
6
CONTINUOUS
10
5.4837739370078742
20
-4.0417926771653541
11
5.4829462204724404
21
-4.042620393700787
0
LINE
8
BLACK
6
CONTINUOUS
10
5.4829462204724404
20
-4.042620393700787
11
5.4818648031496062
21
-4.0430683464566926
0
LINE
8
BLACK
6
CONTINUOUS
10
5.4818648031496062
20
-4.0430683464566926
11
5.4812795275590549
21
-4.0431259842519687
0
LINE
8
BLACK
6
CONTINUOUS
10
5.4812795275590549
20
-4.0431259842519687
11
5.4182795275590552
21
-4.0431259842519687
0
LINE
8
BLACK
6
CONTINUOUS
10
5.4182795275590552
20
-4.0431259842519687
11
5.4176942519685038
21
-4.0430683464566926
0
LINE
8
BLACK
6
CONTINUOUS
10
5.4176942519685038
20
-4.0430683464566926
11
5.4166128346456688
21
-4.042620393700787
0
LINE
8
BLACK
6
CONTINUOUS
10
5.4166128346456688
20
-4.042620393700787
11
5.4157851181102359
21
-4.0417926771653541
0
LINE
8
BLACK
6
CONTINUOUS
10
5.4157851181102359
20
-4.0417926771653541
11
5.4153371653543303
21
-4.0407112598425199
0
LINE
8
BLACK
6
CONTINUOUS
10
5.4153371653543303
20
-4.0407112598425199
11
5.4152795275590551
21
-4.0401259842519686
0
LINE
8
BLACK
6
CONTINUOUS
10
5.4152795275590551
20
-4.0401259842519686
11
5.4152795275590551
21
-4.0346161417322834
0
LINE
8
BLACK
6
CONTINUOUS
10
5.4152795275590551
20
-4.0346161417322834
11
5.4109533858267715
21
-4.0363466141732278
0
LINE
8
BLACK
6
CONTINUOUS
10
5.4109533858267715
20
-4.0363466141732278
11
5.4142659842519683
21
-4.0407633858267715
0
LINE
8
BLACK
6
CONTINUOUS
10
5.4142659842519683
20
-4.0407633858267715
11
5.414566220472441
21
-4.0412582677165352
0
LINE
8
BLACK
6
CONTINUOUS
10
5.414566220472441
20
-4.0412582677165352
11
5.4148521653543309
21
-4.042374330708661
0
LINE
8
BLACK
6
CONTINUOUS
10
5.4148521653543309
20
-4.042374330708661
11
5.4146892125984252
21
-4.0435148425196852
0
LINE
8
BLACK
6
CONTINUOUS
10
5.4146892125984252
20
-4.0435148425196852
11
5.4141022440944884
21
-4.0445062204724405
0
LINE
8
BLACK
6
CONTINUOUS
10
5.4141022440944884
20
-4.0445062204724405
11
5.4131805511811022
21
-4.0451974803149602
0
LINE
8
BLACK
6
CONTINUOUS
10
5.4131805511811022
20
-4.0451974803149602
11
5.4120644881889763
21
-4.0454834251968501
0
LINE
8
BLACK
6
CONTINUOUS
10
5.4120644881889763
20
-4.0454834251968501
11
5.4109239763779522
21
-4.0453204724409444
0
LINE
8
BLACK
6
CONTINUOUS
10
5.4109239763779522
20
-4.0453204724409444
11
5.4099325984251969
21
-4.0447335039370076
0
LINE
8
BLACK
6
CONTINUOUS
10
5.4099325984251969
20
-4.0447335039370076
11
5.4095415748031499
21
-4.044306692913386
0
LINE
8
BLACK
6
CONTINUOUS
10
5.4095415748031499
20
-4.044306692913386
11
5.406279488188976
21
-4.039957244094488
0
LINE
8
BLACK
6
CONTINUOUS
10
5.406279488188976
20
-4.039957244094488
11
5.4030174015748029
21
-4.044306692913386
0
LINE
8
BLACK
6
CONTINUOUS
10
5.4030174015748029
20
-4.044306692913386
11
5.4026263779527559
21
-4.0447335039370076
0
LINE
8
BLACK
6
CONTINUOUS
10
5.4026263779527559
20
-4.0447335039370076
11
5.4016349999999997
21
-4.0453204724409444
0
LINE
8
BLACK
6
CONTINUOUS
10
5.4016349999999997
20
-4.0453204724409444
11
5.4004944881889765
21
-4.0454834251968501
0
LINE
8
BLACK
6
CONTINUOUS
10
5.4004944881889765
20
-4.0454834251968501
11
5.3993784251968506
21
-4.0451974803149602
0
LINE
8
BLACK
6
CONTINUOUS
10
5.3993784251968506
20
-4.0451974803149602
11
5.3984567322834645
21
-4.0445062204724405
0
LINE
8
BLACK
6
CONTINUOUS
10
5.3984567322834645
20
-4.0445062204724405
11
5.3978697637795277
21
-4.0435148425196852
0
LINE
8
BLACK
6
CONTINUOUS
10
5.3978697637795277
20
-4.0435148425196852
11
5.3977068110236219
21
-4.042374330708661
0
LINE
8
BLACK
6
CONTINUOUS
10
5.3977068110236219
20
-4.042374330708661
11
5.3979927559055119
21
-4.0412582677165352
0
LINE
8
BLACK
6
CONTINUOUS
10
5.3979927559055119
20
-4.0412582677165352
11
5.3982929921259846
21
-4.0407633858267715
0
LINE
8
BLACK
6
CONTINUOUS
10
5.3982929921259846
20
-4.0407633858267715
11
5.4016055511811025
21
-4.0363466141732278
0
LINE
8
BLACK
6
CONTINUOUS
10
5.4016055511811025
20
-4.0363466141732278
11
5.3958090551181099
21
-4.0340280314960628
0
LINE
8
BLACK
6
CONTINUOUS
10
5.3958090551181099
20
-4.0340280314960628
11
5.3952952362204725
21
-4.0337614173228342
0
LINE
8
BLACK
6
CONTINUOUS
10
5.3952952362204725
20
-4.0337614173228342
11
5.3944707086614168
21
-4.0329567322834645
0
LINE
8
BLACK
6
CONTINUOUS
10
5.3944707086614168
20
-4.0329567322834645
11
5.3940168897637797
21
-4.0318977952755901
0
LINE
8
BLACK
6
CONTINUOUS
10
5.3940168897637797
20
-4.0318977952755901
11
5.3940028346456694
21
-4.0307457480314959
0
LINE
8
BLACK
6
CONTINUOUS
10
5.3940028346456694
20
-4.0307457480314959
11
5.3944307086614174
21
-4.0296760236220468
0
LINE
8
BLACK
6
CONTINUOUS
10
5.3944307086614174
20
-4.0296760236220468
11
5.3952353937007871
21
-4.028851496062992
0
LINE
8
BLACK
6
CONTINUOUS
10
5.3952353937007871
20
-4.028851496062992
11
5.3962943307086615
21
-4.028397677165354
0
LINE
8
BLACK
6
CONTINUOUS
10
5.3962943307086615
20
-4.028397677165354
11
5.3974463779527557
21
-4.0283836220472438
0
LINE
8
BLACK
6
CONTINUOUS
10
5.3974463779527557
20
-4.0283836220472438
11
5.3980022834645665
21
-4.028544881889764
0
LINE
8
BLACK
6
CONTINUOUS
10
5.3980022834645665
20
-4.028544881889764
11
5.4033267322834648
21
-4.0306746456692917
0
LINE
8
BLACK
6
CONTINUOUS
10
5.4033267322834648
20
-4.0306746456692917
11
5.4033267322834648
21
-4.0256621653543307
0
LINE
8
BLACK
6
CONTINUOUS
10
5.4033267322834648
20
-4.0256621653543307
11
5.4033834645669288
21
-4.0250861023622049
0
LINE
8
BLACK
6
CONTINUOUS
10
5.4033834645669288
20
-4.0250861023622049
11
5.4038243700787403
21
-4.0240216929133856
0
LINE
8
BLACK
6
CONTINUOUS
10
5.4038243700787403
20
-4.0240216929133856
11
5.4046390157480317
21
-4.0232070472440942
0
LINE
8
BLACK
6
CONTINUOUS
10
5.4046390157480317
20
-4.0232070472440942
11
5.4057034251968501
21
-4.0227661417322835
0
LINE
8
BLACK
6
CONTINUOUS
10
5.4057034251968501
20
-4.0227661417322835
11
5.4068555511811018
21
-4.0227661417322835
0
LINE
8
BLACK
6
CONTINUOUS
10
5.4068555511811018
20
-4.0227661417322835
11
5.4079199606299211
21
-4.0232070472440942
0
LINE
8
BLACK
6
CONTINUOUS
10
5.3672858661417324
20
-3.9323609055118109
11
5.3685642913385827
21
-3.9336393307086612
0
LINE
8
BLACK
6
CONTINUOUS
10
5.3685642913385827
20
-3.9336393307086612
11
5.3685642913385827
21
-3.9354472834645668
0
LINE
8
BLACK
6
CONTINUOUS
10
5.3685642913385827
20
-3.9354472834645668
11
5.3672858661417324
21
-3.9367257086614171
0
LINE
8
BLACK
6
CONTINUOUS
10
5.3672858661417324
20
-3.9367257086614171
11
5.3663818897637796
21
-3.9369055118110237
0
LINE
8
BLACK
6
CONTINUOUS
10
5.3663818897637796
20
-3.9369055118110237
11
5.2380354330708663
21
-3.9369055118110237
0
LINE
8
BLACK
6
CONTINUOUS
10
5.2380354330708663
20
-3.9369055118110237
11
5.2380354330708663
21
-4.0416299212598421
0
LINE
8
BLACK
6
CONTINUOUS
10
5.2380354330708663
20
-4.0416299212598421
11
5.2378556299212597
21
-4.0425338976377949
0
LINE
8
BLACK
6
CONTINUOUS
10
5.2378556299212597
20
-4.0425338976377949
11
5.2365772047244095
21
-4.0438123228346452
0
LINE
8
BLACK
6
CONTINUOUS
10
5.2365772047244095
20
-4.0438123228346452
11
5.2347692519685038
21
-4.0438123228346452
0
LINE
8
BLACK
6
CONTINUOUS
10
5.2347692519685038
20
-4.0438123228346452
11
5.2334908267716536
21
-4.0425338976377949
0
LINE
8
BLACK
6
CONTINUOUS
10
5.2334908267716536
20
-4.0425338976377949
11
5.233311023622047
21
-4.0416299212598421
0
LINE
8
BLACK
6
CONTINUOUS
10
5.233311023622047
20
-4.0416299212598421
11
5.233311023622047
21
-3.934543307086614
0
LINE
8
BLACK
6
CONTINUOUS
10
5.233311023622047
20
-3.934543307086614
11
5.2334908267716536
21
-3.9336393307086612
0
LINE
8
BLACK
6
CONTINUOUS
10
5.2334908267716536
20
-3.9336393307086612
11
5.2347692519685038
21
-3.9323609055118109
0
LINE
8
BLACK
6
CONTINUOUS
10
5.2347692519685038
20
-3.9323609055118109
11
5.2356732283464567
21
-3.9321811023622044
0
LINE
8
BLACK
6
CONTINUOUS
10
5.2356732283464567
20
-3.9321811023622044
11
5.3663818897637796
21
-3.9321811023622044
0
LINE
8
BLACK
6
CONTINUOUS
10
5.3663818897637796
20
-3.9321811023622044
11
5.3672858661417324
21
-3.9323609055118109
0
LINE
8
BLACK
6
CONTINUOUS
10
6.3844118503937004
20
-3.9878727165354331
11
6.3856902755905507
21
-3.9891511417322834
0
LINE
8
BLACK
6
CONTINUOUS
10
6.3856902755905507
20
-3.9891511417322834
11
6.3856902755905507
21
-3.990959094488189
0
LINE
8
BLACK
6
CONTINUOUS
10
6.3856902755905507
20
-3.990959094488189
11
6.3844118503937004
21
-3.9922375196850393
0
LINE
8
BLACK
6
CONTINUOUS
10
6.3844118503937004
20
-3.9922375196850393
11
6.3835078740157476
21
-3.9924173228346458
0
LINE
8
BLACK
6
CONTINUOUS
10
6.3835078740157476
20
-3.9924173228346458
11
6.3087047244094485
21
-3.9924173228346458
0
LINE
8
BLACK
6
CONTINUOUS
10
6.3087047244094485
20
-3.9924173228346458
11
6.3087047244094485
21
-4.0349370078740154
0
LINE
8
BLACK
6
CONTINUOUS
10
6.3087047244094485
20
-4.0349370078740154
11
6.3835078740157476
21
-4.0349370078740154
0
LINE
8
BLACK
6
CONTINUOUS
10
6.3835078740157476
20
-4.0349370078740154
11
6.3844118503937004
21
-4.035116811023622
0
LINE
8
BLACK
6
CONTINUOUS
10
6.3844118503937004
20
-4.035116811023622
11
6.3856902755905507
21
-4.0363952362204722
0
LINE
8
BLACK
6
CONTINUOUS
10
6.3856902755905507
20
-4.0363952362204722
11
6.3856902755905507
21
-4.0382031889763779
0
LINE
8
BLACK
6
CONTINUOUS
10
6.3856902755905507
20
-4.0382031889763779
11
6.3844118503937004
21
-4.0394816141732282
0
LINE
8
BLACK
6
CONTINUOUS
10
6.3844118503937004
20
-4.0394816141732282
11
6.3835078740157476
21
-4.0396614173228347
0
LINE
8
BLACK
6
CONTINUOUS
10
6.3835078740157476
20
-4.0396614173228347
11
6.3063425196850389
21
-4.0396614173228347
0
LINE
8
BLACK
6
CONTINUOUS
10
6.3063425196850389
20
-4.0396614173228347
11
6.3054385433070861
21
-4.0394816141732282
0
LINE
8
BLACK
6
CONTINUOUS
10
6.3054385433070861
20
-4.0394816141732282
11
6.3041601181102358
21
-4.0382031889763779
0
LINE
8
BLACK
6
CONTINUOUS
10
6.3041601181102358
20
-4.0382031889763779
11
6.3039803149606302
21
-4.0372992125984251
0
LINE
8
BLACK
6
CONTINUOUS
10
6.3039803149606302
20
-4.0372992125984251
11
6.3039803149606302
21
-3.9900551181102362
0
LINE
8
BLACK
6
CONTINUOUS
10
6.3039803149606302
20
-3.9900551181102362
11
6.3041601181102358
21
-3.9891511417322834
0
LINE
8
BLACK
6
CONTINUOUS
10
6.3041601181102358
20
-3.9891511417322834
11
6.3054385433070861
21
-3.9878727165354331
0
LINE
8
BLACK
6
CONTINUOUS
10
6.3054385433070861
20
-3.9878727165354331
11
6.3063425196850389
21
-3.9876929133858265
0
LINE
8
BLACK
6
CONTINUOUS
10
6.3063425196850389
20
-3.9876929133858265
11
6.3835078740157476
21
-3.9876929133858265
0
LINE
8
BLACK
6
CONTINUOUS
10
6.3835078740157476
20
-3.9876929133858265
11
6.3844118503937004
21
-3.9878727165354331
0
LINE
8
BLACK
6
CONTINUOUS
10
5.4747275196850396
20
-3.9718236614173228
11
5.4748254724409451
21
-3.9718642125984251
0
LINE
8
BLACK
6
CONTINUOUS
10
5.4748254724409451
20
-3.9718642125984251
11
5.474931377952756
21
-3.9718717716535434
0
LINE
8
BLACK
6
CONTINUOUS
10
5.474931377952756
20
-3.9718717716535434
11
5.475472007874016
21
-3.9720786614173229
0
LINE
8
BLACK
6
CONTINUOUS
10
5.475472007874016
20
-3.9720786614173229
11
5.4792215354330711
21
-3.9739534645669292
0
LINE
8
BLACK
6
CONTINUOUS
10
5.4792215354330711
20
-3.9739534645669292
11
5.4794694881889763
21
-3.9741095669291338
0
LINE
8
BLACK
6
CONTINUOUS
10
5.4794694881889763
20
-3.9741095669291338
11
5.479541456692913
21
-3.9741393700787402
0
LINE
8
BLACK
6
CONTINUOUS
10
5.479541456692913
20
-3.9741393700787402
11
5.4796224409448815
21
-3.9742058267716533
0
LINE
8
BLACK
6
CONTINUOUS
10
5.4796224409448815
20
-3.9742058267716533
11
5.479711417322835
21
-3.9742618503937006
0
LINE
8
BLACK
6
CONTINUOUS
10
5.479711417322835
20
-3.9742618503937006
11
5.4797625590551178
21
-3.9743208267716534
0
LINE
8
BLACK
6
CONTINUOUS
10
5.4797625590551178
20
-3.9743208267716534
11
5.4799888976377948
21
-3.9745065748031494
0
LINE
8
BLACK
6
CONTINUOUS
10
5.4799888976377948
20
-3.9745065748031494
11
5.4818636614173224
21
-3.9763813385826769
0
LINE
8
BLACK
6
CONTINUOUS
10
5.4818636614173224
20
-3.9763813385826769
11
5.4820494094488188
21
-3.9766076771653545
0
LINE
8
BLACK
6
CONTINUOUS
10
5.4820494094488188
20
-3.9766076771653545
11
5.4821084251968504
21
-3.9766588582677165
0
LINE
8
BLACK
6
CONTINUOUS
10
5.4821084251968504
20
-3.9766588582677165
11
5.4821643700787401
21
-3.9767477952755903
0
LINE
8
BLACK
6
CONTINUOUS
10
5.4821643700787401
20
-3.9767477952755903
11
5.4822308661417321
21
-3.9768287795275588
0
LINE
8
BLACK
6
CONTINUOUS
10
5.4822308661417321
20
-3.9768287795275588
11
5.482260669291338
21
-3.9769007086614172
0
LINE
8
BLACK
6
CONTINUOUS
10
5.482260669291338
20
-3.9769007086614172
11
5.4824167716535435
21
-3.9771487401574803
0
LINE
8
BLACK
6
CONTINUOUS
10
5.4824167716535435
20
-3.9771487401574803
11
5.484291535433071
21
-3.9808982677165354
0
LINE
8
BLACK
6
CONTINUOUS
10
5.484291535433071
20
-3.9808982677165354
11
5.4844984251968505
21
-3.9814388582677163
0
LINE
8
BLACK
6
CONTINUOUS
10
5.4844984251968505
20
-3.9814388582677163
11
5.4845059448818896
21
-3.9815447244094488
0
LINE
8
BLACK
6
CONTINUOUS
10
5.4845059448818896
20
-3.9815447244094488
11
5.4845465354330711
21
-3.9816427165354331
0
LINE
8
BLACK
6
CONTINUOUS
10
5.4845465354330711
20
-3.9816427165354331
11
5.4846032677165351
21
-3.982218779527559
0
LINE
8
BLACK
6
CONTINUOUS
10
5.4846032677165351
20
-3.982218779527559
11
5.4846032677165351
21
-3.9915925984251968
0
LINE
8
BLACK
6
CONTINUOUS
10
5.4846032677165351
20
-3.9915925984251968
11
5.4845465354330711
21
-3.9921686614173226
0
LINE
8
BLACK
6
CONTINUOUS
10
5.4845465354330711
20
-3.9921686614173226
11
5.4845059448818896
21
-3.9922666141732281
0
LINE
8
BLACK
6
CONTINUOUS
10
5.4845059448818896
20
-3.9922666141732281
11
5.4844984251968505
21
-3.9923725196850395
0
LINE
8
BLACK
6
CONTINUOUS
10
5.4844984251968505
20
-3.9923725196850395
11
5.484291535433071
21
-3.9929131102362203
0
LINE
8
BLACK
6
CONTINUOUS
10
5.484291535433071
20
-3.9929131102362203
11
5.4824167716535435
21
-3.9966626377952754
0
LINE
8
BLACK
6
CONTINUOUS
10
5.4824167716535435
20
-3.9966626377952754
11
5.482260669291338
21
-3.9969106299212598
0
LINE
8
BLACK
6
CONTINUOUS
10
5.482260669291338
20
-3.9969106299212598
11
5.4822308661417321
21
-3.9969825984251965
0
LINE
8
BLACK
6
CONTINUOUS
10
5.4822308661417321
20
-3.9969825984251965
11
5.4821643700787401
21
-3.9970635433070867
0
LINE
8
BLACK
6
CONTINUOUS
10
5.4821643700787401
20
-3.9970635433070867
11
5.4821084251968504
21
-3.9971525196850393
0
LINE
8
BLACK
6
CONTINUOUS
10
5.4821084251968504
20
-3.9971525196850393
11
5.4820494094488188
21
-3.9972036614173225
0
LINE
8
BLACK
6
CONTINUOUS
10
5.4820494094488188
20
-3.9972036614173225
11
5.4818636614173224
21
-3.9974300393700788
0
LINE
8
BLACK
6
CONTINUOUS
10
5.4818636614173224
20
-3.9974300393700788
11
5.4799888976377948
21
-3.9993048031496063
0
LINE
8
BLACK
6
CONTINUOUS
10
5.4799888976377948
20
-3.9993048031496063
11
5.479762519685039
21
-3.9994905511811023
0
LINE
8
BLACK
6
CONTINUOUS
10
5.479762519685039
20
-3.9994905511811023
11
5.4797113779527562
21
-3.9995495669291339
0
LINE
8
BLACK
6
CONTINUOUS
10
5.4797113779527562
20
-3.9995495669291339
11
5.4796224015748027
21
-3.9996055118110236
0
LINE
8
BLACK
6
CONTINUOUS
10
5.4796224015748027
20
-3.9996055118110236
11
5.479541456692913
21
-3.9996720078740156
0
LINE
8
BLACK
6
CONTINUOUS
10
5.479541456692913
20
-3.9996720078740156
11
5.4794694881889763
21
-3.999701811023622
0
LINE
8
BLACK
6
CONTINUOUS
10
5.4794694881889763
20
-3.999701811023622
11
5.4792214960629924
21
-3.9998579133858265
0
LINE
8
BLACK
6
CONTINUOUS
10
5.4792214960629924
20
-3.9998579133858265
11
5.4754719685039372
21
-4.0017326771653545
0
LINE
8
BLACK
6
CONTINUOUS
10
5.4754719685039372
20
-4.0017326771653545
11
5.4749313385826772
21
-4.001939566929134
0
LINE
8
BLACK
6
CONTINUOUS
10
5.4749313385826772
20
-4.001939566929134
11
5.4748255118110238
21
-4.0019470472440943
0
LINE
8
BLACK
6
CONTINUOUS
10
5.4748255118110238
20
-4.0019470472440943
11
5.4747275196850396
21
-4.0019876771653546
0
LINE
8
BLACK
6
CONTINUOUS
10
5.4747275196850396
20
-4.0019876771653546
11
5.4741514566929137
21
-4.0020444094488186
0
LINE
8
BLACK
6
CONTINUOUS
10
5.4741514566929137
20
-4.0020444094488186
11
5.4666524015748026
21
-4.0020444094488186
0
LINE
8
BLACK
6
CONTINUOUS
10
5.4666524015748026
20
-4.0020444094488186
11
5.4660763385826767
21
-4.0019876771653546
0
LINE
8
BLACK
6
CONTINUOUS
10
5.4660763385826767
20
-4.0019876771653546
11
5.4659783464566924
21
-4.0019470866141731
0
LINE
8
BLACK
6
CONTINUOUS
10
5.4659783464566924
20
-4.0019470866141731
11
5.4658724803149603
21
-4.001939566929134
0
LINE
8
BLACK
6
CONTINUOUS
10
5.4658724803149603
20
-4.001939566929134
11
5.465331889763779
21
-4.0017326771653545
0
LINE
8
BLACK
6
CONTINUOUS
10
5.465331889763779
20
-4.0017326771653545
11
5.4630393700787403
21
-4.0005864173228343
0
LINE
8
BLACK
6
CONTINUOUS
10
5.4630393700787403
20
-4.0005864173228343
11
5.4637686614173226
21
-4.0035035826771654
0
LINE
8
BLACK
6
CONTINUOUS
10
5.4637686614173226
20
-4.0035035826771654
11
5.4670722834645664
21
-4.0084590551181103
0
LINE
8
BLACK
6
CONTINUOUS
10
5.4670722834645664
20
-4.0084590551181103
11
5.4684014960629916
21
-4.0097882677165355
0
LINE
8
BLACK
6
CONTINUOUS
10
5.4684014960629916
20
-4.0097882677165355
11
5.4710989763779523
21
-4.0111370078740158
0
LINE
8
BLACK
6
CONTINUOUS
10
5.4710989763779523
20
-4.0111370078740158
11
5.4779009842519688
21
-4.0111370078740158
0
LINE
8
BLACK
6
CONTINUOUS
10
5.4779009842519688
20
-4.0111370078740158
11
5.4784770472440947
21
-4.0111937401574806
0
LINE
8
BLACK
6
CONTINUOUS
10
5.4784770472440947
20
-4.0111937401574806
11
5.479541456692913
21
-4.0116346456692913
0
LINE
8
BLACK
6
CONTINUOUS
10
5.479541456692913
20
-4.0116346456692913
11
5.4803561023622045
21
-4.0124492913385827
0
LINE
8
BLACK
6
CONTINUOUS
10
5.4803561023622045
20
-4.0124492913385827
11
5.480797007874016
21
-4.0135137007874011
0
LINE
8
BLACK
6
CONTINUOUS
10
5.480797007874016
20
-4.0135137007874011
11
5.480797007874016
21
-4.0146658267716537
0
LINE
8
BLACK
6
CONTINUOUS
10
5.480797007874016
20
-4.0146658267716537
11
5.4803561023622045
21
-4.0157302362204721
0
LINE
8
BLACK
6
CONTINUOUS
10
5.4803561023622045
20
-4.0157302362204721
11
5.479541456692913
21
-4.0165448818897636
0
LINE
8
BLACK
6
CONTINUOUS
10
5.479541456692913
20
-4.0165448818897636
11
5.4784770472440947
21
-4.0169857874015751
0
LINE
8
BLACK
6
CONTINUOUS
10
5.4784770472440947
20
-4.0169857874015751
11
5.4779009842519688
21
-4.017042519685039
0
LINE
8
BLACK
6
CONTINUOUS
10
5.4779009842519688
20
-4.017042519685039
11
5.4704019291338586
21
-4.017042519685039
0
LINE
8
BLACK
6
CONTINUOUS
10
5.4704019291338586
20
-4.017042519685039
11
5.4698258661417318
21
-4.0169857874015751
0
LINE
8
BLACK
6
CONTINUOUS
10
5.4698258661417318
20
-4.0169857874015751
11
5.4697278740157476
21
-4.0169451968503935
0
LINE
8
BLACK
6
CONTINUOUS
10
5.4697278740157476
20
-4.0169451968503935
11
5.4696220078740154
21
-4.0169376771653544
0
LINE
8
BLACK
6
CONTINUOUS
10
5.4696220078740154
20
-4.0169376771653544
11
5.4690814173228341
21
-4.016730787401575
0
LINE
8
BLACK
6
CONTINUOUS
10
5.4690814173228341
20
-4.016730787401575
11
5.465331889763779
21
-4.0148560236220474
0
LINE
8
BLACK
6
CONTINUOUS
10
5.465331889763779
20
-4.0148560236220474
11
5.4650838582677164
21
-4.014699921259842
0
LINE
8
BLACK
6
CONTINUOUS
10
5.4650838582677164
20
-4.014699921259842
11
5.4650119291338584
21
-4.014670118110236
0
LINE
8
BLACK
6
CONTINUOUS
10
5.4650119291338584
20
-4.014670118110236
11
5.4649309448818899
21
-4.0146036220472441
0
LINE
8
BLACK
6
CONTINUOUS
10
5.4649309448818899
20
-4.0146036220472441
11
5.4648420078740152
21
-4.0145476771653543
0
LINE
8
BLACK
6
CONTINUOUS
10
5.4648420078740152
20
-4.0145476771653543
11
5.4647908267716536
21
-4.0144886614173227
0
LINE
8
BLACK
6
CONTINUOUS
10
5.4647908267716536
20
-4.0144886614173227
11
5.4645644881889766
21
-4.0143029133858263
0
LINE
8
BLACK
6
CONTINUOUS
10
5.4645644881889766
20
-4.0143029133858263
11
5.462689724409449
21
-4.0124281496062988
0
LINE
8
BLACK
6
CONTINUOUS
10
5.462689724409449
20
-4.0124281496062988
11
5.4626883858267714
21
-4.0124265354330708
0
LINE
8
BLACK
6
CONTINUOUS
10
5.4626883858267714
20
-4.0124265354330708
11
5.4626875590551176
21
-4.0124259842519683
0
LINE
8
BLACK
6
CONTINUOUS
10
5.4626875590551176
20
-4.0124259842519683
11
5.4624992125984253
21
-4.0121959842519681
0
LINE
8
BLACK
6
CONTINUOUS
10
5.4624992125984253
20
-4.0121959842519681
11
5.4623225196850393
21
-4.011980708661417
0
LINE
8
BLACK
6
CONTINUOUS
10
5.4623225196850393
20
-4.011980708661417
11
5.4623221259842518
21
-4.0119798031496066
0
LINE
8
BLACK
6
CONTINUOUS
10
5.4623221259842518
20
-4.0119798031496066
11
5.4623207874015751
21
-4.0119781496062989
0
LINE
8
BLACK
6
CONTINUOUS
10
5.4623207874015751
20
-4.0119781496062989
11
5.4585712598425191
21
-4.0063538582677163
0
LINE
8
BLACK
6
CONTINUOUS
10
5.4585712598425191
20
-4.0063538582677163
11
5.4584016929133856
21
-4.0060357874015748
0
LINE
8
BLACK
6
CONTINUOUS
10
5.4584016929133856
20
-4.0060357874015748
11
5.4583582677165357
21
-4.0059772047244095
0
LINE
8
BLACK
6
CONTINUOUS
10
5.4583582677165357
20
-4.0059772047244095
11
5.4583335039370073
21
-4.0059079133858271
0
LINE
8
BLACK
6
CONTINUOUS
10
5.4583335039370073
20
-4.0059079133858271
11
5.4582989370078741
21
-4.0058430708661419
0
LINE
8
BLACK
6
CONTINUOUS
10
5.4582989370078741
20
-4.0058430708661419
11
5.4582847637795275
21
-4.0057715354330705
0
LINE
8
BLACK
6
CONTINUOUS
10
5.4582847637795275
20
-4.0057715354330705
11
5.4581635039370076
21
-4.0054320866141735
0
LINE
8
BLACK
6
CONTINUOUS
10
5.4581635039370076
20
-4.0054320866141735
11
5.45628874015748
21
-3.9979330314960628
0
LINE
8
BLACK
6
CONTINUOUS
10
5.45628874015748
20
-3.9979330314960628
11
5.4562739370078743
21
-3.9978331496062993
0
LINE
8
BLACK
6
CONTINUOUS
10
5.4562739370078743
20
-3.9978331496062993
11
5.4562573228346452
21
-3.9977929527559053
0
LINE
8
BLACK
6
CONTINUOUS
10
5.4562573228346452
20
-3.9977929527559053
11
5.4562359448818896
21
-3.9975759055118107
0
LINE
8
BLACK
6
CONTINUOUS
10
5.4562359448818896
20
-3.9975759055118107
11
5.4562040944881884
21
-3.9973604330708659
0
LINE
8
BLACK
6
CONTINUOUS
10
5.4562040944881884
20
-3.9973604330708659
11
5.4562104724409446
21
-3.997317401574803
0
LINE
8
BLACK
6
CONTINUOUS
10
5.4562104724409446
20
-3.997317401574803
11
5.4562005905511812
21
-3.9972168897637794
0
LINE
8
BLACK
6
CONTINUOUS
10
5.4562005905511812
20
-3.9972168897637794
11
5.4562005905511812
21
-3.982218779527559
0
LINE
8
BLACK
6
CONTINUOUS
10
5.4562005905511812
20
-3.982218779527559
11
5.4562573228346452
21
-3.9816427165354331
0
LINE
8
BLACK
6
CONTINUOUS
10
5.4562573228346452
20
-3.9816427165354331
11
5.4562979133858267
21
-3.9815446850393701
0
LINE
8
BLACK
6
CONTINUOUS
10
5.4562979133858267
20
-3.9815446850393701
11
5.4563054330708658
21
-3.981438897637795
0
LINE
8
BLACK
6
CONTINUOUS
10
5.4563054330708658
20
-3.981438897637795
11
5.4565123228346453
21
-3.9808982677165354
0
LINE
8
BLACK
6
CONTINUOUS
10
5.4565123228346453
20
-3.9808982677165354
11
5.4583870866141728
21
-3.9771487401574803
0
LINE
8
BLACK
6
CONTINUOUS
10
5.4583870866141728
20
-3.9771487401574803
11
5.4585431496062995
21
-3.9769007086614172
0
LINE
8
BLACK
6
CONTINUOUS
10
5.4585431496062995
20
-3.9769007086614172
11
5.4585729921259842
21
-3.9768287795275588
0
LINE
8
BLACK
6
CONTINUOUS
10
5.4585729921259842
20
-3.9768287795275588
11
5.4586394488188974
21
-3.9767477952755903
0
LINE
8
BLACK
6
CONTINUOUS
10
5.4586394488188974
20
-3.9767477952755903
11
5.4586954330708659
21
-3.9766588582677165
0
LINE
8
BLACK
6
CONTINUOUS
10
5.4586954330708659
20
-3.9766588582677165
11
5.4587544094488187
21
-3.9766076771653545
0
LINE
8
BLACK
6
CONTINUOUS
10
5.4587544094488187
20
-3.9766076771653545
11
5.4589401968503939
21
-3.9763813385826769
0
LINE
8
BLACK
6
CONTINUOUS
10
5.4589401968503939
20
-3.9763813385826769
11
5.4608149606299214
21
-3.9745065748031494
0
LINE
8
BLACK
6
CONTINUOUS
10
5.4608149606299214
20
-3.9745065748031494
11
5.4610414173228348
21
-3.9743207086614172
0
LINE
8
BLACK
6
CONTINUOUS
10
5.4610414173228348
20
-3.9743207086614172
11
5.4610924803149601
21
-3.9742618503937006
0
LINE
8
BLACK
6
CONTINUOUS
10
5.4610924803149601
20
-3.9742618503937006
11
5.4611812598425198
21
-3.9742059448818896
0
LINE
8
BLACK
6
CONTINUOUS
10
5.4611812598425198
20
-3.9742059448818896
11
5.4612624015748032
21
-3.9741393700787402
0
LINE
8
BLACK
6
CONTINUOUS
10
5.4612624015748032
20
-3.9741393700787402
11
5.46133437007874
21
-3.974109527559055
0
LINE
8
BLACK
6
CONTINUOUS
10
5.46133437007874
20
-3.974109527559055
11
5.4615823228346452
21
-3.9739534645669292
0
LINE
8
BLACK
6
CONTINUOUS
10
5.4615823228346452
20
-3.9739534645669292
11
5.465331889763779
21
-3.9720786614173229
0
LINE
8
BLACK
6
CONTINUOUS
10
5.465331889763779
20
-3.9720786614173229
11
5.4658724803149603
21
-3.9718717716535434
0
LINE
8
BLACK
6
CONTINUOUS
10
5.4658724803149603
20
-3.9718717716535434
11
5.4659783464566924
21
-3.9718642125984251
0
LINE
8
BLACK
6
CONTINUOUS
10
5.4659783464566924
20
-3.9718642125984251
11
5.4660763385826767
21
-3.9718236614173228
0
LINE
8
BLACK
6
CONTINUOUS
10
5.4660763385826767
20
-3.9718236614173228
11
5.4666524015748026
21
-3.971766929133858
0
LINE
8
BLACK
6
CONTINUOUS
10
5.4666524015748026
20
-3.971766929133858
11
5.4741514566929137
21
-3.971766929133858
0
LINE
8
BLACK
6
CONTINUOUS
10
5.4741514566929137
20
-3.971766929133858
11
5.4747275196850396
21
-3.9718236614173228
0
LINE
8
BLACK
6
CONTINUOUS
10
5.4646519291338578
20
-3.9790212204724407
11
5.4634548425196847
21
-3.9802183464566929
0
LINE
8
BLACK
6
CONTINUOUS
10
5.4634548425196847
20
-3.9802183464566929
11
5.4621061023622044
21
-3.9829158267716536
0
LINE
8
BLACK
6
CONTINUOUS
10
5.4621061023622044
20
-3.9829158267716536
11
5.4621061023622044
21
-3.9908955511811022
0
LINE
8
BLACK
6
CONTINUOUS
10
5.4621061023622044
20
-3.9908955511811022
11
5.4634548425196847
21
-3.9935930314960628
0
LINE
8
BLACK
6
CONTINUOUS
10
5.4634548425196847
20
-3.9935930314960628
11
5.4646519685039365
21
-3.9947901574803151
0
LINE
8
BLACK
6
CONTINUOUS
10
5.4646519685039365
20
-3.9947901574803151
11
5.4673494488188972
21
-3.9961388976377954
0
LINE
8
BLACK
6
CONTINUOUS
10
5.4673494488188972
20
-3.9961388976377954
11
5.4734544094488191
21
-3.9961388976377954
0
LINE
8
BLACK
6
CONTINUOUS
10
5.4734544094488191
20
-3.9961388976377954
11
5.4761518897637798
21
-3.9947901574803151
0
LINE
8
BLACK
6
CONTINUOUS
10
5.4761518897637798
20
-3.9947901574803151
11
5.4773490157480316
21
-3.9935930314960628
0
LINE
8
BLACK
6
CONTINUOUS
10
5.4773490157480316
20
-3.9935930314960628
11
5.4786977559055119
21
-3.9908955511811022
0
LINE
8
BLACK
6
CONTINUOUS
10
5.4786977559055119
20
-3.9908955511811022
11
5.4786977559055119
21
-3.9829158267716536
0
LINE
8
BLACK
6
CONTINUOUS
10
5.4786977559055119
20
-3.9829158267716536
11
5.4773490157480316
21
-3.9802183464566929
0
LINE
8
BLACK
6
CONTINUOUS
10
5.4773490157480316
20
-3.9802183464566929
11
5.476151850393701
21
-3.9790211811023619
0
LINE
8
BLACK
6
CONTINUOUS
10
5.476151850393701
20
-3.9790211811023619
11
5.4734543700787404
21
-3.9776724409448816
0
LINE
8
BLACK
6
CONTINUOUS
10
5.4734543700787404
20
-3.9776724409448816
11
5.4673494881889759
21
-3.9776724409448816
0
LINE
8
BLACK
6
CONTINUOUS
10
5.4673494881889759
20
-3.9776724409448816
11
5.4646519291338578
21
-3.9790212204724407
0
LINE
8
BLACK
6
CONTINUOUS
10
5.4353574409448822
20
-3.9718236614173228
11
5.4354553937007877
21
-3.9718642125984251
0
LINE
8
BLACK
6
CONTINUOUS
10
5.4354553937007877
20
-3.9718642125984251
11
5.4355612992125986
21
-3.9718717716535434
0
LINE
8
BLACK
6
CONTINUOUS
10
5.4355612992125986
20
-3.9718717716535434
11
5.4361019291338577
21
-3.9720786614173229
0
LINE
8
BLACK
6
CONTINUOUS
10
5.4361019291338577
20
-3.9720786614173229
11
5.4398514566929137
21
-3.9739534645669292
0
LINE
8
BLACK
6
CONTINUOUS
10
5.4398514566929137
20
-3.9739534645669292
11
5.4400994094488189
21
-3.9741095669291338
0
LINE
8
BLACK
6
CONTINUOUS
10
5.4400994094488189
20
-3.9741095669291338
11
5.4401713779527556
21
-3.9741393700787402
0
LINE
8
BLACK
6
CONTINUOUS
10
5.4401713779527556
20
-3.9741393700787402
11
5.4402523622047241
21
-3.9742058267716533
0
LINE
8
BLACK
6
CONTINUOUS
10
5.4402523622047241
20
-3.9742058267716533
11
5.4403413385826767
21
-3.9742618503937006
0
LINE
8
BLACK
6
CONTINUOUS
10
5.4403413385826767
20
-3.9742618503937006
11
5.4403924803149604
21
-3.9743208267716534
0
LINE
8
BLACK
6
CONTINUOUS
10
5.4403924803149604
20
-3.9743208267716534
11
5.4406188188976374
21
-3.9745065748031494
0
LINE
8
BLACK
6
CONTINUOUS
10
5.4406188188976374
20
-3.9745065748031494
11
5.442493582677165
21
-3.9763813385826769
0
LINE
8
BLACK
6
CONTINUOUS
10
5.442493582677165
20
-3.9763813385826769
11
5.4426793307086614
21
-3.9766076771653545
0
LINE
8
BLACK
6
CONTINUOUS
10
5.4426793307086614
20
-3.9766076771653545
11
5.442738346456693
21
-3.9766588582677165
0
LINE
8
BLACK
6
CONTINUOUS
10
5.442738346456693
20
-3.9766588582677165
11
5.4427942913385827
21
-3.9767477952755903
0
LINE
8
BLACK
6
CONTINUOUS
10
5.4427942913385827
20
-3.9767477952755903
11
5.4428607874015746
21
-3.9768287795275588
0
LINE
8
BLACK
6
CONTINUOUS
10
5.4428607874015746
20
-3.9768287795275588
11
5.4428905905511806
21
-3.9769007086614172
0
LINE
8
BLACK
6
CONTINUOUS
10
5.4428905905511806
20
-3.9769007086614172
11
5.4430466929133861
21
-3.9771487401574803
0
LINE
8
BLACK
6
CONTINUOUS
10
5.4430466929133861
20
-3.9771487401574803
11
5.4449214566929136
21
-3.9808982677165354
0
LINE
8
BLACK
6
CONTINUOUS
10
5.4449214566929136
20
-3.9808982677165354
11
5.4451283464566931
21
-3.9814388582677163
0
LINE
8
BLACK
6
CONTINUOUS
10
5.4451283464566931
20
-3.9814388582677163
11
5.4451358661417322
21
-3.9815447244094488
0
LINE
8
BLACK
6
CONTINUOUS
10
5.4451358661417322
20
-3.9815447244094488
11
5.4451764566929128
21
-3.9816427165354331
0
LINE
8
BLACK
6
CONTINUOUS
10
5.4451764566929128
20
-3.9816427165354331
11
5.4452331889763776
21
-3.982218779527559
0
LINE
8
BLACK
6
CONTINUOUS
10
5.4452331889763776
20
-3.982218779527559
11
5.4452331889763776
21
-4.0140897637795279
0
LINE
8
BLACK
6
CONTINUOUS
10
5.4452331889763776
20
-4.0140897637795279
11
5.4451764566929128
21
-4.0146658267716537
0
LINE
8
BLACK
6
CONTINUOUS
10
5.4451764566929128
20
-4.0146658267716537
11
5.4447355511811022
21
-4.0157302362204721
0
LINE
8
BLACK
6
CONTINUOUS
10
5.4447355511811022
20
-4.0157302362204721
11
5.4439209055118107
21
-4.0165448818897636
0
LINE
8
BLACK
6
CONTINUOUS
10
5.4439209055118107
20
-4.0165448818897636
11
5.4428564960629924
21
-4.0169857874015751
0
LINE
8
BLACK
6
CONTINUOUS
10
5.4428564960629924
20
-4.0169857874015751
11
5.4417043700787397
21
-4.0169857874015751
0
LINE
8
BLACK
6
CONTINUOUS
10
5.4417043700787397
20
-4.0169857874015751
11
5.4406399606299214
21
-4.0165448818897636
0
LINE
8
BLACK
6
CONTINUOUS
10
5.4406399606299214
20
-4.0165448818897636
11
5.4398253149606299
21
-4.0157302362204721
0
LINE
8
BLACK
6
CONTINUOUS
10
5.4398253149606299
20
-4.0157302362204721
11
5.4393844094488184
21
-4.0146658267716537
0
LINE
8
BLACK
6
CONTINUOUS
10
5.4393844094488184
20
-4.0146658267716537
11
5.4393276771653545
21
-4.0140897637795279
0
LINE
8
BLACK
6
CONTINUOUS
10
5.4393276771653545
20
-4.0140897637795279
11
5.4393276771653545
21
-3.9829158267716536
0
LINE
8
BLACK
6
CONTINUOUS
10
5.4393276771653545
20
-3.9829158267716536
11
5.4379789370078742
21
-3.9802183464566929
0
LINE
8
BLACK
6
CONTINUOUS
10
5.4379789370078742
20
-3.9802183464566929
11
5.4367817716535436
21
-3.9790211811023619
0
LINE
8
BLACK
6
CONTINUOUS
10
5.4367817716535436
20
-3.9790211811023619
11
5.434084291338583
21
-3.9776724409448816
0
LINE
8
BLACK
6
CONTINUOUS
10
5.434084291338583
20
-3.9776724409448816
11
5.4279794094488185
21
-3.9776724409448816
0
LINE
8
BLACK
6
CONTINUOUS
10
5.4279794094488185
20
-3.9776724409448816
11
5.4252818503937004
21
-3.9790212204724407
0
LINE
8
BLACK
6
CONTINUOUS
10
5.4252818503937004
20
-3.9790212204724407
11
5.4240847637795273
21
-3.9802183464566929
0
LINE
8
BLACK
6
CONTINUOUS
10
5.4240847637795273
20
-3.9802183464566929
11
5.422736023622047
21
-3.9829158267716536
0
LINE
8
BLACK
6
CONTINUOUS
10
5.422736023622047
20
-3.9829158267716536
11
5.422736023622047
21
-4.0140897637795279
0
LINE
8
BLACK
6
CONTINUOUS
10
5.422736023622047
20
-4.0140897637795279
11
5.4226792913385822
21
-4.0146658267716537
0
LINE
8
BLACK
6
CONTINUOUS
10
5.4226792913385822
20
-4.0146658267716537
11
5.4222383858267715
21
-4.0157302362204721
0
LINE
8
BLACK
6
CONTINUOUS
10
5.4222383858267715
20
-4.0157302362204721
11
5.4214237401574801
21
-4.0165448818897636
0
LINE
8
BLACK
6
CONTINUOUS
10
5.4214237401574801
20
-4.0165448818897636
11
5.4203593307086617
21
-4.0169857874015751
0
LINE
8
BLACK
6
CONTINUOUS
10
5.4203593307086617
20
-4.0169857874015751
11
5.4192072047244091
21
-4.0169857874015751
0
LINE
8
BLACK
6
CONTINUOUS
10
5.4192072047244091
20
-4.0169857874015751
11
5.4181427952755907
21
-4.0165448818897636
0
LINE
8
BLACK
6
CONTINUOUS
10
5.4181427952755907
20
-4.0165448818897636
11
5.4173281496062993
21
-4.0157302362204721
0
LINE
8
BLACK
6
CONTINUOUS
10
5.4173281496062993
20
-4.0157302362204721
11
5.4168872440944877
21
-4.0146658267716537
0
LINE
8
BLACK
6
CONTINUOUS
10
5.4168872440944877
20
-4.0146658267716537
11
5.4168305118110238
21
-4.0140897637795279
0
LINE
8
BLACK
6
CONTINUOUS
10
5.4168305118110238
20
-4.0140897637795279
11
5.4168305118110238
21
-3.982218779527559
0
LINE
8
BLACK
6
CONTINUOUS
10
5.4168305118110238
20
-3.982218779527559
11
5.4168872440944877
21
-3.9816427165354331
0
LINE
8
BLACK
6
CONTINUOUS
10
5.4168872440944877
20
-3.9816427165354331
11
5.4169278346456693
21
-3.9815446850393701
0
LINE
8
BLACK
6
CONTINUOUS
10
5.4169278346456693
20
-3.9815446850393701
11
5.4169353543307084
21
-3.981438897637795
0
LINE
8
BLACK
6
CONTINUOUS
10
5.4169353543307084
20
-3.981438897637795
11
5.4171422440944879
21
-3.9808982677165354
0
LINE
8
BLACK
6
CONTINUOUS
10
5.4171422440944879
20
-3.9808982677165354
11
5.4190170078740154
21
-3.9771487401574803
0
LINE
8
BLACK
6
CONTINUOUS
10
5.4190170078740154
20
-3.9771487401574803
11
5.4191730708661412
21
-3.9769007086614172
0
LINE
8
BLACK
6
CONTINUOUS
10
5.4191730708661412
20
-3.9769007086614172
11
5.4192029133858268
21
-3.9768287795275588
0
LINE
8
BLACK
6
CONTINUOUS
10
5.4192029133858268
20
-3.9768287795275588
11
5.41926937007874
21
-3.9767477952755903
0
LINE
8
BLACK
6
CONTINUOUS
10
5.41926937007874
20
-3.9767477952755903
11
5.4193253543307085
21
-3.9766588582677165
0
LINE
8
BLACK
6
CONTINUOUS
10
5.4193253543307085
20
-3.9766588582677165
11
5.4193843307086613
21
-3.9766076771653545
0
LINE
8
BLACK
6
CONTINUOUS
10
5.4193843307086613
20
-3.9766076771653545
11
5.4195701181102365
21
-3.9763813385826769
0
LINE
8
BLACK
6
CONTINUOUS
10
5.4195701181102365
20
-3.9763813385826769
11
5.421444881889764
21
-3.9745065748031494
0
LINE
8
BLACK
6
CONTINUOUS
10
5.421444881889764
20
-3.9745065748031494
11
5.4216713385826774
21
-3.9743207086614172
0
LINE
8
BLACK
6
CONTINUOUS
10
5.4216713385826774
20
-3.9743207086614172
11
5.4217224015748027
21
-3.9742618503937006
0
LINE
8
BLACK
6
CONTINUOUS
10
5.4217224015748027
20
-3.9742618503937006
11
5.4218111811023624
21
-3.9742059448818896
0
LINE
8
BLACK
6
CONTINUOUS
10
5.4218111811023624
20
-3.9742059448818896
11
5.4218923228346458
21
-3.9741393700787402
0
LINE
8
BLACK
6
CONTINUOUS
10
5.4218923228346458
20
-3.9741393700787402
11
5.4219642913385826
21
-3.974109527559055
0
LINE
8
BLACK
6
CONTINUOUS
10
5.4219642913385826
20
-3.974109527559055
11
5.4222122440944878
21
-3.9739534645669292
0
LINE
8
BLACK
6
CONTINUOUS
10
5.4222122440944878
20
-3.9739534645669292
11
5.4259618110236216
21
-3.9720786614173229
0
LINE
8
BLACK
6
CONTINUOUS
10
5.4259618110236216
20
-3.9720786614173229
11
5.4265024015748029
21
-3.9718717716535434
0
LINE
8
BLACK
6
CONTINUOUS
10
5.4265024015748029
20
-3.9718717716535434
11
5.426608267716535
21
-3.9718642125984251
0
LINE
8
BLACK
6
CONTINUOUS
10
5.426608267716535
20
-3.9718642125984251
11
5.4267062598425193
21
-3.9718236614173228
0
LINE
8
BLACK
6
CONTINUOUS
10
5.4267062598425193
20
-3.9718236614173228
11
5.4272823228346452
21
-3.971766929133858
0
LINE
8
BLACK
6
CONTINUOUS
10
5.4272823228346452
20
-3.971766929133858
11
5.4347813779527554
21
-3.971766929133858
0
LINE
8
BLACK
6
CONTINUOUS
10
5.4347813779527554
20
-3.971766929133858
11
5.4353574409448822
21
-3.9718236614173228
0
LINE
8
BLACK
6
CONTINUOUS
10
5.4818648031496062
20
-3.9421836220472439
11
5.4829462204724404
21
-3.9426315748031495
0
LINE
8
BLACK
6
CONTINUOUS
10
5.4829462204724404
20
-3.9426315748031495
11
5.4837739370078742
21
-3.9434592913385824
0
LINE
8
BLACK
6
CONTINUOUS
10
5.4837739370078742
20
-3.9434592913385824
11
5.4842218897637798
21
-3.944540708661417
0
LINE
8
BLACK
6
CONTINUOUS
10
5.4842218897637798
20
-3.944540708661417
11
5.484279527559055
21
-3.9451259842519684
0
LINE
8
BLACK
6
CONTINUOUS
10
5.484279527559055
20
-3.9451259842519684
11
5.484279527559055
21
-3.952011929133858
0
LINE
8
BLACK
6
CONTINUOUS
10
5.484279527559055
20
-3.952011929133858
11
5.4842218897637798
21
-3.9525972047244093
0
LINE
8
BLACK
6
CONTINUOUS
10
5.4842218897637798
20
-3.9525972047244093
11
5.4837739370078742
21
-3.953678622047244
0
LINE
8
BLACK
6
CONTINUOUS
10
5.4837739370078742
20
-3.953678622047244
11
5.4829462204724404
21
-3.9545063385826769
0
LINE
8
BLACK
6
CONTINUOUS
10
5.4829462204724404
20
-3.9545063385826769
11
5.4818648031496062
21
-3.9549542913385825
0
LINE
8
BLACK
6
CONTINUOUS
10
5.4818648031496062
20
-3.9549542913385825
11
5.4806942519685036
21
-3.9549542913385825
0
LINE
8
BLACK
6
CONTINUOUS
10
5.4806942519685036
20
-3.9549542913385825
11
5.4796128346456694
21
-3.9545063385826769
0
LINE
8
BLACK
6
CONTINUOUS
10
5.4796128346456694
20
-3.9545063385826769
11
5.4787851181102365
21
-3.953678622047244
0
LINE
8
BLACK
6
CONTINUOUS
10
5.4787851181102365
20
-3.953678622047244
11
5.4783371653543309
21
-3.9525972047244093
0
LINE
8
BLACK
6
CONTINUOUS
10
5.4783371653543309
20
-3.9525972047244093
11
5.4782795275590548
21
-3.952011929133858
0
LINE
8
BLACK
6
CONTINUOUS
10
5.4782795275590548
20
-3.952011929133858
11
5.4782795275590548
21
-3.9481259842519685
0
LINE
8
BLACK
6
CONTINUOUS
10
5.4782795275590548
20
-3.9481259842519685
11
5.4212795275590553
21
-3.9481259842519685
0
LINE
8
BLACK
6
CONTINUOUS
10
5.4212795275590553
20
-3.9481259842519685
11
5.4212795275590553
21
-3.952011929133858
0
LINE
8
BLACK
6
CONTINUOUS
10
5.4212795275590553
20
-3.952011929133858
11
5.4212218897637792
21
-3.9525972047244093
0
LINE
8
BLACK
6
CONTINUOUS
10
5.4212218897637792
20
-3.9525972047244093
11
5.4207739370078736
21
-3.953678622047244
0
LINE
8
BLACK
6
CONTINUOUS
10
5.4207739370078736
20
-3.953678622047244
11
5.4199462204724407
21
-3.9545063385826769
0
LINE
8
BLACK
6
CONTINUOUS
10
5.4199462204724407
20
-3.9545063385826769
11
5.4188648031496065
21
-3.9549542913385825
0
LINE
8
BLACK
6
CONTINUOUS
10
5.4188648031496065
20
-3.9549542913385825
11
5.4176942519685038
21
-3.9549542913385825
0
LINE
8
BLACK
6
CONTINUOUS
10
5.4176942519685038
20
-3.9549542913385825
11
5.4166128346456688
21
-3.9545063385826769
0
LINE
8
BLACK
6
CONTINUOUS
10
5.4166128346456688
20
-3.9545063385826769
11
5.4157851181102359
21
-3.953678622047244
0
LINE
8
BLACK
6
CONTINUOUS
10
5.4157851181102359
20
-3.953678622047244
11
5.4153371653543303
21
-3.9525972047244093
0
LINE
8
BLACK
6
CONTINUOUS
10
5.4153371653543303
20
-3.9525972047244093
11
5.4152795275590551
21
-3.952011929133858
0
LINE
8
BLACK
6
CONTINUOUS
10
5.4152795275590551
20
-3.952011929133858
11
5.4152795275590551
21
-3.9451259842519684
0
LINE
8
BLACK
6
CONTINUOUS
10
5.4152795275590551
20
-3.9451259842519684
11
5.4153371653543303
21
-3.944540708661417
0
LINE
8
BLACK
6
CONTINUOUS
10
5.4153371653543303
20
-3.944540708661417
11
5.4157851181102359
21
-3.9434592913385824
0
LINE
8
BLACK
6
CONTINUOUS
10
5.4157851181102359
20
-3.9434592913385824
11
5.4166128346456688
21
-3.9426315748031495
0
LINE
8
BLACK
6
CONTINUOUS
10
5.4166128346456688
20
-3.9426315748031495
11
5.4176942519685038
21
-3.9421836220472439
0
LINE
8
BLACK
6
CONTINUOUS
10
5.4176942519685038
20
-3.9421836220472439
11
5.4182795275590552
21
-3.9421259842519683
0
LINE
8
BLACK
6
CONTINUOUS
10
5.4182795275590552
20
-3.9421259842519683
11
5.4812795275590549
21
-3.9421259842519683
0
LINE
8
BLACK
6
CONTINUOUS
10
5.4812795275590549
20
-3.9421259842519683
11
5.4818648031496062
21
-3.9421836220472439
0
LINE
8
BLACK
6
CONTINUOUS
10
5.4162374409448821
20
-3.8904196850393702
11
5.4165267322834643
21
-3.8904196850393702
0
LINE
8
BLACK
6
CONTINUOUS
10
5.4165267322834643
20
-3.8904196850393702
11
5.4167968110236222
21
-3.890531535433071
0
LINE
8
BLACK
6
CONTINUOUS
10
5.4167968110236222
20
-3.890531535433071
11
5.4170834645669288
21
-3.8905888976377954
0
LINE
8
BLACK
6
CONTINUOUS
10
5.4170834645669288
20
-3.8905888976377954
11
5.4173238188976374
21
-3.8907498425196851
0
LINE
8
BLACK
6
CONTINUOUS
10
5.4173238188976374
20
-3.8907498425196851
11
5.4175911417322835
21
-3.8908605905511808
0
LINE
8
BLACK
6
CONTINUOUS
10
5.4175911417322835
20
-3.8908605905511808
11
5.4177978346456692
21
-3.891067283464567
0
LINE
8
BLACK
6
CONTINUOUS
10
5.4177978346456692
20
-3.891067283464567
11
5.4180407480314958
21
-3.891229960629921
0
LINE
8
BLACK
6
CONTINUOUS
10
5.4180407480314958
20
-3.891229960629921
11
5.4184037401574798
21
-3.891673188976378
0
LINE
8
BLACK
6
CONTINUOUS
10
5.4184037401574798
20
-3.891673188976378
11
5.418405787401575
21
-3.8916752362204723
0
LINE
8
BLACK
6
CONTINUOUS
10
5.418405787401575
20
-3.8916752362204723
11
5.4184061417322837
21
-3.8916761023622048
0
LINE
8
BLACK
6
CONTINUOUS
10
5.4184061417322837
20
-3.8916761023622048
11
5.4184075196850392
21
-3.8916777952755903
0
LINE
8
BLACK
6
CONTINUOUS
10
5.4184075196850392
20
-3.8916777952755903
11
5.4219948425196849
21
-3.8970588188976376
0
LINE
8
BLACK
6
CONTINUOUS
10
5.4219948425196849
20
-3.8970588188976376
11
5.4251988188976377
21
-3.9002627952755904
0
LINE
8
BLACK
6
CONTINUOUS
10
5.4251988188976377
20
-3.9002627952755904
11
5.4285197637795273
21
-3.9019232677165352
0
LINE
8
BLACK
6
CONTINUOUS
10
5.4285197637795273
20
-3.9019232677165352
11
5.4290096456692911
21
-3.9022316141732283
0
LINE
8
BLACK
6
CONTINUOUS
10
5.4290096456692911
20
-3.9022316141732283
11
5.4297644881889759
21
-3.9031020078740157
0
LINE
8
BLACK
6
CONTINUOUS
10
5.4297644881889759
20
-3.9031020078740157
11
5.4301288188976375
21
-3.9041949606299213
0
LINE
8
BLACK
6
CONTINUOUS
10
5.4301288188976375
20
-3.9041949606299213
11
5.4300471653543303
21
-3.9053441732283463
0
LINE
8
BLACK
6
CONTINUOUS
10
5.4300471653543303
20
-3.9053441732283463
11
5.429531889763779
21
-3.9063746850393701
0
LINE
8
BLACK
6
CONTINUOUS
10
5.429531889763779
20
-3.9063746850393701
11
5.4286615354330712
21
-3.907129527559055
0
LINE
8
BLACK
6
CONTINUOUS
10
5.4286615354330712
20
-3.907129527559055
11
5.4275685433070864
21
-3.9074938582677166
0
LINE
8
BLACK
6
CONTINUOUS
10
5.4275685433070864
20
-3.9074938582677166
11
5.4264193307086614
21
-3.9074122047244093
0
LINE
8
BLACK
6
CONTINUOUS
10
5.4264193307086614
20
-3.9074122047244093
11
5.4258787401574802
21
-3.9072053149606298
0
LINE
8
BLACK
6
CONTINUOUS
10
5.4258787401574802
20
-3.9072053149606298
11
5.4221292125984251
21
-3.9053305511811023
0
LINE
8
BLACK
6
CONTINUOUS
10
5.4221292125984251
20
-3.9053305511811023
11
5.4218813779527562
21
-3.9051745275590548
0
LINE
8
BLACK
6
CONTINUOUS
10
5.4218813779527562
20
-3.9051745275590548
11
5.4218092519685035
21
-3.9051446850393701
0
LINE
8
BLACK
6
CONTINUOUS
10
5.4218092519685035
20
-3.9051446850393701
11
5.4217280708661413
21
-3.9050780708661414
0
LINE
8
BLACK
6
CONTINUOUS
10
5.4217280708661413
20
-3.9050780708661414
11
5.4216393307086612
21
-3.9050222047244092
0
LINE
8
BLACK
6
CONTINUOUS
10
5.4216393307086612
20
-3.9050222047244092
11
5.4215881889763775
21
-3.9049632677165351
0
LINE
8
BLACK
6
CONTINUOUS
10
5.4215881889763775
20
-3.9049632677165351
11
5.4213618110236217
21
-3.9047774409448817
0
LINE
8
BLACK
6
CONTINUOUS
10
5.4213618110236217
20
-3.9047774409448817
11
5.4189034251968504
21
-3.9023190551181099
0
LINE
8
BLACK
6
CONTINUOUS
10
5.4189034251968504
20
-3.9023190551181099
11
5.4189034251968504
21
-3.9297330314960628
0
LINE
8
BLACK
6
CONTINUOUS
10
5.4189034251968504
20
-3.9297330314960628
11
5.4271992519685037
21
-3.9297330314960628
0
LINE
8
BLACK
6
CONTINUOUS
10
5.4271992519685037
20
-3.9297330314960628
11
5.4277753149606296
21
-3.9297897637795276
0
LINE
8
BLACK
6
CONTINUOUS
10
5.4277753149606296
20
-3.9297897637795276
11
5.4288397244094488
21
-3.9302306692913387
0
LINE
8
BLACK
6
CONTINUOUS
10
5.4288397244094488
20
-3.9302306692913387
11
5.4296543700787403
21
-3.9310453149606297
0
LINE
8
BLACK
6
CONTINUOUS
10
5.4296543700787403
20
-3.9310453149606297
11
5.4300952755905509
21
-3.9321097244094489
0
LINE
8
BLACK
6
CONTINUOUS
10
5.4300952755905509
20
-3.9321097244094489
11
5.4300952755905509
21
-3.9332618503937007
0
LINE
8
BLACK
6
CONTINUOUS
10
5.4300952755905509
20
-3.9332618503937007
11
5.4296543700787403
21
-3.9343262598425195
0
LINE
8
BLACK
6
CONTINUOUS
10
5.4296543700787403
20
-3.9343262598425195
11
5.4288397244094488
21
-3.9351409055118109
0
LINE
8
BLACK
6
CONTINUOUS
10
5.4288397244094488
20
-3.9351409055118109
11
5.4277753149606296
21
-3.935581811023622
0
LINE
8
BLACK
6
CONTINUOUS
10
5.4277753149606296
20
-3.935581811023622
11
5.4271992519685037
21
-3.9356385433070864
0
LINE
8
BLACK
6
CONTINUOUS
10
5.4271992519685037
20
-3.9356385433070864
11
5.4047020866141731
21
-3.9356385433070864
0
LINE
8
BLACK
6
CONTINUOUS
10
5.4047020866141731
20
-3.9356385433070864
11
5.4041260236220472
21
-3.935581811023622
0
LINE
8
BLACK
6
CONTINUOUS
10
5.4041260236220472
20
-3.935581811023622
11
5.4030616141732279
21
-3.9351409055118109
0
LINE
8
BLACK
6
CONTINUOUS
10
5.4030616141732279
20
-3.9351409055118109
11
5.4022469685039365
21
-3.9343262598425195
0
LINE
8
BLACK
6
CONTINUOUS
10
5.4022469685039365
20
-3.9343262598425195
11
5.4018060629921258
21
-3.9332618503937007
0
LINE
8
BLACK
6
CONTINUOUS
10
5.4018060629921258
20
-3.9332618503937007
11
5.4018060629921258
21
-3.9321097244094489
0
LINE
8
BLACK
6
CONTINUOUS
10
5.4018060629921258
20
-3.9321097244094489
11
5.4022469685039365
21
-3.9310453149606297
0
LINE
8
BLACK
6
CONTINUOUS
10
5.4022469685039365
20
-3.9310453149606297
11
5.4030616141732279
21
-3.9302306692913387
0
LINE
8
BLACK
6
CONTINUOUS
10
5.4030616141732279
20
-3.9302306692913387
11
5.4041260236220472
21
-3.9297897637795276
0
LINE
8
BLACK
6
CONTINUOUS
10
5.4041260236220472
20
-3.9297897637795276
11
5.4047020866141731
21
-3.9297330314960628
0
LINE
8
BLACK
6
CONTINUOUS
10
5.4047020866141731
20
-3.9297330314960628
11
5.4129979133858264
21
-3.9297330314960628
0
LINE
8
BLACK
6
CONTINUOUS
10
5.4129979133858264
20
-3.9297330314960628
11
5.4129979133858264
21
-3.8933157086614174
0
LINE
8
BLACK
6
CONTINUOUS
10
5.4129979133858264
20
-3.8933157086614174
11
5.4129981102362201
21
-3.893313622047244
0
LINE
8
BLACK
6
CONTINUOUS
10
5.4129981102362201
20
-3.893313622047244
11
5.4129979133858264
21
-3.8933125984251968
0
LINE
8
BLACK
6
CONTINUOUS
10
5.4129979133858264
20
-3.8933125984251968
11
5.4129985039370077
21
-3.8933095669291338
0
LINE
8
BLACK
6
CONTINUOUS
10
5.4129985039370077
20
-3.8933095669291338
11
5.4130546456692912
21
-3.8927396456692911
0
LINE
8
BLACK
6
CONTINUOUS
10
5.4130546456692912
20
-3.8927396456692911
11
5.4131664960629919
21
-3.8924695275590548
0
LINE
8
BLACK
6
CONTINUOUS
10
5.4131664960629919
20
-3.8924695275590548
11
5.4132238582677168
21
-3.8921829133858266
0
LINE
8
BLACK
6
CONTINUOUS
10
5.4132238582677168
20
-3.8921829133858266
11
5.4133848031496061
21
-3.8919425196850392
0
LINE
8
BLACK
6
CONTINUOUS
10
5.4133848031496061
20
-3.8919425196850392
11
5.4134955511811018
21
-3.8916752362204723
0
LINE
8
BLACK
6
CONTINUOUS
10
5.4134955511811018
20
-3.8916752362204723
11
5.4137022440944884
21
-3.8914685039370078
0
LINE
8
BLACK
6
CONTINUOUS
10
5.4137022440944884
20
-3.8914685039370078
11
5.413864921259842
21
-3.8912256299212595
0
LINE
8
BLACK
6
CONTINUOUS
10
5.413864921259842
20
-3.8912256299212595
11
5.4141056299212593
21
-3.891065118110236
0
LINE
8
BLACK
6
CONTINUOUS
10
5.4141056299212593
20
-3.891065118110236
11
5.4143101968503933
21
-3.8908605905511808
0
LINE
8
BLACK
6
CONTINUOUS
10
5.4143101968503933
20
-3.8908605905511808
11
5.4145802755905512
21
-3.8907487007874013
0
LINE
8
BLACK
6
CONTINUOUS
10
5.4145802755905512
20
-3.8907487007874013
11
5.4148235433070866
21
-3.8905865354330706
0
LINE
8
BLACK
6
CONTINUOUS
10
5.4148235433070866
20
-3.8905865354330706
11
5.4151073228346451
21
-3.8905303937007871
0
LINE
8
BLACK
6
CONTINUOUS
10
5.4151073228346451
20
-3.8905303937007871
11
5.4153746062992125
21
-3.8904196850393702
0
LINE
8
BLACK
6
CONTINUOUS
10
5.4153746062992125
20
-3.8904196850393702
11
5.4156670078740152
21
-3.8904196850393702
0
LINE
8
BLACK
6
CONTINUOUS
10
5.4156670078740152
20
-3.8904196850393702
11
5.415953779527559
21
-3.8903629527559054
0
LINE
8
BLACK
6
CONTINUOUS
10
5.415953779527559
20
-3.8903629527559054
11
5.4162374409448821
21
-3.8904196850393702
0
LINE
8
BLACK
6
CONTINUOUS
10
5.4652706299212594
20
-3.8904196850393702
11
5.4663350393700787
21
-3.8908605905511808
0
LINE
8
BLACK
6
CONTINUOUS
10
5.4663350393700787
20
-3.8908605905511808
11
5.4671496850393702
21
-3.8916752362204723
0
LINE
8
BLACK
6
CONTINUOUS
10
5.4671496850393702
20
-3.8916752362204723
11
5.4675905905511808
21
-3.8927396456692911
0
LINE
8
BLACK
6
CONTINUOUS
10
5.4675905905511808
20
-3.8927396456692911
11
5.4676473228346456
21
-3.8933157086614174
0
LINE
8
BLACK
6
CONTINUOUS
10
5.4676473228346456
20
-3.8933157086614174
11
5.4676473228346456
21
-3.9326857874015748
0
LINE
8
BLACK
6
CONTINUOUS
10
5.4676473228346456
20
-3.9326857874015748
11
5.4675905905511808
21
-3.9332618503937007
0
LINE
8
BLACK
6
CONTINUOUS
10
5.4675905905511808
20
-3.9332618503937007
11
5.4671496850393702
21
-3.9343262598425195
0
LINE
8
BLACK
6
CONTINUOUS
10
5.4671496850393702
20
-3.9343262598425195
11
5.4663350393700787
21
-3.9351409055118109
0
LINE
8
BLACK
6
CONTINUOUS
10
5.4663350393700787
20
-3.9351409055118109
11
5.4652706299212594
21
-3.935581811023622
0
LINE
8
BLACK
6
CONTINUOUS
10
5.4652706299212594
20
-3.935581811023622
11
5.4641185039370077
21
-3.935581811023622
0
LINE
8
BLACK
6
CONTINUOUS
10
5.4641185039370077
20
-3.935581811023622
11
5.4630540944881885
21
-3.9351409055118109
0
LINE
8
BLACK
6
CONTINUOUS
10
5.4630540944881885
20
-3.9351409055118109
11
5.4622394488188979
21
-3.9343262598425195
0
LINE
8
BLACK
6
CONTINUOUS
10
5.4622394488188979
20
-3.9343262598425195
11
5.4617985433070864
21
-3.9332618503937007
0
LINE
8
BLACK
6
CONTINUOUS
10
5.4617985433070864
20
-3.9332618503937007
11
5.4617418110236216
21
-3.9326857874015748
0
LINE
8
BLACK
6
CONTINUOUS
10
5.4617418110236216
20
-3.9326857874015748
11
5.4617418110236216
21
-3.9168908661417321
0
LINE
8
BLACK
6
CONTINUOUS
10
5.4617418110236216
20
-3.9168908661417321
11
5.4496964566929131
21
-3.9168908661417321
0
LINE
8
BLACK
6
CONTINUOUS
10
5.4496964566929131
20
-3.9168908661417321
11
5.4491203937007873
21
-3.9168341338582677
0
LINE
8
BLACK
6
CONTINUOUS
10
5.4491203937007873
20
-3.9168341338582677
11
5.449022401574803
21
-3.9167935433070866
0
LINE
8
BLACK
6
CONTINUOUS
10
5.449022401574803
20
-3.9167935433070866
11
5.4489165354330709
21
-3.9167860236220471
0
LINE
8
BLACK
6
CONTINUOUS
10
5.4489165354330709
20
-3.9167860236220471
11
5.4483759448818896
21
-3.9165791338582676
0
LINE
8
BLACK
6
CONTINUOUS
10
5.4483759448818896
20
-3.9165791338582676
11
5.4446264173228345
21
-3.9147043700787401
0
LINE
8
BLACK
6
CONTINUOUS
10
5.4446264173228345
20
-3.9147043700787401
11
5.4443783858267718
21
-3.9145482677165355
0
LINE
8
BLACK
6
CONTINUOUS
10
5.4443783858267718
20
-3.9145482677165355
11
5.4443064566929129
21
-3.9145184645669291
0
LINE
8
BLACK
6
CONTINUOUS
10
5.4443064566929129
20
-3.9145184645669291
11
5.4442254724409445
21
-3.9144519685039367
0
LINE
8
BLACK
6
CONTINUOUS
10
5.4442254724409445
20
-3.9144519685039367
11
5.4441365354330706
21
-3.914396023622047
0
LINE
8
BLACK
6
CONTINUOUS
10
5.4441365354330706
20
-3.914396023622047
11
5.4440853543307082
21
-3.9143370078740158
0
LINE
8
BLACK
6
CONTINUOUS
10
5.4440853543307082
20
-3.9143370078740158
11
5.4438590157480311
21
-3.9141512598425194
0
LINE
8
BLACK
6
CONTINUOUS
10
5.4438590157480311
20
-3.9141512598425194
11
5.4419842519685035
21
-3.9122764960629919
0
LINE
8
BLACK
6
CONTINUOUS
10
5.4419842519685035
20
-3.9122764960629919
11
5.4417984645669293
21
-3.9120501181102361
0
LINE
8
BLACK
6
CONTINUOUS
10
5.4417984645669293
20
-3.9120501181102361
11
5.4417394881889765
21
-3.9119989763779528
0
LINE
8
BLACK
6
CONTINUOUS
10
5.4417394881889765
20
-3.9119989763779528
11
5.4416835039370079
21
-3.9119099999999998
0
LINE
8
BLACK
6
CONTINUOUS
10
5.4416835039370079
20
-3.9119099999999998
11
5.4416170472440948
21
-3.9118290551181101
0
LINE
8
BLACK
6
CONTINUOUS
10
5.4416170472440948
20
-3.9118290551181101
11
5.4415872047244092
21
-3.9117570866141733
0
LINE
8
BLACK
6
CONTINUOUS
10
5.4415872047244092
20
-3.9117570866141733
11
5.4414311417322834
21
-3.911509094488189
0
LINE
8
BLACK
6
CONTINUOUS
10
5.4414311417322834
20
-3.911509094488189
11
5.4395563779527558
21
-3.9077595669291338
0
LINE
8
BLACK
6
CONTINUOUS
10
5.4395563779527558
20
-3.9077595669291338
11
5.4393494881889763
21
-3.9072189370078738
0
LINE
8
BLACK
6
CONTINUOUS
10
5.4393494881889763
20
-3.9072189370078738
11
5.4393419685039373
21
-3.9071131102362204
0
LINE
8
BLACK
6
CONTINUOUS
10
5.4393419685039373
20
-3.9071131102362204
11
5.4393013779527557
21
-3.9070151181102362
0
LINE
8
BLACK
6
CONTINUOUS
10
5.4393013779527557
20
-3.9070151181102362
11
5.4392446456692909
21
-3.9064390551181103
0
LINE
8
BLACK
6
CONTINUOUS
10
5.4392446456692909
20
-3.9064390551181103
11
5.4392446456692909
21
-3.9008147637795276
0
LINE
8
BLACK
6
CONTINUOUS
10
5.4392446456692909
20
-3.9008147637795276
11
5.4393013779527557
21
-3.9002387007874013
0
LINE
8
BLACK
6
CONTINUOUS
10
5.4393013779527557
20
-3.9002387007874013
11
5.4393419685039373
21
-3.9001406692913383
0
LINE
8
BLACK
6
CONTINUOUS
10
5.4393419685039373
20
-3.9001406692913383
11
5.4393494881889763
21
-3.9000348818897637
0
LINE
8
BLACK
6
CONTINUOUS
10
5.4393494881889763
20
-3.9000348818897637
11
5.4395563779527558
21
-3.8994942519685036
0
LINE
8
BLACK
6
CONTINUOUS
10
5.4395563779527558
20
-3.8994942519685036
11
5.4414311417322834
21
-3.8957447244094485
0
LINE
8
BLACK
6
CONTINUOUS
10
5.4414311417322834
20
-3.8957447244094485
11
5.4415872047244092
21
-3.8954966929133858
0
LINE
8
BLACK
6
CONTINUOUS
10
5.4415872047244092
20
-3.8954966929133858
11
5.4416170472440948
21
-3.8954247637795274
0
LINE
8
BLACK
6
CONTINUOUS
10
5.4416170472440948
20
-3.8954247637795274
11
5.4416835039370079
21
-3.8953437795275589
0
LINE
8
BLACK
6
CONTINUOUS
10
5.4416835039370079
20
-3.8953437795275589
11
5.4417394881889765
21
-3.8952548425196851
0
LINE
8
BLACK
6
CONTINUOUS
10
5.4417394881889765
20
-3.8952548425196851
11
5.4417984645669293
21
-3.8952036614173227
0
LINE
8
BLACK
6
CONTINUOUS
10
5.4417984645669293
20
-3.8952036614173227
11
5.4419842519685035
21
-3.8949773228346456
0
LINE
8
BLACK
6
CONTINUOUS
10
5.4419842519685035
20
-3.8949773228346456
11
5.4438590157480311
21
-3.893102559055118
0
LINE
8
BLACK
6
CONTINUOUS
10
5.4438590157480311
20
-3.893102559055118
11
5.4440853543307082
21
-3.8929167716535433
0
LINE
8
BLACK
6
CONTINUOUS
10
5.4440853543307082
20
-3.8929167716535433
11
5.4441365354330706
21
-3.8928577952755905
0
LINE
8
BLACK
6
CONTINUOUS
10
5.4441365354330706
20
-3.8928577952755905
11
5.4442254724409445
21
-3.892801811023622
0
LINE
8
BLACK
6
CONTINUOUS
10
5.4442254724409445
20
-3.892801811023622
11
5.4443064566929129
21
-3.8927353543307084
0
LINE
8
BLACK
6
CONTINUOUS
10
5.4443064566929129
20
-3.8927353543307084
11
5.4443783858267718
21
-3.8927055118110236
0
LINE
8
BLACK
6
CONTINUOUS
10
5.4443783858267718
20
-3.8927055118110236
11
5.4446264173228345
21
-3.8925494488188974
0
LINE
8
BLACK
6
CONTINUOUS
10
5.4446264173228345
20
-3.8925494488188974
11
5.4483759448818896
21
-3.8906746850393699
0
LINE
8
BLACK
6
CONTINUOUS
10
5.4483759448818896
20
-3.8906746850393699
11
5.4489165354330709
21
-3.8904677952755904
0
LINE
8
BLACK
6
CONTINUOUS
10
5.4489165354330709
20
-3.8904677952755904
11
5.449022401574803
21
-3.8904602362204725
0
LINE
8
BLACK
6
CONTINUOUS
10
5.449022401574803
20
-3.8904602362204725
11
5.4491203937007873
21
-3.8904196850393702
0
LINE
8
BLACK
6
CONTINUOUS
10
5.4491203937007873
20
-3.8904196850393702
11
5.4496964566929131
21
-3.8903629527559054
0
LINE
8
BLACK
6
CONTINUOUS
10
5.4496964566929131
20
-3.8903629527559054
11
5.4646945669291336
21
-3.8903629527559054
0
LINE
8
BLACK
6
CONTINUOUS
10
5.4646945669291336
20
-3.8903629527559054
11
5.4652706299212594
21
-3.8904196850393702
0
LINE
8
BLACK
6
CONTINUOUS
10
5.4476960236220471
20
-3.8976172047244093
11
5.4464988976377953
21
-3.8988143307086611
0
LINE
8
BLACK
6
CONTINUOUS
10
5.4464988976377953
20
-3.8988143307086611
11
5.4451501574803149
21
-3.9015118110236218
0
LINE
8
BLACK
6
CONTINUOUS
10
5.4451501574803149
20
-3.9015118110236218
11
5.4451501574803149
21
-3.9057420078740157
0
LINE
8
BLACK
6
CONTINUOUS
10
5.4451501574803149
20
-3.9057420078740157
11
5.4464988976377953
21
-3.9084394881889764
0
LINE
8
BLACK
6
CONTINUOUS
10
5.4464988976377953
20
-3.9084394881889764
11
5.4476960236220471
21
-3.9096366141732282
0
LINE
8
BLACK
6
CONTINUOUS
10
5.4476960236220471
20
-3.9096366141732282
11
5.4503935039370077
21
-3.9109853543307085
0
LINE
8
BLACK
6
CONTINUOUS
10
5.4503935039370077
20
-3.9109853543307085
11
5.4617418110236216
21
-3.9109853543307085
0
LINE
8
BLACK
6
CONTINUOUS
10
5.4617418110236216
20
-3.9109853543307085
11
5.4617418110236216
21
-3.896268464566929
0
LINE
8
BLACK
6
CONTINUOUS
10
5.4617418110236216
20
-3.896268464566929
11
5.4503935039370077
21
-3.896268464566929
0
LINE
8
BLACK
6
CONTINUOUS
10
5.4503935039370077
20
-3.896268464566929
11
5.4476960236220471
21
-3.8976172047244093
0
LINE
8
BLACK
6
CONTINUOUS
10
5.5008911811023617
20
-3.8904196850393702
11
5.501955590551181
21
-3.8908605905511808
0
LINE
8
BLACK
6
CONTINUOUS
10
5.501955590551181
20
-3.8908605905511808
11
5.5027702362204725
21
-3.8916752362204723
0
LINE
8
BLACK
6
CONTINUOUS
10
5.5027702362204725
20
-3.8916752362204723
11
5.5032111417322831
21
-3.8927396456692911
0
LINE
8
BLACK
6
CONTINUOUS
10
5.5032111417322831
20
-3.8927396456692911
11
5.5032111417322831
21
-3.8938917716535433
0
LINE
8
BLACK
6
CONTINUOUS
10
5.5032111417322831
20
-3.8938917716535433
11
5.5027702362204725
21
-3.8949561811023621
0
LINE
8
BLACK
6
CONTINUOUS
10
5.5027702362204725
20
-3.8949561811023621
11
5.501955590551181
21
-3.8957708267716535
0
LINE
8
BLACK
6
CONTINUOUS
10
5.501955590551181
20
-3.8957708267716535
11
5.5008911811023617
21
-3.8962117322834646
0
LINE
8
BLACK
6
CONTINUOUS
10
5.5008911811023617
20
-3.8962117322834646
11
5.5003151181102359
21
-3.896268464566929
0
LINE
8
BLACK
6
CONTINUOUS
10
5.5003151181102359
20
-3.896268464566929
11
5.4920192913385826
21
-3.896268464566929
0
LINE
8
BLACK
6
CONTINUOUS
10
5.4920192913385826
20
-3.896268464566929
11
5.4920192913385826
21
-3.9326857874015748
0
LINE
8
BLACK
6
CONTINUOUS
10
5.4920192913385826
20
-3.9326857874015748
11
5.4919625590551178
21
-3.9332618503937007
0
LINE
8
BLACK
6
CONTINUOUS
10
5.4919625590551178
20
-3.9332618503937007
11
5.4915216535433071
21
-3.9343262598425195
0
LINE
8
BLACK
6
CONTINUOUS
10
5.4915216535433071
20
-3.9343262598425195
11
5.4907070078740157
21
-3.9351409055118109
0
LINE
8
BLACK
6
CONTINUOUS
10
5.4907070078740157
20
-3.9351409055118109
11
5.4896425984251964
21
-3.935581811023622
0
LINE
8
BLACK
6
CONTINUOUS
10
5.4896425984251964
20
-3.935581811023622
11
5.4884904724409447
21
-3.935581811023622
0
LINE
8
BLACK
6
CONTINUOUS
10
5.4884904724409447
20
-3.935581811023622
11
5.4874260629921254
21
-3.9351409055118109
0
LINE
8
BLACK
6
CONTINUOUS
10
5.4874260629921254
20
-3.9351409055118109
11
5.4866114173228349
21
-3.9343262598425195
0
LINE
8
BLACK
6
CONTINUOUS
10
5.4866114173228349
20
-3.9343262598425195
11
5.4861705118110233
21
-3.9332618503937007
0
LINE
8
BLACK
6
CONTINUOUS
10
5.4861705118110233
20
-3.9332618503937007
11
5.4861137795275585
21
-3.9326857874015748
0
LINE
8
BLACK
6
CONTINUOUS
10
5.4861137795275585
20
-3.9326857874015748
11
5.4861137795275585
21
-3.896268464566929
0
LINE
8
BLACK
6
CONTINUOUS
10
5.4861137795275585
20
-3.896268464566929
11
5.4778179527559052
21
-3.896268464566929
0
LINE
8
BLACK
6
CONTINUOUS
10
5.4778179527559052
20
-3.896268464566929
11
5.4772418897637793
21
-3.8962117322834646
0
LINE
8
BLACK
6
CONTINUOUS
10
5.4772418897637793
20
-3.8962117322834646
11
5.4761774803149601
21
-3.8957708267716535
0
LINE
8
BLACK
6
CONTINUOUS
10
5.4761774803149601
20
-3.8957708267716535
11
5.4753628346456695
21
-3.8949561811023621
0
LINE
8
BLACK
6
CONTINUOUS
10
5.4753628346456695
20
-3.8949561811023621
11
5.474921929133858
21
-3.8938917716535433
0
LINE
8
BLACK
6
CONTINUOUS
10
5.474921929133858
20
-3.8938917716535433
11
5.474921929133858
21
-3.8927396456692911
0
LINE
8
BLACK
6
CONTINUOUS
10
5.474921929133858
20
-3.8927396456692911
11
5.4753628346456695
21
-3.8916752362204723
0
LINE
8
BLACK
6
CONTINUOUS
10
5.4753628346456695
20
-3.8916752362204723
11
5.4761774803149601
21
-3.8908605905511808
0
LINE
8
BLACK
6
CONTINUOUS
10
5.4761774803149601
20
-3.8908605905511808
11
5.4772418897637793
21
-3.8904196850393702
0
LINE
8
BLACK
6
CONTINUOUS
10
5.4772418897637793
20
-3.8904196850393702
11
5.4778179527559052
21
-3.8903629527559054
0
LINE
8
BLACK
6
CONTINUOUS
10
5.4778179527559052
20
-3.8903629527559054
11
5.5003151181102359
21
-3.8903629527559054
0
LINE
8
BLACK
6
CONTINUOUS
10
5.5003151181102359
20
-3.8903629527559054
11
5.5008911811023617
21
-3.8904196850393702
0
LINE
8
BLACK
6
CONTINUOUS
10
5.4593195275590549
20
-3.8291387795275589
11
5.4647386614173223
21
-3.8313834645669291
0
LINE
8
BLACK
6
CONTINUOUS
10
5.4647386614173223
20
-3.8313834645669291
11
5.4696157086614168
21
-3.8346422047244095
0
LINE
8
BLACK
6
CONTINUOUS
10
5.4696157086614168
20
-3.8346422047244095
11
5.4737633070866138
21
-3.8387898031496062
0
LINE
8
BLACK
6
CONTINUOUS
10
5.4737633070866138
20
-3.8387898031496062
11
5.4770220472440947
21
-3.8436668503937006
0
LINE
8
BLACK
6
CONTINUOUS
10
5.4770220472440947
20
-3.8436668503937006
11
5.4792667322834641
21
-3.8490859842519685
0
LINE
8
BLACK
6
CONTINUOUS
10
5.4792667322834641
20
-3.8490859842519685
11
5.4804110236220467
21
-3.8548388582677164
0
LINE
8
BLACK
6
CONTINUOUS
10
5.4804110236220467
20
-3.8548388582677164
11
5.4804110236220467
21
-3.8607044488188977
0
LINE
8
BLACK
6
CONTINUOUS
10
5.4804110236220467
20
-3.8607044488188977
11
5.4792667322834641
21
-3.8664573228346457
0
LINE
8
BLACK
6
CONTINUOUS
10
5.4792667322834641
20
-3.8664573228346457
11
5.4770220472440947
21
-3.8718764566929131
0
LINE
8
BLACK
6
CONTINUOUS
10
5.4770220472440947
20
-3.8718764566929131
11
5.4737633070866138
21
-3.8767535039370076
0
LINE
8
BLACK
6
CONTINUOUS
10
5.4737633070866138
20
-3.8767535039370076
11
5.4696157086614168
21
-3.8809011023622046
0
LINE
8
BLACK
6
CONTINUOUS
10
5.4696157086614168
20
-3.8809011023622046
11
5.4647386614173223
21
-3.884159842519685
0
LINE
8
BLACK
6
CONTINUOUS
10
5.4647386614173223
20
-3.884159842519685
11
5.4593195275590549
21
-3.8864045275590549
0
LINE
8
BLACK
6
CONTINUOUS
10
5.4593195275590549
20
-3.8864045275590549
11
5.4535666535433069
21
-3.8875488188976379
0
LINE
8
BLACK
6
CONTINUOUS
10
5.4535666535433069
20
-3.8875488188976379
11
5.4477010629921256
21
-3.8875488188976379
0
LINE
8
BLACK
6
CONTINUOUS
10
5.4477010629921256
20
-3.8875488188976379
11
5.4419481889763777
21
-3.8864045275590549
0
LINE
8
BLACK
6
CONTINUOUS
10
5.4419481889763777
20
-3.8864045275590549
11
5.4365290551181102
21
-3.884159842519685
0
LINE
8
BLACK
6
CONTINUOUS
10
5.4365290551181102
20
-3.884159842519685
11
5.4316520078740158
21
-3.8809011023622046
0
LINE
8
BLACK
6
CONTINUOUS
10
5.4316520078740158
20
-3.8809011023622046
11
5.4275044094488187
21
-3.8767535039370076
0
LINE
8
BLACK
6
CONTINUOUS
10
5.4275044094488187
20
-3.8767535039370076
11
5.4242456692913388
21
-3.8718764566929131
0
LINE
8
BLACK
6
CONTINUOUS
10
5.4242456692913388
20
-3.8718764566929131
11
5.4220009842519685
21
-3.8664573228346457
0
LINE
8
BLACK
6
CONTINUOUS
10
5.4220009842519685
20
-3.8664573228346457
11
5.4208566929133859
21
-3.8607044488188977
0
LINE
8
BLACK
6
CONTINUOUS
10
5.4208566929133859
20
-3.8607044488188977
11
5.4208566929133859
21
-3.8552899606299214
0
LINE
8
BLACK
6
CONTINUOUS
10
5.4208566929133859
20
-3.8552899606299214
11
5.4208566929133859
21
-3.8548388582677164
0
LINE
8
BLACK
6
CONTINUOUS
10
5.4208566929133859
20
-3.8548388582677164
11
5.4220009842519685
21
-3.8490859842519685
0
LINE
8
BLACK
6
CONTINUOUS
10
5.4220009842519685
20
-3.8490859842519685
11
5.4242456692913388
21
-3.8436668503937006
0
LINE
8
BLACK
6
CONTINUOUS
10
5.4242456692913388
20
-3.8436668503937006
11
5.4275044094488187
21
-3.8387898031496062
0
LINE
8
BLACK
6
CONTINUOUS
10
5.4275044094488187
20
-3.8387898031496062
11
5.4316520078740158
21
-3.8346422047244095
0
LINE
8
BLACK
6
CONTINUOUS
10
5.4316520078740158
20
-3.8346422047244095
11
5.4365290551181102
21
-3.8313834645669291
0
LINE
8
BLACK
6
CONTINUOUS
10
5.4365290551181102
20
-3.8313834645669291
11
5.4419481889763777
21
-3.8291387795275589
0
LINE
8
BLACK
6
CONTINUOUS
10
5.4419481889763777
20
-3.8291387795275589
11
5.4477010629921256
21
-3.8279944881889763
0
LINE
8
BLACK
6
CONTINUOUS
10
5.4477010629921256
20
-3.8279944881889763
11
5.4535666535433069
21
-3.8279944881889763
0
LINE
8
BLACK
6
CONTINUOUS
10
5.4535666535433069
20
-3.8279944881889763
11
5.4593195275590549
21
-3.8291387795275589
0
LINE
8
BLACK
6
CONTINUOUS
10
5.4254370078740157
20
-3.8602533464566928
11
5.4264053149606299
21
-3.8651212992125985
0
LINE
8
BLACK
6
CONTINUOUS
10
5.4264053149606299
20
-3.8651212992125985
11
5.4283046850393699
21
-3.8697068503937007
0
LINE
8
BLACK
6
CONTINUOUS
10
5.4283046850393699
20
-3.8697068503937007
11
5.431062165354331
21
-3.8738337007874013
0
LINE
8
BLACK
6
CONTINUOUS
10
5.431062165354331
20
-3.8738337007874013
11
5.4345718110236216
21
-3.8773433464566929
0
LINE
8
BLACK
6
CONTINUOUS
10
5.4345718110236216
20
-3.8773433464566929
11
5.4386986614173223
21
-3.8801008267716535
0
LINE
8
BLACK
6
CONTINUOUS
10
5.4386986614173223
20
-3.8801008267716535
11
5.4432842125984253
21
-3.8820001968503934
0
LINE
8
BLACK
6
CONTINUOUS
10
5.4432842125984253
20
-3.8820001968503934
11
5.4481521653543306
21
-3.8829685039370077
0
LINE
8
BLACK
6
CONTINUOUS
10
5.4481521653543306
20
-3.8829685039370077
11
5.453115551181102
21
-3.8829685039370077
0
LINE
8
BLACK
6
CONTINUOUS
10
5.453115551181102
20
-3.8829685039370077
11
5.4579835039370082
21
-3.8820001968503934
0
LINE
8
BLACK
6
CONTINUOUS
10
5.4579835039370082
20
-3.8820001968503934
11
5.4625690551181103
21
-3.8801008267716535
0
LINE
8
BLACK
6
CONTINUOUS
10
5.4625690551181103
20
-3.8801008267716535
11
5.4666959055118109
21
-3.8773433464566929
0
LINE
8
BLACK
6
CONTINUOUS
10
5.4666959055118109
20
-3.8773433464566929
11
5.4702055511811025
21
-3.8738337007874013
0
LINE
8
BLACK
6
CONTINUOUS
10
5.4702055511811025
20
-3.8738337007874013
11
5.4729630314960627
21
-3.8697068503937007
0
LINE
8
BLACK
6
CONTINUOUS
10
5.4729630314960627
20
-3.8697068503937007
11
5.4748624015748026
21
-3.8651212992125985
0
LINE
8
BLACK
6
CONTINUOUS
10
5.4748624015748026
20
-3.8651212992125985
11
5.4758307086614169
21
-3.8602533464566928
0
LINE
8
BLACK
6
CONTINUOUS
10
5.4758307086614169
20
-3.8602533464566928
11
5.4758307086614169
21
-3.8552899606299214
0
LINE
8
BLACK
6
CONTINUOUS
10
5.4758307086614169
20
-3.8552899606299214
11
5.4748624015748026
21
-3.8504220078740157
0
LINE
8
BLACK
6
CONTINUOUS
10
5.4748624015748026
20
-3.8504220078740157
11
5.4729630314960627
21
-3.8458364566929135
0
LINE
8
BLACK
6
CONTINUOUS
10
5.4729630314960627
20
-3.8458364566929135
11
5.4702055511811025
21
-3.8417096062992124
0
LINE
8
BLACK
6
CONTINUOUS
10
5.4702055511811025
20
-3.8417096062992124
11
5.4666959055118109
21
-3.8381999606299213
0
LINE
8
BLACK
6
CONTINUOUS
10
5.4666959055118109
20
-3.8381999606299213
11
5.4625690551181103
21
-3.8354424803149607
0
LINE
8
BLACK
6
CONTINUOUS
10
5.4625690551181103
20
-3.8354424803149607
11
5.4579835039370082
21
-3.8335431102362203
0
LINE
8
BLACK
6
CONTINUOUS
10
5.4579835039370082
20
-3.8335431102362203
11
5.453115551181102
21
-3.8325748031496061
0
LINE
8
BLACK
6
CONTINUOUS
10
5.453115551181102
20
-3.8325748031496061
11
5.4481521653543306
21
-3.8325748031496061
0
LINE
8
BLACK
6
CONTINUOUS
10
5.4481521653543306
20
-3.8325748031496061
11
5.4432842125984253
21
-3.8335431102362203
0
LINE
8
BLACK
6
CONTINUOUS
10
5.4432842125984253
20
-3.8335431102362203
11
5.4386986614173223
21
-3.8354424803149607
0
LINE
8
BLACK
6
CONTINUOUS
10
5.4386986614173223
20
-3.8354424803149607
11
5.4345718110236216
21
-3.8381999606299213
0
LINE
8
BLACK
6
CONTINUOUS
10
5.4345718110236216
20
-3.8381999606299213
11
5.431062165354331
21
-3.8417096062992124
0
LINE
8
BLACK
6
CONTINUOUS
10
5.431062165354331
20
-3.8417096062992124
11
5.4283046850393699
21
-3.8458364566929135
0
LINE
8
BLACK
6
CONTINUOUS
10
5.4283046850393699
20
-3.8458364566929135
11
5.4264053149606299
21
-3.8504220078740157
0
LINE
8
BLACK
6
CONTINUOUS
10
5.4264053149606299
20
-3.8504220078740157
11
5.4254370078740157
21
-3.8552899606299214
0
LINE
8
BLACK
6
CONTINUOUS
10
5.4254370078740157
20
-3.8552899606299214
11
5.4254370078740157
21
-3.8602533464566928
0
CIRCLE
8
BLACK
10
4.9323165354330705
20
-3.9293
40
0.0068897637795276
0
CIRCLE
8
BLACK
10
6.4561456692913382
20
-4.5349370078740154
40
0.0068897637795276
0
CIRCLE
8
BLACK
10
6.5561456692913387
20
-4.5349370078740154
40
0.0068897637795276
0
CIRCLE
8
BLACK
10
6.4561456692913382
20
-4.634937007874016
40
0.0068897637795276
0
CIRCLE
8
BLACK
10
6.5561456692913387
20
-4.634937007874016
40
0.0068897637795276
0
CIRCLE
8
BLACK
10
6.4561456692913382
20
-4.7349370078740156
40
0.0068897637795276
0
CIRCLE
8
BLACK
10
6.5561456692913387
20
-4.7349370078740156
40
0.0068897637795276
0
CIRCLE
8
BLACK
10
6.4561456692913382
20
-4.8349370078740153
40
0.0068897637795276
0
CIRCLE
8
BLACK
10
6.5561456692913387
20
-4.8349370078740153
40
0.0068897637795276
0
CIRCLE
8
BLACK
10
4.9323165354330705
20
-4.7678212598425196
40
0.0068897637795276
0
CIRCLE
8
BLACK
10
5.8663818897637796
20
-4.3349370078740153
40
0.0068897637795276
0
CIRCLE
8
BLACK
10
5.9663818897637793
20
-4.3349370078740153
40
0.0068897637795276
0
CIRCLE
8
BLACK
10
5.8663818897637796
20
-4.4349370078740158
40
0.0068897637795276
0
CIRCLE
8
BLACK
10
5.9663818897637793
20
-4.4349370078740158
40
0.0068897637795276
0
CIRCLE
8
BLACK
10
5.8663818897637796
20
-4.5349370078740154
40
0.0068897637795276
0
CIRCLE
8
BLACK
10
5.9663818897637793
20
-4.5349370078740154
40
0.0068897637795276
0
CIRCLE
8
BLACK
10
5.8663818897637796
20
-4.634937007874016
40
0.0068897637795276
0
CIRCLE
8
BLACK
10
5.9663818897637793
20
-4.634937007874016
40
0.0068897637795276
0
CIRCLE
8
BLACK
10
5.8663818897637796
20
-4.7349370078740156
40
0.0068897637795276
0
CIRCLE
8
BLACK
10
5.9663818897637793
20
-4.7349370078740156
40
0.0068897637795276
0
CIRCLE
8
BLACK
10
5.8663818897637796
20
-4.8349370078740153
40
0.0068897637795276
0
CIRCLE
8
BLACK
10
5.9663818897637793
20
-4.8349370078740153
40
0.0068897637795276
0
CIRCLE
8
BLACK
10
4.9323165354330705
20
-4.2088070866141729
40
0.0068897637795276
0
CIRCLE
8
BLACK
10
4.9323165354330705
20
-4.4883141732283462
40
0.0068897637795276
0
CIRCLE
8
BLACK
10
5.3842952755905511
20
-4.2406456692913386
40
0.0068897637795276
0
CIRCLE
8
BLACK
10
5.2842952755905515
20
-4.1406456692913389
40
0.0068897637795276
0
CIRCLE
8
BLACK
10
5.2842952755905515
20
-4.3406456692913382
40
0.0068897637795276
0
CIRCLE
8
BLACK
10
5.4842952755905507
20
-4.1406456692913389
40
0.0068897637795276
0
CIRCLE
8
BLACK
10
5.4842952755905507
20
-4.3406456692913382
40
0.0068897637795276
0
CIRCLE
8
BLACK
10
6.1116574803149604
20
-4.3061968503937003
40
0.0068897637795276
0
CIRCLE
8
BLACK
10
6.2116574803149609
20
-4.3061968503937003
40
0.0068897637795276
0
CIRCLE
8
BLACK
10
6.1116574803149604
20
-4.2061968503937006
40
0.0068897637795276
0
CIRCLE
8
BLACK
10
6.2116574803149609
20
-4.2061968503937006
40
0.0068897637795276
0
CIRCLE
8
BLACK
10
6.1116574803149604
20
-4.106196850393701
40
0.0068897637795276
0
CIRCLE
8
BLACK
10
6.2116574803149609
20
-4.106196850393701
40
0.0068897637795276
0
CIRCLE
8
BLACK
10
4.9323165354330705
20
-3.9293
40
0.0068897637795276
0
CIRCLE
8
BLACK
10
6.4561456692913382
20
-4.5349370078740154
40
0.0068897637795276
0
CIRCLE
8
BLACK
10
6.5561456692913387
20
-4.5349370078740154
40
0.0068897637795276
0
CIRCLE
8
BLACK
10
6.4561456692913382
20
-4.634937007874016
40
0.0068897637795276
0
CIRCLE
8
BLACK
10
6.5561456692913387
20
-4.634937007874016
40
0.0068897637795276
0
CIRCLE
8
BLACK
10
6.4561456692913382
20
-4.7349370078740156
40
0.0068897637795276
0
CIRCLE
8
BLACK
10
6.5561456692913387
20
-4.7349370078740156
40
0.0068897637795276
0
CIRCLE
8
BLACK
10
6.4561456692913382
20
-4.8349370078740153
40
0.0068897637795276
0
CIRCLE
8
BLACK
10
6.5561456692913387
20
-4.8349370078740153
40
0.0068897637795276
0
CIRCLE
8
BLACK
10
4.9323165354330705
20
-4.7678212598425196
40
0.0068897637795276
0
CIRCLE
8
BLACK
10
5.8663818897637796
20
-4.3349370078740153
40
0.0068897637795276
0
CIRCLE
8
BLACK
10
5.9663818897637793
20
-4.3349370078740153
40
0.0068897637795276
0
CIRCLE
8
BLACK
10
5.8663818897637796
20
-4.4349370078740158
40
0.0068897637795276
0
CIRCLE
8
BLACK
10
5.9663818897637793
20
-4.4349370078740158
40
0.0068897637795276
0
CIRCLE
8
BLACK
10
5.8663818897637796
20
-4.5349370078740154
40
0.0068897637795276
0
CIRCLE
8
BLACK
10
5.9663818897637793
20
-4.5349370078740154
40
0.0068897637795276
0
CIRCLE
8
BLACK
10
5.8663818897637796
20
-4.634937007874016
40
0.0068897637795276
0
CIRCLE
8
BLACK
10
5.9663818897637793
20
-4.634937007874016
40
0.0068897637795276
0
CIRCLE
8
BLACK
10
5.8663818897637796
20
-4.7349370078740156
40
0.0068897637795276
0
CIRCLE
8
BLACK
10
5.9663818897637793
20
-4.7349370078740156
40
0.0068897637795276
0
CIRCLE
8
BLACK
10
5.8663818897637796
20
-4.8349370078740153
40
0.0068897637795276
0
CIRCLE
8
BLACK
10
5.9663818897637793
20
-4.8349370078740153
40
0.0068897637795276
0
CIRCLE
8
BLACK
10
4.9323165354330705
20
-4.2088070866141729
40
0.0068897637795276
0
CIRCLE
8
BLACK
10
4.9323165354330705
20
-4.4883141732283462
40
0.0068897637795276
0
CIRCLE
8
BLACK
10
5.3842952755905511
20
-4.2406456692913386
40
0.0068897637795276
0
CIRCLE
8
BLACK
10
5.2842952755905515
20
-4.1406456692913389
40
0.0068897637795276
0
CIRCLE
8
BLACK
10
5.2842952755905515
20
-4.3406456692913382
40
0.0068897637795276
0
CIRCLE
8
BLACK
10
5.4842952755905507
20
-4.1406456692913389
40
0.0068897637795276
0
CIRCLE
8
BLACK
10
5.4842952755905507
20
-4.3406456692913382
40
0.0068897637795276
0
CIRCLE
8
BLACK
10
6.1116574803149604
20
-4.3061968503937003
40
0.0068897637795276
0
CIRCLE
8
BLACK
10
6.2116574803149609
20
-4.3061968503937003
40
0.0068897637795276
0
CIRCLE
8
BLACK
10
6.1116574803149604
20
-4.2061968503937006
40
0.0068897637795276
0
CIRCLE
8
BLACK
10
6.2116574803149609
20
-4.2061968503937006
40
0.0068897637795276
0
CIRCLE
8
BLACK
10
6.1116574803149604
20
-4.106196850393701
40
0.0068897637795276
0
CIRCLE
8
BLACK
10
6.2116574803149609
20
-4.106196850393701
40
0.0068897637795276
  0
ENDSEC
  0
EOF
